Event Title,Underdog,Favorite,Winner,height_delta,reach_delta,SLPM_delta,Str Acc_delta,SApm_delta,Str. Def_delta,TD Avg_delta,TD Acc_delta,TD Def_delta,Sub Avg_delta,age_delta,Odds_Delta
UFC 159 - Jones vs. Sonnen,Chael Sonnen,Jon Jones,Favorite,3,11,1.21,0.14,1.12,0.02,-1.88,-0.14,0.29,0.1,-11,-7.87
UFC 159 - Jones vs. Sonnen,Alan Belcher,Michael Bisping,Favorite,-1,0,1.63,-0.03,-0.39,0.06,0.61,0.17,0.08,-0.6,5,-2.93
UFC 159 - Jones vs. Sonnen,Cheick Kongo,Roy Nelson,Favorite,-4,-9,-1.15,-0.2,3.51,-0.08,-1.16,-0.29,0.13,-0.1,-2,-1.77
UFC 159 - Jones vs. Sonnen,Vinny Magalhaes,Phil Davis,Favorite,-1,4,0.71,0.1,-2.64,0.04,1.44,-0.06,0.06,-0.2,0,-2.19
UFC 159 - Jones vs. Sonnen,Pat Healy,Jim Miller,Underdog,4,1,-0.42,-0.06,-0.93,-0.06,1.55,-0.07,0.08,-0.6,0,2
UFC 159 - Jones vs. Sonnen,Yancy Medeiros,Rustam Khabilov,Favorite,-2,-2,-2.38,-0.03,-3.51,0.18,3.62,-0.09,-0.12,-0.6,1,-1.86
UFC 159 - Jones vs. Sonnen,Gian Villante,Ovince St Preux,Favorite,0,4,-1.35,0.03,-2.15,-0.08,0.65,0.13,-0.16,0.5,3,-0.71
UFC 159 - Jones vs. Sonnen,Sheila Gaff,Sara McMann,Favorite,1,2,0.66,-0.04,-0.97,0.19,4.38,0.65,0.3,0.5,9,-4.62
UFC 159 - Jones vs. Sonnen,Bryan Caraway,Johnny Bedford,Underdog,-2,-3,-2,-0.16,1.86,-0.09,0.74,-0.37,0.18,0.8,-2,0.24
UFC 159 - Jones vs. Sonnen,Cody McKenzie,Leonard Garcia,Underdog,2,4,-1.03,0.1,-2.29,0.15,2.2,-0.01,-0.28,2,-8,1.4
UFC 159 - Jones vs. Sonnen,Kurt Holobaugh,Steven Siler,Favorite,0,0,-1.16,-0.02,-1.11,0.06,-0.24,-0.15,0.09,0.7,0,-0.11
UFC on FX 8 - Belfort vs. Rockhold,Luke Rockhold,Vitor Belfort,Favorite,-3,-3,-2.51,-0.03,0.15,-0.03,0.32,0.31,-0.12,-0.4,8,-0.09
UFC on FX 8 - Belfort vs. Rockhold,Chris Camozzi,Ronaldo Souza,Favorite,-1,-3,-1.04,0.03,-0.13,0.06,2.3,0.2,0,0.8,7,-4.83
UFC on FX 8 - Belfort vs. Rockhold,Evan Dunham,Rafael dos Anjos,Favorite,-2,0,-1.85,0.08,-0.33,-0.01,0.13,0.02,-0.24,-0.4,-3,-1.41
UFC on FX 8 - Belfort vs. Rockhold,Joao Zeferino,Rafael Natal,Favorite,1,8,2.27,0.11,-0.12,0.09,2.05,0.29,0.27,-0.5,3,-2.34
UFC on FX 8 - Belfort vs. Rockhold,Hacran Dias,Nik Lentz,Favorite,0,-1,1.36,0.06,-0.06,-0.05,0.8,-0.07,-0.33,0.7,0,-0.11
UFC on FX 8 - Belfort vs. Rockhold,Mike Rio,Francisco Trinaldo,Favorite,-1,0,1.45,0.06,-0.32,0.07,-1.6,0.15,0.6,-0.5,3,-2.57
UFC on FX 8 - Belfort vs. Rockhold,John Cholish,Gleison Tibau,Favorite,-1,-3,-0.7,-0.18,0.22,-0.1,2.26,0.22,0.14,0.4,0,-1.93
UFC on FX 8 - Belfort vs. Rockhold,Michel Prazeres,Paulo Thiago,Favorite,5,7,-0.67,-0.08,-0.52,0.06,-2.52,-0.05,0.16,0.6,1,-1.19
UFC on FX 8 - Belfort vs. Rockhold,Iliarde Santos,Yuri Alcantara,Favorite,4,4,-0.28,0.15,-3.31,-0.08,-0.22,0.39,-0.23,0.8,0,-4.3
UFC on FX 8 - Belfort vs. Rockhold,Roger Hollett,Fabio Maldonado,Favorite,2,2,3.46,0.11,-2.16,0.19,-0.56,0.29,0.31,0.6,-1,-2.07
UFC on FX 8 - Belfort vs. Rockhold,John Lineker,Azamat Gashimov,Underdog,-3,0,4.12,0.19,-0.48,0.03,-1.13,0.33,0.67,0.6,-1,0.23
UFC on FX 8 - Belfort vs. Rockhold,Chris Cariaso,Jussier Formiga,Favorite,2,3,-1.93,-0.04,0.11,0.03,0.71,-0.04,0.3,-0.2,-3,-0.9
UFC on FX 8 - Belfort vs. Rockhold,Jeremy Larsen,Lucas Martins,Favorite,2,2,-2,-0.13,-1.61,0.03,-2.49,-0.33,0.76,0.5,-5,-2.52
UFC 160 - Velasquez vs. Bigfoot 2,Antonio Silva,Cain Velasquez,Favorite,-3,-5,3.48,0.12,-0.76,0.07,4.31,0.16,0.19,-0.4,-3,-5.59
UFC 160 - Velasquez vs. Bigfoot 2,Mark Hunt,Junior dos Santos,Favorite,6,5,1.68,0.04,0.43,0.05,-0.21,-0.05,0.17,-0.1,-10,-4
UFC 160 - Velasquez vs. Bigfoot 2,James Te Huna,Glover Teixeira,Favorite,0,1,-0.31,-0.02,1.44,-0.11,-0.64,-0.04,0.02,0.7,2,-3.42
UFC 160 - Velasquez vs. Bigfoot 2,T.J. Grant,Gray Maynard,Underdog,-1,-2,-2.03,-0.22,-0.57,0.1,1.28,0.04,0.45,0.1,5,0.91
UFC 160 - Velasquez vs. Bigfoot 2,K.J. Noons,Donald Cerrone,Favorite,3,3,0.73,0.11,0.7,-0.12,1.08,0.13,0.05,1.2,0,-2.11
UFC 160 - Velasquez vs. Bigfoot 2,Mike Pyle,Rick Story,Underdog,3,3,-1.06,0.04,0.67,-0.02,-0.73,-0.13,0.07,0.6,9,0.83
UFC 160 - Velasquez vs. Bigfoot 2,Max Holloway,Dennis Bermudez,Favorite,-5,-3,-2.75,-0.02,-1.65,0,3.64,-0.13,-0.02,0.8,5,-2.25
UFC 160 - Velasquez vs. Bigfoot 2,Robert Whittaker,Colton Smith,Underdog,0,2,2.93,0.01,1.15,0.08,-3.28,0.02,0.57,-1.4,-3,1.04
UFC 160 - Velasquez vs. Bigfoot 2,Abel Trujillo,Khabib Nurmagomedov,Favorite,2,0,1.45,0.07,-0.56,0.06,3.14,0.03,0.44,0.4,-5,-2.35
UFC 160 - Velasquez vs. Bigfoot 2,Nah-Shon Burrell,Stephen Thompson,Favorite,1,4,-0.72,-0.01,-0.42,-0.02,0.26,0.41,0.13,-0.3,7,-1.02
UFC 160 - Velasquez vs. Bigfoot 2,George Roop,Brian Bowles,Underdog,6,2,1.07,0.08,-0.51,-0.04,-0.34,-0.13,0.05,-1.3,-1,2.3
UFC 160 - Velasquez vs. Bigfoot 2,Estevan Payan,Jeremy Stephens,Favorite,-1,-1,-1.08,-0.02,-0.53,0.01,0.8,-0.62,0.05,0,-5,-1.3
UFC on Fox 8 - Johnson vs. Moraga,John Moraga,Demetrious Johnson,Favorite,-3,0,0.86,0.11,-0.89,0.11,2.73,0.33,0.21,-0.6,-3,-3.5
UFC on Fox 8 - Johnson vs. Moraga,Jake Ellenberger,Rory MacDonald,Favorite,3,5,1.28,0.03,-0.03,0.02,-0.27,0,0.02,0,-5,-1.71
UFC on Fox 8 - Johnson vs. Moraga,Bobby Voelker,Robbie Lawler,Favorite,-1,0,-0.16,0.12,-1.17,0.17,-0.39,0.14,-0.01,0,-3,-2.86
UFC on Fox 8 - Johnson vs. Moraga,Jessica Andrade,Liz Carmouche,Favorite,5,4,-3.84,0.04,-2.86,0.06,0.2,-0.04,-0.07,0,8,-4.55
UFC on Fox 8 - Johnson vs. Moraga,Michael Chiesa,Jorge Masvidal,Favorite,-2,-1,2.18,0.07,1.35,0.1,-1.95,0.09,0.12,-0.7,3,-2.15
UFC on Fox 8 - Johnson vs. Moraga,Tim Means,Danny Castillo,Favorite,-5,-4,-2.51,-0.07,-1.68,0.02,1.79,-0.02,-0.02,0,4,-1.95
UFC on Fox 8 - Johnson vs. Moraga,Mac Danzig,Melvin Guillard,Favorite,1,1,-0.43,-0.08,-1.59,0.09,0.1,0.26,0.15,-0.4,-3,-0.54
UFC on Fox 8 - Johnson vs. Moraga,Yves Edwards,Daron Cruickshank,Favorite,-1,-1,-0.03,-0.04,0.64,-0.09,1.28,-0.12,-0.09,-0.5,-9,-1.08
UFC on Fox 8 - Johnson vs. Moraga,Trevor Smith,Ed Herman,Favorite,-2,2,0.02,-0.07,0.4,-0.09,0.26,0.15,-0.01,0.3,0,-1.43
UFC on Fox 8 - Johnson vs. Moraga,Julie Kedzie,Germaine de Randamie,Favorite,4,6,-0.33,0.1,-1.18,0.19,-1.14,-0.23,-0.13,0.4,-3,-1.07
UFC on Fox 8 - Johnson vs. Moraga,Aaron Riley,Justin Salas,Favorite,0,1,-0.03,0.09,-0.82,0.07,1.25,-0.14,-0.6,-0.1,-1,-1.75
UFC on Fox 8 - Johnson vs. Moraga,Yaotzin Meza,John Albert,Underdog,1,3,-1.62,-0.08,-1.2,0.29,1.06,0.2,-0.32,-4.7,6,1.83
UFC 163 - Aldo vs. Korean Zombie,Chan Sung Jung,Jose Aldo,Favorite,0,-2,-0.3,0.05,-0.79,0.08,-0.19,0.09,0.19,-0.5,0,-6.9
UFC 163 - Aldo vs. Korean Zombie,Lyoto Machida,Phil Davis,Favorite,1,5,0.26,-0.19,-0.24,0.11,1.78,-0.27,-0.03,0.2,-6,-2.65
UFC 163 - Aldo vs. Korean Zombie,Thiago Santos,Cezar Ferreira,Favorite,-1,2,-1.82,-0.06,-0.13,0,1.81,0.2,0.19,0.4,-1,-3.88
UFC 163 - Aldo vs. Korean Zombie,Tom Watson,Thales Leites,Favorite,0,5,-1.88,-0.04,-1.42,0.02,1.95,0.2,-0.13,1.1,1,-0.81
UFC 163 - Aldo vs. Korean Zombie,Jose Maria Tome,John Lineker,Favorite,-2,2,2.16,-0.13,0.29,0.04,-1.76,0.31,0.34,-1.7,-9,-3.28
UFC 163 - Aldo vs. Korean Zombie,Anthony Perosh,Vinny Magalhaes,Underdog,0,0,0.13,0.19,-0.2,-0.15,0.48,-0.22,-0.33,0.3,12,4.13
UFC 163 - Aldo vs. Korean Zombie,Sheila Gaff,Amanda Nunes,Favorite,3,5,2.95,0.01,-0.27,0.29,2.73,0.54,0.62,0.7,1,-1.49
UFC 163 - Aldo vs. Korean Zombie,Neil Magny,Sergio Moraes,Favorite,-3,-8,-1.05,-0.04,1.31,0.07,-0.97,-0.02,0.21,0.1,5,-0.79
UFC 163 - Aldo vs. Korean Zombie,Iliarde Santos,Ian McCall,Favorite,0,-3,0.59,0.09,-2.85,0.1,0.42,0.07,0.05,0,-3,-3.83
UFC 163 - Aldo vs. Korean Zombie,Josh Clopton,Rani Yahya,Favorite,0,-1,0.11,-0.26,-0.79,0,0.73,-0.36,-0.46,1.8,-3,-8.04
UFC 163 - Aldo vs. Korean Zombie,Francimar Barroso,Ednaldo Oliveira,Underdog,-4,-7,1.74,0.3,1.27,0.07,2.22,0.24,0.41,0,4,0.57
UFC 163 - Aldo vs. Korean Zombie,Bristol Marunde,Viscardi Andrade,Favorite,-2,0,1.84,0.21,-1.63,0.16,0.33,0.17,0.52,0.3,-2,-1.2
UFC Fight Night 26 - Shogun vs. Sonnen,Chael Sonnen,Mauricio Rua,Underdog,0,-3,-0.49,-0.07,-1.69,0.08,1.8,0.11,0.17,-0.3,5,0.88
UFC Fight Night 26 - Shogun vs. Sonnen,Travis Browne,Alistair Overeem,Underdog,2,-1,-0.74,-0.23,1.87,-0.15,-0.21,0.13,0.02,-0.6,-3,1.03
UFC Fight Night 26 - Shogun vs. Sonnen,Yuri Alcantara,Urijah Faber,Favorite,-3,-4,-0.07,-0.05,-0.2,0.15,0.1,-0.32,-0.02,0,2,-1.58
UFC Fight Night 26 - Shogun vs. Sonnen,Mike Pyle,Matt Brown,Favorite,0,1,1.02,0.1,0.08,-0.05,-0.12,0.11,-0.07,-0.2,-5,-0.5
UFC Fight Night 26 - Shogun vs. Sonnen,John Howard,Urijah Hall,Underdog,5,7,1.08,-0.02,0.77,0.03,-2.16,-0.11,0.11,-0.3,-2,3.98
UFC Fight Night 26 - Shogun vs. Sonnen,Michael Johnson,Joe Lauzon,Underdog,0,2,1.43,0,-1.56,0.03,-1.77,-0.04,0.27,-2,-3,2.18
UFC Fight Night 26 - Shogun vs. Sonnen,Brad Pickett,Michael McDonald,Favorite,5,4,-3.02,-0.31,-4.23,-0.05,-2.47,-0.44,-0.58,-0.4,14,-2.72
UFC Fight Night 26 - Shogun vs. Sonnen,Brad Pickett,Michael McDonald,Favorite,3,2,-0.33,0.11,-1.87,0.02,-1.38,0.22,-0.06,1,-12,-2.72
UFC Fight Night 26 - Shogun vs. Sonnen,Max Holloway,Conor McGregor,Favorite,-2,5,-1.85,0.01,-0.06,-0.05,0.42,0.02,-0.18,-0.2,3,-2.43
UFC Fight Night 26 - Shogun vs. Sonnen,Steven Siler,Mike Brown,Underdog,5,0,0.23,-0.03,0.51,-0.06,-2.76,-0.19,-0.11,1,-11,1.4
UFC Fight Night 26 - Shogun vs. Sonnen,Daniel Pineda,Diego Brandao,Favorite,0,-5,-0.15,-0.02,0.2,0.16,1.5,0.43,0.32,-1.1,-2,-1.43
UFC Fight Night 26 - Shogun vs. Sonnen,Cole Miller,Manny Gamburyan,Favorite,-8,-6,-0.87,0.08,-1.05,-0.04,2.66,-0.02,0.31,-1.1,3,-0.51
UFC Fight Night 26 - Shogun vs. Sonnen,Cody Donovan,Ovince St Preux,Favorite,0,6,-2.58,-0.12,-2.12,0.02,-0.57,0.08,0.67,-1.2,-2,-3.32
UFC Fight Night 26 - Shogun vs. Sonnen,James Vick,Ramsey Nijem,Underdog,4,1,1.08,-0.05,1.69,-0.02,-5.06,-0.29,0.02,-0.4,1,1.18
UFC 167 - St. Pierre vs. Hendricks,Johny Hendricks,Georges St. Pierre,Favorite,2,7,0.29,0.08,-2.59,0.19,0.33,0.28,0.2,0.8,3,-1.31
UFC 167 - St. Pierre vs. Hendricks,Chael Sonnen,Rashad Evans,Favorite,-1,2,-0.94,-0.06,1.32,0.01,-0.83,-0.15,0.07,-0.4,-3,-1.7
UFC 167 - St. Pierre vs. Hendricks,Robbie Lawler,Rory MacDonald,Underdog,-1,-2,0.1,0.05,1.87,-0.03,-1.12,0.17,-0.23,-0.4,8,3.39
UFC 167 - St. Pierre vs. Hendricks,Josh Koscheck,Tyron Woodley,Favorite,-1,1,0.57,0.12,0.49,-0.09,-1.4,-0.08,0.23,0,-4,-0.35
UFC 167 - St. Pierre vs. Hendricks,Ali Bagautinov,Tim Elliott,Underdog,-3,-1,-0.54,-0.02,0.43,-0.04,-1.22,-0.11,0.06,-0.7,1,0.83
UFC 167 - St. Pierre vs. Hendricks,Evan Dunham,Donald Cerrone,Favorite,3,3,-0.92,0.07,0.94,-0.08,-0.66,0,-0.06,0.2,-1,-0.28
UFC 167 - St. Pierre vs. Hendricks,Ed Herman,Thales Leites,Favorite,0,1,-1.18,-0.08,-0.72,0.1,0.14,-0.2,-0.29,0.1,-1,-1.1
UFC 167 - St. Pierre vs. Hendricks,Brian Ebersole,Rick Story,Favorite,-3,-2,1.48,-0.08,0.03,0.06,0.83,0.25,0.02,0.8,-4,-1.52
UFC 167 - St. Pierre vs. Hendricks,Edwin Figueroa,Erik Perez,Favorite,1,-1,0.59,0.01,-0.97,0.15,2.96,-0.45,0.32,-0.4,-5,-3.54
UFC 167 - St. Pierre vs. Hendricks,Anthony Lapsley,Jason High,Favorite,-1,0,0.75,0.08,0.98,-0.18,2.36,0.63,0.17,2.8,-2,-2.58
UFC 167 - St. Pierre vs. Hendricks,Will Campuzano,Sergio Pettis,Favorite,-3,-1,1.45,0.06,-0.91,0.08,-0.03,-0.05,0.19,0.2,-7,-3.29
UFC 167 - St. Pierre vs. Hendricks,Cody Donovan,Gian Villante,Favorite,0,2,-1.23,-0.15,0.03,0.1,-1.22,-0.05,0.83,-1.7,-5,-2.79
UFC - The Ultimate Fighter 18 Finale,Nate Diaz,Gray Maynard,Underdog,3,6,2.65,0.13,1.13,-0.14,-1.86,-0.17,-0.4,0.6,-6,0.31
UFC - The Ultimate Fighter 18 Finale,Jessica Rakoczy,Julianna Pena,Favorite,-1,1,0.66,0.03,-1.25,-0.14,1.19,0.35,0.23,0,-13,-2.24
UFC - The Ultimate Fighter 18 Finale,Davey Grant,Chris Holdsworth,Favorite,3,2,-2.92,-0.13,-1.88,0.03,2.12,0.21,0.39,1.8,-2,-1.45
UFC - The Ultimate Fighter 18 Finale,Peggy Morgan,Jessamyn Duke,Favorite,-2,2,2.56,0.3,-3.77,0.24,1.27,0.36,0,1.9,-7,-1.82
UFC - The Ultimate Fighter 18 Finale,Roxanne Modafferi,Raquel Pennington,Favorite,0,-2,0.79,0.22,-2.41,0.09,-0.45,0.04,0.33,0.6,-6,-3.9
UFC - The Ultimate Fighter 18 Finale,Akira Corassani,Maximo Blanco,Underdog,0,-3,-0.86,0.01,1.72,-0.16,-1.15,-0.08,0.23,-0.3,1,1.22
UFC - The Ultimate Fighter 18 Finale,Tom Niinimaki,Rani Yahya,Underdog,3,2,0.2,0.16,0.23,0.08,0.24,0.16,0.04,-1.3,2,0.05
UFC - The Ultimate Fighter 18 Finale,Walt Harris,Jared Rosholt,Favorite,-3,-2,-0.97,0.07,-1.81,0.05,1.54,0.13,-0.04,0,-3,-2.05
UFC - The Ultimate Fighter 18 Finale,Drew Dober,Sean Spencer,Favorite,2,4,-0.1,-0.08,-0.21,0.09,-0.57,0.15,0.12,-0.1,1,-1.65
UFC - The Ultimate Fighter 18 Finale,Ryan Benoit,Josh Sampo,Favorite,-1,-4,-0.89,-0.03,-0.69,-0.03,0.78,0.11,-0.32,1.7,5,-0.18
UFC Fight Night 33 - Hunt vs. Bigfoot,Mark Hunt,Antonio Silva,Underdog,-6,-10,-0.08,-0.02,-0.19,0.01,-0.31,0.26,-0.02,-0.6,6,0.65
UFC Fight Night 33 - Hunt vs. Bigfoot,Mark Hunt,Antonio Silva,Underdog,-6,-10,-0.08,-0.02,-0.19,0.01,-0.31,0.26,-0.02,-0.6,6,0.65
UFC Fight Night 33 - Hunt vs. Bigfoot,Mark Hunt,Antonio Silva,Underdog,-1,1,-0.47,-0.01,-0.2,-0.08,-0.74,0.11,-0.09,0.5,0,0.65
UFC Fight Night 33 - Hunt vs. Bigfoot,Mark Hunt,Antonio Silva,Underdog,-1,1,-0.47,-0.01,-0.2,-0.08,-0.74,0.11,-0.09,0.5,0,0.65
UFC Fight Night 33 - Hunt vs. Bigfoot,Anthony Perosh,Ryan Bader,Favorite,-1,-1,0.55,0,-2.38,0.18,1.34,0.22,0.47,-0.7,-11,-4.44
UFC Fight Night 33 - Hunt vs. Bigfoot,Soa Palelei,Pat Barry,Underdog,5,7,-0.25,0.05,-0.86,-0.11,2.2,0.47,-0.1,-0.2,2,1.01
UFC Fight Night 33 - Hunt vs. Bigfoot,Clint Hester,Dylan Andrews,Underdog,1,3,1.15,-0.08,0.72,0.1,-1.81,-0.15,0.03,-0.4,-7,0.56
UFC Fight Night 33 - Hunt vs. Bigfoot,Bethe Correia,Julie Kedzie,Underdog,0,-1,1.47,0.07,1.75,0.1,-0.75,-0.05,0.07,0,-3,0.99
UFC Fight Night 33 - Hunt vs. Bigfoot,Nam Phan,Takeya Mizugaki,Favorite,1,-1,-1.15,0,-3.28,-0.02,1.28,0.39,0.1,-0.1,-1,-2.67
UFC Fight Night 33 - Hunt vs. Bigfoot,Caio Magalhaes,Nick Ring,Underdog,1,-1,-1.25,-0.02,-0.7,-0.06,-0.31,-0.21,0.06,1.3,-9,1.28
UFC Fight Night 33 - Hunt vs. Bigfoot,Richie Vaculik,Justin Scoggins,Favorite,1,-3,-0.13,0.05,-1.93,-0.02,0.42,0.18,0.51,-0.5,-8,-2.8
UFC Fight Night 33 - Hunt vs. Bigfoot,Krzysztof Jotko,Bruno Santos,Underdog,4,4,1.8,-0.04,-0.04,0.01,-1.67,0.02,0.16,-0.2,-2,1.7
UFC Fight Night 33 - Hunt vs. Bigfoot,Ben Wall,Alex Garcia,Favorite,-1,-1,0.34,0.02,-5.5,0.3,3.72,0.52,-0.34,0.1,1,-5.39
UFC 168 - Weidman vs. Silva 2,Chris Weidman,Anderson Silva,Underdog,0,1,0.13,-0.16,1.17,-0.09,2.94,-0.35,-0.04,0,-10,1.17
UFC 168 - Weidman vs. Silva 2,Miesha Tate,Ronda Rousey,Favorite,1,1,1.55,0.07,1.16,-0.07,4.24,0.37,-0.05,3.5,0,-5.38
UFC 168 - Weidman vs. Silva 2,Travis Browne,Josh Barnett,Underdog,3,1,-0.27,-0.09,2.2,-0.15,-0.05,0.13,0.2,-1.2,-5,0.61
UFC 168 - Weidman vs. Silva 2,Fabricio Camoes,Jim Miller,Favorite,-2,0,1.7,0.09,1.65,-0.05,-0.81,0.12,0.27,0.2,-5,-3.5
UFC 168 - Weidman vs. Silva 2,Diego Brandao,Dustin Poirier,Favorite,2,8,2.51,0.04,0.98,-0.09,-1.88,-0.32,-0.17,0.8,-1,-1.74
UFC 168 - Weidman vs. Silva 2,Chris Leben,Urijah Hall,Favorite,1,6,0.36,0.06,0.98,0.02,-0.6,-0.03,0.11,-0.7,-4,-2.58
UFC 168 - Weidman vs. Silva 2,Gleison Tibau,Michael Johnson,Favorite,0,2,2.32,0.08,1.32,-0.06,-3.46,-0.12,-0.11,-0.8,-3,-0.64
UFC 168 - Weidman vs. Silva 2,Manny Gamburyan,Dennis Siver,Favorite,1,3,1.74,-0.09,-0.16,0.1,-2.39,-0.02,-0.04,-0.4,2,-2.51
UFC 168 - Weidman vs. Silva 2,John Howard,Siyar Bahadurzada,Underdog,-4,-1,-0.76,0.1,-0.15,0.02,1.38,-0.12,-0.09,0.1,1,0.71
UFC 168 - Weidman vs. Silva 2,William Macario,Bobby Voelker,Underdog,-1,1,0.91,0.19,-1.88,0.23,0.81,-0.05,0.12,0,-13,0.48
UFC 168 - Weidman vs. Silva 2,Estevan Payan,Robbie Peralta,Favorite,-2,-1,-0.49,0.02,-0.61,-0.04,0.23,-0.34,0.05,-0.4,-4,-1.04
UFC Fight Night 34 - Saffiedine vs. Lim,Hyun Gyu Lim,Tarec Saffiedine,Favorite,-5,-7,-0.4,0.06,-2.01,0.11,0.29,-0.64,0.11,-0.1,-2,-1.64
UFC Fight Night 34 - Saffiedine vs. Lim,Sean Soriano,Tatsuya Kawajiri,Favorite,-2,-1,-1.14,-0.17,-0.13,-0.06,2.3,-0.07,0.11,1.1,12,-0.32
UFC Fight Night 34 - Saffiedine vs. Lim,Kiichi Kunimoto,Luiz Dutra,Underdog,-1,-1,-2.05,-0.06,-0.88,0,1.59,0.2,-0.72,0.3,1,0.78
UFC Fight Night 34 - Saffiedine vs. Lim,Shunichi Shimizu,Kyung Ho Kang,Favorite,4,6,3.21,0.15,-1.35,0.25,1.87,0.57,0.68,0.8,-3,-2.62
UFC Fight Night 34 - Saffiedine vs. Lim,Will Chope,Max Holloway,Favorite,-5,-7,2.74,0.21,-5.21,0.13,0.25,0.53,0.84,0.3,-1,-2.03
UFC Fight Night 34 - Saffiedine vs. Lim,Quinn Mulhern,Katsunori Kikuno,Favorite,-7,-10,1.16,0.12,0.38,0.1,0.52,0.55,0.43,0.8,3,-1.09
UFC Fight Night 34 - Saffiedine vs. Lim,Royston Wee,Dave Galera,Underdog,-4,-5,-0.57,-0.09,1.92,0.16,3.38,0.81,-0.14,-2,-9,1.18
UFC Fight Night 34 - Saffiedine vs. Lim,Tae Hyun Bang,Mairbek Taisumov,Favorite,0,2,0.26,0.01,0.96,-0.02,0.85,0.3,0.31,-0.5,-6,-2.89
UFC Fight Night 34 - Saffiedine vs. Lim,Jon delos Reyes,Dustin Kimura,Favorite,1,4,-1.66,-0.17,-0.32,0,-2.27,-0.46,-0.05,0.3,-1,-2.89
UFC Fight Night 34 - Saffiedine vs. Lim,Russell Doane,Leandro Issa,Underdog,0,1,-0.33,0.03,-1.49,-0.05,-0.27,0.23,0.02,-0.4,-3,0.32
UFC Fight Night 35 - Rockhold vs. Philippou,Costas Philippou,Luke Rockhold,Favorite,4,4,1.91,0.14,-0.05,-0.01,0.3,-0.13,0,0.7,-5,-3.31
UFC Fight Night 35 - Rockhold vs. Philippou,Brad Tavares,Lorenz Larkin,Underdog,2,2,-0.15,-0.03,0.41,-0.08,0.51,-0.16,0.02,-0.1,-1,1.97
UFC Fight Night 35 - Rockhold vs. Philippou,Mike Easton,T.J. Dillashaw,Favorite,0,-3,1.58,0.04,-0.81,0.01,0.81,0.08,0.11,0.8,-2,-2.43
UFC Fight Night 35 - Rockhold vs. Philippou,Derek Brunson,Yoel Romero,Favorite,-1,-4,-0.07,0.02,0,0.09,-1.57,-0.03,-0.07,-0.6,7,-1.63
UFC Fight Night 35 - Rockhold vs. Philippou,Dustin Ortiz,John Moraga,Favorite,1,1,-0.37,-0.01,0.38,0,-2.39,-0.13,-0.08,1,5,-2.11
UFC Fight Night 35 - Rockhold vs. Philippou,Sam Sicilia,Cole Miller,Favorite,5,6,0.54,0,0.33,0,-0.85,-0.07,-0.32,0.9,2,-0.37
UFC Fight Night 35 - Rockhold vs. Philippou,Justin Edwards,Ramsey Nijem,Favorite,1,5,0.37,0.02,-1.7,0.11,3.18,0.36,0.28,0.1,-5,-0.81
UFC Fight Night 35 - Rockhold vs. Philippou,Isaac Vallie-Flagg,Elias Silverio,Favorite,3,3,-1.89,0.02,-2.63,0.06,1.42,0.26,0.27,0.2,-9,-1
UFC Fight Night 35 - Rockhold vs. Philippou,Trevor Smith,Brian Houston,Underdog,1,-3,1.39,0.2,-0.36,-0.02,0.75,-0.68,-0.27,0.7,0,0.51
UFC Fight Night 35 - Rockhold vs. Philippou,Louis Smolka,Alptekin Ozkilic,Underdog,4,3,0.86,0.15,-1.61,-0.06,-2.52,-0.23,-0.43,1.8,-6,2.38
UFC Fight Night 35 - Rockhold vs. Philippou,Garett Whiteley,Vinc Pichel,Favorite,-2,0,-0.1,-0.02,-0.99,0.09,2.78,0.54,-0.02,-0.7,-2,-0.72
UFC Fight Night 35 - Rockhold vs. Philippou,Beneil Dariush,Charlie Brenneman,Underdog,0,2,2.26,-0.08,1.1,0.11,-2.33,-0.08,0.08,0.9,-8,1.24
UFC on Fox 10 - Henderson vs. Thomson,Josh Thomson,Benson Henderson,Favorite,-1,-1,0.34,-0.02,-0.33,-0.01,0.48,0.06,0.09,-0.5,-5,-2.44
UFC on Fox 10 - Henderson vs. Thomson,Gabriel Gonzaga,Stipe Miocic,Favorite,2,4,2.7,0.08,0.88,-0.03,-0.94,-0.05,0.02,-1.1,-4,-2.2
UFC on Fox 10 - Henderson vs. Thomson,Adriano Martins,Donald Cerrone,Favorite,3,1,2.61,0.08,2.34,-0.12,0.33,-0.47,-0.08,0.8,0,-1.03
UFC on Fox 10 - Henderson vs. Thomson,Darren Elkins,Jeremy Stephens,Favorite,-1,0,-0.27,0.02,-0.22,0.06,-1.69,0.03,0.09,-0.7,-3,-0.27
UFC on Fox 10 - Henderson vs. Thomson,Alex Caceres,Sergio Pettis,Underdog,4,4,0.33,0.12,0.18,-0.03,-0.31,0.28,-0.03,0.3,5,1.36
UFC on Fox 10 - Henderson vs. Thomson,Yves Jabouin,Eddie Wineland,Favorite,0,1,0.34,-0.12,0.83,0.06,-1.6,-0.27,0.04,0,-5,-4.02
UFC on Fox 10 - Henderson vs. Thomson,Yaotzin Meza,Chico Camus,Favorite,-3,-5,1.15,0,0.84,0,-0.29,0.2,0.54,-1,-4,-1.26
UFC on Fox 10 - Henderson vs. Thomson,Ramiro Hernandez,Hugo Viana,Favorite,-3,-3,0.33,0.1,-2.31,-0.07,0.22,0.06,0.5,0,4,-2.62
UFC on Fox 10 - Henderson vs. Thomson,Mike Rio,Daron Cruickshank,Favorite,-2,2,1.2,-0.01,-0.01,0.04,-0.54,0.14,0.6,-0.8,-4,-1.82
UFC on Fox 10 - Henderson vs. Thomson,George Sullivan,Mike Rhodes,Underdog,-1,-1,0.33,0,-1.71,-0.07,0.41,-0.13,-0.37,0.2,9,2.15
UFC on Fox 10 - Henderson vs. Thomson,Nikita Krylov,Walt Harris,Underdog,-2,0,1.33,0.16,-0.86,-0.1,2,0.1,-0.17,1.3,-8,3.3
UFC 169 - Barao vs. Faber 2,Urijah Faber,Renan Barao,Favorite,0,3,1.13,-0.04,1.31,-0.07,-0.05,0.11,0.33,-0.3,-8,-2.75
UFC 169 - Barao vs. Faber 2,Ricardo Lamas,Jose Aldo,Favorite,-1,-1,0.5,-0.01,0.86,0.03,-1.33,0.2,0.45,-0.8,-5,-5.86
UFC 169 - Barao vs. Faber 2,Frank Mir,Alistair Overeem,Favorite,1,1,1.49,0.17,-1.4,0.19,-0.6,0.15,0.19,-1.2,-1,-3.49
UFC 169 - Barao vs. Faber 2,John Lineker,Ali Bagautinov,Favorite,1,-2,-2.51,0.02,-1.18,-0.04,1.95,-0.22,-0.02,-0.3,5,-0.75
UFC 169 - Barao vs. Faber 2,Abel Trujillo,Jamie Varner,Underdog,0,-1,-0.27,0.07,-0.24,0.01,-1.31,-0.08,-0.26,-0.4,1,0.23
UFC 169 - Barao vs. Faber 2,Alan Patrick,John Makdessi,Underdog,3,6,-3.7,-0.09,-1.2,-0.25,3.01,0.33,-0.43,0.3,1,0.6
UFC 169 - Barao vs. Faber 2,Danny Martinez,Chris Cariaso,Favorite,-3,-3,0.62,0.15,-1.54,-0.02,-1.89,-0.06,0.21,0.8,4,-1.1
UFC 169 - Barao vs. Faber 2,Nick Catone,Tom Watson,Underdog,-1,-1,-1.9,0,-2.09,0.13,3.56,0.37,0.4,0.5,1,0.77
UFC 169 - Barao vs. Faber 2,Kevin Lee,Al Iaquinta,Favorite,1,-7,0.18,-0.02,0.93,0.11,-2.55,-0.25,-0.01,-0.6,6,-1.43
UFC 169 - Barao vs. Faber 2,Andy Enz,Clint Hester,Favorite,-1,-1,-0.15,0.19,-1.88,-0.01,1.02,0.35,0.02,0,5,-1.33
UFC 169 - Barao vs. Faber 2,Tony Martin,Rashid Magomedov,Favorite,-3,-3,1.72,0.12,0.46,-0.04,-0.04,0.3,0.21,-0.8,5,-1.49
UFC 169 - Barao vs. Faber 2,Neil Magny,Gasan Umalatov,Underdog,4,9,1.24,0.07,-1.68,-0.07,1.42,0.23,-0.36,0.3,-5,0.96
UFC Fight Night 36 - Machida vs. Mousasi,Gegard Mousasi,Lyoto Machida,Favorite,-1,-2,-1.16,0.03,0.36,-0.07,-0.38,0.05,0.16,-0.7,7,-1.5
UFC Fight Night 36 - Machida vs. Mousasi,Francis Carmont,Ronaldo Souza,Favorite,-2,-6,0.31,0.05,1.19,0.03,0.78,0.03,-0.16,0.7,2,-4.29
UFC Fight Night 36 - Machida vs. Mousasi,Takenori Sato,Erick Silva,Favorite,2,3,2.04,0.15,-8.74,0.4,0.85,0.35,0.56,1.4,1,-8.92
UFC Fight Night 36 - Machida vs. Mousasi,Nico Musoke,Viscardi Andrade,Underdog,-1,0,-0.3,0.07,-1.03,0.06,0.77,0.31,-0.16,0.1,2,0.57
UFC Fight Night 36 - Machida vs. Mousasi,Andy Ogle,Charles Oliveira,Favorite,2,5,1.15,0.09,0.97,0.01,0.73,0.14,-0.03,2.8,-1,-6.24
UFC Fight Night 36 - Machida vs. Mousasi,Cristiano Marcello,Joe Proctor,Favorite,1,0,0.83,0.03,0.32,0.01,-0.44,-0.11,0.5,0.9,-8,-1.87
UFC Fight Night 36 - Machida vs. Mousasi,Rodrigo Damm,Ivan Jorge,Underdog,-2,-2,0.09,-0.13,2.7,-0.02,-1.12,0,0.05,-0.3,1,0.87
UFC Fight Night 36 - Machida vs. Mousasi,Jesse Ronson,Francisco Trinaldo,Favorite,-1,0,-0.41,-0.02,-0.72,0.03,0.52,0.14,0.03,0,7,-0.9
UFC Fight Night 36 - Machida vs. Mousasi,Wilson Reis,Yuri Alcantara,Favorite,5,6,0.89,0.16,-0.25,-0.06,-3.71,0.2,0.13,0.2,4,-1.72
UFC Fight Night 36 - Machida vs. Mousasi,Maximo Blanco,Felipe Arantes,Favorite,0,2,-1.74,0.01,-0.53,-0.02,-0.92,0.11,-0.22,0.4,-4,-0.2
UFC Fight Night 36 - Machida vs. Mousasi,Ildemar Alcantara,Albert Tumenov,Underdog,3,5,-1.83,-0.04,-0.71,-0.08,1.8,0.48,0.06,0.9,9,1.57
UFC Fight Night 36 - Machida vs. Mousasi,Douglas Silva de Andrade,Zubaira Tukhugov,Favorite,1,0,-0.49,0.01,-0.92,0.05,1.52,-0.07,0.3,-0.2,-5,-0.09
UFC Fight Night 38 - Shogun vs. Henderson 2,Dan Henderson,Mauricio Rua,Underdog,-2,-2,-1.13,-0.03,-0.09,-0.03,-0.49,0.04,0.08,-0.4,11,0.9
UFC Fight Night 38 - Shogun vs. Henderson 2,C.B. Dollaway,Cezar Ferreira,Underdog,-1,2,-0.75,-0.05,-0.14,-0.01,-0.86,-0.01,0.22,-0.7,-1,3.28
UFC Fight Night 38 - Shogun vs. Henderson 2,Fabio Maldonado,Gian Villante,Underdog,-2,-1,0.91,0.14,-1.16,-0.02,-0.01,0.34,-0.22,0.6,6,2.28
UFC Fight Night 38 - Shogun vs. Henderson 2,Michel Prazeres,Mairbek Taisumov,Underdog,-3,-6,-0.6,0.08,-0.52,-0.07,2.6,-0.27,-0.41,0.6,7,2.53
UFC Fight Night 38 - Shogun vs. Henderson 2,Steven Siler,Rony Jason,Favorite,-4,3,-1.17,0.03,0.18,-0.01,0.12,0.09,-0.19,-0.8,3,-1.14
UFC Fight Night 38 - Shogun vs. Henderson 2,Thiago Santos,Ronny Markes,Underdog,1,1,1.55,-0.05,0.14,0.08,-2.25,-0.07,-0.35,-0.4,4,6.47
UFC Fight Night 38 - Shogun vs. Henderson 2,Jussier Formiga,Scott Jorgensen,Underdog,0,1,-1.95,-0.01,-1.07,-0.01,-0.79,-0.1,0.28,-0.1,-2,1.21
UFC Fight Night 38 - Shogun vs. Henderson 2,Kenny Robertson,Thiago de Oliveira Perpetuo,Underdog,0,-1,1.67,0.22,0.49,-0.01,1.45,0.24,0.09,-0.8,-4,0.5
UFC Fight Night 38 - Shogun vs. Henderson 2,Hans Stringer,Francimar Barroso,Underdog,2,-1,0.39,0.09,-0.23,-0.18,0.18,0.12,-0.21,0,-8,0.5
UFC Fight Night 38 - Shogun vs. Henderson 2,Godofredo Pepey,Noad Lahat,Underdog,-2,4,-0.47,-0.08,1.76,-0.16,-2,-0.19,0.19,-0.9,-3,2.49
UFC - The Ultimate Fighter Nations Finale,Tim Kennedy,Michael Bisping,Underdog,-2,-1,-1.55,0.09,-0.87,-0.03,1.53,-0.08,0.07,0.4,-1,1.35
UFC - The Ultimate Fighter Nations Finale,Patrick Cote,Kyle Noke,Underdog,-2,-1,-0.42,-0.02,1.12,-0.16,-0.85,-0.34,-0.23,-0.6,0,1.33
UFC - The Ultimate Fighter Nations Finale,Sheldon Westcott,Elias Theodorou,Favorite,0,4,1.93,0.02,-1.34,0.16,-1.96,-0.09,0.45,0,-4,-1.24
UFC - The Ultimate Fighter Nations Finale,Chad Laprise,Olivier Aubin-Mercier,Underdog,1,1,2.3,-0.09,0.62,0.1,-1.31,0.21,0.08,-0.5,2,0.78
UFC - The Ultimate Fighter Nations Finale,Akira Corassani,Dustin Poirier,Favorite,1,4,2.2,0.06,-0.55,0.03,0.63,0.08,-0.23,1.4,-6,-8.4
UFC - The Ultimate Fighter Nations Finale,K.J. Noons,Sam Stout,Underdog,-1,0,0.49,-0.07,0.3,-0.08,0.55,0.18,0.09,0.01,-1,0.05
UFC - The Ultimate Fighter Nations Finale,Leslie Smith,Sarah Kaufman,Favorite,-4,0,-0.91,0.06,-4.41,0.11,0.38,0.57,0.19,0,-3,-2.05
UFC - The Ultimate Fighter Nations Finale,Sean O'Connell,Ryan Jimmo,Favorite,0,-1,-2.34,0.18,-4,0.01,0.45,0.28,0.57,-0.5,2,-5.98
UFC - The Ultimate Fighter Nations Finale,Dustin Kimura,George Roop,Favorite,6,1,2.1,0.13,-1.35,0.09,0.12,0.2,0.09,-2.1,7,-0.8
UFC - The Ultimate Fighter Nations Finale,Mike de la Torre,Mark Bocek,Favorite,-3,4,-0.87,0.04,-2.43,0.09,3.29,0.2,-0.52,1.3,5,-5.54
UFC - The Ultimate Fighter Nations Finale,Vik Grujic,Nordine Taleb,Favorite,2,1,1.42,0.03,-0.77,0.25,0.76,0.43,0.47,-0.4,-5,-1.75
UFC - The Ultimate Fighter Nations Finale,Chris Indich,Richard Walsh,Favorite,2,0,2.53,0.16,-1.6,0.15,0.8,-0.1,0.16,-1.3,-2,-1.73
UFC - The Ultimate Fighter Nations Finale,Tim Gorman,Mitch Gagnon,Favorite,0,-4,0.03,0.15,-3.36,0.15,0.16,0.16,0.32,1.9,-2,-2.58
UFC on Fox 11 - Werdum vs. Browne,Fabricio Werdum,Travis Browne,Underdog,-2,-2,0.66,0.11,-1.67,0.13,0.54,-0.37,-0.44,1,5,1.7
UFC on Fox 11 - Werdum vs. Browne,Liz Carmouche,Miesha Tate,Favorite,0,-1,-0.16,-0.09,0.47,-0.1,-0.55,-0.2,-0.1,1,-3,-1.25
UFC on Fox 11 - Werdum vs. Browne,Donald Cerrone,Edson Barboza,Underdog,2,-2,0.3,0.02,-0.17,-0.03,0.71,-0.17,0.01,1.1,3,0.91
UFC on Fox 11 - Werdum vs. Browne,Yoel Romero,Brad Tavares,Underdog,-1,-1,0.06,0.06,-0.1,0.05,0.79,0.04,-0.03,0,11,0.64
UFC on Fox 11 - Werdum vs. Browne,Rafael dos Anjos,Khabib Nurmagomedov,Favorite,2,0,0.62,0.01,-1.46,0.05,3.37,0.13,0.29,0.2,-4,-2.39
UFC on Fox 11 - Werdum vs. Browne,Seth Baczynski,Thiago Alves,Favorite,-6,-5,0.65,0.1,0.28,0.11,-0.18,0.44,0.15,-0.5,-2,-3.99
UFC on Fox 11 - Werdum vs. Browne,Pat Healy,Jorge Masvidal,Favorite,-1,2,1.48,0.11,0.48,0.14,-1.7,0.22,0.17,-0.8,-1,-2.1
UFC on Fox 11 - Werdum vs. Browne,Alex White,Estevan Payan,Underdog,2,-1,-0.49,0,-0.51,0.03,0.56,-0.72,0.11,0.1,-7,0.43
UFC on Fox 11 - Werdum vs. Browne,Luke Zachrich,Caio Magalhaes,Favorite,-1,-1,-2.29,0.08,-1.68,-0.06,0.31,-0.18,-0.22,1.6,-6,-2.51
UFC on Fox 11 - Werdum vs. Browne,Hernani Perpetuo,Jordan Mein,Favorite,0,-1,0.62,0.15,-1.82,0.14,1.56,0.58,0.29,-0.3,-5,-3.51
UFC on Fox 11 - Werdum vs. Browne,Ray Borg,Dustin Ortiz,Favorite,1,2,1.42,-0.08,0.24,0.08,-0.88,-0.14,0.06,-0.9,5,-0.83
UFC on Fox 11 - Werdum vs. Browne,Chas Skelly,Mirsad Bektic,Favorite,-3,-2,0.42,0.01,-1.41,0.08,2.24,0.18,0.53,-1.9,-6,-0.56
UFC on Fox 11 - Werdum vs. Browne,Jack May,Derrick Lewis,Favorite,-5,1,0.96,0.12,-0.81,0.07,-0.34,-0.07,0.32,0,-4,-2.26
UFC 172 - Jones vs. Teixeira,Glover Teixeira,Jon Jones,Favorite,2,8,0.56,0.08,-2.21,0.13,-0.18,0.12,0.35,-0.4,-8,-3.81
UFC 172 - Jones vs. Teixeira,Anthony Johnson,Phil Davis,Underdog,0,-1,0.4,0.13,0.5,-0.12,-0.56,0.19,0.05,0,1,1.73
UFC 172 - Jones vs. Teixeira,Tim Boetsch,Luke Rockhold,Favorite,3,3,1.17,-0.01,-0.22,-0.04,-0.75,-0.05,0.06,0.2,-4,-7.86
UFC 172 - Jones vs. Teixeira,Yancy Medeiros,Jim Miller,Favorite,-2,-4,-1.37,0.05,-2.17,0.09,1.2,-0.06,-0.26,1,4,-1.15
UFC 172 - Jones vs. Teixeira,Max Holloway,Andre Fili,Underdog,0,-5,3.32,0.11,0.61,0.08,-1.91,0.06,0.15,0,-1,0.48
UFC 172 - Jones vs. Teixeira,Tim Elliott,Joseph Benavidez,Favorite,-3,-1,0.13,-0.1,0.01,0.05,-2.32,-0.17,0.03,-0.4,2,-3.76
UFC 172 - Jones vs. Teixeira,Isaac Vallie-Flagg,Takanori Gomi,Favorite,-1,0,-1.75,-0.06,-2.08,0.15,1.03,0.53,0.05,0.8,-1,-0.86
UFC 172 - Jones vs. Teixeira,Bethe Correia,Jessamyn Duke,Underdog,-6,-9,-0.46,-0.1,0.5,-0.01,-0.88,-0.18,0.35,-1.9,3,0.42
UFC 172 - Jones vs. Teixeira,Charlie Brenneman,Danny Castillo,Favorite,-1,1,1.05,-0.14,0.41,0.16,-1.28,-0.04,-0.09,0.2,1,-2.91
UFC 172 - Jones vs. Teixeira,Patrick Williams,Chris Beal,Favorite,-1,-4,-0.67,-0.16,-0.94,0.09,-1.11,0.17,-0.22,-0.3,-4,-0.3
UFC Fight Night 40 - Brown vs. Silva,Matt Brown,Erick Silva,Underdog,0,1,1.26,0.07,-1.26,0.06,0.83,0.11,0.07,-0.1,4,1.54
UFC Fight Night 40 - Brown vs. Silva,Costas Philippou,Lorenz Larkin,Underdog,0,-1,1.34,0.11,0.01,0.09,-0.13,0,0.14,-0.2,-7,1.61
UFC Fight Night 40 - Brown vs. Silva,Daron Cruickshank,Erik Koch,Underdog,-2,1,0.55,-0.04,0.16,0.1,1.02,-0.01,-0.21,-0.8,3,2.71
UFC Fight Night 40 - Brown vs. Silva,Tim Means,Neil Magny,Favorite,1,5,-1.61,-0.03,-1.22,-0.08,1.01,0,-0.11,0.1,-4,-2.49
UFC Fight Night 40 - Brown vs. Silva,Ruan Potts,Soa Palelei,Favorite,2,6,1.62,0.2,-3.24,0.26,1.45,0.31,0.33,-2.3,0,-2.62
UFC Fight Night 40 - Brown vs. Silva,Chris Cariaso,Louis Smolka,Underdog,-6,-4,-1.32,-0.04,-1.88,0.08,-0.58,0.04,0.25,-1,10,0.67
UFC Fight Night 40 - Brown vs. Silva,Ed Herman,Rafael Natal,Underdog,1,0,0.21,0.01,1.23,-0.15,-0.59,0.13,-0.18,0.5,2,1.06
UFC Fight Night 40 - Brown vs. Silva,Darrell Montague,Kyoji Horiguchi,Favorite,-1,-1,1.68,0.2,-2.93,0.1,1.28,0.19,0.22,-1.4,-3,-1.38
UFC Fight Night 40 - Brown vs. Silva,Zak Cummings,Yan Cabral,Underdog,1,2,0.94,-0.12,0.93,-0.07,-2.27,-0.07,0.29,-0.6,-2,4.56
UFC Fight Night 40 - Brown vs. Silva,Johnny Eduardo,Eddie Wineland,Underdog,0,2,-0.45,0.1,-0.54,-0.05,-0.12,-0.13,-0.28,0.3,6,7.22
UFC Fight Night 40 - Brown vs. Silva,Manny Gamburyan,Nik Lentz,Favorite,3,1,1.31,0.06,0.42,-0.05,0.04,-0.02,-0.26,0.5,-4,-4.39
UFC Fight Night 40 - Brown vs. Silva,Ben Wall,Justin Salas,Favorite,-2,-3,1.95,0.14,-5.57,0.39,2.43,0.2,-1,0,7,-2.24
UFC Fight Night 40 - Brown vs. Silva,Anthony Lapsley,Albert Tumenov,Favorite,2,0,3.23,0.08,2.76,-0.08,0.2,0.2,0.55,0,-12,-2.05
UFC Fight Night 42 - Henderson vs. Khabilov,Rustam Khabilov,Benson Henderson,Favorite,1,-3,0.95,0.11,-0.37,-0.02,-1.55,0.04,0.02,0.7,3,-1.71
UFC Fight Night 42 - Henderson vs. Khabilov,Diego Sanchez,Ross Pearson,Underdog,2,3,-0.99,-0.03,-1.07,-0.06,0.77,-0.11,-0.29,0.8,3,0.63
UFC Fight Night 42 - Henderson vs. Khabilov,John Moraga,John Dodson,Favorite,-3,0,0.63,-0.03,1.03,0.05,0.09,0.05,0.38,-1.1,-1,-4.6
UFC Fight Night 42 - Henderson vs. Khabilov,Jason High,Rafael dos Anjos,Favorite,0,-3,2.2,0.05,1.65,0.12,-0.41,-0.28,0.18,-2.2,-3,-2.17
UFC Fight Night 42 - Henderson vs. Khabilov,Yves Edwards,Piotr Hallmann,Favorite,0,-2,1.07,0.03,0.83,-0.08,1.79,-0.09,0.01,-0.3,-11,-0.85
UFC Fight Night 42 - Henderson vs. Khabilov,Bryan Caraway,Erik Perez,Underdog,0,0,-0.63,-0.06,1.52,-0.12,-0.59,-0.3,0.11,0.6,5,0.32
UFC Fight Night 42 - Henderson vs. Khabilov,Yaotzin Meza,Sergio Pettis,Favorite,-3,-2,2.45,-0.04,1.29,0.01,-0.21,0.2,0.49,-1,-13,-5.22
UFC Fight Night 42 - Henderson vs. Khabilov,Lance Benoist,Bobby Voelker,Underdog,-1,-2,-0.33,0.16,-3.14,0.14,0.46,-0.17,-0.05,0,-10,0.05
UFC Fight Night 42 - Henderson vs. Khabilov,Danny Martinez,Scott Jorgensen,Favorite,-1,-1,0.64,0.12,-0.36,0.02,-0.39,0,0.23,0.7,3,-1.83
UFC Fight Night 42 - Henderson vs. Khabilov,Jake Lindsey,Jon Tuck,Favorite,0,0,-0.44,-0.12,-0.27,0.14,-0.23,0,0,1,2,-0.77
UFC Fight Night 42 - Henderson vs. Khabilov,Roger Narvaez,Patrick Cummins,Favorite,-1,-3,2.14,0.13,0.03,-0.09,4.49,0.41,-0.22,-0.8,3,-2.53
UFC 174 - Johnson vs. Bagautinov,Ali Bagautinov,Demetrious Johnson,Favorite,-1,1,0.58,0.12,-1.43,0.15,0.84,0.2,0,0.2,-1,-5.42
UFC 174 - Johnson vs. Bagautinov,Tyron Woodley,Rory MacDonald,Favorite,3,2,1.39,-0.06,0.04,0.08,0.71,0.07,0.01,0,-8,-0.1
UFC 174 - Johnson vs. Bagautinov,Rafael Cavalcante,Ryan Bader,Favorite,1,0,0.11,-0.1,-2.23,0.22,2.77,0.04,0.17,0.3,-4,-0.92
UFC 174 - Johnson vs. Bagautinov,Andrei Arlovski,Brendan Schaub,Underdog,-1,-1,0.86,0.08,0.98,0,-1.94,-0.1,0.04,-0.2,4,0.69
UFC 174 - Johnson vs. Bagautinov,Ryan Jimmo,Ovince St Preux,Favorite,2,7,-0.09,-0.19,0.55,0.01,0.65,0.08,-0.02,0.5,-1,-0.98
UFC 174 - Johnson vs. Bagautinov,Kiichi Kunimoto,Daniel Sarafian,Underdog,1,-2,-0.36,-0.02,0.82,-0.17,1.23,0.13,-0.25,-0.4,2,3.93
UFC 174 - Johnson vs. Bagautinov,Valerie Letourneau,Elizabeth Phillips,Underdog,1,3,1.91,0.04,2.33,0,0.02,0.2,0.13,0.1,4,0.42
UFC 174 - Johnson vs. Bagautinov,Yves Jabouin,Mike Easton,Underdog,1,-2,-0.45,0.04,-1.35,0.01,1.19,0.38,0.16,0.1,4,1.53
UFC 174 - Johnson vs. Bagautinov,Tae Hyun Bang,Kajan Johnson,Underdog,-2,-4,0.25,-0.04,0.48,0.02,-1.05,-0.04,-0.05,0.3,1,1.14
UFC 174 - Johnson vs. Bagautinov,Roland Delorme,Michinori Tanaka,Favorite,-4,-4,-0.31,-0.07,-2.33,0.1,-0.11,0.04,0.01,-1.4,-7,-0.73
UFC 174 - Johnson vs. Bagautinov,Jason Saggo,Josh Shockley,Underdog,-2,-4,1.1,0.06,1.19,-0.08,2.33,0.4,-0.38,-0.8,4,0.05
UFC Fight Night 44 - Swanson vs. Stephens,Jeremy Stephens,Cub Swanson,Favorite,-1,-1,1.53,0.1,0.79,0.01,-0.07,0.14,-0.04,0,3,-1.6
UFC Fight Night 44 - Swanson vs. Stephens,Nico Musoke,Kelvin Gastelum,Favorite,-3,-4,-0.01,0.06,-0.57,0.01,-0.2,0.11,-0.23,-0.1,-6,-2.54
UFC Fight Night 44 - Swanson vs. Stephens,Andrew Craig,Cezar Ferreira,Favorite,0,2,-0.49,0.02,-0.57,0.03,2.16,0.16,0.12,0.5,1,-2.52
UFC Fight Night 44 - Swanson vs. Stephens,Hacran Dias,Ricardo Lamas,Favorite,0,2,1.05,0.06,-0.44,0.02,-0.66,-0.06,-0.3,0.4,3,-2.08
UFC Fight Night 44 - Swanson vs. Stephens,Clint Hester,Antonio Braga Neto,Underdog,-1,0,2,0.09,-0.48,0.11,-2.05,-0.02,0.6,-0.5,1,0.78
UFC Fight Night 44 - Swanson vs. Stephens,James Moontasri,Joe Ellenberger,Favorite,-1,1,-0.77,-0.01,-0.41,0.08,3.17,0.4,-0.79,0.9,3,-1.23
UFC Fight Night 44 - Swanson vs. Stephens,Colton Smith,Carlos Diego Ferreira,Favorite,-3,3,3.4,-0.02,1.13,0.05,-3.13,-0.06,0.35,-0.8,3,-1.21
UFC Fight Night 44 - Swanson vs. Stephens,Cody Gibson,Johnny Bedford,Underdog,0,0,-0.53,-0.07,2.33,-0.06,-0.55,-0.34,0.06,0.2,-5,1.18
UFC Fight Night 44 - Swanson vs. Stephens,Marcelo Guimaraes,Andy Enz,Underdog,-3,-5,1.16,0.28,-0.91,0.05,1.99,0.13,-0.58,0,8,1.42
UFC Fight Night 44 - Swanson vs. Stephens,Shane Howell,Ray Borg,Favorite,-4,-7,0.25,0.2,-0.62,0.06,3.89,0.5,0.26,1,-10,-3.86
UFC Fight Night 44 - Swanson vs. Stephens,Anthony Hamilton,Aleksei Oleinik,Favorite,-3,4,-0.62,-0.17,0.78,-0.01,-0.8,0.04,-0.41,1.9,2,-0.57
UFC Fight Night 46 - McGregor vs. Brandao,Diego Brandao,Conor McGregor,Favorite,2,10,2.38,0.02,1.28,-0.08,-2.54,-0.13,-0.14,-0.5,-1,-5.42
UFC Fight Night 46 - McGregor vs. Brandao,Zak Cummings,Gunnar Nelson,Favorite,-1,-3,-1.12,0.26,0.09,-0.06,1.28,0.31,0,0.4,-4,-6.44
UFC Fight Night 46 - McGregor vs. Brandao,Brad Pickett,Ian McCall,Favorite,-1,-4,0.57,0.08,-1.38,0.12,-0.39,-0.14,0.3,-0.4,-5,-0.83
UFC Fight Night 46 - McGregor vs. Brandao,Naoyuki Kotani,Norman Parke,Favorite,3,4,2.04,0.04,-0.01,0.14,1.15,0.1,0.31,-0.8,-5,-3.9
UFC Fight Night 46 - McGregor vs. Brandao,Chris Dempsey,Ilir Latifi,Favorite,0,1,-0.2,0.13,0.11,-0.09,-0.53,0.12,0.84,0.3,5,-2.27
UFC Fight Night 46 - McGregor vs. Brandao,Phil Harris,Neil Seery,Favorite,0,-1,1.22,0.15,0.63,-0.1,-0.98,0.06,-0.07,1.6,4,-0.8
UFC Fight Night 46 - McGregor vs. Brandao,Mike King,Cathal Pendred,Favorite,-2,0,-1.95,-0.14,1.72,-0.17,0.71,-0.02,0.43,-3.1,-4,-0.53
UFC Fight Night 46 - McGregor vs. Brandao,Trevor Smith,Tor Troeng,Underdog,1,-3,2.13,0.09,0.05,0.19,1.08,0.25,-0.06,0.4,2,0.8
UFC Fight Night 46 - McGregor vs. Brandao,Cody Donovan,Nikita Krylov,Favorite,0,3,-1.23,-0.04,-2.97,-0.01,0.62,0.1,0.53,-0.3,-11,-0.33
UFC Fight Night 46 - McGregor vs. Brandao,Patrick Holohan,Josh Sampo,Underdog,-6,-5,-0.14,-0.1,0.15,0.09,-1.82,-0.14,-0.31,0.8,3,1.81
UFC on Fox 12 - Lawler vs. Brown,Matt Brown,Robbie Lawler,Favorite,-1,-1,0.09,-0.08,1.75,0.04,-1.03,0.18,0.02,-1.3,-1,-3.65
UFC on Fox 12 - Lawler vs. Brown,Rogerio Nogueira,Anthony Johnson,Favorite,0,3,0.82,0.12,-0.51,0.01,1.79,0.13,0.15,-0.2,-7,-5.23
UFC on Fox 12 - Lawler vs. Brown,Clay Guida,Dennis Bermudez,Favorite,-1,-4,1.78,0.13,0.06,-0.02,0.76,0.04,0.15,0.5,-5,-1.23
UFC on Fox 12 - Lawler vs. Brown,Bobby Green,Josh Thomson,Underdog,0,0,3.86,0.05,1.63,-0.02,-0.73,-0.01,0.2,-1,-8,3.14
UFC on Fox 12 - Lawler vs. Brown,Daron Cruickshank,Jorge Masvidal,Favorite,3,2,1.17,0.09,0.07,0.07,-0.66,0.18,0.12,0.1,1,-1.68
UFC on Fox 12 - Lawler vs. Brown,Kyle Kingsbury,Patrick Cummins,Favorite,-2,-3,1.29,0.1,-0.46,0.04,1.85,0,-0.24,0.1,1,-1.55
UFC on Fox 12 - Lawler vs. Brown,Hernani Perpetuo,Tim Means,Favorite,2,1,2.35,0.2,-0.73,0.05,1.16,0.4,0.28,-0.3,1,-1.44
UFC on Fox 12 - Lawler vs. Brown,Mike de la Torre,Brian Ortega,Favorite,-3,-2,0.86,-0.01,1.79,-0.02,0.81,0.11,-0.26,1.2,-4,-1.22
UFC on Fox 12 - Lawler vs. Brown,Akbarh Arreola,Tiago Trator,Favorite,-1,-1,1.37,-0.1,0.22,0.03,-0.44,-0.89,0,-0.1,-4,-2.35
UFC on Fox 12 - Lawler vs. Brown,Andreas Stahl,Gilbert Burns,Favorite,-1,-2,0.46,0.11,-1.32,-0.03,0.69,-0.28,-0.3,0.5,1,-0.78
UFC on Fox 12 - Lawler vs. Brown,Juliana Lima,Joanna Jedrzejczyk,Favorite,1,0,4.34,0.04,1.14,0.07,-1.45,0.31,0.1,0.1,-6,-2.53
UFC on Fox 12 - Lawler vs. Brown,Noad Lahat,Steven Siler,Underdog,-2,-1,-0.42,0.05,-1.49,0.09,1.9,0.05,-0.39,0.8,2,1.59
UFC Fight Night 48 - Bisping vs. Le,Cung Le,Michael Bisping,Favorite,4,5,-0.03,-0.1,-0.27,-0.01,-0.32,-0.28,-0.25,0,-6,-2.12
UFC Fight Night 48 - Bisping vs. Le,Dong Hyun Kim,Tyron Woodley,Favorite,-5,-2,0.24,-0.01,0.87,-0.04,-1.87,-0.03,0.16,-0.2,0,-1.35
UFC Fight Night 48 - Bisping vs. Le,Zhang Lipeng,Brendan O'Reilly,Underdog,4,2,-0.62,0.01,-0.89,0.14,-0.47,-0.13,0.33,0.2,-2,0.61
UFC Fight Night 48 - Bisping vs. Le,Ning Guangyou,Yang Jianping,Underdog,3,1,-1.26,-0.15,0.16,0.04,-0.09,-0.25,-0.29,-0.3,-7,1.57
UFC Fight Night 48 - Bisping vs. Le,Wang Sai,Danny Mitchell,Underdog,2,4,-0.64,0.03,0.26,-0.01,0,0,0.23,3,-1,1.31
UFC Fight Night 48 - Bisping vs. Le,Shinsho Anzai,Alberto Mina,Favorite,5,7,0,-0.2,-0.05,0.02,0.02,0.04,-0.25,0,4,-1.86
UFC Fight Night 48 - Bisping vs. Le,Roland Delorme,Yuta Sasaki,Favorite,1,0,-0.12,-0.03,-1.82,0.1,0.52,0.09,-0.01,-0.4,-6,-0.64
UFC Fight Night 48 - Bisping vs. Le,Wang Anying,Colby Covington,Favorite,-1,-2,2.56,0.12,1.35,0.11,3.79,0.44,0.34,0.2,3,-3.96
UFC Fight Night 48 - Bisping vs. Le,Zhuikui Yao,Royston Wee,Favorite,2,3,-0.34,0.39,-0.37,0.01,2.72,0.65,-0.58,0,4,-1.95
UFC Fight Night 48 - Bisping vs. Le,Elizabeth Phillips,Milana Dudieva,Favorite,-3,7,-1.73,-0.02,0.36,0,1.59,0.2,-0.53,-0.2,-3,-0.62
UFC 177 - Dillashaw vs. Soto,Joe Soto,T.J. Dillashaw,Favorite,0,2,1.73,0,-1.9,-0.05,0.71,0.09,0.07,-1.1,1,-8.9
UFC 177 - Dillashaw vs. Soto,Danny Castillo,Tony Ferguson,Favorite,2,5,2.37,0.03,2.45,-0.07,-2.56,-0.03,0.04,0.7,-4,-2.03
UFC 177 - Dillashaw vs. Soto,Shayna Baszler,Bethe Correia,Favorite,-2,-4,1.88,0.13,-1.43,0.05,-0.28,0,0.41,-1.3,-3,-0.7
UFC 177 - Dillashaw vs. Soto,Ramsey Nijem,Carlos Diego Ferreira,Favorite,-2,-1,1.99,-0.05,1.81,-0.06,-4.36,-0.32,0.05,-0.05,3,-1.14
UFC 177 - Dillashaw vs. Soto,Damon Jackson,Yancy Medeiros,Favorite,-1,4,1.36,-0.04,2.38,-0.04,-2.18,0.15,0.33,-0.7,1,-0.1
UFC 177 - Dillashaw vs. Soto,Lorenz Larkin,Derek Brunson,Favorite,2,5,-0.02,0.01,0.31,-0.12,2.87,-0.09,0.06,0.5,3,-1.04
UFC 177 - Dillashaw vs. Soto,Ruan Potts,Anthony Hamilton,Favorite,3,1,3.06,0.28,-2.9,0.23,1.87,0.26,0.45,-2.3,-2,-1.6
UFC 177 - Dillashaw vs. Soto,Cain Carrizosa,Chris Wade,Favorite,2,-4,-1.02,0.11,-4.05,0,2.6,0.51,0.41,1.1,-1,-0.67
UFC Fight Night 51 - Bigfoot vs. Arlovski 2,Andrei Arlovski,Antonio Silva,Underdog,-1,-5,0.89,0,0.11,0.07,-0.44,0.07,0.1,-0.6,1,3.56
UFC Fight Night 51 - Bigfoot vs. Arlovski 2,Piotr Hallmann,Gleison Tibau,Favorite,1,0,-2.03,-0.14,-0.66,0.05,1.53,0.09,0.22,0.4,4,-2.07
UFC Fight Night 51 - Bigfoot vs. Arlovski 2,Efrain Escudero,Leonardo Santos,Favorite,3,4,-0.1,0.02,1.1,-0.09,-0.43,-0.15,0.2,-0.6,6,-1.77
UFC Fight Night 51 - Bigfoot vs. Arlovski 2,Wendell Oliveira,Santiago Ponzinibbio,Favorite,2,1,1.13,-0.06,0.27,0.14,0.48,0.3,-0.4,0,-3,-0.05
UFC Fight Night 51 - Bigfoot vs. Arlovski 2,Russell Doane,Yuri Alcantara,Favorite,2,1,0.97,0.05,1.11,-0.04,-0.67,0.17,0.08,0,6,-2.53
UFC Fight Night 51 - Bigfoot vs. Arlovski 2,Larissa Pacheco,Jessica Andrade,Favorite,-6,-7,5.41,0.31,1.23,0,2.37,0.55,0.72,0.3,3,-0.14
UFC Fight Night 51 - Bigfoot vs. Arlovski 2,Dashon Johnson,Godofredo Pepey,Favorite,0,2,1.31,-0.31,-0.6,0.12,-0.48,-0.26,-0.28,0.7,0,-0.48
UFC Fight Night 51 - Bigfoot vs. Arlovski 2,George Sullivan,Igor Araujo,Underdog,-1,-4,2.01,-0.03,-0.44,0.08,0.51,0.05,0.16,0.1,0,0.58
UFC Fight Night 51 - Bigfoot vs. Arlovski 2,Leandro Silva,Francisco Trinaldo,Favorite,0,-2,0.74,-0.03,0.59,-0.03,-0.78,0.05,-0.05,0.1,7,-1.14
UFC Fight Night 51 - Bigfoot vs. Arlovski 2,Paulo Thiago,Sean Spencer,Favorite,-1,0,2.53,-0.07,2.03,-0.03,-1.28,0.02,0.05,-1.2,-7,-1.65
UFC Fight Night 51 - Bigfoot vs. Arlovski 2,Rani Yahya,Johnny Bedford,Underdog,-4,-4,-2.82,-0.12,0.33,-0.13,0.9,-0.32,-0.33,1.8,-2,0.45
UFC Fight Night 52 - Hunt vs. Nelson,Roy Nelson,Mark Hunt,Favorite,-2,-1,0.63,0.07,-1.89,0.05,-0.63,0.28,-0.01,0.1,3,-0.04
UFC Fight Night 52 - Hunt vs. Nelson,Takanori Gomi,Myles Jury,Favorite,3,3,-0.87,0.01,-1.36,0.06,0.93,-0.1,-0.13,-0.5,-10,-4.87
UFC Fight Night 52 - Hunt vs. Nelson,Amir Sadollah,Yoshihiro Akiyama,Favorite,0,0,-1.61,-0.05,0.07,-0.03,1.72,0.4,0.32,0.7,5,-1.12
UFC Fight Night 52 - Hunt vs. Nelson,Rin Nakai,Miesha Tate,Favorite,5,4,1.05,0.12,-0.92,-0.09,-0.98,0.13,-0.2,0.8,0,-2.56
UFC Fight Night 52 - Hunt vs. Nelson,Richard Walsh,Kiichi Kunimoto,Favorite,-2,-2,-1.97,-0.02,1.2,-0.17,0.04,-0.2,-0.38,0.1,8,-1.72
UFC Fight Night 52 - Hunt vs. Nelson,Jon delos Reyes,Kyoji Horiguchi,Favorite,-1,-1,0.61,0.07,-1.69,0.11,-1.2,-0.39,0,-1.9,-3,-5.33
UFC Fight Night 52 - Hunt vs. Nelson,Masanori Kanehara,Alex Caceres,Underdog,-3,-6,-2.33,0,-1.46,0,0.9,-0.18,-0.01,0.2,6,2.3
UFC Fight Night 52 - Hunt vs. Nelson,Sam Sicilia,Katsunori Kikuno,Favorite,0,-1,0.18,0.07,-1.08,0.02,0.43,0.32,0.06,-0.1,4,-0.63
UFC Fight Night 52 - Hunt vs. Nelson,Takenori Sato,Hyun Gyu Lim,Favorite,5,6,3.99,0.08,-7.85,0.42,0.23,1,0.73,0.2,1,-5.38
UFC Fight Night 52 - Hunt vs. Nelson,Kyung Ho Kang,Michinori Tanaka,Underdog,4,6,1.38,0.11,1.34,0.05,-0.53,0.19,0.25,0.6,3,0.8
UFC Fight Night 52 - Hunt vs. Nelson,Johnny Case,Kazuki Tokudome,Underdog,-1,-1,1.69,-0.03,-0.97,0.08,-0.3,0.07,-0.06,0.2,-3,0.51
UFC Fight Night 52 - Hunt vs. Nelson,Daniel Hooker,Maximo Blanco,Favorite,-4,-4,-0.97,-0.04,-1.57,0.15,1.06,0.02,-0.17,-0.1,6,-0.6
UFC 178 - Johnson vs. Cariaso,Chris Cariaso,Demetrious Johnson,Favorite,0,2,0.08,0.11,-0.57,0.06,2.24,0.17,0.08,-0.3,-5,-11.43
UFC 178 - Johnson vs. Cariaso,Eddie Alvarez,Donald Cerrone,Favorite,4,4,0.09,0.05,0.09,-0.02,-1.76,-0.03,-0.19,0.7,1,-0.5
UFC 178 - Johnson vs. Cariaso,Dustin Poirier,Conor McGregor,Favorite,0,2,-0.13,-0.02,0.3,0.01,-0.66,0.19,0.03,-1.3,0,-1.96
UFC 178 - Johnson vs. Cariaso,Yoel Romero,Tim Kennedy,Underdog,1,-1,0.66,0.02,1.21,-0.02,-1.01,-0.05,0.08,-0.7,3,0.22
UFC 178 - Johnson vs. Cariaso,Amanda Nunes,Cat Zingano,Favorite,-2,-1,-1.98,0.1,-0.99,-0.1,0.04,0.11,-0.4,0.1,6,-1.49
UFC 178 - Johnson vs. Cariaso,Takeya Mizugaki,Dominick Cruz,Favorite,1,-1,0.54,-0.04,-0.66,0.13,1.36,-0.15,0.13,0,-1,-4.54
UFC 178 - Johnson vs. Cariaso,James Krause,Jorge Masvidal,Favorite,-3,1,-0.74,-0.02,-1.06,0.03,0.42,0.41,0.13,-0.6,2,-2.62
UFC 178 - Johnson vs. Cariaso,Patrick Cote,Stephen Thompson,Favorite,1,0,1.3,-0.02,-0.18,0.06,-0.42,0.21,0.22,-0.2,-3,-3.11
UFC 178 - Johnson vs. Cariaso,Brian Ebersole,John Howard,Underdog,5,1,0.17,-0.01,-0.94,0.05,-1,-0.26,0.08,-0.3,2,1.7
UFC 178 - Johnson vs. Cariaso,Jon Tuck,Kevin Lee,Favorite,-2,4,0.88,0.02,-0.14,-0.1,2.76,0.1,0.25,-0.2,-8,-1.76
UFC 178 - Johnson vs. Cariaso,Manny Gamburyan,Cody Gibson,Underdog,5,4,1.87,0.02,1.25,0.02,-1.98,-0.06,-0.01,-0.5,-7,0.9
UFC Fight Night 53 - Nelson vs. Story,Rick Story,Gunnar Nelson,Underdog,-2,-1,1.96,-0.2,-0.83,0.13,0.63,-0.11,-0.03,-0.1,4,3
UFC Fight Night 53 - Nelson vs. Story,Akira Corassani,Max Holloway,Favorite,3,1,3.92,0.03,-0.19,0.09,-0.45,0.25,-0.02,0.3,-9,-4.61
UFC Fight Night 53 - Nelson vs. Story,Jan Blachowicz,Ilir Latifi,Underdog,4,5,1.36,0.05,-0.02,-0.03,-1.02,0.15,-0.32,0,0,2.13
UFC Fight Night 53 - Nelson vs. Story,Mike Wilkinson,Niklas Backstrom,Underdog,-6,-8,1.23,-0.03,0.05,-0.05,-2,-0.66,-0.17,-1.3,2,6.88
UFC Fight Night 53 - Nelson vs. Story,Scott Askham,Magnus Cedenblad,Favorite,2,4,-0.65,0.05,-0.5,-0.12,2.43,0.46,0.01,0.3,6,-0.42
UFC Fight Night 53 - Nelson vs. Story,Alexander Yakovlev,Nico Musoke,Favorite,-3,1,1.82,-0.12,1.39,-0.01,-0.5,-0.16,0.1,0.1,1,-1.51
UFC Fight Night 53 - Nelson vs. Story,Charles Rosa,Dennis Siver,Favorite,-3,1,0.79,-0.04,-1.19,0.18,-0.8,-0.03,0.27,-0.7,8,-2.31
UFC Fight Night 53 - Nelson vs. Story,Gasan Umalatov,Cathal Pendred,Favorite,2,4,0.26,0.05,-1.09,-0.04,1.71,0.06,-0.07,0.4,-5,-0.67
UFC Fight Night 53 - Nelson vs. Story,Tor Troeng,Krzysztof Jotko,Favorite,-1,-1,1.82,-0.04,-1.03,0.25,0.71,0.32,0.16,-0.2,-7,-0.47
UFC Fight Night 53 - Nelson vs. Story,Marcin Bandel,Mairbek Taisumov,Favorite,-1,3,2.19,-0.11,-2.23,0.41,1.34,0.63,0.88,0,1,-0.83
UFC Fight Night 53 - Nelson vs. Story,Ernest Chavez,Zubaira Tukhugov,Favorite,0,-2,0.38,-0.01,-0.82,0.04,1.24,0.06,0.5,0,-7,-2.08
UFC Fight Night - Rockhold vs. Bisping,Michael Bisping,Luke Rockhold,Favorite,-2,-2,0.23,-0.11,0.03,0.12,0.35,0.14,-0.02,-0.7,6,3.53
UFC Fight Night - Rockhold vs. Bisping,Al Iaquinta,Ross Pearson,Underdog,-2,-1,-0.38,0,-0.44,0.01,0.11,0.17,0.01,-0.2,2,-0.83
UFC Fight Night - Rockhold vs. Bisping,Walt Harris,Soa Palelei,Favorite,-1,4,-0.58,0.18,-0.65,-0.06,1.91,0.19,-0.04,-0.1,6,-0.77
UFC Fight Night - Rockhold vs. Bisping,Vagner Rocha,Jake Matthews,Favorite,1,0,0.66,0.03,-1.94,0.12,0.19,0.07,0.12,-1.3,-12,-3.07
UFC Fight Night - Rockhold vs. Bisping,Anthony Perosh,Guto Inocente,Underdog,0,-2,-1.86,-0.23,0.85,-0.01,1.36,-0.11,-0.33,0.4,14,1.32
UFC Fight Night - Rockhold vs. Bisping,Sam Alvey,Dylan Andrews,Underdog,-1,-1,-1.07,0.06,-0.91,-0.06,2.77,0.36,-0.25,0.3,6,-0.89
UFC Fight Night - Rockhold vs. Bisping,Richie Vaculik,Louis Smolka,Favorite,-3,1,-0.98,-0.01,-0.02,0.04,1.31,0.1,-0.01,-0.8,8,2.68
UFC Fight Night - Rockhold vs. Bisping,Chris Clements,Vik Grujic,Underdog,1,3,-0.96,-0.01,1.02,-0.03,1.18,0.33,-0.06,0.1,-1,-0.52
UFC Fight Night - Rockhold vs. Bisping,Daniel Kelly,Luke Zachrich,Underdog,-2,-4,-0.94,0.06,0.18,-0.01,1.12,0.01,-0.02,0.3,4,2.22
UFC Fight Night - Rockhold vs. Bisping,Jumabieke Tuerxun,Marcus Brimage,Favorite,3,-4,-2.37,-0.07,-0.56,0.03,-0.09,-0.89,-0.14,0.9,-1,4.36
UFC Fight Night - Shogun vs. St. Preux,Ovince St Preux,Mauricio Rua,Underdog,-2,-4,0.54,0.03,-0.53,0.07,0.91,0.12,-0.18,0.2,1,-1.16
UFC Fight Night - Shogun vs. St. Preux,Alan Jouban,Warlley Alves,Favorite,-1,-1,-2.63,-0.02,0.18,-0.1,0.71,0.06,0.04,0.5,-9,-1.58
UFC Fight Night - Shogun vs. St. Preux,Claudio Silva,Leon Edwards,Underdog,-3,-3,-0.27,-0.11,0.66,-0.08,1.6,-0.08,-0.26,0.7,9,1.09
UFC Fight Night - Shogun vs. St. Preux,Jorge Antonio Cezario de Oliveira,Dhiego Lima,Favorite,6,4,1.86,0.08,-0.96,0.1,1.26,0.34,0.51,0.6,-9,-2.38
UFC Fight Night - Shogun vs. St. Preux,Juliana Lima,Nina Nunes,Underdog,0,1,-2.45,-0.01,-1.36,0,1.48,-0.02,-0.03,-0.5,4,0.69
UFC Fight Night - Shogun vs. St. Preux,Rodolfo Rubio Perez,Diego Rivas,Favorite,3,3,0.24,0.04,1.14,-0.1,-0.21,0.27,0.31,0.9,-5,-0.18
UFC Fight Night - Shogun vs. St. Preux,Trevor Smith,Caio Magalhaes,Favorite,-2,-2,-1.02,-0.15,-0.53,0.05,-0.65,-0.17,-0.02,0.9,-7,-1.47
UFC Fight Night - Shogun vs. St. Preux,Charlie Brenneman,Leandro Silva,Favorite,-1,2,0.87,-0.08,0.53,0.17,-2.47,-0.05,-0.07,0.4,-5,-0.86
UFC Fight Night - Shogun vs. St. Preux,Tim Gorman,Thomas Almeida,Favorite,-2,-1,-2.11,-0.12,0.64,-0.15,0.83,-0.05,-0.42,0,9,2.4
UFC Fight Night - Shogun vs. St. Preux,Wagner Silva Gomes,Colby Covington,Favorite,-1,0,2.19,0.09,0.11,-0.1,3.79,0.44,0.09,0.2,-1,-3.53
UFC 180 - Werdum vs. Hunt,Mark Hunt,Fabricio Werdum,Favorite,6,5,0.78,0.09,-0.26,0.04,1.24,-0.24,-0.33,1,-4,-3.28
UFC 180 - Werdum vs. Hunt,Jake Ellenberger,Kelvin Gastelum,Favorite,0,0,-1.08,-0.02,-0.4,0.02,1.08,0.17,0.27,0.3,7,1.47
UFC 180 - Werdum vs. Hunt,Ricardo Lamas,Dennis Bermudez,Underdog,2,5,-1.29,0.01,-0.2,-0.02,-2.05,-0.07,-0.36,-0.2,5,1.11
UFC 180 - Werdum vs. Hunt,Chris Heatherly,Augusto Montano,Favorite,4,4,2.38,0.01,-0.01,0.04,-3.39,-0.5,-0.34,-0.7,3,-1.47
UFC 180 - Werdum vs. Hunt,Hector Urbina,Edgar Garcia,Underdog,-1,-2,2.19,-0.09,1.79,0.21,2.21,0.57,0.12,-3.2,4,-1.24
UFC 180 - Werdum vs. Hunt,Alejandro Perez,Jose Quinonez,Underdog,-2,-2,-0.15,-0.1,0.18,-0.03,-2.16,-0.25,0.28,-0.3,1,1.56
UFC 180 - Werdum vs. Hunt,Leslie Smith,Jessica Eye,Favorite,3,0,3.7,0.03,4.22,-0.04,-0.58,-0.4,0.05,-0.5,4,1.7
UFC 180 - Werdum vs. Hunt,Humberto Brown Morrison,Gabriel Benitez,Favorite,-2,0,3.55,-0.09,2.3,0.01,-1.21,0.25,0.55,0.9,-4,-2.87
UFC 180 - Werdum vs. Hunt,Guido Cannetti,Enrique Briones,Favorite,5,4,0.16,-0.22,3.16,-0.35,-2.27,-0.55,-0.14,-0.4,-10,-0.15
UFC 180 - Werdum vs. Hunt,Marco Beltran,Marlon Vera,Underdog,0,-1,-2.24,-0.12,-3.55,0.13,0.17,0.11,-0.24,-0.7,7,1.94
UFC Fight Night - Edgar vs. Swanson,Cub Swanson,Frankie Edgar,Favorite,2,2,0.93,0.1,1.02,-0.06,-1.2,0.21,-0.04,0.1,-2,1.56
UFC Fight Night - Edgar vs. Swanson,Bobby Green,Edson Barboza,Favorite,-1,-4,2.34,0.08,-0.9,0.06,0.74,-0.12,0.02,0.2,-1,0.08
UFC Fight Night - Edgar vs. Swanson,Chico Camus,Brad Pickett,Underdog,0,2,0.44,-0.1,2.17,-0.09,1.7,0.04,-0.14,0,6,-1.51
UFC Fight Night - Edgar vs. Swanson,Aleksei Oleinik,Jared Rosholt,Underdog,0,-5,-1.21,-0.02,-2.28,0.15,0.01,-0.05,0.29,-1.8,-9,-1.56
UFC Fight Night - Edgar vs. Swanson,Dustin Ortiz,Joseph Benavidez,Favorite,-1,0,0.58,-0.1,0.5,0.05,-1.6,-0.06,0.1,0.5,4,-3.08
UFC Fight Night - Edgar vs. Swanson,Isaac Vallie-Flagg,Matt Wiman,Favorite,-2,2,2.39,-0.03,2.03,-0.06,-1.93,-0.25,0.02,-1.5,6,1.24
UFC Fight Night - Edgar vs. Swanson,Josh Copeland,Ruslan Magomedov,Favorite,2,3,2.99,0.16,-1.54,0.11,0.33,1,0.31,0,-4,-1.45
UFC Fight Night - Edgar vs. Swanson,Roger Narvaez,Luke Barnatt,Underdog,3,-2,2.31,-0.01,0.55,-0.05,0.63,0.42,0.13,-0.5,-4,-2.24
UFC Fight Night - Edgar vs. Swanson,Nick Hein,James Vick,Favorite,9,10,1.48,0.04,-0.3,0.01,-0.6,0,-0.26,0.7,-3,-1.29
UFC Fight Night - Edgar vs. Swanson,Akbarh Arreola,Yves Edwards,Underdog,-1,2,0.59,-0.03,-1.67,0.1,-0.31,-0.47,0.36,0.3,6,-1.24
UFC Fight Night - Edgar vs. Swanson,Kailin Curran,Paige VanZant,Favorite,0,0,0.54,-0.09,2.13,0.11,0.73,0.24,0.27,-0.4,3,0.69
UFC Fight Night - Edgar vs. Swanson,Juan Manuel Puig,Doo Ho Choi,Favorite,1,-2,-0.17,0.3,-2.26,0.03,0.29,0.2,0.5,0,-2,-2.55
UFC 181 - Hendricks vs. Lawler 2,Robbie Lawler,Johny Hendricks,Underdog,2,5,0.36,0.02,0.68,0.06,-3.18,0.18,0.02,-0.3,2,1.45
UFC 181 - Hendricks vs. Lawler 2,Gilbert Melendez,Anthony Pettis,Favorite,1,-1,-0.39,0.14,0.91,-0.09,-1.03,0.09,-0.11,0.9,-5,-1.72
UFC 181 - Hendricks vs. Lawler 2,Brendan Schaub,Travis Browne,Favorite,2,1,0.01,0.04,2.09,-0.15,-1.11,0.22,0.03,-0.2,0,-2.53
UFC 181 - Hendricks vs. Lawler 2,Anthony Hamilton,Todd Duffee,Favorite,-2,2,2.02,-0.28,-0.15,0.11,-1.9,-0.17,0.12,0,-6,-2.37
UFC 181 - Hendricks vs. Lawler 2,Abel Trujillo,Tony Ferguson,Favorite,3,6,2.29,0.04,2.1,-0.04,-1.79,-0.1,0.27,0.5,0,-1.7
UFC 181 - Hendricks vs. Lawler 2,Francisco Rivera,Urijah Faber,Favorite,-2,-3,-1.42,-0.01,-0.57,-0.04,0.53,-0.33,-0.1,0.2,3,-3.77
UFC 181 - Hendricks vs. Lawler 2,Josh Samman,Eddie Gordon,Underdog,-3,-3,-0.05,-0.2,0.1,0.26,0.84,0.5,0.3,-0.4,4,-0.8
UFC 181 - Hendricks vs. Lawler 2,Justin Jones,Corey Anderson,Favorite,-4,0,-2.73,-0.1,0.95,-0.14,-3.89,-0.35,-0.37,0.5,2,2.53
UFC 181 - Hendricks vs. Lawler 2,Raquel Pennington,Ashlee Evans-Smith,Underdog,1,0,-0.11,-0.18,1.3,-0.07,0.05,-0.05,-0.13,-0.7,1,-1.16
UFC 181 - Hendricks vs. Lawler 2,Matt Hobar,Sergio Pettis,Favorite,-4,-1,0.65,-0.05,-1.36,0.13,-2.81,-0.04,0.17,0.4,-7,-2.37
UFC 181 - Hendricks vs. Lawler 2,Clay Collard,Alex White,Underdog,-1,2,0.46,-0.1,1.93,-0.1,1.89,0.11,0,0,-4,0.47
UFC - The Ultimate Fighter 20 Finale,Carla Esparza,Rose Namajunas,Underdog,-4,-2,-1.53,-0.01,-0.82,-0.08,1.84,-0.12,-0.12,-0.2,5,1.07
UFC - The Ultimate Fighter 20 Finale,Charles Oliveira,Jeremy Stephens,Underdog,-1,-3,-0.22,-0.13,-0.15,0.07,-1.01,-0.02,0.1,-2.4,3,-0.44
UFC - The Ultimate Fighter 20 Finale,Joe Proctor,Yancy Medeiros,Favorite,0,3,0.97,0.01,1.74,-0.12,0.33,0.5,0.03,-1.1,-2,-1.8
UFC - The Ultimate Fighter 20 Finale,Jessica Penne,Randa Markos,Underdog,1,4,-0.45,-0.12,1.65,-0.12,0.2,-0.07,-0.16,0.4,3,0.08
UFC - The Ultimate Fighter 20 Finale,Lisa Ellis,Felice Herrig,Favorite,0,3,2.16,-0.11,2.87,-0.09,-3.11,-0.35,0.25,0.2,-2,-2.89
UFC - The Ultimate Fighter 20 Finale,Heather Clark,Bec Rawlings,Underdog,0,0,0.79,-0.07,0.04,0.07,0.38,0.36,-0.12,0.1,-8,-1.07
UFC - The Ultimate Fighter 20 Finale,Seo Hee Ham,Joanne Wood,Favorite,4,3,2.9,0.12,-0.26,-0.1,1.52,0.55,-0.08,0.1,1,-4.68
UFC - The Ultimate Fighter 20 Finale,Angela Magana,Tecia Torres,Favorite,0,-5,3.25,0.19,-1.33,0.19,0.21,-0.11,0.37,-0.3,-6,-4.7
UFC - The Ultimate Fighter 20 Finale,Alex Chambers,Aisling Daly,Favorite,-1,1,-0.05,-0.02,-3.7,0.05,-0.16,0,-0.2,-0.1,-9,-1.45
UFC - The Ultimate Fighter 20 Finale,Emily Kagan,Angela Hill,Favorite,0,2,-2.78,-0.13,0.43,-0.23,1.06,-0.19,-0.26,-0.1,3,0.86
UFC on Fox 13 - Dos Santos vs. Miocic,Stipe Miocic,Junior dos Santos,Favorite,0,-3,-0.33,-0.06,-0.49,0.02,-1.56,0.16,0.13,0.1,-1,-3.27
UFC on Fox 13 - Dos Santos vs. Miocic,Nate Diaz,Rafael dos Anjos,Favorite,-4,-6,-1.09,0.02,-0.56,0.08,0.9,0.05,0.14,-0.7,0,2.16
UFC on Fox 13 - Dos Santos vs. Miocic,Stefan Struve,Alistair Overeem,Favorite,-7,-4,0.55,0.17,-1.6,0.11,0.86,0.09,0.18,-0.9,8,-1.76
UFC on Fox 13 - Dos Santos vs. Miocic,Gabriel Gonzaga,Matt Mitrione,Favorite,1,6,1.43,0.05,-0.15,0.07,-2.8,-0.39,-0.11,-0.4,0,-0.43
UFC on Fox 13 - Dos Santos vs. Miocic,Joanna Jedrzejczyk,Claudia Gadelha,Underdog,-2,-2,-2.97,-0.07,1.32,-0.05,2.76,-0.2,-0.22,0.6,-1,-1.8
UFC on Fox 13 - Dos Santos vs. Miocic,Willie Gates,John Moraga,Favorite,2,6,-0.77,-0.05,1.73,-0.18,-0.62,-0.23,0.23,-0.7,-3,4.33
UFC on Fox 13 - Dos Santos vs. Miocic,Joe Riggs,Ben Saunders,Favorite,2,7,0.82,-0.01,1.89,-0.06,-2.25,-0.15,0.04,0.7,0,-1.8
UFC on Fox 13 - Dos Santos vs. Miocic,Drew Dober,Jamie Varner,Underdog,0,1,-1.42,-0.06,-1.68,0.07,2.78,0.35,0.1,0.7,4,-3.07
UFC on Fox 13 - Dos Santos vs. Miocic,Bryan Barberena,Joe Ellenberger,Underdog,-3,0,-3.73,-0.01,-1.14,0.04,3.04,0.18,-0.5,0.8,4,-1.66
UFC on Fox 13 - Dos Santos vs. Miocic,Garett Whiteley,David Michaud,Favorite,-3,0,-0.47,-0.05,0.41,0.08,2.53,0.58,0.5,-0.2,-8,-1.47
UFC on Fox 13 - Dos Santos vs. Miocic,Dustin Kimura,Henry Cejudo,Favorite,-3,-7,2.44,0.25,-0.53,0.09,1.06,-0.05,0.25,-2,2,-1.78
UFC on Fox 13 - Dos Santos vs. Miocic,Ian Entwistle,Anthony Birchak,Underdog,-3,-5,-3.82,-0.29,3.69,-0.25,-0.48,-0.14,-0.61,11.6,-1,1.56
UFC Fight Night - Machida vs. Dollaway,C.B. Dollaway,Lyoto Machida,Favorite,-1,-2,-0.06,0.06,-1.01,0.07,-2.34,0.11,0.13,-0.8,5,-4.7
UFC Fight Night - Machida vs. Dollaway,Mitch Gagnon,Renan Barao,Favorite,1,5,1.02,-0.1,1.69,-0.04,0.33,0.16,0.26,-1.4,-2,-6
UFC Fight Night - Machida vs. Dollaway,Antonio Carlos Junior,Patrick Cummins,Favorite,0,-3,2.31,0.08,1.21,0.03,1.07,0.02,-0.25,-0.7,9,-0.92
UFC Fight Night - Machida vs. Dollaway,Elias Silverio,Rashid Magomedov,Favorite,-2,-3,0.73,0,0.08,0.03,-0.95,0.19,0.04,0,2,-0.8
UFC Fight Night - Machida vs. Dollaway,Mike Rhodes,Erick Silva,Favorite,-1,0,-0.7,0.09,0.05,-0.15,-0.11,0.02,-0.19,0.9,5,-3.07
UFC Fight Night - Machida vs. Dollaway,Antonio Dos Santos Jr.,Daniel Sarafian,Favorite,-1,1,-3.17,-0.05,-0.84,0.15,0.36,0.07,-0.47,0.7,6,0.71
UFC Fight Night - Machida vs. Dollaway,Igor Pokrajac,Marcos Rogerio de Lima,Favorite,1,1,1.45,0.12,-1.36,0.11,0.53,0.16,0.08,0.3,-7,-2.67
UFC Fight Night - Machida vs. Dollaway,Renato Moicano,Tom Niinimaki,Underdog,-2,-3,-2.47,0.06,-1.37,-0.02,1.08,0.01,-0.39,-0.1,6,-0.12
UFC Fight Night - Machida vs. Dollaway,Darren Elkins,Hacran Dias,Favorite,-2,-2,-1.36,0.03,0.04,0.03,-0.35,0.04,0.2,-0.6,-1,-1.24
UFC Fight Night - Machida vs. Dollaway,Leandro Issa,Yuta Sasaki,Underdog,-3,-2,-0.08,-0.04,0.67,0.08,-0.65,-0.21,0.09,0,6,3.78
UFC Fight Night - Machida vs. Dollaway,Marcio Alexandre Jr.,Tim Means,Favorite,2,0,3.47,0.04,0.75,0.18,0.81,0.2,-0.01,-0.5,5,-1.56
UFC Fight Night - Machida vs. Dollaway,Vitor Miranda,Jake Collier,Underdog,2,1,2.82,-0.01,2.13,-0.08,-0.24,-0.22,0.17,0.4,-10,-0.97
UFC 182 - Jones vs. Cormier,Daniel Cormier,Jon Jones,Favorite,5,12,0.04,0.05,-0.7,0.1,0.1,0.01,0.15,0.1,-9,-0.86
UFC 182 - Jones vs. Cormier,Myles Jury,Donald Cerrone,Favorite,3,0,1.47,0.04,2.32,-0.13,-1,-0.22,0.23,0.9,6,-1.16
UFC 182 - Jones vs. Cormier,Brad Tavares,Nate Marquardt,Underdog,-1,0,-0.67,0.06,-0.83,0,1.09,0.25,-0.11,0.8,9,-0.43
UFC 182 - Jones vs. Cormier,Louis Gaudinot,Kyoji Horiguchi,Favorite,2,3,1.26,0.08,-3.97,0.14,1.43,0.04,0.24,-1.1,-6,-5.51
UFC 182 - Jones vs. Cormier,Josh Burkman,Hector Lombard,Favorite,2,-1,0.86,0.14,0.26,0.04,2.88,0.47,0.51,1.3,-4,-5.99
UFC 182 - Jones vs. Cormier,Paul Felder,Danny Castillo,Underdog,-2,1,-1.13,-0.02,-1.48,0.14,2.66,0.1,-0.01,0,4,-1.47
UFC 182 - Jones vs. Cormier,Cody Garbrandt,Marcus Brimage,Underdog,-4,6,0.99,-0.05,-0.12,-0.04,-0.47,0.66,0,0,7,-1.14
UFC 182 - Jones vs. Cormier,Jared Cannonier,Shawn Jordan,Favorite,1,-2,-1.81,-0.02,-0.83,-0.12,1.53,-0.04,0.13,0.1,-1,-1.56
UFC 182 - Jones vs. Cormier,Rodrigo Damm,Evan Dunham,Favorite,3,-1,1.83,0.03,-2.07,0.04,1.38,0.17,-0.01,0.7,-2,-4.34
UFC 182 - Jones vs. Cormier,Mats Nilsson,Omari Akhmedov,Favorite,-1,-2,-0.02,-0.05,-2.78,-0.08,-1.29,-0.38,0.21,-2.1,-4,-0.86
UFC 182 - Jones vs. Cormier,Marion Reneau,Alexis Dufresne,Underdog,3,1,-1.87,-0.14,-0.19,0.01,0.88,-0.13,0,-0.8,-13,-1.14
UFC Fight Night - McGregor vs. Siver,Dennis Siver,Conor McGregor,Favorite,3,4,1.45,0.17,1.99,-0.11,-0.2,0.23,0.01,-0.2,-10,-8.89
UFC Fight Night - McGregor vs. Siver,Donald Cerrone,Benson Henderson,Underdog,4,3,1.48,0.01,2.69,-0.1,-1.24,-0.12,0.1,0.4,1,0.43
UFC Fight Night - McGregor vs. Siver,Ron Stallings,Urijah Hall,Favorite,-2,4,0.01,-0.12,0.59,0.03,0.54,0.38,-0.07,0.1,-2,-7.19
UFC Fight Night - McGregor vs. Siver,Norman Parke,Gleison Tibau,Favorite,1,-1,1.11,0.04,0.37,0.01,-2.1,-0.27,-0.15,-0.8,-3,0.55
UFC Fight Night - McGregor vs. Siver,Cathal Pendred,Sean Spencer,Underdog,3,1,-1.75,0.12,-1.01,-0.05,2.32,-0.1,0.15,0.4,0,0.71
UFC Fight Night - McGregor vs. Siver,John Howard,Lorenz Larkin,Favorite,-4,0,-1.38,0.04,0.34,-0.12,2.43,0.07,-0.26,0.3,4,0.71
UFC Fight Night - McGregor vs. Siver,Zhang Lipeng,Chris Wade,Favorite,1,1,-0.42,-0.05,0.13,0.02,-0.85,-0.21,0.14,-0.3,-2,4.34
UFC Fight Night - McGregor vs. Siver,Shane Howell,Patrick Holohan,Favorite,2,-1,0.86,0.14,0.26,0.04,2.88,0.47,0.51,1.3,-4,-2.18
UFC Fight Night - McGregor vs. Siver,Sean Soriano,Charles Rosa,Favorite,0,-1,-0.1,-0.25,1.72,-0.09,0.34,-0.2,-0.14,1,3,-0.47
UFC Fight Night - McGregor vs. Siver,Matt Van Buren,Sean O'Connell,Favorite,-4,-3,-2.27,0.03,-0.05,-0.04,0,0,-0.2,0.5,3,-1.22
UFC Fight Night - McGregor vs. Siver,Tateki Matsuda,Joby Sanchez,Favorite,-1,2,0.02,0.02,-0.61,-0.06,0.95,0.71,0.35,0.4,-6,-0.92
UFC on Fox 14 - Gustafsson vs. Johnson,Anthony Johnson,Alexander Gustafsson,Underdog,3,1,0.78,-0.07,1.7,-0.09,-0.9,-0.18,0.06,-0.2,-3,-2.35
UFC on Fox 14 - Gustafsson vs. Johnson,Dan Henderson,Gegard Mousasi,Favorite,3,2,1.31,0.03,-1.49,0.17,0.07,0.08,0.02,0.8,-15,-4.36
UFC on Fox 14 - Gustafsson vs. Johnson,Ryan Bader,Phil Davis,Underdog,0,5,0.03,-0.09,-0.06,0.01,-0.38,-0.06,-0.08,0.2,-1,-1.54
UFC on Fox 14 - Gustafsson vs. Johnson,Sam Sicilia,Akira Corassani,Underdog,0,1,0.79,0.12,1.36,-0.09,-0.75,-0.15,0.16,-0.9,3,-0.19
UFC on Fox 14 - Gustafsson vs. Johnson,Nico Musoke,Albert Tumenov,Favorite,-1,-2,0.2,0.07,-0.46,0.01,-0.96,0.01,-0.07,-0.2,-6,0.58
UFC on Fox 14 - Gustafsson vs. Johnson,Kenny Robertson,Sultan Aliev,Underdog,-1,0,2.31,0.02,0.82,-0.04,-0.39,-0.12,-0.43,0.8,1,1.02
UFC on Fox 14 - Gustafsson vs. Johnson,Makwan Amirkhani,Andy Ogle,Underdog,2,3,-0.91,0,0.75,-0.04,2.52,0.17,-0.23,1.1,0,0.75
UFC on Fox 14 - Gustafsson vs. Johnson,Stanislav Nedkov,Nikita Krylov,Favorite,4,6,1.05,0.12,-2.92,0.01,-0.48,-0.03,0.53,1.4,-10,-0.31
UFC on Fox 14 - Gustafsson vs. Johnson,Anthony Christodoulou,Mairbek Taisumov,Favorite,0,-1,-0.79,-0.13,2.87,-0.19,-1.34,-0.63,-0.48,0,1,7.21
UFC on Fox 14 - Gustafsson vs. Johnson,Paul Redmond,Mirsad Bektic,Favorite,-2,-1,1.71,0.07,-1.19,0.16,3.98,0.52,0.42,0.4,-4,-5.52
UFC on Fox 14 - Gustafsson vs. Johnson,Viktor Pesta,Konstantin Erokhin,Underdog,-4,-4,-0.51,0,-0.71,-0.09,-3.29,-0.28,-0.3,0,8,-3.08
UFC on Fox 14 - Gustafsson vs. Johnson,Neil Seery,Chris Beal,Underdog,3,5,-0.11,-0.06,-0.61,0.03,0.82,0.31,0.25,-1.4,-6,-1.24
UFC 183 - Silva vs. Diaz,Nick Diaz,Anderson Silva,Favorite,1,1,-2.66,0.19,-1.79,0.01,-0.78,0.45,0.09,-0.2,9,-4.06
UFC 183 - Silva vs. Diaz,Tyron Woodley,Kelvin Gastelum,Underdog,0,3,-1.19,0.07,-0.47,-0.04,0.1,0.1,0.28,0.3,10,0.33
UFC 183 - Silva vs. Diaz,Joe Lauzon,Al Iaquinta,Favorite,0,1,-1.22,-0.01,0.86,-0.07,1.76,0.27,-0.2,1.8,3,1.22
UFC 183 - Silva vs. Diaz,Tim Boetsch,Thales Leites,Favorite,-1,-4,0.8,0.1,-0.09,0.05,-0.65,0.07,0.29,-0.3,1,3.77
UFC 183 - Silva vs. Diaz,Thiago Alves,Jordan Mein,Underdog,3,3,-0.38,0.03,-0.87,0.07,0.85,-0.02,0.03,-0.1,-6,-0.52
UFC 183 - Silva vs. Diaz,Miesha Tate,Sara McMann,Underdog,0,-1,0.36,-0.01,1.06,0.04,-2.36,-0.34,0.05,0.8,-6,1.06
UFC 183 - Silva vs. Diaz,Ed Herman,Derek Brunson,Favorite,0,0,0.2,-0.01,-0.66,0.09,1.18,-0.14,0.26,-0.4,-3,-4.7
UFC 183 - Silva vs. Diaz,John Lineker,Ian McCall,Underdog,2,-3,-1.77,-0.01,-1.02,0.11,1.52,-0.28,0.21,-0.6,7,-1.7
UFC 183 - Silva vs. Diaz,Tom Watson,Rafael Natal,Favorite,1,-4,0.91,-0.03,1.93,-0.07,-2.4,-0.27,-0.34,-0.5,0,0.72
UFC 183 - Silva vs. Diaz,Richardson Moreira,Ildemar Alcantara,Favorite,0,6,0.76,0.1,0.8,-0.17,2,0.68,-0.19,0.9,1,-0.95
UFC 183 - Silva vs. Diaz,Andy Enz,Thiago Santos,Favorite,1,2,-0.21,-0.25,2.75,0.04,-0.88,-0.33,-0.07,-0.1,-8,1.11
UFC Fight Night - Henderson vs Thatch,Benson Henderson,Brandon Thatch,Underdog,-5,-4,0.23,0.03,-1.84,0.11,1.04,-0.21,0.13,0.1,2,0.59
UFC Fight Night - Henderson vs Thatch,Cole Miller,Max Holloway,Favorite,-2,-4,4.17,0.15,0.84,0,-0.35,0.17,0.46,-1.5,-8,-3.49
UFC Fight Night - Henderson vs Thatch,Kiichi Kunimoto,Neil Magny,Favorite,5,9,1.6,0.02,-1.5,0.11,0.58,0.2,0.26,0,-7,-4.7
UFC Fight Night - Henderson vs Thatch,Daniel Kelly,Patrick Walsh,Underdog,-1,3,-1.59,-0.19,-1.81,0.03,1.14,0.2,0.22,1.2,-11,-0.99
UFC Fight Night - Henderson vs Thatch,Michel Prazeres,Kevin Lee,Favorite,-3,-10,-1.5,0.05,-1.09,0.07,0.76,-0.07,-0.28,-0.2,11,0.64
UFC Fight Night - Henderson vs Thatch,Chris Kelades,Ray Borg,Favorite,3,5,0.88,-0.09,0.71,0,-2.85,-0.32,0.07,-0.7,13,6.55
UFC Fight Night - Henderson vs Thatch,Efrain Escudero,Rodrigo Lima,Underdog,-2,4,-1.63,-0.11,3.2,-0.31,1.35,-0.04,-0.66,0.5,-5,0.31
UFC Fight Night - Henderson vs Thatch,Jim Alers,Chas Skelly,Favorite,-2,-1,0.89,0,1.17,0.07,0.52,0.07,0.41,-2,-2,1.56
UFC Fight Night - Henderson vs Thatch,Tim Elliott,Zach Makovsky,Favorite,3,2,1.45,0.01,0.42,-0.06,0.02,0.17,0.03,0.7,-4,0.04
UFC Fight Night - Henderson vs Thatch,Cody Pfister,James Moontasri,Favorite,0,2,-0.98,-0.23,-1.06,0.11,2.82,0.3,-0.79,-0.2,-3,1.56
UFC Fight Night - Mir vs. Bigfoot,Frank Mir,Antonio Silva,Underdog,-1,-3,-0.71,0.02,0.75,-0.12,1.2,0.11,-0.12,1.2,1,2
UFC Fight Night - Mir vs. Bigfoot,Michael Johnson,Edson Barboza,Underdog,1,2,-0.16,0.05,0.82,-0.01,-0.17,0.09,-0.09,0.1,1,-1.04
UFC Fight Night - Mir vs. Bigfoot,Sam Alvey,Cezar Ferreira,Underdog,-1,3,-1.38,-0.02,-1.19,0.01,2.63,0.39,0.02,0.4,1,-2.85
UFC Fight Night - Mir vs. Bigfoot,Adriano Martins,Rustam Khabilov,Underdog,-2,1,0.18,-0.04,0.02,0,3.12,-0.39,-0.2,-0.3,-4,-4.36
UFC Fight Night - Mir vs. Bigfoot,Frankie Saenz,Yuri Alcantara,Underdog,3,5,-1.22,-0.02,-0.71,-0.03,-0.3,0.31,-0.01,0.7,0,-6.55
UFC Fight Night - Mir vs. Bigfoot,Santiago Ponzinibbio,Sean Strickland,Underdog,-1,-3,-1.01,0,0.34,-0.01,-0.37,-0.34,-0.17,-0.2,4,1.32
UFC Fight Night - Mir vs. Bigfoot,Marion Reneau,Jessica Andrade,Underdog,-5,-6,3.42,0.09,1.85,-0.04,1.75,-0.08,0.22,-0.5,-14,-1.92
UFC Fight Night - Mir vs. Bigfoot,Matt Dwyer,William Macario,Underdog,5,1,-2.35,-0.2,-0.72,-0.11,-1.41,-0.35,-0.18,0,2,3.08
UFC Fight Night - Mir vs. Bigfoot,Mike de la Torre,Tiago Trator,Underdog,-2,-1,0.48,-0.04,-0.52,0.08,0.27,-0.05,-0.5,0.3,0,1.56
UFC Fight Night - Mir vs. Bigfoot,Douglas Silva de Andrade,Cody Gibson,Underdog,3,3,0.34,0.05,0.09,-0.01,0.67,-0.18,-0.02,0,-2,-1.8
UFC Fight Night - Mir vs. Bigfoot,Josh Shockley,Ivan Jorge,Favorite,-4,-2,2.01,0.16,1.16,-0.01,1.56,0.16,0.14,-0.2,9,-1.68
UFC 184 - Rousey vs. Zingano,Cat Zingano,Ronda Rousey,Favorite,1,-2,1.6,-0.09,2.51,-0.03,3.49,0.03,0.08,4,-4,-5.96
UFC 184 - Rousey vs. Zingano,Raquel Pennington,Holly Holm,Favorite,1,2,-1.01,-0.12,-0.37,-0.05,-0.03,0.03,0.13,-0.6,7,-5.09
UFC 184 - Rousey vs. Zingano,Josh Koscheck,Jake Ellenberger,Favorite,1,2,-0.68,-0.03,-0.56,0.03,0.42,0.01,-0.22,0,7,1.26
UFC 184 - Rousey vs. Zingano,Richard Walsh,Alan Jouban,Favorite,0,0,1.83,0.04,1.05,0.02,-1.04,0.04,-0.08,0.1,7,-2.52
UFC 184 - Rousey vs. Zingano,Gleison Tibau,Tony Ferguson,Favorite,1,5,2.99,0.14,1.9,-0.08,-3.69,-0.18,-0.25,0.1,0,-1.8
UFC 184 - Rousey vs. Zingano,Roan Carneiro,Mark Munoz,Underdog,1,-5,1.66,0.05,0.44,-0.05,0.12,-0.13,-0.26,-0.8,1,-2.06
UFC 184 - Rousey vs. Zingano,Dhiego Lima,Tim Means,Favorite,0,0,-1.96,-0.1,0.24,-0.02,0.1,-0.06,0.08,0.4,-5,0.61
UFC 184 - Rousey vs. Zingano,Ruan Potts,Derrick Lewis,Favorite,1,4,1.63,0.13,-3.44,0.18,-0.18,0.1,0.19,-2.3,-7,-4.37
UFC 184 - Rousey vs. Zingano,Valmir Lazaro,James Krause,Underdog,2,0,-0.08,0.12,0.02,0,-0.37,-0.22,-0.37,0.9,-1,-1.04
UFC 184 - Rousey vs. Zingano,Alexander Torres,Masio Fullen,Favorite,0,0,-0.01,-0.05,0.77,-0.15,-1.53,0.11,0.19,0,2,-0.71
UFC 185 - Pettis vs. Dos Anjos,Rafael dos Anjos,Anthony Pettis,Underdog,2,2,-0.43,0,0.23,-0.06,-1.34,0.15,0.05,0.5,-2,-3.63
UFC 185 - Pettis vs. Dos Anjos,Joanna Jedrzejczyk,Carla Esparza,Underdog,-5,-2,-4.12,-0.08,-0.56,-0.07,2.95,-0.27,-0.33,0.2,0,-0.85
UFC 185 - Pettis vs. Dos Anjos,Matt Brown,Johny Hendricks,Favorite,-3,-6,-0.27,-0.1,1.07,-0.02,2.15,0,0,-1,-3,-2.96
UFC 185 - Pettis vs. Dos Anjos,Roy Nelson,Alistair Overeem,Favorite,4,7,1.49,0.28,-2.35,0.11,0.28,0.28,0.08,0.7,-3,-1.26
UFC 185 - Pettis vs. Dos Anjos,Chris Cariaso,Henry Cejudo,Favorite,1,0,0.42,0.03,1.06,-0.01,0.88,-0.07,0.18,-0.6,-5,-4.82
UFC 185 - Pettis vs. Dos Anjos,Sam Stout,Ross Pearson,Favorite,-1,-1,-0.49,0.12,0.01,0.05,0.11,-0.03,-0.02,-0.1,-1,-2.96
UFC 185 - Pettis vs. Dos Anjos,Roger Narvaez,Elias Theodorou,Favorite,2,4,-2.07,-0.05,0.93,0.11,-1.27,-0.28,-0.09,0.9,5,2.63
UFC 185 - Pettis vs. Dos Anjos,Beneil Dariush,Daron Cruickshank,Underdog,-2,0,-0.9,-0.1,0.33,0,0.14,0.07,-0.2,-0.7,3,-0.64
UFC 185 - Pettis vs. Dos Anjos,Josh Copeland,Jared Rosholt,Favorite,1,0,1.05,0.15,-1.49,0.04,1.83,0.41,0.09,0.1,-4,-2.37
UFC 185 - Pettis vs. Dos Anjos,Ryan Benoit,Sergio Pettis,Underdog,1,1,1,-0.02,-0.74,0.07,0.57,0.18,-0.05,0,-4,-4.13
UFC 185 - Pettis vs. Dos Anjos,Jake Lindsey,Joseph Duffy,Favorite,-1,0,-0.76,-0.18,-0.23,0.08,0.31,0.33,0.14,0.7,-1,-4.4
UFC 185 - Pettis vs. Dos Anjos,Germaine de Randamie,Larissa Pacheco,Underdog,-2,-2,-1.36,-0.27,2.14,-0.1,0,0,-0.65,-0.4,-11,-0.69
UFC Fight Night - Maia vs. LaFlare,Demian Maia,Ryan LaFlare,Underdog,0,-2,-1.09,0.03,0.21,0,0.36,-0.2,0.03,0.8,6,0.43
UFC Fight Night - Maia vs. LaFlare,Josh Koscheck,Erick Silva,Favorite,2,1,0.71,0.12,1.91,-0.14,-1.61,-0.13,-0.08,1,-7,-4.03
UFC Fight Night - Maia vs. LaFlare,Leonardo Santos,Tony Martin,Underdog,0,-2,-0.14,-0.09,-0.81,0.04,-0.17,0.02,-0.18,0.8,-10,-0.48
UFC Fight Night - Maia vs. LaFlare,Shayna Baszler,Amanda Nunes,Favorite,1,1,2.06,0.21,-3.74,0.06,2.06,0.36,0.38,-0.6,-8,-3.77
UFC Fight Night - Maia vs. LaFlare,Alex Oliveira,Gilbert Burns,Favorite,1,5,-0.3,0.03,-0.87,-0.08,0.11,0,0.13,0.1,-1,5.07
UFC Fight Night - Maia vs. LaFlare,Godofredo Pepey,Andre Fili,Underdog,4,1,1.53,-0.01,0.88,0.04,1.79,0.4,0.34,-1.2,-3,-2.37
UFC Fight Night - Maia vs. LaFlare,Akbarh Arreola,Francisco Trinaldo,Favorite,1,1,-0.81,0,1.34,-0.04,0.09,0.58,-0.27,-0.1,-4,1.34
UFC Fight Night - Maia vs. LaFlare,Katsunori Kikuno,Edmilson Souza,Favorite,4,8,2.01,0.04,0.44,-0.03,-1.88,-0.75,-0.26,-0.8,-3,1.8
UFC Fight Night - Maia vs. LaFlare,Drew Dober,Leandro Silva,Favorite,-1,-2,1.95,-0.08,2.15,-0.12,-1.05,-0.19,-0.09,-0.3,-3,0.64
UFC Fight Night - Maia vs. LaFlare,Cain Carrizosa,Leonardo Mafra,Favorite,-2,4,-1.83,-0.06,1.42,0.08,-2.12,-0.83,-0.55,-0.4,2,0.86
UFC Fight Night - Maia vs. LaFlare,Jorge Antonio Cezario de Oliveira,Christos Giagos,Favorite,2,0,1.77,0.1,-1.63,0.02,2.84,0.36,0.3,0.4,-10,-1.24
UFC Fight Night - Maia vs. LaFlare,Freddy Serrano,Bentley Syler,Underdog,1,3,-0.28,-0.08,-0.16,0.18,-2.84,-0.25,-0.09,0,-3,-0.25
UFC Fight Night - Mendes vs. Lamas,Ricardo Lamas,Chad Mendes,Favorite,-2,-5,-0.35,0.02,-0.52,0.1,2.29,0.22,0.54,-0.6,-3,-3.51
UFC Fight Night - Mendes vs. Lamas,Al Iaquinta,Jorge Masvidal,Underdog,-1,-4,0.01,-0.07,1.48,-0.03,-0.75,-0.41,0.02,-0.1,-2,0.38
UFC Fight Night - Mendes vs. Lamas,Mitch Clarke,Michael Chiesa,Favorite,3,2,-0.48,0.06,-1.57,0.07,2.69,0.35,0.1,0.6,-2,-2.72
UFC Fight Night - Mendes vs. Lamas,Milana Dudieva,Julianna Pena,Favorite,3,-3,2.29,0.16,-1.13,-0.08,-0.4,0.1,0.23,0.8,0,-1.94
UFC Fight Night - Mendes vs. Lamas,Robbie Peralta,Clay Guida,Favorite,-1,-1,-1.12,-0.11,0.04,0.08,2.54,-0.3,0.02,0.6,4,-1.7
UFC Fight Night - Mendes vs. Lamas,Carlos Diego Ferreira,Dustin Poirier,Favorite,0,-2,0.41,0.12,0.93,-0.03,0.37,0.06,0.03,0.8,-4,-1.07
UFC Fight Night - Mendes vs. Lamas,Lauren Murphy,Liz Carmouche,Favorite,-1,1,1.27,-0.15,2.74,-0.06,-1.54,-0.26,0.04,-0.2,0,0.04
UFC Fight Night - Mendes vs. Lamas,Gray Maynard,Alexander Yakovlev,Favorite,-6,-4,0.18,-0.15,0.23,0.08,1.25,0.12,0.09,0.6,6,0.31
UFC Fight Night - Mendes vs. Lamas,Timothy Johnson,Shamil Abdurakhimov,Underdog,0,1,1.02,0.01,0.06,-0.11,0.08,0.01,0.24,-0.1,-3,1.92
UFC Fight Night - Mendes vs. Lamas,Ron Stallings,Justin Jones,Underdog,-3,4,-1.52,-0.24,-0.09,-0.06,1,0.15,-0.25,0.5,-5,-0.38
UFC Fight Night - Gonzaga vs. Cro Cop 2,Mirko Filipovic,Gabriel Gonzaga,Underdog,0,3,0.01,-0.05,1.05,-0.06,2.61,-0.01,-0.12,0.8,-4,-1.45
UFC Fight Night - Gonzaga vs. Cro Cop 2,Jan Blachowicz,Jimi Manuwa,Favorite,1,-1,-0.02,-0.04,-1.06,0.04,0.56,0.32,-0.02,-0.1,-3,0.52
UFC Fight Night - Gonzaga vs. Cro Cop 2,Pawel Pawlak,Sheldon Westcott,Underdog,-1,2,-0.59,-0.07,-1.51,0.16,-2.23,0,0.56,0,-4,1.34
UFC Fight Night - Gonzaga vs. Cro Cop 2,Maryna Moroz,Joanne Wood,Underdog,-1,-2,2.68,0.18,0,0,0.82,0.31,0.16,-0.3,6,-5.96
UFC Fight Night - Gonzaga vs. Cro Cop 2,Seth Baczynski,Leon Edwards,Favorite,1,1,0.33,-0.22,0.8,-0.03,-0.36,-0.18,-0.22,0.4,10,0.33
UFC Fight Night - Gonzaga vs. Cro Cop 2,Garreth McLellan,Bartosz Fabinski,Favorite,-1,3,-1.33,0.14,-1.48,0.06,5.95,0.48,0.46,-0.9,-3,-0.31
UFC Fight Night - Gonzaga vs. Cro Cop 2,Mickael Lebout,Sergio Moraes,Favorite,-1,1,0.18,-0.08,-0.75,-0.05,-1.2,-0.38,-0.15,-0.4,-5,3.73
UFC Fight Night - Gonzaga vs. Cro Cop 2,Yaotzin Meza,Damian Stasiak,Underdog,-4,-1,0.43,-0.05,1.48,-0.12,1.58,0.15,0.25,-0.8,-9,-0.34
UFC Fight Night - Gonzaga vs. Cro Cop 2,Anthony Hamilton,Daniel Omielanczuk,Underdog,-5,-2,-0.82,-0.08,0.27,0.02,-2.06,-0.16,-0.1,0.1,-3,-0.64
UFC Fight Night - Gonzaga vs. Cro Cop 2,Izabela Badurek,Alexandra Albu,Favorite,-3,-2,1.09,-0.24,0.66,0.06,0.52,0.38,-0.23,0.4,1,1.47
UFC Fight Night - Gonzaga vs. Cro Cop 2,Marcin Bandel,Stevie Ray,Favorite,0,0,-2.94,0.06,2.33,-0.31,-0.75,-0.46,-0.55,-0.6,0,1.11
UFC Fight Night - Gonzaga vs. Cro Cop 2,Rocky Lee,Taylor Lapilus,Favorite,-3,5,1.44,-0.05,-2.96,0.17,-0.63,0.3,0.44,0.4,-5,-1.34
UFC on Fox 15 - Rockhold vs. Machida,Lyoto Machida,Luke Rockhold,Favorite,2,3,1.51,-0.04,1.11,-0.08,-0.51,-0.36,-0.1,0.6,-6,-0.86
UFC on Fox 15 - Rockhold vs. Machida,Chris Camozzi,Ronaldo Souza,Favorite,-1,-3,-1.04,0.03,-0.13,0.06,2.3,0.2,0,0.8,7,-11.42
UFC on Fox 15 - Rockhold vs. Machida,Max Holloway,Cub Swanson,Underdog,-3,1,-2.47,0.02,-0.88,0,0.84,-0.01,-0.23,0.1,8,-0.64
UFC on Fox 15 - Rockhold vs. Machida,Felice Herrig,Paige VanZant,Favorite,0,0,-0.49,0.15,-2.57,-0.06,0.19,0.05,-0.41,0.2,-9,-0.31
UFC on Fox 15 - Rockhold vs. Machida,Jim Miller,Beneil Dariush,Favorite,-2,-1,-0.79,-0.06,0.85,-0.01,-0.37,0.1,-0.33,0.8,5,1.02
UFC on Fox 15 - Rockhold vs. Machida,Ovince St Preux,Patrick Cummins,Underdog,-1,-4,1.23,0.03,0.03,0.08,3.39,0.05,-0.39,-0.4,2,0.23
UFC on Fox 15 - Rockhold vs. Machida,Gian Villante,Corey Anderson,Underdog,0,3,0.05,0.02,-3.25,0.04,4.44,0.27,0,0,-4,-3.07
UFC on Fox 15 - Rockhold vs. Machida,Takeya Mizugaki,Aljamain Sterling,Favorite,0,-2,-1.24,-0.15,0.97,-0.01,-0.85,0.3,0.25,-0.6,6,2.89
UFC on Fox 15 - Rockhold vs. Machida,George Sullivan,Tim Means,Favorite,2,2,1.55,0.1,1.22,0.03,-0.21,0.2,0.27,-0.5,-3,-0.92
UFC on Fox 15 - Rockhold vs. Machida,Jimy Hettes,Diego Brandao,Favorite,-2,-7,-0.53,-0.1,-0.12,0.05,-1.99,0.24,0.19,-0.8,0,-0.77
UFC on Fox 15 - Rockhold vs. Machida,Chris Dempsey,Eddie Gordon,Underdog,-2,-4,0.22,0,0.25,0.05,0.71,-0.6,-0.47,0,-4,3.77
UFC 186 - Johnson vs. Horiguchi,Kyoji Horiguchi,Demetrious Johnson,Favorite,-2,0,-0.17,0.09,-0.79,0.05,1.35,0.12,0.1,0.5,4,-6.55
UFC 186 - Johnson vs. Horiguchi,Fabio Maldonado,Quinton Jackson,Favorite,0,-2,-2.04,-0.04,-1.8,0.02,1.08,-0.01,0.12,-0.5,1,-1.9
UFC 186 - Johnson vs. Horiguchi,C.B. Dollaway,Michael Bisping,Favorite,-1,-1,1.68,-0.09,0.13,0.11,-2.5,-0.11,0.01,-0.9,5,-0.64
UFC 186 - Johnson vs. Horiguchi,Shane Campbell,John Makdessi,Favorite,4,3,-1.53,0.1,-0.96,-0.13,1.36,0.28,-0.04,0,-2,0.83
UFC 186 - Johnson vs. Horiguchi,Yves Jabouin,Thomas Almeida,Favorite,0,2,1.78,0.02,2,-0.01,-1.77,-0.46,-0.07,-0.1,-12,-3.53
UFC 186 - Johnson vs. Horiguchi,Joe Riggs,Patrick Cote,Favorite,-1,5,0.4,-0.03,1.52,-0.09,-1.77,-0.35,-0.19,-0.4,3,-1.54
UFC 186 - Johnson vs. Horiguchi,Alexis Davis,Sarah Kaufman,Underdog,-1,-2,2.02,-0.03,-0.45,0.08,-0.57,0.13,0.47,-0.7,-1,-1.34
UFC 186 - Johnson vs. Horiguchi,Bryan Barberena,Chad Laprise,Favorite,-2,-1,-0.57,-0.06,-1,0.21,0.92,0.32,0.28,-0.3,2,-3.28
UFC 186 - Johnson vs. Horiguchi,David Michaud,Olivier Aubin-Mercier,Favorite,0,-2,-0.77,0.08,-1.48,0.01,-0.17,-0.25,-0.07,-0.2,0,-3.05
UFC 186 - Johnson vs. Horiguchi,Chris Clements,Nordine Taleb,Favorite,3,4,0.46,0.02,0.25,0.22,1.94,0.76,0.41,-0.3,-6,-1.78
UFC 186 - Johnson vs. Horiguchi,Jessica Rakoczy,Valerie Letourneau,Favorite,0,0,-2.01,0.07,-1.85,0.06,-0.02,-0.25,-0.66,0.5,6,0.83
UFC 186 - Johnson vs. Horiguchi,Aisling Daly,Randa Markos,Favorite,2,-1,0.05,-0.09,1.7,0.03,-1.03,-0.13,0.19,-0.7,2,-2.06
UFC Fight Night - Hunt vs. Miocic,Mark Hunt,Stipe Miocic,Favorite,-6,-8,-2.01,-0.1,-0.92,-0.03,-1.35,0.21,-0.04,0.2,9,1.68
UFC Fight Night - Hunt vs. Miocic,Robert Whittaker,Brad Tavares,Underdog,1,1,-1.19,0.01,-0.3,-0.04,-0.03,-0.12,-0.01,0,3,-0.54
UFC Fight Night - Hunt vs. Miocic,Sean O'Connell,Anthony Perosh,Underdog,2,1,-3.19,-0.05,-3,0.08,2.03,0.22,0.03,0.6,11,-0.61
UFC Fight Night - Hunt vs. Miocic,James Vick,Jake Matthews,Underdog,-4,-3,-0.83,0.06,-0.75,0,1.33,0.07,0.05,-0.1,-8,-1.11
UFC Fight Night - Hunt vs. Miocic,Daniel Hooker,Hatsu Hioki,Underdog,-1,-2,-2.66,-0.06,-2.64,0.14,1.76,0.22,-0.26,0.2,6,-2.22
UFC Fight Night - Hunt vs. Miocic,Jonavin Webb,Kyle Noke,Favorite,3,5,1.76,0.2,-0.18,0,-0.97,0.23,0.26,-0.2,9,-0.12
UFC Fight Night - Hunt vs. Miocic,Daniel Kelly,Sam Alvey,Favorite,2,5,-0.34,0.06,-1.01,-0.09,-1.8,-0.2,0.04,-0.2,-8,-3.08
UFC Fight Night - Hunt vs. Miocic,Lisa Ellis,Bec Rawlings,Favorite,-2,-2,-2.8,0.06,-3.34,0,3.48,0.23,-0.18,0.2,6,1.14
UFC Fight Night - Hunt vs. Miocic,Brad Scott,Dylan Andrews,Underdog,0,-2,-1.31,0.09,-1.59,-0.11,2.51,0.35,-0.06,-0.3,10,-0.08
UFC Fight Night - Hunt vs. Miocic,Alex Chambers,Kailin Curran,Underdog,-1,-2,-0.92,0.11,0.35,-0.03,0.31,-0.16,-0.08,0.4,12,1.68
UFC Fight Night - Hunt vs. Miocic,Brendan O'Reilly,Vik Grujic,Underdog,4,4,0.34,0.01,0.62,0.02,-1.04,-0.1,-0.1,-0.2,11,-0.23
UFC Fight Night - Hunt vs. Miocic,Ben Nguyen,Alptekin Ozkilic,Underdog,0,0,0.3,-0.08,2.71,0,3.96,0.25,0.12,-1,3,-1.24
UFC Fight Night - Edgar vs. Faber,Urijah Faber,Frankie Edgar,Favorite,0,1,1.12,0,0.23,0.01,0.75,0.01,0.07,-0.5,-3,-4.01
UFC Fight Night - Edgar vs. Faber,Costas Philippou,Gegard Mousasi,Favorite,3,3,1.56,0.15,-1.52,0.14,1.19,0.18,-0.06,0.8,-6,-4.7
UFC Fight Night - Edgar vs. Faber,Mark Munoz,Luke Barnatt,Underdog,-6,-6,-1.31,0.15,-1.61,-0.02,2.54,-0.13,-0.06,0.2,10,0.63
UFC Fight Night - Edgar vs. Faber,Hyun Gyu Lim,Neil Magny,Favorite,0,3,-0.98,0.05,-2.65,0.01,1.94,-0.6,-0.19,0.1,-3,-0.23
UFC Fight Night - Edgar vs. Faber,Phillipe Nover,Yui Chul Nam,Underdog,0,2,-1.74,-0.16,0.48,0.08,-0.34,0.12,-0.13,0.4,-2,0.95
UFC Fight Night - Edgar vs. Faber,Mark Eddiva,Levan Makashvili,Favorite,0,0,0.5,-0.09,0.91,-0.07,-2.22,-0.2,-0.22,0,3,3.28
UFC Fight Night - Edgar vs. Faber,Tae Hyun Bang,Jon Tuck,Favorite,-2,-2,-0.28,-0.02,-1.67,0.06,0.07,0,0.07,-0.5,2,0.61
UFC Fight Night - Edgar vs. Faber,Zhang Lipeng,Kajan Johnson,Favorite,0,4,1.19,-0.06,-0.29,0.11,-0.21,0.07,-0.07,-0.6,6,-0.05
UFC Fight Night - Edgar vs. Faber,Li Jingliang,Dhiego Lima,Underdog,-2,-4,1.34,0.03,-0.04,-0.01,-0.01,0.07,-0.13,-0.6,1,0.75
UFC Fight Night - Edgar vs. Faber,Royston Wee,Ning Guangyou,Favorite,-3,-3,1.56,-0.19,-0.54,0.12,-2.29,-0.31,0.62,0.3,5,0.54
UFC Fight Night - Edgar vs. Faber,Roldan Sangcha-an,Jon delos Reyes,Favorite,2,2,0.28,-0.08,1.99,0,1.26,0.23,-0.13,1.9,3,-1.04
UFC Fight Night - Edgar vs. Faber,Zhuikui Yao,Nolan Ticman,Underdog,1,5,1.13,0.26,-0.29,0.19,-0.66,-0.16,0.02,0,3,-2.02
UFC 187 - Cormier vs. Johnson,Daniel Cormier,Anthony Johnson,Underdog,-3,-6,1,0.05,1.09,-0.06,-0.6,-0.13,0.03,-0.2,5,0
UFC 187 - Cormier vs. Johnson,Vitor Belfort,Chris Weidman,Favorite,2,4,1.59,-0.01,0.39,0.01,2.42,-0.18,0.12,0.2,-8,-3.77
UFC 187 - Cormier vs. Johnson,John Makdessi,Donald Cerrone,Favorite,-5,-5,1.11,0.03,-0.33,0.15,-1.16,-0.33,0.13,-1.2,-2,4.7
UFC 187 - Cormier vs. Johnson,Andrei Arlovski,Travis Browne,Underdog,-3,-2,0.85,0.04,-1.11,0.15,-0.83,-0.32,0.01,0,4,3.51
UFC 187 - Cormier vs. Johnson,John Moraga,Joseph Benavidez,Favorite,-2,-1,0.95,-0.09,0.12,0.05,0.79,0.07,0.18,-0.5,-1,-5.07
UFC 187 - Cormier vs. Johnson,Zach Makovsky,John Dodson,Favorite,-1,2,1.26,-0.03,1.34,-0.01,-3,-0.02,0.26,-0.3,-2,-4.7
UFC 187 - Cormier vs. Johnson,Josh Burkman,Dong Hyun Kim,Favorite,4,4,-0.57,0.06,-1.24,0.07,0.4,0.07,-0.01,0.3,-2,1.9
UFC 187 - Cormier vs. Johnson,Rafael Natal,Urijah Hall,Underdog,0,2,0.13,0.01,1.37,-0.03,-2.01,0.04,-0.13,-0.4,-2,-3.08
UFC 187 - Cormier vs. Johnson,Mike Pyle,Colby Covington,Favorite,1,2,-1.14,0.07,-0.14,0.05,-1.99,-0.09,0.03,1.3,12,2.06
UFC 187 - Cormier vs. Johnson,Leo Kuntz,Islam Makhachev,Favorite,0,4,-0.78,-0.28,2.53,-0.16,-1.18,-0.35,-0.57,-0.3,8,3.07
UFC 187 - Cormier vs. Johnson,Josh Sampo,Justin Scoggins,Favorite,3,2,1.57,0.15,-0.8,0,2.36,0.3,0.42,-1.6,-7,-3.3
UFC Fight Night - Condit vs. Alves,Thiago Alves,Carlos Condit,Favorite,5,5,-0.07,-0.02,-0.75,-0.07,-0.12,-0.14,-0.25,0.7,0,-1.7
UFC Fight Night - Condit vs. Alves,Nik Lentz,Charles Oliveira,Favorite,-2,-6,0.05,-0.06,0.05,-0.01,1.13,-0.08,-0.12,-1.6,5,1.92
UFC Fight Night - Condit vs. Alves,K.J. Noons,Alex Oliveira,Favorite,1,6,-0.69,0.16,-1.23,-0.19,2.27,0.18,-0.05,0.6,-5,0.34
UFC Fight Night - Condit vs. Alves,Francimar Barroso,Ryan Jimmo,Underdog,0,-2,0.35,0.14,-0.3,-0.13,-1.77,0.04,0.04,0,-2,-1.94
UFC Fight Night - Condit vs. Alves,Francisco Trinaldo,Norman Parke,Underdog,-2,0,0.07,0.1,-0.21,-0.04,-1,0.16,-0.17,0.5,8,1.47
UFC Fight Night - Condit vs. Alves,Darren Till,Wendell Oliveira,Underdog,-2,-2,1.47,0.01,1.09,-0.09,-0.55,-0.46,0.31,0,9,-0.15
UFC Fight Night - Condit vs. Alves,Damon Jackson,Rony Jason,Favorite,-4,2,-0.96,0.03,-0.15,0.02,-1.92,-0.05,-0.04,-0.6,5,-1.21
UFC Fight Night - Condit vs. Alves,Wilson Reis,Jussier Formiga,Favorite,1,2,-0.41,0.1,-0.7,0.09,-3.33,-0.07,0.4,0,0,-0.55
UFC Fight Night - Condit vs. Alves,Elizeu Zaleski dos Santos,Nicolas Dalby,Favorite,0,1,-0.49,0.01,0.1,-0.05,0.68,0.17,-0.08,-0.3,2,-2.4
UFC Fight Night - Condit vs. Alves,Lucas Martins,Mirsad Bektic,Favorite,-4,-2,-0.44,0.06,-2.34,-0.03,3.98,0.52,0.16,-0.1,-2,-2.4
UFC Fight Night - Condit vs. Alves,Ericka Almeida,Juliana Lima,Favorite,-1,-4,0.87,0.05,-1.22,0.12,1.22,-0.02,0.33,0,7,-1.21
UFC Fight Night - Condit vs. Alves,Luiz Dutra,Tom Breese,Favorite,4,1,-0.58,0,-1.99,0.19,0,0,-0.3,1.1,-10,-0.48
UFC Fight Night - Boetsch vs. Henderson,Dan Henderson,Tim Boetsch,Underdog,-1,0,-0.49,-0.03,-0.2,-0.06,0.07,0.18,-0.02,-0.5,10,1.24
UFC Fight Night - Boetsch vs. Henderson,Ben Rothwell,Matt Mitrione,Underdog,1,-4,0.16,-0.08,1.84,-0.17,0.68,0.34,0.15,-0.3,-3,1.14
UFC Fight Night - Boetsch vs. Henderson,Yancy Medeiros,Dustin Poirier,Favorite,-1,-3,1.09,0.14,-1.31,0.06,1,-0.14,-0.1,0.7,-1,-1.3
UFC Fight Night - Boetsch vs. Henderson,Brian Ortega,Thiago Tavares,Underdog,1,-1,2.07,-0.02,4.23,-0.13,-2.66,-0.15,-0.05,-0.3,-6,0.95
UFC Fight Night - Boetsch vs. Henderson,Anthony Birchak,Joe Soto,Underdog,-2,-4,-0.57,0.05,1.7,0.11,0.37,0.07,0.09,1.4,-1,-1.14
UFC Fight Night - Boetsch vs. Henderson,Alex Caceres,Francisco Rivera,Favorite,2,3,0.14,0.08,-0.07,-0.06,-0.47,0.05,-0.04,0.1,-7,0.4
UFC Fight Night - Boetsch vs. Henderson,Derrick Lewis,Shawn Jordan,Favorite,3,4,-0.39,0,-0.82,-0.07,-1.4,-0.12,-0.24,-0.1,0,0.08
UFC Fight Night - Boetsch vs. Henderson,Brian Ebersole,Omari Akhmedov,Favorite,0,0,-0.65,0.15,-0.7,0.01,-0.88,-0.22,-0.04,-0.1,7,0.43
UFC Fight Night - Boetsch vs. Henderson,Christos Giagos,Chris Wade,Favorite,0,1,1.33,-0.12,1.46,-0.01,0.24,-0.15,-0.03,-0.7,-2,0.95
UFC Fight Night - Boetsch vs. Henderson,Justin Edwards,Joe Proctor,Favorite,0,2,0.71,-0.06,0.61,0.08,-2.14,-0.26,0.43,0.8,-3,-1.37
UFC Fight Night - Boetsch vs. Henderson,Jake Collier,Ricardo Abreu,Underdog,-4,-5,-2.01,-0.13,-1.1,0.18,1.42,0.09,0.33,0.1,5,-1.14
UFC Fight Night - Boetsch vs. Henderson,Jose Quinonez,Leonardo Morales,Underdog,0,-1,-1.55,0.02,-0.95,-0.06,-2.7,-0.47,0.2,-0.6,-2,-0.99
UFC 188 - Velasquez vs. Werdum,Fabricio Werdum,Cain Velasquez,Underdog,-3,0,2.78,0.05,-0.31,0.02,3.38,0.14,0.54,-0.8,-5,-4.06
UFC 188 - Velasquez vs. Werdum,Eddie Alvarez,Gilbert Melendez,Underdog,0,4,-0.88,-0.08,-1.86,0.08,-1.28,0.05,-0.21,-0.3,2,-0.95
UFC 188 - Velasquez vs. Werdum,Nate Marquardt,Kelvin Gastelum,Favorite,-3,-3,0.84,-0.08,0.91,0.03,-0.91,-0.21,-0.11,-0.7,-13,-4.04
UFC 188 - Velasquez vs. Werdum,Yair Rodriguez,Charles Rosa,Underdog,-2,-2,-1.57,-0.1,-0.13,-0.05,0.98,0.08,-0.2,0.3,6,-1.47
UFC 188 - Velasquez vs. Werdum,Angela Hill,Tecia Torres,Favorite,-2,-4,-0.6,-0.02,-1.27,0,-0.19,-0.19,-0.11,0,-5,-2.22
UFC 188 - Velasquez vs. Werdum,Chico Camus,Henry Cejudo,Favorite,-2,-2,1.19,0.05,0.83,-0.04,1.22,-0.08,0.03,-0.2,-2,-8.9
UFC 188 - Velasquez vs. Werdum,Efrain Escudero,Drew Dober,Underdog,1,1,-1.42,0.04,-1.93,0.12,0.6,0.22,0.1,0.7,3,0.69
UFC 188 - Velasquez vs. Werdum,Patrick Williams,Alejandro Perez,Underdog,-2,-6,-0.67,-0.16,-0.94,0.09,-2.17,-0.19,-0.3,-0.2,-8,-0.86
UFC 188 - Velasquez vs. Werdum,Frank Trevino,Johnny Case,Favorite,1,2,1.3,-0.04,0.24,-0.03,0.73,0.23,0.31,0.2,-8,4.03
UFC 188 - Velasquez vs. Werdum,Cathal Pendred,Augusto Montano,Underdog,0,2,-0.97,-0.02,0.35,-0.01,2.46,0.23,0.17,0.4,-3,0.71
UFC 188 - Velasquez vs. Werdum,Gabriel Benitez,Clay Collard,Underdog,-3,-2,1.04,0.09,-0.51,0.13,-2.59,0.11,-0.16,0.4,4,1.9
UFC Fight Night - Jedrzejczyk vs. Penne,Jessica Penne,Joanna Jedrzejczyk,Favorite,1,-2,3.76,0.17,-1.5,0.16,-1.05,0.41,0.44,-0.5,-5,-5.99
UFC Fight Night - Jedrzejczyk vs. Penne,Tatsuya Kawajiri,Dennis Siver,Underdog,1,-1,-1.83,0.12,-0.66,-0.15,2.76,0.16,-0.02,0.8,1,0.92
UFC Fight Night - Jedrzejczyk vs. Penne,Steven Kennedy,Peter Sobotta,Favorite,1,4,-0.14,0.05,-2.62,0.13,-0.98,-0.01,0.77,0.5,-4,-2.61
UFC Fight Night - Jedrzejczyk vs. Penne,Lukasz Sajewski,Nick Hein,Favorite,2,5,-0.59,0,0.27,-0.02,0.15,-0.08,-0.17,0,-7,0.83
UFC Fight Night - Jedrzejczyk vs. Penne,Masio Fullen,Makwan Amirkhani,Favorite,0,2,-1.13,0.12,-0.52,-0.08,3.49,0.1,-0.34,1.1,-2,-1.68
UFC Fight Night - Jedrzejczyk vs. Penne,Alan Patrick,Mairbek Taisumov,Favorite,-2,-1,1.16,-0.01,0.08,0.21,-1.67,0.3,0.45,-0.3,-5,-0.83
UFC Fight Night - Jedrzejczyk vs. Penne,Arnold Allen,Alan Omer,Underdog,-2,-1,-0.1,-0.15,0.7,-0.03,-0.67,0.08,0.09,0.4,-5,1.11
UFC Fight Night - Jedrzejczyk vs. Penne,Noad Lahat,Niklas Backstrom,Underdog,4,5,-1.67,-0.05,2.18,-0.23,0.55,0.54,0.56,-0.2,-5,-1.56
UFC Fight Night - Jedrzejczyk vs. Penne,Antonio Dos Santos Jr.,Scott Askham,Favorite,5,3,-2.37,-0.05,-0.42,0.09,0.44,0.18,-0.35,0.7,1,-1.68
UFC Fight Night - Jedrzejczyk vs. Penne,Piotr Hallmann,Magomed Mustafaev,Favorite,1,0,1.39,-0.13,0.49,0.17,-0.76,-0.06,0.47,0,1,0.16
UFC Fight Night - Jedrzejczyk vs. Penne,Taylor Lapilus,Yuta Sasaki,Underdog,-4,2,1.75,0.05,-0.13,0.11,-2.66,-0.03,0.36,-0.8,-2,2.16
UFC Fight Night - Machida vs. Romero,Yoel Romero,Lyoto Machida,Underdog,1,1,-0.85,0.04,-1.48,0.01,-0.36,0.35,-0.03,0.4,-2,-1.07
UFC Fight Night - Machida vs. Romero,Santiago Ponzinibbio,Lorenz Larkin,Favorite,-1,-1,-1.37,0.05,-1.93,0.02,-0.21,0.12,0.19,0.1,0,-1.45
UFC Fight Night - Machida vs. Romero,Eddie Gordon,Antonio Carlos Junior,Favorite,-2,-3,0.08,-0.1,0.43,0.08,-1.49,0.44,0.1,-0.8,6,1.19
UFC Fight Night - Machida vs. Romero,Steve Bosse,Thiago Santos,Favorite,-3,-4,2.27,0.04,2.81,-0.03,0.04,0,0.35,-0.1,2,1.32
UFC Fight Night - Machida vs. Romero,Levan Makashvili,Hacran Dias,Favorite,0,1,-0.79,-0.13,1.24,-0.06,-1.17,-0.03,-0.09,0.5,4,-1.22
UFC Fight Night - Machida vs. Romero,Joe Merritt,Alex Oliveira,Favorite,-1,3,1.46,-0.07,1.82,-0.2,2.35,0.38,-0.05,0.6,-4,-3.3
UFC Fight Night - Machida vs. Romero,Lewis Gonzalez,Leandro Silva,Favorite,-1,5,0.99,0.11,0.21,0.22,-0.24,0.04,0.03,0.4,2,-1.27
UFC Fight Night - Machida vs. Romero,Tony Sims,Steve Montgomery,Underdog,5,6,3.04,-0.24,3.36,-0.18,-0.71,-0.5,0.14,-0.7,-5,-0.08
UFC Fight Night - Machida vs. Romero,Sirwan Kakai,Danny Martinez,Underdog,1,-1,-0.84,-0.13,-0.86,0.01,-1,0.03,-0.47,0,4,-0.43
UFC 189 - McGregor vs. Mendes,Chad Mendes,Conor McGregor,Favorite,3,8,2.54,0,2.31,-0.13,-3.46,0,-0.34,-0.2,-4,-1.14
UFC 189 - McGregor vs. Mendes,Robbie Lawler,Rory MacDonald,Underdog,-1,-2,0.1,0.05,1.87,-0.03,-1.12,0.17,-0.23,-0.4,8,1.03
UFC 189 - McGregor vs. Mendes,Jeremy Stephens,Dennis Bermudez,Underdog,-3,-5,1.25,0.06,0.02,0.01,2.73,0.02,0.17,0.7,0,-1.47
UFC 189 - McGregor vs. Mendes,Gunnar Nelson,Brandon Thatch,Underdog,-3,-2,-0.86,0.19,-0.63,-0.03,0.54,-0.07,0.16,0.3,-3,1.01
UFC 189 - McGregor vs. Mendes,Brad Pickett,Thomas Almeida,Favorite,-1,-2,-1.82,-0.12,-0.3,-0.06,2.3,0.3,-0.17,0.4,13,5.85
UFC 189 - McGregor vs. Mendes,Tim Means,Matt Brown,Favorite,-2,0,-1.32,0.06,-0.72,-0.05,0.52,0.06,-0.02,1.1,3,-1.19
UFC 189 - McGregor vs. Mendes,Mike Swick,Alex Garcia,Favorite,-4,-5,-0.55,-0.06,0.74,0.05,2.66,0.02,0.05,-0.5,-8,-3.3
UFC 189 - McGregor vs. Mendes,John Howard,Cathal Pendred,Underdog,6,3,0.34,-0.06,-0.07,0.04,-0.24,-0.26,0.3,0,-5,-0.09
UFC 189 - McGregor vs. Mendes,Enrique Briones,Cody Garbrandt,Favorite,0,0,-0.49,-0.02,-0.92,0.07,1.03,0.34,0.28,-0.6,-11,-5.25
UFC 189 - McGregor vs. Mendes,Neil Seery,Louis Smolka,Favorite,-5,-4,-1.11,-0.06,-0.32,0.05,-0.91,-0.08,0.21,-0.2,12,0.32
UFC 189 - McGregor vs. Mendes,Cody Pfister,Yosdenis Cedeno,Underdog,-2,-4,0.23,0.04,-1.2,0.16,-2.82,-0.3,0.31,0.3,6,-1.34
UFC - The Ultimate Fighter 21 Finale,Jake Ellenberger,Stephen Thompson,Favorite,-3,-4,-1.64,-0.07,-0.2,0.06,1.78,0.06,0.21,0.4,-2,1.22
UFC - The Ultimate Fighter 21 Finale,Hayder Hassan,Kamaru Usman,Favorite,-2,-4,-2.25,-0.06,0.42,-0.06,-2.82,-0.45,-0.64,-0.1,4,1.33
UFC - The Ultimate Fighter 21 Finale,Michael Graves,Vicente Luque,Underdog,-1,-4,-3.82,0.02,-3.74,0.06,3.8,-0.01,0.04,-0.2,1,0.22
UFC - The Ultimate Fighter 21 Finale,Cezar Ferreira,Jorge Masvidal,Favorite,-2,-4,2.15,0.05,0.61,0.11,-1.31,0.06,-0.12,-0.2,0,-1.72
UFC - The Ultimate Fighter 21 Finale,Angela Magana,Michelle Waterson,Favorite,2,-3,2.03,0.18,-0.73,0.07,1.02,0.07,0.42,0.3,-2,-4.89
UFC - The Ultimate Fighter 21 Finale,Mike de la Torre,Maximo Blanco,Favorite,-3,0,0.9,0.05,-1.56,0.15,1.49,0.2,-0.2,0.3,3,-0.05
UFC - The Ultimate Fighter 21 Finale,Josh Samman,Caio Magalhaes,Underdog,2,6,-0.19,0.12,-0.31,-0.22,0.04,0.18,-0.25,-1.2,0,0.26
UFC - The Ultimate Fighter 21 Finale,Jerrod Sanders,Russell Doane,Underdog,-1,-2,0.87,-0.24,0.54,0.07,-0.09,0.12,0.02,-0.8,-7,-3.16
UFC - The Ultimate Fighter 21 Finale,Trevor Smith,Dan Miller,Underdog,-2,-1,-1.26,-0.19,-0.25,-0.02,-0.03,0.22,-0.13,1.1,-1,-0.19
UFC - The Ultimate Fighter 21 Finale,Dominic Waters,George Sullivan,Favorite,-1,-6,3.05,0.16,-0.11,0.18,-2.7,-0.32,0.1,0.7,8,-1.36
UFC - The Ultimate Fighter 21 Finale,Willie Gates,Darrell Montague,Underdog,2,5,-0.12,0.13,-1.1,-0.14,-0.72,-0.25,0.34,-1,1,0.13
UFC Fight Night - Mir vs. Duffee,Frank Mir,Todd Duffee,Underdog,0,1,-3.75,0.1,0.97,-0.18,1.3,0.15,-0.36,2,7,1.27
UFC Fight Night - Mir vs. Duffee,Josh Thomson,Tony Ferguson,Favorite,-1,-5,-2.35,0.02,-2.29,0.09,1.53,0.04,-0.13,0.4,5,1.32
UFC Fight Night - Mir vs. Duffee,Marion Reneau,Holly Holm,Favorite,2,1,-0.07,-0.01,-0.6,-0.04,0.25,-0.33,0.26,-0.7,-4,-1.35
UFC Fight Night - Mir vs. Duffee,Scott Jorgensen,Manny Gamburyan,Favorite,0,1,-1.24,0.01,-0.58,-0.1,0.65,-0.11,0.1,0,2,0.73
UFC Fight Night - Mir vs. Duffee,James Moontasri,Kevin Lee,Favorite,-1,6,1.49,-0.06,-0.26,0.1,3.18,0.43,-0.04,0.6,-5,-1.94
UFC Fight Night - Mir vs. Duffee,Matt Dwyer,Alan Jouban,Favorite,-4,-3,3.1,0.16,0.53,0.06,0.07,0.34,-0.02,0.3,8,-3.62
UFC Fight Night - Mir vs. Duffee,Yaotzin Meza,Sam Sicilia,Favorite,-1,-4,1.03,-0.08,1.93,-0.05,0.39,0.23,0.52,-0.5,-5,-1.19
UFC Fight Night - Mir vs. Duffee,Sarah Moras,Jessica Andrade,Favorite,-6,-5,4.34,0.16,1.79,0.05,1.7,0.34,0.39,-0.5,-4,-2.7
UFC Fight Night - Mir vs. Duffee,Rani Yahya,Masanori Kanehara,Underdog,-1,0,-0.17,-0.11,0.45,-0.12,1.29,-0.2,-0.34,0.9,-2,0.08
UFC Fight Night - Mir vs. Duffee,Igor Araujo,Sean Strickland,Favorite,0,-1,4.39,-0.01,1.47,0.13,-0.01,0.49,0.55,-0.4,-10,-2.86
UFC Fight Night - Mir vs. Duffee,Kevin Casey,Ildemar Alcantara,Underdog,-3,-1,0.34,0.15,1.13,-0.04,-1.21,-0.46,-0.54,-0.5,1,0
UFC Fight Night - Mir vs. Duffee,Andrew Craig,Lyman Good,Favorite,1,2,-2.95,-0.08,-1,-0.13,0.26,-0.63,-0.03,0,0,1.63
UFC Fight Night - Bisping vs. Leites,Thales Leites,Michael Bisping,Favorite,0,-3,2.2,-0.02,-0.28,0.13,-1.05,0.16,0.33,-0.8,3,-0.05
UFC Fight Night - Bisping vs. Leites,Evan Dunham,Ross Pearson,Underdog,-2,-1,-1.65,0.01,0.55,0.01,-1.08,0.02,-0.04,-1,-3,-1.62
UFC Fight Night - Bisping vs. Leites,Ivan Jorge,Joseph Duffy,Favorite,1,0,-0.73,-0.15,0.87,-0.05,-0.6,0.5,-0.11,0.1,-7,-5.86
UFC Fight Night - Bisping vs. Leites,Cortney Casey,Joanne Wood,Favorite,-1,-2,2.81,0.12,0.89,-0.04,1.13,0.24,0.19,-0.2,1,-2.71
UFC Fight Night - Bisping vs. Leites,Pawel Pawlak,Leon Edwards,Favorite,-2,-1,-1.08,-0.2,-0.12,-0.01,-0.25,0.03,0,-0.4,3,2.93
UFC Fight Night - Bisping vs. Leites,Leonardo Mafra,Stevie Ray,Favorite,0,0,0.82,0.04,1.45,-0.11,1.37,0.37,0.14,-0.2,1,1.29
UFC Fight Night - Bisping vs. Leites,Vaughan Lee,Patrick Holohan,Favorite,4,3,-1.34,-0.01,0.74,-0.24,2.07,0.14,-0.01,0.3,-5,-1.03
UFC Fight Night - Bisping vs. Leites,Hans Stringer,Ilir Latifi,Favorite,-5,-1,-1.11,-0.16,0.09,0.15,-0.29,-0.01,0.38,0.3,5,-1.62
UFC Fight Night - Bisping vs. Leites,Mickael Lebout,Teemu Packalen,Underdog,2,2,-0.03,0.2,0.93,-0.07,2.31,0.25,0.4,1.5,1,-0.33
UFC Fight Night - Bisping vs. Leites,Paul Redmond,Robert Whiteford,Favorite,-1,-2,1.61,0.12,-1,0.21,1.9,0.3,-0.05,0,4,-0.64
UFC Fight Night - Bisping vs. Leites,Marcus Brimage,Jimmie Rivera,Favorite,0,-3,0.06,0.05,0.26,0.04,0.32,-0.73,0.12,0.1,-5,-0.21
UFC Fight Night - Bisping vs. Leites,Chris de la Rocha,Daniel Omielanczuk,Favorite,-3,-6,-0.99,0.12,-3.08,0.04,-1.46,-0.04,0.35,-0.9,-4,-0.69
UFC on Fox 16 - Dillashaw vs. Barao 2,Renan Barao,T.J. Dillashaw,Favorite,0,-3,1.31,0.05,-0.43,0.05,0.07,-0.11,-0.14,0.3,1,-1.47
UFC on Fox 16 - Dillashaw vs. Barao 2,Jessica Eye,Miesha Tate,Favorite,0,-1,-1.24,0.08,-1.21,-0.04,1.44,-0.09,-0.02,0.8,0,-1.27
UFC on Fox 16 - Dillashaw vs. Barao 2,Paul Felder,Edson Barboza,Favorite,0,5,0.41,0,1.21,0.08,0.16,0.22,0.08,-0.1,-2,-0.5
UFC on Fox 16 - Dillashaw vs. Barao 2,Takanori Gomi,Joe Lauzon,Favorite,3,1,-0.97,-0.02,1.87,-0.06,1.16,-0.2,-0.09,1.2,-5,-2.78
UFC on Fox 16 - Dillashaw vs. Barao 2,Tom Lawlor,Gian Villante,Underdog,3,2,1.88,0.02,3.06,-0.05,-2.01,-0.09,0.26,-1.4,-3,-1.49
UFC on Fox 16 - Dillashaw vs. Barao 2,Danny Castillo,Jim Miller,Favorite,-1,0,0.42,0,1.54,-0.06,-1.42,0.06,-0.16,1.5,-4,-0.23
UFC on Fox 16 - Dillashaw vs. Barao 2,Ben Saunders,Kenny Robertson,Underdog,4,3,-0.49,0.03,0.56,-0.01,-1.17,0.14,0.09,0.5,1,0.19
UFC on Fox 16 - Dillashaw vs. Barao 2,Bryan Caraway,Eddie Wineland,Underdog,1,-1,-0.87,0.05,-0.15,-0.14,2.23,-0.08,-0.06,0.7,0,0.33
UFC on Fox 16 - Dillashaw vs. Barao 2,James Krause,Daron Cruickshank,Underdog,-6,-1,-1.91,-0.11,-1.13,-0.04,1.08,0.23,0.01,-0.7,1,-1.02
UFC on Fox 16 - Dillashaw vs. Barao 2,Andrew Holbrook,Ramsey Nijem,Underdog,0,-5,-0.85,0.05,1.38,-0.08,-4.47,-0.44,-0.45,1,2,0.7
UFC on Fox 16 - Dillashaw vs. Barao 2,Jessamyn Duke,Elizabeth Phillips,Favorite,5,8,2.23,0.2,1.36,-0.01,0.52,0.11,-0.03,1.7,0,0.75
UFC on Fox 16 - Dillashaw vs. Barao 2,Dominique Steele,Zak Cummings,Favorite,2,1,0.64,-0.14,0.49,0.05,-2.33,-0.14,-0.1,0.6,3,-2.79
UFC 190 - Rousey vs. Correia,Bethe Correia,Ronda Rousey,Favorite,2,2,-0.2,0.09,-0.79,-0.12,5.87,0.5,-0.35,4.8,-3,-11.75
UFC 190 - Rousey vs. Correia,Fernando Bruno,Glaico Franca,Favorite,6,6,0.6,0.03,1.68,-0.01,0.66,0.2,0.2,0.2,-9,0.98
UFC 190 - Rousey vs. Correia,Rogerio Nogueira,Mauricio Rua,Favorite,-1,1,1.14,0.15,0.45,-0.05,1.37,0.04,-0.13,-0.1,-5,-1.22
UFC 190 - Rousey vs. Correia,Reginaldo Vieira,Dileno Lopes,Underdog,2,-1,1.39,0.04,-0.44,0.06,-0.53,-0.04,-0.75,-0.7,2,2.36
UFC 190 - Rousey vs. Correia,Rodrigo Nogueira,Stefan Struve,Favorite,8,7,1.17,0.05,1.64,-0.09,-0.74,0.17,0.19,-0.7,-11,0.9
UFC 190 - Rousey vs. Correia,Antonio Silva,Soa Palelei,Underdog,0,1,0.42,-0.12,0.41,0.02,-1.38,-0.18,0,0.8,-2,1.2
UFC 190 - Rousey vs. Correia,Jessica Aguilar,Claudia Gadelha,Favorite,1,0,-1.62,-0.09,-2.62,0.04,2.09,0.17,0.08,0.5,-7,-3.5
UFC 190 - Rousey vs. Correia,Neil Magny,Demian Maia,Favorite,-2,-8,-1.67,-0.03,-0.35,0.11,0.32,-0.16,0.07,0.7,10,-0.96
UFC 190 - Rousey vs. Correia,Rafael Cavalcante,Patrick Cummins,Favorite,-1,-2,-1.55,0.03,0.27,-0.06,-3.89,-0.01,0.35,0,1,0.78
UFC 190 - Rousey vs. Correia,Nordine Taleb,Warlley Alves,Favorite,-2,-2,-0.62,-0.03,1.33,-0.16,-0.72,-0.26,-0.11,0.8,-9,-1.54
UFC 190 - Rousey vs. Correia,Leandro Issa,Yuri Alcantara,Favorite,2,2,0.64,0.08,-0.38,-0.09,-0.94,0.4,0.1,-0.4,3,-1.73
UFC 190 - Rousey vs. Correia,Vitor Miranda,Clint Hester,Underdog,-1,0,-0.38,0.03,-0.49,0.02,-0.07,0.2,-0.1,0.2,8,0.71
UFC 190 - Rousey vs. Correia,Guido Cannetti,Hugo Viana,Underdog,0,-1,-0.39,-0.17,0.36,0.06,-2.05,-0.49,-0.14,-0.4,-3,-2.67
UFC Fight Night - St. Preux vs. Teixeira,Glover Teixeira,Ovince St Preux,Underdog,1,4,-0.7,-0.02,-1.11,-0.04,-1.01,0.03,0.07,0.4,-3,0
UFC Fight Night - St. Preux vs. Teixeira,Beneil Dariush,Michael Johnson,Underdog,0,1,0.49,-0.09,1.18,0,-1.28,0.07,0.01,-0.9,2,-0.8
UFC Fight Night - St. Preux vs. Teixeira,Sam Alvey,Derek Brunson,Favorite,1,-2,-0.23,-0.03,0.58,0.01,-3.08,-0.19,-0.03,-0.5,-2,3.29
UFC Fight Night - St. Preux vs. Teixeira,Timothy Johnson,Jared Rosholt,Favorite,-1,-2,-1.35,0.01,-1.56,0.15,0.74,0.17,-0.03,0.1,-2,-1.94
UFC Fight Night - St. Preux vs. Teixeira,Amanda Nunes,Sara McMann,Underdog,-2,-3,-2.29,-0.05,-0.7,-0.1,1.65,0.11,-0.32,-0.2,8,-1.94
UFC Fight Night - St. Preux vs. Teixeira,Geane Herrera,Ray Borg,Favorite,-1,-3,0.01,0.21,-3.14,-0.04,3.06,0.13,0.08,0.4,-3,-3.71
UFC Fight Night - St. Preux vs. Teixeira,Oluwale Bamgbose,Urijah Hall,Favorite,1,1,0.78,0,1.15,-0.01,-0.4,0.05,0.27,0.1,3,-2.97
UFC Fight Night - St. Preux vs. Teixeira,Tom Watson,Chris Camozzi,Favorite,1,2,-0.44,0,-1.45,0.06,0.12,0.12,0.14,0.5,-4,-0.58
UFC Fight Night - St. Preux vs. Teixeira,Willie Gates,Dustin Ortiz,Favorite,3,7,-1.14,-0.06,2.11,-0.18,-3.01,-0.36,0.15,0.3,2,3.55
UFC Fight Night - St. Preux vs. Teixeira,Frankie Saenz,Sirwan Kakai,Underdog,1,-2,0.37,0.06,-1.13,-0.1,-2.26,-0.11,-0.22,0.1,9,0.05
UFC Fight Night - St. Preux vs. Teixeira,Chris Dempsey,Jonathan Wilson,Favorite,-4,-3,-0.67,-0.16,-2.83,0.09,2.27,-0.77,-0.64,0,0,0.71
UFC Fight Night - St. Preux vs. Teixeira,Roman Salazar,Marlon Vera,Favorite,1,2,2.36,0.1,2.59,-0.07,-1.24,0.21,0.2,0.9,-5,-0.35
UFC Fight Night - St. Preux vs. Teixeira,Anthony Christodoulou,Scott Holtzman,Favorite,0,3,-2.13,-0.21,2.24,-0.1,-1.88,-0.56,-0.27,-0.2,-4,6.89
UFC Fight Night 74 - Holloway vs. Oliveira,Charles Oliveira,Max Holloway,Favorite,1,-5,3.78,-0.05,1.52,0.08,-1.92,0.13,0.29,-2.5,-2,-1.64
UFC Fight Night 74 - Holloway vs. Oliveira,Neil Magny,Erick Silva,Underdog,-3,-6,-0.97,0.02,1.76,-0.03,-1.32,-0.05,0.02,1.1,3,-1.03
UFC Fight Night 74 - Holloway vs. Oliveira,Patrick Cote,Josh Burkman,Underdog,-1,-3,-0.12,-0.05,-0.08,0.03,1.85,0.16,0.29,0.1,0,-0.48
UFC Fight Night 74 - Holloway vs. Oliveira,Francisco Trinaldo,Chad Laprise,Underdog,1,1,1.65,-0.03,0.92,0.05,0.07,0.12,0.18,-0.5,-8,-3.14
UFC Fight Night 74 - Holloway vs. Oliveira,Tony Sims,Olivier Aubin-Mercier,Favorite,-2,0,0.67,-0.12,2.21,-0.1,1.65,-0.17,0.2,-0.2,-3,-1.5
UFC Fight Night 74 - Holloway vs. Oliveira,Valerie Letourneau,Maryna Moroz,Underdog,0,-1,-0.09,-0.04,-0.51,-0.07,-0.07,-0.21,-0.24,0.3,-9,-1.57
UFC Fight Night 74 - Holloway vs. Oliveira,Sam Stout,Frankie Perez,Favorite,-2,-3,2.53,-0.13,1.91,0.03,-1.12,-0.03,0.27,-0.2,5,0.42
UFC Fight Night 74 - Holloway vs. Oliveira,Yves Jabouin,Felipe Arantes,Favorite,-1,-5,0.69,-0.04,0.27,-0.02,1.01,0.13,0.41,-0.6,8,1.57
UFC Fight Night 74 - Holloway vs. Oliveira,Nikita Krylov,Marcos Rogerio de Lima,Underdog,2,2,0.68,-0.02,-0.43,-0.07,0.89,-0.07,-0.06,0.9,-6,0.94
UFC Fight Night 74 - Holloway vs. Oliveira,Chris Kelades,Chris Beal,Underdog,0,1,1.05,-0.08,0.54,0.13,0.56,0.4,0.25,-0.1,-5,-0.8
UFC Fight Night 74 - Holloway vs. Oliveira,Shane Campbell,Elias Silverio,Underdog,1,-2,0.32,0.1,0.22,0.04,-0.26,-0.1,-0.03,-0.2,0,1.76
UFC Fight Night 74 - Holloway vs. Oliveira,Daniel Jolly,Misha Cirkunov,Favorite,-2,-2,-2.54,-0.05,0.33,-0.13,-1.32,-0.06,-0.26,-1.7,2,3.49
UFC 191 - Johnson vs. Dodson 2,John Dodson,Demetrious Johnson,Favorite,0,0,0.23,0.14,-1.92,0.06,2.64,0.28,-0.17,0.5,-2,-4.55
UFC 191 - Johnson vs. Dodson 2,Frank Mir,Andrei Arlovski,Favorite,0,-2,1.6,-0.02,-0.64,0.19,-1.64,-0.04,0.22,-1.8,0,-0.73
UFC 191 - Johnson vs. Dodson 2,Jimi Manuwa,Anthony Johnson,Favorite,1,-1,-0.18,-0.07,-2.14,0.11,1.9,0.39,0.07,0.2,-4,-4.9
UFC 191 - Johnson vs. Dodson 2,Corey Anderson,Jan Blachowicz,Underdog,1,1,1.02,-0.04,-0.69,0.06,3.8,0,0.15,-0.3,-7,0.53
UFC 191 - Johnson vs. Dodson 2,Alex Chambers,Paige VanZant,Favorite,1,2,0.38,-0.02,-2.48,-0.08,-1.04,-0.08,-0.19,0,-15,-10.41
UFC 191 - Johnson vs. Dodson 2,Ross Pearson,Paul Felder,Underdog,3,1,0.02,0.04,-0.65,-0.14,-0.45,-0.07,-0.11,0.2,1,-3.58
UFC 191 - Johnson vs. Dodson 2,Francisco Rivera,John Lineker,Favorite,5,3,-1.29,0.01,-1.11,0.12,0.45,0.05,0.01,0,9,0.41
UFC 191 - Johnson vs. Dodson 2,Raquel Pennington,Jessica Andrade,Underdog,-6,-5,2.48,-0.02,2.08,-0.05,1.47,0.28,0.09,-0.4,-3,-1.5
UFC 191 - Johnson vs. Dodson 2,Tiago Trator,Clay Collard,Underdog,2,3,0.59,-0.03,0.77,-0.09,2.18,0.28,0.38,0.2,-6,0.4
UFC 191 - Johnson vs. Dodson 2,Joe Riggs,Ron Stallings,Underdog,-2,-5,-0.81,-0.09,-1.57,0.06,2.45,0.55,-0.09,0.6,0,0.96
UFC 191 - Johnson vs. Dodson 2,Joaquim Silva,Nazareno Malegarie,Underdog,0,1,0.21,-0.09,-1.26,0.16,0.61,-0.17,-0.69,-0.8,3,-0.6
UFC Fight Night - Barnett vs. Nelson,Roy Nelson,Josh Barnett,Favorite,3,5,1.02,0.14,-2.68,0.11,0.12,0.28,-0.1,1.3,-1,-2.46
UFC Fight Night - Barnett vs. Nelson,Urijah Hall,Gegard Mousasi,Underdog,2,-3,0.52,0.02,-2.64,0.14,1.05,0.22,-0.05,1,-1,-4.29
UFC Fight Night - Barnett vs. Nelson,Chico Camus,Kyoji Horiguchi,Favorite,-1,0,1.02,0.04,-0.01,-0.02,1.23,0.04,-0.17,-0.4,-6,-3.21
UFC Fight Night - Barnett vs. Nelson,George Roop,Takeya Mizugaki,Favorite,-6,-3,-0.06,0.03,0.8,-0.03,0.41,0,0.11,0,-2,-1.63
UFC Fight Night - Barnett vs. Nelson,Katsunori Kikuno,Diego Brandao,Favorite,-1,-2,0.3,0.07,0.91,0.01,1.33,-0.07,0.04,-0.2,-6,-1.64
UFC Fight Night - Barnett vs. Nelson,Keita Nakamura,Li Jingliang,Underdog,-1,2,-2.23,-0.06,-0.64,0.01,0.4,0.07,0.03,0.3,4,2.18
UFC Fight Night - Barnett vs. Nelson,Yusuke Kasuya,Nick Hein,Favorite,-1,-1,0.48,-0.09,-0.73,0.11,-0.5,0,0.83,0,6,-2.89
UFC Fight Night - Barnett vs. Nelson,Naoyuki Kotani,Kajan Johnson,Favorite,-3,-9,-1.45,-0.11,1.3,-0.14,-0.71,-0.21,-0.16,0.6,2,2.35
UFC Fight Night - Barnett vs. Nelson,Roger Zapata,Shinsho Anzai,Favorite,-4,-4,0.63,0.07,1.62,0.09,1.83,0.16,-0.06,-1.4,0,-0.11
UFC 192 - Cormier vs. Gustafsson,Alexander Gustafsson,Daniel Cormier,Favorite,-6,-7,0.22,0.12,-0.61,0.03,0.3,0.05,-0.03,0,8,-2.02
UFC 192 - Cormier vs. Gustafsson,Ryan Bader,Rashad Evans,Underdog,2,-1,0.68,0.06,-1.03,0.08,0.39,0,0.07,0.4,-4,0.36
UFC 192 - Cormier vs. Gustafsson,Shawn Jordan,Ruslan Magomedov,Favorite,3,3,1.15,-0.03,-1.83,0.19,-1.64,0.62,0.12,-0.1,-2,-1.14
UFC 192 - Cormier vs. Gustafsson,Ali Bagautinov,Joseph Benavidez,Favorite,0,0,0.67,-0.08,-0.42,0.09,-1.1,-0.06,-0.03,0.3,1,-2.58
UFC 192 - Cormier vs. Gustafsson,Jessica Eye,Julianna Pena,Favorite,0,3,-0.7,0.1,-1.89,-0.05,1.36,0.15,-0.34,0.3,-3,-1.65
UFC 192 - Cormier vs. Gustafsson,Daniel Hooker,Yair Rodriguez,Favorite,-1,-4,-0.43,-0.02,-0.77,0.01,-0.1,-0.07,-0.22,0.3,-3,-2.5
UFC 192 - Cormier vs. Gustafsson,Alan Jouban,Albert Tumenov,Favorite,1,0,1.91,0.08,0.43,0.02,0.31,0.24,-0.17,0.3,10,1.97
UFC 192 - Cormier vs. Gustafsson,Adriano Martins,Islam Makhachev,Underdog,0,2,-0.66,-0.22,0.87,0.04,-2.34,0.2,-0.09,-0.6,9,0.64
UFC 192 - Cormier vs. Gustafsson,Angela Hill,Rose Namajunas,Favorite,-2,-1,1.69,0.08,1.35,-0.02,-0.58,-0.14,0.17,-0.4,8,1.75
UFC 192 - Cormier vs. Gustafsson,Frank Trevino,Sage Northcutt,Favorite,3,1,0.93,0.1,-0.46,-0.06,0.84,0.12,0,0.6,-14,-3.57
UFC 192 - Cormier vs. Gustafsson,Chris Cariaso,Sergio Pettis,Favorite,3,5,0.53,-0.06,0.68,0.04,-0.26,0.01,0.1,-0.4,-12,-1.32
UFC 192 - Cormier vs. Gustafsson,Derrick Lewis,Viktor Pesta,Underdog,0,2,0.9,0.14,-0.06,-0.16,-2.72,-0.02,-0.48,0,6,0.97
UFC Fight Night 76 - Holohan vs. Smolka,Patrick Holohan,Louis Smolka,Favorite,-1,-1,2.54,0.01,1.3,0.07,-1.19,-0.12,-0.39,0.5,-4,0.5
UFC Fight Night 76 - Holohan vs. Smolka,Reza Madadi,Norman Parke,Favorite,0,-3,0.55,-0.11,-0.43,-0.02,-1.19,-0.07,-0.12,-0.5,-8,-1.6
UFC Fight Night 76 - Holohan vs. Smolka,Jon delos Reyes,Neil Seery,Favorite,-2,-3,0.57,0.03,-0.35,0.07,-2.42,-0.56,-0.02,-0.3,8,0.14
UFC Fight Night 76 - Holohan vs. Smolka,Mickael Lebout,Stevie Ray,Favorite,-1,-3,1.13,0.1,-0.05,0,0.75,0.46,-0.05,0.6,-2,-4.05
UFC Fight Night 76 - Holohan vs. Smolka,Aisling Daly,Ericka Almeida,Underdog,-4,-5,1.85,0.13,-1.93,0.12,1.65,0.08,-0.04,0.9,1,0
UFC Fight Night 76 - Holohan vs. Smolka,Krzysztof Jotko,Scott Askham,Underdog,2,-2,0.05,0.04,1.29,-0.05,-0.89,-0.21,-0.17,0.6,2,-0.48
UFC Fight Night 76 - Holohan vs. Smolka,Cathal Pendred,Tom Breese,Favorite,-2,2,-0.85,-0.06,0.2,-0.05,2.46,0.23,0.13,-0.7,4,2.11
UFC Fight Night 76 - Holohan vs. Smolka,Robert Whiteford,Darren Elkins,Favorite,1,2,1.11,-0.08,1.28,-0.1,0.95,0.05,0.11,1.1,-1,-0.69
UFC Fight Night 76 - Holohan vs. Smolka,Garreth McLellan,Bubba Bush,Underdog,1,-2,2.93,-0.01,-4.07,0.2,-1.67,-0.28,-0.26,0.9,3,2.55
UFC Fight Night 77: Belfort vs. Henderson 3,Dan Henderson,Vitor Belfort,Favorite,1,0,-0.85,-0.01,0.13,-0.01,-0.5,0.08,-0.04,0.3,-6,-2.39
UFC Fight Night 77: Belfort vs. Henderson 3,Patrick Cummins,Glover Teixeira,Favorite,0,0,-0.53,-0.01,1.08,-0.04,-2.38,-0.08,0.32,0.8,1,-3.62
UFC Fight Night 77: Belfort vs. Henderson 3,Anthony Birchak,Thomas Almeida,Favorite,-1,1,0.91,0.07,1.26,0.05,-0.31,0,0.14,-0.5,-6,-3.4
UFC Fight Night 77: Belfort vs. Henderson 3,Piotr Hallmann,Alex Oliveira,Favorite,2,5,-0.99,0.06,-0.62,-0.12,-0.2,-0.06,-0.07,0.2,0,-1.53
UFC Fight Night 77: Belfort vs. Henderson 3,Gilbert Burns,Rashid Magomedov,Favorite,1,1,-1.11,-0.01,0.37,0,1.57,-0.19,-0.39,0.3,-2,1.31
UFC Fight Night 77: Belfort vs. Henderson 3,Fabio Maldonado,Corey Anderson,Favorite,-2,-4,0.86,0.12,2.09,-0.06,-4.45,0.07,-0.22,0.6,10,4.61
UFC Fight Night 77: Belfort vs. Henderson 3,Abel Trujillo,Gleison Tibau,Favorite,2,1,-0.7,-0.1,0.2,0.04,1.9,0.08,0.52,0.4,0,-0.31
UFC Fight Night 77: Belfort vs. Henderson 3,Yan Cabral,Johnny Case,Favorite,-1,-1,1.93,-0.09,0.68,-0.01,-1.19,0.1,0.35,-1,-7,-2.11
UFC Fight Night 77: Belfort vs. Henderson 3,Thiago Tavares,Clay Guida,Underdog,0,0,0.64,-0.07,0.7,-0.01,-0.7,-0.06,0.05,-0.9,3,-0.71
UFC Fight Night 77: Belfort vs. Henderson 3,Edmilson Souza,Chas Skelly,Favorite,-1,-2,-2.64,-0.04,0.3,-0.09,1.74,0.34,-0.11,2.3,0,0.99
UFC Fight Night 77: Belfort vs. Henderson 3,Viscardi Andrade,Gasan Umalatov,Underdog,0,4,1.03,0.03,-1.33,0.04,1.18,0.33,-0.24,0.3,-1,0.32
UFC Fight Night 77: Belfort vs. Henderson 3,Jimmie Rivera,Pedro Munhoz,Underdog,2,-3,1.29,0.03,2.33,-0.04,-0.37,-0.09,-0.1,0.4,3,-0.94
UFC Fight Night 77: Belfort vs. Henderson 3,Bruno Korea,Matheus Nicolau,Favorite,0,-1,-1.5,-0.18,0.77,-0.24,-1.38,-0.45,-0.68,-0.8,1,1.16
UFC 193 - Rousey vs. Holm,Holly Holm,Ronda Rousey,Underdog,-1,-3,1.04,0.12,1.22,-0.11,5.39,0.38,-0.26,4.7,-5,-11.92
UFC 193 - Rousey vs. Holm,Valerie Letourneau,Joanna Jedrzejczyk,Favorite,-1,-3,1.77,0.11,-2.15,0.04,-0.5,0.17,0.14,-0.2,-5,-11.76
UFC 193 - Rousey vs. Holm,Antonio Silva,Mark Hunt,Favorite,-6,-10,-0.08,-0.02,-0.19,0.01,-0.31,0.26,-0.02,-0.6,6,-1.94
UFC 193 - Rousey vs. Holm,Robert Whittaker,Urijah Hall,Underdog,0,6,-1.34,0.06,0.4,-0.05,-0.27,0,0.18,0.1,6,-0.59
UFC 193 - Rousey vs. Holm,Jared Rosholt,Stefan Struve,Underdog,-9,-9,-1.04,-0.01,-2.52,0.13,1.27,-0.05,0.11,-1.6,1,0.33
UFC 193 - Rousey vs. Holm,Akbarh Arreola,Jake Matthews,Favorite,1,2,0.98,0,-1.45,0.04,0.52,-0.6,0.29,0.2,-12,-7.36
UFC 193 - Rousey vs. Holm,Kyle Noke,Peter Sobotta,Underdog,1,1,1.09,0.1,-0.81,0.06,0,0.22,-0.11,0.3,7,0.97
UFC 193 - Rousey vs. Holm,Anthony Perosh,Gian Villante,Favorite,0,-1,-2.11,-0.01,-1.7,-0.02,1.58,-0.01,-0.5,1.1,13,3.4
UFC 193 - Rousey vs. Holm,Richie Vaculik,Danny Martinez,Favorite,0,2,0.96,0.18,0.32,-0.06,0,0,-0.05,1,2,0.09
UFC 193 - Rousey vs. Holm,Daniel Kelly,Steve Montgomery,Underdog,-4,-6,-1.23,-0.01,0.52,0.14,1.86,0.34,0.14,0.3,13,2.01
UFC 193 - Rousey vs. Holm,Steven Kennedy,Richard Walsh,Favorite,1,2,1.56,0.11,-2.8,0.13,-0.96,0.07,0.66,0.2,-6,-2.59
UFC 193 - Rousey vs. Holm,Anton Zafir,James Moontasri,Favorite,1,1,0.6,0.16,-1.55,0.12,6.11,0.6,-0.79,-0.2,1,2.59
UFC 193 - Rousey vs. Holm,Ryan Benoit,Ben Nguyen,Favorite,0,-3,0.63,0.01,-0.64,0.01,-0.03,0.11,-0.09,0.6,1,-0.4
UFC Fight Night 78 - Magny vs. Gastelum,Neil Magny,Kelvin Gastelum,Underdog,6,9,-0.08,0.05,-0.81,-0.06,1.21,0.1,-0.05,0.2,4,2.46
UFC Fight Night 78 - Magny vs. Gastelum,Diego Sanchez,Ricardo Lamas,Favorite,-2,-1,0.44,0.1,-0.15,0.01,0.33,0.09,0,0.1,0,-4.21
UFC Fight Night 78 - Magny vs. Gastelum,Jussier Formiga,Henry Cejudo,Favorite,1,3,-2.35,-0.07,-0.95,0.04,-0.17,0.03,0.12,0.4,2,4.29
UFC Fight Night 78 - Magny vs. Gastelum,Erick Montano,Enrique Marin,Underdog,2,-2,1.36,0.11,-0.94,0.14,-0.21,-0.02,0.06,-1,1,1.16
UFC Fight Night 78 - Magny vs. Gastelum,Enrique Barzola,Horacio Gutierrez,Underdog,3,-1,-3.05,-0.15,-0.06,-0.22,-4.2,-0.45,-0.16,-0.3,-2,-1.1
UFC Fight Night 78 - Magny vs. Gastelum,Efrain Escudero,Leandro Silva,Favorite,0,-1,0.53,-0.04,0.22,0,-0.45,0.03,0.01,0.4,0,0.69
UFC Fight Night 78 - Magny vs. Gastelum,Taylor Lapilus,Erik Perez,Favorite,2,-5,-0.75,-0.06,-0.28,0.05,2.79,0.15,-0.08,-0.2,2,-0.27
UFC Fight Night 78 - Magny vs. Gastelum,Hector Urbina,Bartosz Fabinski,Favorite,-1,-2,-1.26,-0.3,0.98,-0.12,-7.1,-0.7,-0.42,3.8,-2,1.17
UFC Fight Night 78 - Magny vs. Gastelum,Alejandro Perez,Scott Jorgensen,Underdog,-1,-1,-0.08,0.05,0.23,0.04,2.07,0.23,-0.11,0.4,7,-0.37
UFC Fight Night 78 - Magny vs. Gastelum,Gabriel Benitez,Andre Fili,Favorite,-3,-3,1.41,0.04,0.38,0.12,-1.94,0.03,-0.14,0.6,2,1.41
UFC Fight Night 78 - Magny vs. Gastelum,Alvaro Herrera,Vernon Ramos,Underdog,-6,-7,2.11,-0.13,4.6,0,0,0,-0.33,-1.1,-3,-0.87
UFC Fight Night 78 - Magny vs. Gastelum,Marco Polo Reyes,Cesar Arzamendia,Underdog,0,0,-0.63,0.08,-0.32,-0.03,7.32,0.75,-0.46,2.4,-6,-1.13
UFC Fight Night 78 - Magny vs. Gastelum,Valmir Lazaro,Michel Prazeres,Favorite,6,6,2.49,-0.1,1.58,0.04,-2.61,0.04,0.49,-0.6,-4,0.39
UFC Fight Night 79 - Henderson vs. Masvidal,Jorge Masvidal,Benson Henderson,Favorite,-2,-4,-1.12,-0.02,-1.26,-0.01,1.02,-0.14,-0.09,0.5,1,-1.58
UFC Fight Night 79 - Henderson vs. Masvidal,Dominic Waters,Dong Hyun Kim,Favorite,1,-3,1.64,0.26,-0.64,0.19,-1.14,-0.09,0.43,0.6,7,-5.85
UFC Fight Night 79 - Henderson vs. Masvidal,Alberto Mina,Yoshihiro Akiyama,Underdog,2,2,0.13,-0.03,0.08,-0.1,-0.44,-0.47,-0.42,-1,-6,0.71
UFC Fight Night 79 - Henderson vs. Masvidal,Sam Sicilia,Doo Ho Choi,Favorite,2,3,2.28,0.2,1.36,-0.05,-1.16,-0.23,-0.2,-0.9,-5,1.92
UFC Fight Night 79 - Henderson vs. Masvidal,Dongi Yang,Jake Collier,Underdog,-5,-5,-2.25,0.07,-1.87,0.13,0.99,0.08,-0.06,-0.1,4,0.19
UFC Fight Night 79 - Henderson vs. Masvidal,Mike de la Torre,Yui Chul Nam,Underdog,-2,-1,0.32,0.12,-2.75,-0.03,0.97,0,-0.26,0.3,5,-0.18
UFC Fight Night 79 - Henderson vs. Masvidal,Tae Hyun Bang,Leo Kuntz,Underdog,-1,-3,1.04,0.06,-1.73,0.21,-1.5,0.08,0.24,-0.2,1,0.85
UFC Fight Night 79 - Henderson vs. Masvidal,Seo Hee Ham,Cortney Casey,Underdog,-5,-5,-0.09,0,1.15,0.06,-0.39,-0.31,0.27,-0.3,0,0.55
UFC Fight Night 79 - Henderson vs. Masvidal,Zhuikui Yao,Freddy Serrano,Favorite,-2,1,0.14,0.05,-0.93,0.13,2.18,0.09,0.26,0,11,-0.89
UFC Fight Night 79 - Henderson vs. Masvidal,Marco Beltran,Ning Guangyou,Underdog,-4,-5,0.59,0.04,-0.02,-0.02,0.39,0,0.16,0.1,4,-0.85
UFC Fight Night 79 - Henderson vs. Masvidal,Dong Hyun Ma,Dominique Steele,Favorite,1,-4,0.52,-0.08,1.68,0.04,-1.68,0.11,-0.43,0,-1,0.39
UFC Fight Night - VanZant vs Namajunas,Rose Namajunas,Paige VanZant,Underdog,-1,0,-0.34,0.11,-0.89,-0.21,-0.11,-0.14,-0.25,0.5,-1,-0.67
UFC Fight Night - VanZant vs Namajunas,Jim Miller,Michael Chiesa,Favorite,-5,-4,1.12,0.02,1.8,0.02,-1.8,-0.06,-0.13,0.7,4,0.42
UFC Fight Night - VanZant vs Namajunas,Cody Pfister,Sage Northcutt,Favorite,2,-2,2.17,0.27,-0.84,0.07,-1.01,0.04,0.41,0.6,-5,-6.62
UFC Fight Night - VanZant vs Namajunas,Thiago Santos,Elias Theodorou,Underdog,-1,-1,0.47,-0.06,-0.18,0,0.39,-0.05,-0.06,-0.1,-5,-1.62
UFC Fight Night - VanZant vs Namajunas,John Howard,Tim Means,Favorite,7,3,2.93,-0.01,0.56,0.09,-1.54,-0.09,0.12,-0.2,-1,-3.14
UFC Fight Night - VanZant vs Namajunas,Sergio Moraes,Omari Akhmedov,Underdog,0,-1,-0.55,0.08,0.89,0.04,-1.38,-0.07,0.1,0.2,5,0.48
UFC Fight Night - VanZant vs Namajunas,Johnny Eduardo,Aljamain Sterling,Favorite,0,0,1.66,0.13,-0.92,-0.05,2.09,0.07,-0.13,0.3,-11,-4.63
UFC Fight Night - VanZant vs Namajunas,Andreas Stahl,Santiago Ponzinibbio,Favorite,-1,0,-2.07,-0.04,0.07,-0.04,1.07,0.36,0.2,0,-1,1.34
UFC Fight Night - VanZant vs Namajunas,Nathan Coy,Danny Roberts,Favorite,3,5,-0.7,-0.13,1.33,-0.11,-2.93,-0.38,0.07,0.2,-9,-0.67
UFC Fight Night - VanZant vs Namajunas,Phillipe Nover,Zubaira Tukhugov,Favorite,-1,-4,1.38,0.04,0.59,0.07,1.14,0.11,0.56,-0.7,-7,-2.6
UFC Fight Night - VanZant vs Namajunas,Emily Kagan,Kailin Curran,Favorite,1,-1,1.29,0.07,-0.54,0.15,0.14,0.43,0.11,0.6,-9,-2.68
UFC - The Ultimate Fighter 22 Finale,Chad Mendes,Frankie Edgar,Favorite,0,2,0.99,-0.09,0.47,-0.02,-1.84,-0.24,-0.35,0,3,-0.28
UFC - The Ultimate Fighter 22 Finale,Ryan Hall,Artem Lobov,Underdog,-1,-5,1.14,-0.09,3.49,-0.15,0.17,0.16,0.52,-2.2,-2,-0.89
UFC - The Ultimate Fighter 22 Finale,Edson Barboza,Tony Ferguson,Favorite,0,-1,-0.83,-0.01,0.24,0.01,0.06,0.15,0.05,-0.8,-2,1.19
UFC - The Ultimate Fighter 22 Finale,Joe Lauzon,Evan Dunham,Favorite,0,1,-2.49,0,1.85,-0.07,0.57,0.12,-0.25,1,-2,1.38
UFC - The Ultimate Fighter 22 Finale,Jason Knight,Tatsuya Kawajiri,Favorite,3,2,0.91,-0.11,1.01,0.01,-2.32,-0.17,-0.16,0.6,-15,1.94
UFC - The Ultimate Fighter 22 Finale,Marcin Wrzosek,Julian Erosa,Favorite,4,4,2.67,0.05,2.22,0.04,-1.37,0.21,0.25,0.8,-2,-0.03
UFC - The Ultimate Fighter 22 Finale,Gabriel Gonzaga,Konstantin Erokhin,Underdog,3,3,1.05,0.09,1.11,0.1,2.8,0.39,-0.04,1.1,4,0.24
UFC - The Ultimate Fighter 22 Finale,Mike Pierce,Ryan LaFlare,Favorite,-5,-3,-0.27,0.02,0.5,-0.01,0.95,-0.02,0.13,0,3,1.51
UFC - The Ultimate Fighter 22 Finale,Geane Herrera,Joby Sanchez,Underdog,1,2,1.71,0.05,-2.25,0.11,0.12,0.34,0.13,-0.2,-1,-0.07
UFC - The Ultimate Fighter 22 Finale,Abner Lloveras,Chris Gruetzemacher,Favorite,-3,-4,-0.09,0.08,-1.91,0.09,-1.79,0.3,0.65,0,-4,-1.04
UFC 194 - Aldo vs. McGregor,Conor McGregor,Jose Aldo,Underdog,-2,-4,-1.69,-0.03,-0.93,0.06,-0.16,-0.02,0.25,0,2,-0.14
UFC 194 - Aldo vs. McGregor,Luke Rockhold,Chris Weidman,Underdog,-1,1,-0.92,-0.04,0.54,-0.02,2.74,0.13,0,-0.2,0,-0.47
UFC 194 - Aldo vs. McGregor,Yoel Romero,Ronaldo Souza,Underdog,1,-1,-0.91,-0.02,-0.22,0.02,1,0.09,-0.21,1.3,-3,-0.51
UFC 194 - Aldo vs. McGregor,Gunnar Nelson,Demian Maia,Favorite,-2,0,0.04,0.18,0.93,-0.14,-0.59,0.35,0.05,0,-11,0.06
UFC 194 - Aldo vs. McGregor,Jeremy Stephens,Max Holloway,Favorite,2,-2,4,0.08,1.67,0.01,-0.91,0.15,0.19,-0.1,-5,-4.53
UFC 194 - Aldo vs. McGregor,Frankie Saenz,Urijah Faber,Favorite,0,1,-1.29,-0.07,-0.91,0.12,-0.2,-0.01,-0.03,0.7,2,-5.07
UFC 194 - Aldo vs. McGregor,Jocelyn Jones-Lybarger,Tecia Torres,Favorite,-6,-4,1.82,0.16,-1.24,0.05,0.27,-0.11,-0.16,0.1,-4,-2.31
UFC 194 - Aldo vs. McGregor,Warlley Alves,Colby Covington,Underdog,0,0,-0.84,0.1,0.97,-0.05,-2.57,0.06,-0.05,0.6,-3,0.21
UFC 194 - Aldo vs. McGregor,Leonardo Santos,Kevin Lee,Underdog,-3,2,1.06,-0.04,0.2,-0.04,2.3,0.18,-0.11,0.6,-13,-5.23
UFC 194 - Aldo vs. McGregor,Joe Proctor,Magomed Mustafaev,Favorite,2,1,0.8,-0.22,1.25,0.18,-3.31,-0.5,0.47,1.4,3,2.97
UFC 194 - Aldo vs. McGregor,Yancy Medeiros,John Makdessi,Underdog,-2,-7,1.16,0.12,-1.52,0.21,-0.33,-0.5,0.13,-0.7,3,-0.87
UFC 194 - Aldo vs. McGregor,Marcio Alexandre Jr.,Court McGee,Favorite,-1,0,2.99,-0.08,0.73,0.19,1.49,0.05,0.03,-0.03,4,1.01
UFC on Fox 17 - Dos Anjos vs. Cerrone 2,Donald Cerrone,Rafael dos Anjos,Favorite,-5,-3,-0.93,0.01,-1.27,0.07,0.79,0.02,-0.18,-0.6,-2,-1.14
UFC on Fox 17 - Dos Anjos vs. Cerrone 2,Alistair Overeem,Junior dos Santos,Underdog,0,-3,-0.82,-0.17,0.89,-0.01,-1.12,-0.05,0.08,-0.7,-4,-2.02
UFC on Fox 17 - Dos Anjos vs. Cerrone 2,Nate Diaz,Michael Johnson,Underdog,2,3,0.3,0.06,-0.06,-0.05,0.43,-0.11,-0.4,1.3,2,4.01
UFC on Fox 17 - Dos Anjos vs. Cerrone 2,Karolina Kowalkiewicz,Randa Markos,Underdog,1,-1,-2.74,0,-2.45,0,0.78,0.05,-0.21,0,0,-1.25
UFC on Fox 17 - Dos Anjos vs. Cerrone 2,Charles Oliveira,Myles Jury,Underdog,0,-1,-0.45,-0.11,-1.04,0.15,-0.01,0.15,-0.05,-2.5,1,-0.92
UFC on Fox 17 - Dos Anjos vs. Cerrone 2,Nate Marquardt,C.B. Dollaway,Underdog,2,2,-0.06,-0.02,0.26,-0.01,1.68,0.03,-0.08,0.4,-5,3.39
UFC on Fox 17 - Dos Anjos vs. Cerrone 2,Valentina Shevchenko,Sarah Kaufman,Underdog,0,0,3.37,-0.06,1.89,0,-2.18,-0.06,0.1,-0.4,2,-0.64
UFC on Fox 17 - Dos Anjos vs. Cerrone 2,Tamdan McCrory,Josh Samman,Underdog,-1,3,0.01,0.03,0.87,-0.12,-1.19,-0.17,0,-2.1,-1,-1.22
UFC on Fox 17 - Dos Anjos vs. Cerrone 2,Danny Castillo,Nik Lentz,Favorite,-1,-3,0.87,0.05,1.29,-0.12,0.35,-0.06,-0.2,1,-5,-0.15
UFC on Fox 17 - Dos Anjos vs. Cerrone 2,Leon Edwards,Kamaru Usman,Favorite,-2,2,1.61,-0.01,0.4,0,1.57,0.11,0.19,-0.3,5,-1.94
UFC on Fox 17 - Dos Anjos vs. Cerrone 2,Hayder Hassan,Vicente Luque,Favorite,1,3,2.96,0.06,2.05,0.04,1,0.53,0.37,0.6,-9,-0.45
UFC on Fox 17 - Dos Anjos vs. Cerrone 2,Luis Henrique,Francis Ngannou,Favorite,-2,-9,-0.52,0.02,0.06,0.06,2.33,-0.26,-0.21,0.7,-7,0.38
UFC 195 - Lawler vs Condit,Robbie Lawler,Carlos Condit,Underdog,-3,-1,0.19,0.08,2,0.04,0.06,0.18,0.27,-1,2,0
UFC 195 - Lawler vs Condit,Andrei Arlovski,Stipe Miocic,Favorite,1,3,1.04,0.08,0.62,-0.03,1.48,-0.02,-0.08,-0.2,-4,-1.51
UFC 195 - Lawler vs Condit,Lorenz Larkin,Albert Tumenov,Favorite,0,-1,-0.23,0.04,-0.6,0.05,0.07,0.22,0.04,0.1,5,1.87
UFC 195 - Lawler vs Condit,Diego Brandao,Brian Ortega,Favorite,1,5,1.13,-0.09,3.16,-0.13,-2.04,-0.41,-0.23,0.6,-3,-1.11
UFC 195 - Lawler vs Condit,Abel Trujillo,Tony Sims,Underdog,-3,0,0.84,-0.22,1.55,-0.06,1.47,-0.05,-0.1,-0.3,2,0.55
UFC 195 - Lawler vs Condit,Masanori Kanehara,Michael McDonald,Favorite,4,5,-1.88,-0.49,-1.23,-0.12,-1.44,-0.5,-0.63,-0.9,18,-4.61
UFC 195 - Lawler vs Condit,Masanori Kanehara,Michael McDonald,Favorite,2,3,0.81,-0.07,1.13,-0.05,-0.35,0.16,-0.11,0.5,-8,-4.61
UFC 195 - Lawler vs Condit,Alex Morono,Kyle Noke,Underdog,-2,-4,1.64,-0.1,2.07,-0.06,-1.21,-0.32,-0.11,-0.4,-11,2.42
UFC 195 - Lawler vs Condit,Nina Nunes,Justine Kish,Favorite,0,0,-0.12,-0.03,-1.12,-0.02,-0.63,0,0.23,0.4,2,1.57
UFC 195 - Lawler vs Condit,Drew Dober,Scott Holtzman,Underdog,-1,1,0.02,-0.07,0.57,-0.04,-1.17,-0.38,-0.11,-0.1,-5,1.08
UFC 195 - Lawler vs Condit,Dustin Poirier,Joseph Duffy,Underdog,1,1,-2.77,-0.17,-0.58,0.01,-0.37,0.3,0.01,-0.7,1,0.91
UFC 195 - Lawler vs Condit,Joe Soto,Michinori Tanaka,Favorite,1,-2,1.39,0.04,3.38,0.17,-1.55,-0.17,0.27,1.7,4,0.32
UFC 195 - Lawler vs Condit,Edgar Garcia,Sheldon Westcott,Favorite,-3,0,0.9,-0.11,0.5,0.23,-1.02,0.2,0.36,0.6,1,0.74
UFC Fight Night - Dillashaw vs. Cruz,Dominick Cruz,T.J. Dillashaw,Underdog,-2,-1,1.18,0.08,0.86,-0.08,-1.26,-0.12,-0.06,0.7,-1,-0.59
UFC Fight Night - Dillashaw vs. Cruz,Eddie Alvarez,Anthony Pettis,Underdog,1,3,-1.27,0.06,-0.95,-0.01,-2.31,0.14,-0.32,0.6,-3,-2.77
UFC Fight Night - Dillashaw vs. Cruz,Matt Mitrione,Travis Browne,Favorite,3,-3,-0.62,-0.09,1.52,-0.22,1.21,0.68,0.2,-0.5,-4,-0.66
UFC Fight Night - Dillashaw vs. Cruz,Francisco Trinaldo,Ross Pearson,Underdog,1,1,-0.55,0.05,-1.42,-0.02,0.24,0.07,-0.15,0.5,6,0.64
UFC Fight Night - Dillashaw vs. Cruz,Patrick Cote,Ben Saunders,Underdog,-3,-2,-0.42,-0.02,-0.37,-0.03,0.48,-0.2,-0.23,-1.1,3,0.23
UFC Fight Night - Dillashaw vs. Cruz,Ed Herman,Tim Boetsch,Underdog,-1,-3,-0.38,0.02,-0.81,0.15,-0.51,-0.13,0,-0.2,0,-1.42
UFC Fight Night - Dillashaw vs. Cruz,Mehdi Baghdad,Chris Wade,Favorite,3,5,1.43,-0.23,2.81,-0.05,-2.6,-0.51,-0.22,-1.1,3,2.87
UFC Fight Night - Dillashaw vs. Cruz,Luke Sanders,Maximo Blanco,Underdog,2,4,-2.5,-0.08,-1.18,0.16,1.14,0.06,-0.09,0.1,2,-0.16
UFC Fight Night - Dillashaw vs. Cruz,Daron Cruickshank,Paul Felder,Favorite,3,-2,0.82,0.06,0.46,-0.09,-1.75,-0.13,0.04,0,2,-1.84
UFC Fight Night - Dillashaw vs. Cruz,Sean O'Connell,Ilir Latifi,Favorite,3,1,3.41,0.03,3.84,-0.11,-2.11,-0.35,-0.7,0.2,-1,1.95
UFC Fight Night - Dillashaw vs. Cruz,Kyle Bochniak,Charles Rosa,Favorite,2,-1,0.45,0.05,-1.25,-0.11,0.53,0.2,-0.24,1,0,-1.8
UFC Fight Night - Dillashaw vs. Cruz,Joey Gomez,Rob Font,Favorite,-2,-2,3.09,0.17,-0.81,0.01,0.27,-0.65,-0.04,0.3,-1,-1.4
UFC Fight Night - Dillashaw vs. Cruz,Joey Gomez,Rob Font,Favorite,-2,0,1.8,-0.04,0.32,0.06,-1.11,0.07,0.46,0.3,2,-1.4
UFC Fight Night - Dillashaw vs. Cruz,Francimar Barroso,Elvis Mutapcic,Underdog,1,3,-0.64,0.12,-1.2,0.21,2.22,0.24,0.02,0,7,0.79
UFC on Fox 18 - Johnson vs. Bader,Ryan Bader,Anthony Johnson,Favorite,0,4,0.43,0.04,0.44,-0.11,-0.94,0.13,-0.03,0.2,0,-1.9
UFC on Fox 18 - Johnson vs. Bader,Ben Rothwell,Josh Barnett,Underdog,1,0,0.51,-0.08,2.52,-0.1,-0.58,-0.21,0.15,-1,-4,0.47
UFC on Fox 18 - Johnson vs. Bader,Yuri Alcantara,Jimmie Rivera,Favorite,-5,-3,1.31,-0.05,1.11,0.11,-0.56,-0.35,0.32,-0.7,-9,0.84
UFC on Fox 18 - Johnson vs. Bader,Bryan Barberena,Sage Northcutt,Underdog,0,-1,-1.77,0.04,-2.63,0.14,1.68,0.12,-0.09,0.3,-7,-2.04
UFC on Fox 18 - Johnson vs. Bader,Jake Ellenberger,Tarec Saffiedine,Favorite,1,-1,1.58,0.08,0.23,0.02,-1.52,-0.11,-0.02,-0.3,-2,-1.82
UFC on Fox 18 - Johnson vs. Bader,Carlos Diego Ferreira,Olivier Aubin-Mercier,Underdog,0,-4,-2.56,0.12,-0.46,-0.01,1.4,0.03,0.01,-0.1,-4,-1.89
UFC on Fox 18 - Johnson vs. Bader,Kevin Casey,Rafael Natal,Favorite,1,0,0.83,-0.06,-1.28,0.11,1.76,0.12,0.5,0.1,-1,-0.94
UFC on Fox 18 - Johnson vs. Bader,Wilson Reis,Dustin Ortiz,Underdog,1,0,1.11,0.15,-0.87,0.01,-2.14,-0.06,0.05,-0.5,-4,-1.63
UFC on Fox 18 - Johnson vs. Bader,George Sullivan,Alexander Yakovlev,Favorite,-3,-1,1.79,-0.08,0.01,-0.01,-0.29,-0.15,-0.34,0.6,4,0.21
UFC on Fox 18 - Johnson vs. Bader,Masio Fullen,Alex Caceres,Favorite,0,3,1.75,0.17,-0.41,0.08,0.07,0.35,-0.05,0.7,-2,-1.91
UFC on Fox 18 - Johnson vs. Bader,Matt Dwyer,Randy Brown,Favorite,1,-2,-1.8,-0.12,-0.09,0,-0.34,-0.29,-0.14,-0.5,1,0.35
UFC on Fox 18 - Johnson vs. Bader,Felipe Olivieri,Tony Martin,Favorite,3,1,-4,-0.21,-2.01,0.01,0.71,0.27,-0.03,1,-5,-0.93
UFC Fight Night 82 - Hendricks vs. Thompson,Stephen Thompson,Johny Hendricks,Underdog,-3,-6,-0.62,-0.01,0.96,-0.01,3.57,0.05,-0.02,0.3,-1,-1.92
UFC Fight Night 82 - Hendricks vs. Thompson,Jared Rosholt,Roy Nelson,Favorite,-2,-2,0.1,-0.1,3.27,-0.13,-0.69,-0.14,-0.01,0,10,-0.78
UFC Fight Night 82 - Hendricks vs. Thompson,Rafael Cavalcante,Ovince St Preux,Favorite,2,6,0.32,-0.06,-0.3,-0.02,0.5,-0.04,0.04,0.4,-3,-2.72
UFC Fight Night 82 - Hendricks vs. Thompson,Zach Makovsky,Joseph Benavidez,Favorite,0,1,1.58,-0.09,0.43,-0.01,-2.3,0,0.06,0.3,-2,-3.45
UFC Fight Night 82 - Hendricks vs. Thompson,Alex Nicholson,Misha Cirkunov,Favorite,-1,0,-0.26,0.08,-1.59,0.1,4.15,0.39,0.26,1.2,3,-7.12
UFC Fight Night 82 - Hendricks vs. Thompson,Mike Pyle,Sean Spencer,Underdog,2,0,-1.5,0.13,-1.18,0,1.66,0.02,0.02,1.5,12,0.48
UFC Fight Night 82 - Hendricks vs. Thompson,K.J. Noons,Josh Burkman,Favorite,0,2,-0.99,0.08,-0.65,-0.14,2.45,0.16,0.04,0.3,3,-0.78
UFC Fight Night 82 - Hendricks vs. Thompson,Derrick Lewis,Damian Grabowski,Underdog,2,4,-1.52,0.14,-5.17,-0.11,0.57,0.26,0.52,0,-5,0.14
UFC Fight Night 82 - Hendricks vs. Thompson,Justin Scoggins,Ray Borg,Underdog,-3,-3,-2.04,0.01,-0.23,-0.07,0.47,-0.13,-0.36,0.5,-2,-1.72
UFC Fight Night 82 - Hendricks vs. Thompson,Diego Rivas,Noad Lahat,Underdog,1,0,1.42,0.06,-0.67,0.11,0.58,-0.34,-0.48,1.5,7,-2.72
UFC Fight Night 82 - Hendricks vs. Thompson,Mike Jackson,Mickey Gall,Favorite,0,0,-1.55,-0.11,0.52,-0.13,0.5,-0.03,-0.52,1.9,-7,-4.13
UFC Fight Night 82 - Hendricks vs. Thompson,Alex White,Artem Lobov,Underdog,3,6,0.24,0.01,-1.75,0.1,0.53,0.03,0.19,0.5,-2,0.4
UFC Fight Night 82 - Cerrone vs. Oliveira,Alex Oliveira,Donald Cerrone,Favorite,2,-3,1.42,-0.05,1.93,0.07,-1.19,-0.05,0.1,0.6,5,-2.05
UFC Fight Night 82 - Cerrone vs. Oliveira,Roan Carneiro,Derek Brunson,Favorite,2,1,2.05,0.01,1.23,-0.11,0.09,-0.09,0.02,-0.8,-5,-3.14
UFC Fight Night 82 - Cerrone vs. Oliveira,Augusto Mendes,Cody Garbrandt,Favorite,2,0,0.56,0.06,-0.15,0.04,-0.72,0.01,0,0,-9,-3.07
UFC Fight Night 82 - Cerrone vs. Oliveira,Tatsuya Kawajiri,Dennis Bermudez,Favorite,-1,-3,2.38,0.02,1.06,0.09,0.26,-0.08,0.19,0,-9,-3.04
UFC Fight Night 82 - Cerrone vs. Oliveira,Joe Riggs,Chris Camozzi,Favorite,-2,-5,-1.16,0.07,-1.27,0.01,2.18,0.36,0.05,0.1,4,1.82
UFC Fight Night 82 - Cerrone vs. Oliveira,Shane Campbell,James Krause,Favorite,2,2,0.8,-0.1,0.92,0.06,-0.4,-0.1,-0.23,0.9,0,-0.69
UFC Fight Night 82 - Cerrone vs. Oliveira,Sean Strickland,Alex Garcia,Underdog,4,4,4.1,0.1,1.3,0.03,-2.87,0.12,0.11,0.1,-3,0.18
UFC Fight Night 82 - Cerrone vs. Oliveira,Oluwale Bamgbose,Daniel Sarafian,Underdog,2,5,0.22,0.02,-0.4,-0.03,0.58,0.26,-0.16,-0.7,-5,1.08
UFC Fight Night 82 - Cerrone vs. Oliveira,Leonardo Guimaraes,Anthony Smith,Favorite,4,3,0.88,-0.08,1.48,0.02,0.49,0.26,-0.03,-0.3,-7,-0.43
UFC Fight Night 82 - Cerrone vs. Oliveira,Nathan Coy,Jonavin Webb,Underdog,0,2,-2.41,-0.22,-0.13,0.03,-0.67,-0.16,-0.1,1,-10,-1.91
UFC Fight Night 82 - Cerrone vs. Oliveira,Ashlee Evans-Smith,Marion Reneau,Underdog,2,-1,0.83,-0.07,1.07,-0.06,0.33,-0.41,0,-0.8,-10,1.06
UFC Fight Night 82 - Cerrone vs. Oliveira,Kelly Faszholz,Lauren Murphy,Favorite,3,0,-0.04,0.09,-1.64,-0.03,-1.03,-0.25,-0.25,-0.1,-1,2.67
UFC Fight Night 82 - Cerrone vs. Oliveira,Anthony Hamilton,Shamil Abdurakhimov,Favorite,2,0,1.5,0.21,0,-0.1,1.61,0.19,0.33,-0.1,2,0.1
UFC Fight Night 84 - Silva vs. Bisping,Michael Bisping,Anderson Silva,Underdog,-1,-2,1.28,-0.23,0.66,0.05,0.55,-0.34,-0.06,-0.5,-4,2.02
UFC Fight Night 84 - Silva vs. Bisping,Thales Leites,Gegard Mousasi,Favorite,1,-2,1.62,0.1,-1.78,0.16,-0.51,0.33,0.29,0,-4,-2.41
UFC Fight Night 84 - Silva vs. Bisping,Keita Nakamura,Tom Breese,Favorite,4,0,1.11,0.14,-0.39,0.02,-1.65,-0.48,0.07,0.8,-8,-8.13
UFC Fight Night 84 - Silva vs. Bisping,Brad Pickett,Francisco Rivera,Underdog,-2,-2,-1.05,-0.1,1.47,-0.13,1.46,-0.19,-0.1,-0.2,3,0.93
UFC Fight Night 84 - Silva vs. Bisping,Mike Wilkinson,Makwan Amirkhani,Favorite,3,6,-1.02,0.06,-0.72,0.11,3.04,0.29,-0.2,0.2,-1,-1.01
UFC Fight Night 84 - Silva vs. Bisping,Marlon Vera,Davey Grant,Favorite,0,-1,0.46,-0.07,-1.66,0.05,0.73,0.02,-0.09,-0.7,7,-1.08
UFC Fight Night 84 - Silva vs. Bisping,Chris Dempsey,Scott Askham,Favorite,5,3,0.78,0.14,0.7,-0.13,-2.2,-0.05,0.49,0.7,0,-2.85
UFC Fight Night 84 - Silva vs. Bisping,Yaotzin Meza,Arnold Allen,Favorite,-1,-1,1.96,-0.01,1.29,-0.03,-0.04,0.3,0.57,-1,-13,-2.59
UFC Fight Night 84 - Silva vs. Bisping,Brad Scott,Krzysztof Jotko,Favorite,0,-1,0.54,-0.01,2.08,0,-1.01,-0.24,-0.19,0.6,0,0.85
UFC Fight Night 84 - Silva vs. Bisping,Norman Parke,Rustam Khabilov,Favorite,-3,3,-1.08,-0.01,-0.72,0.01,1.97,0.15,-0.16,0.1,0,-1.71
UFC Fight Night 84 - Silva vs. Bisping,Jarjis Danho,Daniel Omielanczuk,Favorite,-3,0,-0.29,0.07,-1.96,-0.02,0.05,0.1,-0.32,0.1,1,-0.23
UFC Fight Night 84 - Silva vs. Bisping,Teemu Packalen,Thibault Gouti,Underdog,3,3,-1.11,0.2,-1.73,-0.03,1.08,-0.55,0.17,1.2,0,0.32
UFC Fight Night 84 - Silva vs. Bisping,Martin Svensson,David Teymur,Favorite,4,0,-2.67,-0.05,2.38,-0.17,-0.94,-0.33,-0.77,0,4,1.07
UFC 196 - McGregor vs. Diaz,Nate Diaz,Conor McGregor,Underdog,3,2,-0.75,-0.04,-0.89,-0.02,0.38,-0.25,-0.25,1.2,4,3.75
UFC 196 - McGregor vs. Diaz,Miesha Tate,Holly Holm,Underdog,2,4,0.51,-0.05,-0.06,0.04,-1.15,-0.01,0.21,-1.2,5,-2.12
UFC 196 - McGregor vs. Diaz,Gian Villante,Ilir Latifi,Favorite,-5,-3,-2.33,0.01,-2.54,0.01,1.66,0.12,0.17,0.3,3,-1.14
UFC 196 - McGregor vs. Diaz,Tom Lawlor,Corey Anderson,Favorite,3,5,1.93,0.04,-0.19,-0.01,2.43,0.18,0.26,-1.4,-7,-2.22
UFC 196 - McGregor vs. Diaz,Valentina Shevchenko,Amanda Nunes,Favorite,3,3,1.27,-0.01,0.51,-0.05,0.17,-0.09,0.11,0.3,-1,-0.05
UFC 196 - McGregor vs. Diaz,Siyar Bahadurzada,Brandon Thatch,Underdog,3,1,-0.21,0.02,0.4,0.03,0.04,0.05,-0.12,0.4,-2,-2.47
UFC 196 - McGregor vs. Diaz,Nordine Taleb,Erick Silva,Underdog,-1,0,-1.16,-0.03,1.56,-0.17,-1.09,-0.41,-0.17,1.4,-3,-1.61
UFC 196 - McGregor vs. Diaz,Marcelo Guimaraes,Vitor Miranda,Favorite,1,4,-1.69,-0.06,-1.46,-0.04,-1.04,0.42,0.5,0.2,5,-2.28
UFC 196 - McGregor vs. Diaz,Darren Elkins,Chas Skelly,Underdog,-1,-1,1.43,-0.02,0.06,0.03,1.11,0.01,0.17,-1.2,1,0.8
UFC 196 - McGregor vs. Diaz,Diego Sanchez,Jim Miller,Underdog,-2,-1,0.3,0.05,0.48,0,0.02,0.2,0.01,0.9,-2,-0.83
UFC 196 - McGregor vs. Diaz,Justin Salas,Jason Saggo,Favorite,-3,-1,0.92,0.04,0.02,0.16,0.1,-0.2,-0.23,0,4,1.35
UFC 196 - McGregor vs. Diaz,Teruto Ishihara,Julian Erosa,Underdog,6,5,2.88,0.04,2.66,-0.06,1.13,0.3,0.28,0.8,2,-0.99
UFC Fight Night 84 - Hunt vs. Mir,Frank Mir,Mark Hunt,Favorite,5,7,-0.63,0.04,0.94,-0.13,1.51,-0.15,-0.1,1.8,-5,0.43
UFC Fight Night 84 - Hunt vs. Mir,Neil Magny,Hector Lombard,Underdog,-6,-9,-0.45,0,0.93,0.01,-0.48,0.08,0.23,0.2,10,-0.05
UFC Fight Night 84 - Hunt vs. Mir,Jake Matthews,Johnny Case,Underdog,1,1,-0.65,0.07,-0.1,-0.01,-0.11,-0.05,-0.1,0.4,-5,0.1
UFC Fight Night 84 - Hunt vs. Mir,Daniel Kelly,Antonio Carlos Junior,Underdog,-2,-9,1.67,-0.04,2.5,0.09,-1.56,-0.05,0.25,-0.5,12,3.75
UFC Fight Night 84 - Hunt vs. Mir,Steve Bosse,James Te Huna,Underdog,3,3,-1.95,-0.01,-2.39,0.12,1.83,0.04,-0.42,0.2,0,-1.89
UFC Fight Night 84 - Hunt vs. Mir,Bec Rawlings,Seo Hee Ham,Underdog,-4,-2,-0.28,-0.03,-0.51,0.04,-0.71,-0.4,-0.02,-0.2,2,-0.17
UFC Fight Night 84 - Hunt vs. Mir,Brendan O'Reilly,Alan Jouban,Favorite,-5,-4,-3.77,-0.03,-1,-0.21,1.71,-0.01,-0.22,0.3,-6,4.13
UFC Fight Night 84 - Hunt vs. Mir,Mark Eddiva,Daniel Hooker,Favorite,4,7,1.71,0.03,1.78,-0.03,-0.66,0.12,0.17,0.4,-4,-1.2
UFC Fight Night 84 - Hunt vs. Mir,Rin Nakai,Leslie Smith,Favorite,8,5,5.99,0.07,4.51,-0.09,-3,-0.18,-0.13,-0.5,4,-0.54
UFC Fight Night 84 - Hunt vs. Mir,Viscardi Andrade,Richard Walsh,Underdog,1,-2,0.58,0.04,-0.05,-0.05,-0.38,-0.1,0,-0.1,-5,-0.2
UFC Fight Night 84 - Hunt vs. Mir,Ross Pearson,Chad Laprise,Underdog,-2,-2,-1.1,-0.02,0.5,-0.03,-0.31,-0.19,-0.03,0,2,0.1
UFC Fight Night 84 - Hunt vs. Mir,Damien Brown,Alan Patrick,Favorite,-1,-6,1.84,-0.02,1.91,0.07,-2.33,-0.06,0.1,0.4,-1,1.78
UFC Fight Night 86 - Zagreb,Ben Rothwell,Junior dos Santos,Favorite,0,-1,0.78,0.05,-1.3,0.09,-0.38,0.16,0.11,-0.3,-2,0.28
UFC Fight Night 86 - Zagreb,Gabriel Gonzaga,Derrick Lewis,Favorite,-1,-3,-0.36,-0.05,0.46,0.17,2.23,0.13,0.14,1.1,6,0.66
UFC Fight Night 86 - Zagreb,Francis Ngannou,Curtis Blaydes,Underdog,0,3,-1.2,-0.09,0.33,-0.18,-4.96,0.09,0.4,0.3,4,0.71
UFC Fight Night 86 - Zagreb,Timothy Johnson,Marcin Tybura,Underdog,0,1,0.17,0.03,0.27,0.11,0.34,0.09,0.1,0.1,-1,-0.56
UFC Fight Night 86 - Zagreb,Igor Pokrajac,Jan Blachowicz,Favorite,2,4,1.16,0.05,-1.35,0.13,0.22,0.21,0.17,0.1,-4,-2.69
UFC Fight Night 86 - Zagreb,Cristina Stanciu,Maryna Moroz,Favorite,4,3,1.92,-0.17,1.82,-0.01,-0.15,-0.76,0.02,-1.1,2,-1.06
UFC Fight Night 86 - Zagreb,Zak Cummings,Nicolas Dalby,Underdog,-1,-1,1.07,0.08,0.52,-0.03,0.49,0.02,-0.06,-0.5,0,-0.17
UFC Fight Night 86 - Zagreb,Alejandro Perez,Ian Entwistle,Underdog,-1,-3,-3.34,-0.28,4.18,-0.3,-0.54,-0.22,-0.7,11.8,3,-0.66
UFC Fight Night 86 - Zagreb,Damir Hadzovic,Mairbek Taisumov,Favorite,0,3,-0.38,-0.09,-0.23,0.02,0.56,0.08,0.54,-0.2,-2,-2.81
UFC Fight Night 86 - Zagreb,Filip Pejic,Damian Stasiak,Favorite,-3,-2,1.86,0.36,2.22,0.19,2.64,0.35,0.43,0.6,3,-0.27
UFC Fight Night 86 - Zagreb,Robert Whiteford,Lucas Martins,Favorite,3,3,0.54,-0.11,2.15,-0.02,-1.9,-0.3,0.31,0.5,-6,-0.21
UFC Fight Night 86 - Zagreb,Cyril Asker,Jared Cannonier,Favorite,1,-3,-1.33,-0.13,1.69,-0.24,3.97,0.2,0.37,0.9,-2,0.72
UFC Fight Night 86 - Zagreb,Alessio Di Chirico,Bojan Velickovic,Favorite,0,2,-1.14,-0.05,-1.13,-0.04,-0.79,-0.14,-0.28,0.5,1,-1.19
UFC on Fox 19 - Teixeira vs. Evans,Rashad Evans,Glover Teixeira,Favorite,-2,-1,-1.59,-0.12,-2.01,0.12,0.87,0.11,0.13,-0.9,0,1.32
UFC on Fox 19 - Teixeira vs. Evans,Tecia Torres,Rose Namajunas,Favorite,4,5,-1.09,-0.06,-0.08,0.02,0.77,0.33,-0.06,0.4,-3,-1.04
UFC on Fox 19 - Teixeira vs. Evans,Darrell Horcher,Khabib Nurmagomedov,Favorite,0,0,-2.05,-0.04,2.46,-0.26,-4.97,0.02,-0.37,-0.1,1,7.38
UFC on Fox 19 - Teixeira vs. Evans,Hacran Dias,Cub Swanson,Favorite,0,1,2.62,0.09,0.53,0.04,-1.41,0.13,-0.15,-0.1,1,-0.11
UFC on Fox 19 - Teixeira vs. Evans,Michael Chiesa,Beneil Dariush,Underdog,3,3,-1.91,-0.08,-0.95,-0.03,1.43,0.16,-0.2,0.1,1,0.94
UFC on Fox 19 - Teixeira vs. Evans,Bethe Correia,Raquel Pennington,Favorite,-2,-3,0.23,-0.09,1.64,-0.04,-0.51,-0.09,0.22,-0.7,5,1.41
UFC on Fox 19 - Teixeira vs. Evans,Court McGee,Santiago Ponzinibbio,Favorite,-1,2,-0.3,-0.04,-1.05,0,1.36,-0.05,0.09,0.4,2,0.78
UFC on Fox 19 - Teixeira vs. Evans,Randy Brown,Michael Graves,Favorite,5,7,3.12,-0.08,1.86,-0.04,-4.02,-0.13,0.08,0.1,0,0.4
UFC on Fox 19 - Teixeira vs. Evans,Manny Gamburyan,John Dodson,Favorite,-2,-1,1.07,-0.01,0.75,0.06,-2.55,-0.06,0.13,-0.7,-4,-4.4
UFC on Fox 19 - Teixeira vs. Evans,Cezar Ferreira,Oluwale Bamgbose,Underdog,2,0,-0.55,-0.06,-0.26,-0.02,1.75,0.2,0.47,0.5,3,1.29
UFC on Fox 19 - Teixeira vs. Evans,Elizeu Zaleski dos Santos,Omari Akhmedov,Underdog,1,0,-1.55,-0.08,-0.49,-0.02,2.15,0.32,-0.03,-0.2,-1,-0.45
UFC 197 - Jones vs. St Preux,Ovince St Preux,Jon Jones,Favorite,1,4,1.26,0.1,-1.1,0.17,0.83,0.09,0.28,0,-5,-5
UFC 197 - Jones vs. St Preux,Henry Cejudo,Demetrious Johnson,Favorite,-1,2,-0.34,0.08,-1.63,0.07,1.36,0.24,-0.1,0.3,0,-3.29
UFC 197 - Jones vs. St Preux,Edson Barboza,Anthony Pettis,Underdog,-1,-3,-1.06,0.03,-1.21,-0.02,0.16,0,-0.12,1,-1,-0.92
UFC 197 - Jones vs. St Preux,Rafael Natal,Robert Whittaker,Favorite,0,-4,1.47,-0.05,0.97,0.02,-1.74,0.04,0.05,-0.5,-8,-2.4
UFC 197 - Jones vs. St Preux,Andre Fili,Yair Rodriguez,Favorite,0,3,-0.8,-0.09,0.12,-0.01,1.47,0.2,0.11,-0.4,2,0.32
UFC 197 - Jones vs. St Preux,Chris Kelades,Sergio Pettis,Favorite,-1,1,1.48,-0.06,0.27,0.17,-0.19,0.22,0.14,0.1,-13,-1.48
UFC 197 - Jones vs. St Preux,Dominique Steele,Danny Roberts,Favorite,3,0,0.86,-0.1,1.31,0,-2.71,-0.33,-0.19,0.2,0,-2.96
UFC 197 - Jones vs. St Preux,Juliana Lima,Carla Esparza,Favorite,-4,-2,0.22,-0.04,0.58,0,1.5,0.04,-0.23,0.3,-6,-1.16
UFC 197 - Jones vs. St Preux,Glaico Franca,James Vick,Favorite,3,-1,1.78,-0.03,-0.15,0.13,-2.42,-0.09,-0.19,0.4,4,-1.08
UFC 197 - Jones vs. St Preux,Walt Harris,Cody East,Underdog,2,0,-1.1,-0.04,-3.99,0.14,-3.68,-0.72,0.54,0.1,5,1.03
UFC 197 - Jones vs. St Preux,Clint Hester,Marcos Rogerio de Lima,Favorite,-1,-2,0.34,0.15,-0.54,-0.05,0.38,0.1,-0.01,0.5,1,-0.4
UFC 197 - Jones vs. St Preux,Efrain Escudero,Kevin Lee,Favorite,0,6,0.96,-0.02,1.3,-0.13,1.87,0.03,0.09,0,-7,-3.19
UFC Fight Night - Overeem vs. Arlovski,Andrei Arlovski,Alistair Overeem,Favorite,1,3,-0.11,0.19,-0.76,0,1.04,0.19,-0.03,0.6,-1,-1.51
UFC Fight Night - Overeem vs. Arlovski,Antonio Silva,Stefan Struve,Favorite,7,2,0.23,0.02,0.95,-0.04,-0.26,0.17,-0.11,0.9,-8,-1.37
UFC Fight Night - Overeem vs. Arlovski,Gunnar Nelson,Albert Tumenov,Underdog,0,1,1.92,-0.19,0.34,0.09,-1.7,-0.39,0.09,-1,-3,-0.94
UFC Fight Night - Overeem vs. Arlovski,Anna Elmose,Germaine de Randamie,Favorite,6,6,-1.11,-0.03,-2.64,0.09,0,0,0.32,0.4,1,-3.06
UFC Fight Night - Overeem vs. Arlovski,Francimar Barroso,Nikita Krylov,Favorite,2,2,1.61,0.03,-0.6,-0.15,0.07,0.14,-0.3,1.4,-12,-1.4
UFC Fight Night - Overeem vs. Arlovski,Heather Clark,Karolina Kowalkiewicz,Favorite,-3,0,2.02,-0.06,-0.07,0.08,0.01,0.19,-0.07,-0.1,-5,-2.05
UFC Fight Night - Overeem vs. Arlovski,Chris Wade,Rustam Khabilov,Favorite,-2,3,0.28,-0.19,0.41,0.14,1.35,-0.1,0.06,-1,1,-1.18
UFC Fight Night - Overeem vs. Arlovski,Garreth McLellan,Magnus Cedenblad,Favorite,-4,-7,1.18,0.03,-0.08,0.05,-1.72,-0.42,-0.32,-0.1,-1,2.29
UFC Fight Night - Overeem vs. Arlovski,Josh Emmett,Jon Tuck,Underdog,-5,-3,1.04,-0.04,0.87,0.01,0.49,0.04,-0.04,-0.9,0,0.59
UFC Fight Night - Overeem vs. Arlovski,Reza Madadi,Yan Cabral,Underdog,0,0,0.49,-0.01,1.33,0.04,0.28,-0.02,0.52,-0.7,4,0.86
UFC Fight Night - Overeem vs. Arlovski,Neil Seery,Kyoji Horiguchi,Favorite,1,2,0.04,0.04,-1.34,0.04,1.22,0.17,0.02,-1.6,-11,-5.05
UFC Fight Night - Overeem vs. Arlovski,Dominic Waters,Leon Edwards,Favorite,-1,5,-2.27,-0.3,0.19,-0.15,2.82,0.18,-0.42,-0.4,3,1.93
UFC Fight Night - Overeem vs. Arlovski,Yuta Sasaki,Willie Gates,Underdog,2,-1,0.36,0.03,-1.78,0.12,3.03,0.43,-0.26,0.8,-3,0.48
UFC 198 - Werdum vs. Miocic,Stipe Miocic,Fabricio Werdum,Underdog,0,-3,-1.23,-0.01,-1.18,0.01,-0.11,-0.03,-0.37,1.2,5,-0.83
UFC 198 - Werdum vs. Miocic,Vitor Belfort,Ronaldo Souza,Favorite,1,-2,0.94,0.01,0,0.12,1.55,-0.21,0.04,0.7,-3,-2.48
UFC 198 - Werdum vs. Miocic,Leslie Smith,Cristiane Justino,Favorite,-1,2,-0.28,0.12,-6.16,0.13,0.66,0.55,0.32,0.4,-3,-12.95
UFC 198 - Werdum vs. Miocic,Mauricio Rua,Corey Anderson,Underdog,-2,-3,-0.86,0.04,0.57,-0.05,-2.88,-0.02,-0.34,0.7,8,0.71
UFC 198 - Werdum vs. Miocic,Bryan Barberena,Warlley Alves,Underdog,-1,0,-2.31,0,-0.64,0.06,1.09,0.28,0.12,0.5,-2,-4.59
UFC 198 - Werdum vs. Miocic,Matt Brown,Demian Maia,Favorite,1,-3,-1.96,-0.12,-0.85,0.08,0.81,-0.22,-0.02,-0.3,3,-2.61
UFC 198 - Werdum vs. Miocic,Nate Marquardt,Thiago Santos,Favorite,-2,-2,-1.01,0.01,-0.25,0.02,0.99,0.18,0.05,0.7,5,2.69
UFC 198 - Werdum vs. Miocic,Yancy Medeiros,Francisco Trinaldo,Favorite,1,5,1.23,-0.08,3,-0.13,-0.65,0.08,0.13,0.2,-9,1.59
UFC 198 - Werdum vs. Miocic,Rob Font,John Lineker,Favorite,-5,-4,-0.17,-0.05,0.62,0,-0.33,0.23,0.21,0.3,-3,-0.71
UFC 198 - Werdum vs. Miocic,Rogerio Nogueira,Patrick Cummins,Underdog,0,1,1.83,0.15,1.01,-0.04,3.85,-0.03,-0.34,-0.7,-4,-1.77
UFC 198 - Werdum vs. Miocic,Renato Moicano,Zubaira Tukhugov,Underdog,3,4,1.21,0.09,0.61,-0.03,-0.24,0.06,-0.28,0.6,2,0.8
UFC Fight Night - Almeida vs. Garbrandt,Cody Garbrandt,Thomas Almeida,Underdog,-1,5,1.86,0.03,1.17,0.01,-0.86,-0.2,-0.05,0,0,-1.01
UFC Fight Night - Almeida vs. Garbrandt,Jeremy Stephens,Renan Barao,Underdog,-3,-1,0.61,-0.04,0.85,-0.01,0.33,0.03,0.26,0.1,0,-0.83
UFC Fight Night - Almeida vs. Garbrandt,Tarec Saffiedine,Rick Story,Favorite,1,-1,0.25,0.06,0.89,0,-2.01,-0.12,0.21,-0.8,-2,0.19
UFC Fight Night - Almeida vs. Garbrandt,Chris Camozzi,Vitor Miranda,Underdog,-1,2,-0.59,0.01,-0.01,0.02,0.68,0.36,-0.07,-0.3,8,-0.32
UFC Fight Night - Almeida vs. Garbrandt,Jorge Masvidal,Lorenz Larkin,Favorite,0,2,0.52,0.01,0.31,0.01,1.11,0.17,-0.07,0.2,2,0
UFC Fight Night - Almeida vs. Garbrandt,Josh Burkman,Paul Felder,Favorite,1,-2,1.01,0.01,0.31,-0.03,-2.24,-0.08,-0.08,-0.1,-4,2.3
UFC Fight Night - Almeida vs. Garbrandt,Jessica Eye,Sara McMann,Favorite,0,0,1.6,-0.09,2.27,0.08,-3.8,-0.25,0.07,0,-6,0.45
UFC Fight Night - Almeida vs. Garbrandt,Jordan Rinaldi,Abel Trujillo,Favorite,-2,-2,1.09,0.06,-0.01,0,0.73,0.1,0.2,-0.8,4,-2.34
UFC Fight Night - Almeida vs. Garbrandt,Alberto Emiliano Pereira,Jake Collier,Favorite,0,0,4.01,-0.08,1.59,0.05,-2.12,-0.17,0.01,0.06,-4,-0.14
UFC Fight Night - Almeida vs. Garbrandt,Erik Koch,Shane Campbell,Underdog,-2,0,-1.66,-0.17,-0.37,-0.08,-0.34,0.14,-0.01,1,-2,0.55
UFC Fight Night - Almeida vs. Garbrandt,Bryan Caraway,Aljamain Sterling,Underdog,-1,3,2.08,0.18,-1.31,0.04,-0.26,0.02,-0.35,-0.1,-5,-2.66
UFC Fight Night - Almeida vs. Garbrandt,Chris de la Rocha,Adam Milstead,Favorite,0,4,0.23,-0.01,1.58,0,2.02,0.3,-0.31,1,9,1.84
UFC 199 - Rockhold vs Bisping 2,Michael Bisping,Luke Rockhold,Underdog,2,2,-0.23,0.11,-0.03,-0.12,-0.35,-0.14,0.02,0.7,-6,-5.21
UFC 199 - Rockhold vs Bisping 2,Urijah Faber,Dominick Cruz,Favorite,2,1,1.26,-0.07,0.02,0.06,1.28,0.12,0.25,-0.7,-6,-3.43
UFC 199 - Rockhold vs Bisping 2,Ricardo Lamas,Max Holloway,Favorite,3,-2,4.04,0.01,1.85,0.02,-1.59,0.2,0.38,-0.6,-10,-2.16
UFC 199 - Rockhold vs Bisping 2,Dan Henderson,Hector Lombard,Underdog,2,3,-0.58,0.01,-0.65,-0.02,-0.17,0.04,-0.2,-0.2,7,2.84
UFC 199 - Rockhold vs Bisping 2,Bobby Green,Dustin Poirier,Favorite,-1,1,-1,-0.01,0.61,-0.09,0.14,-0.02,-0.11,1.1,-2,-0.99
UFC 199 - Rockhold vs Bisping 2,Clay Guida,Brian Ortega,Favorite,-1,1,-1.43,-0.05,-3.53,0.12,1.96,0.09,0.1,-0.6,9,1.78
UFC 199 - Rockhold vs Bisping 2,James Vick,Beneil Dariush,Favorite,-5,-4,-0.35,0.09,-0.66,-0.03,1.64,0.01,0.23,0.2,-2,-0.66
UFC 199 - Rockhold vs Bisping 2,Jessica Penne,Jessica Andrade,Favorite,4,5,-4.1,-0.19,-0.62,-0.09,-1.05,-0.34,-0.36,0.3,9,0.1
UFC 199 - Rockhold vs Bisping 2,Alex Caceres,Cole Miller,Underdog,-3,0,1.21,0.16,-0.79,0.03,-0.06,0.32,0.26,-1.1,-5,1.04
UFC 199 - Rockhold vs Bisping 2,Sean Strickland,Tom Breese,Underdog,2,-3,-2.57,0.09,-1.52,-0.02,-0.85,-0.64,-0.07,0.9,-1,-0.15
UFC 199 - Rockhold vs Bisping 2,Luis Henrique da Silva,Jonathan Wilson,Underdog,-1,-1,-0.97,-0.12,0.37,0.16,0.12,0.86,0.58,-0.2,2,-1.02
UFC 199 - Rockhold vs Bisping 2,Dong Hyun Ma,Marco Polo Reyes,Favorite,0,1,3.16,-0.04,1.42,0.05,-1.27,-0.53,0.13,0,4,-0.05
UFC Fight Night - MacDonald vs. Thompson,Stephen Thompson,Rory MacDonald,Underdog,0,1,-0.36,-0.04,-0.23,0.08,1.51,0.06,0.23,0.4,-7,-0.12
UFC Fight Night - MacDonald vs. Thompson,Patrick Cote,Donald Cerrone,Favorite,2,-2,1.6,-0.02,1.27,0.05,0.48,0.13,0.3,1,-3,-0.67
UFC Fight Night - MacDonald vs. Thompson,Sean O'Connell,Steve Bosse,Favorite,-2,-2,0.53,0.04,-1.39,0.05,0.92,0.33,0.7,-0.5,2,-0.51
UFC Fight Night - MacDonald vs. Thompson,Thibault Gouti,Olivier Aubin-Mercier,Favorite,-1,-2,-1.2,0.17,-2.67,0.05,1.13,-0.47,-0.13,0.2,-2,-2.99
UFC Fight Night - MacDonald vs. Thompson,Joanne Wood,Valerie Letourneau,Underdog,1,3,-2.59,-0.14,0.51,0.07,-0.75,-0.1,0.08,0,3,-0.82
UFC Fight Night - MacDonald vs. Thompson,Leandro Silva,Jason Saggo,Favorite,2,-1,0.11,-0.09,0.86,-0.11,0.57,0.03,-0.42,-0.4,0,-0.25
UFC Fight Night - MacDonald vs. Thompson,Ion Cutelaba,Misha Cirkunov,Favorite,2,2,-0.58,0.08,-0.37,0.1,-0.02,-0.18,0,1.7,7,-1.31
UFC Fight Night - MacDonald vs. Thompson,Krzysztof Jotko,Tamdan McCrory,Underdog,3,-1,-0.91,0.07,-0.63,-0.11,0.95,0.11,-0.49,2.4,3,-1.17
UFC Fight Night - MacDonald vs. Thompson,Chris Beal,Joe Soto,Favorite,-1,-4,-0.09,0.06,2.19,0.06,-0.75,-0.37,-0.08,1.7,-1,-0.17
UFC Fight Night - MacDonald vs. Thompson,Sam Alvey,Elias Theodorou,Favorite,-1,0,0.91,-0.02,-1.24,0.01,1.21,0.14,-0.23,-0.1,-3,-1.82
UFC Fight Night - MacDonald vs. Thompson,Jocelyn Jones-Lybarger,Randa Markos,Favorite,-3,-1,0.01,0.12,-1.73,0.02,0.78,0.03,-0.29,0.2,0,-0.44
UFC Fight Night - MacDonald vs. Thompson,Jonathan Meunier,Colby Covington,Favorite,4,3,-0.41,0.12,-1.55,0.14,-3.21,-0.11,-0.09,-0.2,0,1.81
UFC Fight Night - MacDonald vs. Thompson,Geane Herrera,Ali Bagautinov,Favorite,-1,-1,1.34,0.11,-1.98,0,1.68,-0.01,0.27,-0.3,5,-1.85
UFC Fight Night - Dos Anjos vs. Alvarez,Eddie Alvarez,Rafael dos Anjos,Underdog,-1,1,-0.84,0.06,-1.18,0.05,-0.97,-0.01,-0.37,0.1,-1,-2.25
UFC Fight Night - Dos Anjos vs. Alvarez,Derrick Lewis,Roy Nelson,Underdog,-3,-6,-0.3,-0.14,2.31,0.06,0.57,0.01,0.13,0.1,8,-0.1
UFC Fight Night - Dos Anjos vs. Alvarez,Belal Muhammad,Alan Jouban,Favorite,1,1,1.12,0.07,0.13,0.03,-1.47,0.09,-0.35,0.1,7,-0.29
UFC Fight Night - Dos Anjos vs. Alvarez,Mitch Clarke,Joseph Duffy,Favorite,0,0,0.33,0,0.51,0.07,0.32,0.51,0.14,0.3,-2,-3.25
UFC Fight Night - Dos Anjos vs. Alvarez,Alberto Mina,Mike Pyle,Underdog,0,-3,-0.49,0.07,-0.86,0.13,-0.05,0.15,0.2,1.5,6,-0.18
UFC Fight Night - Dos Anjos vs. Alvarez,Mehdi Baghdad,John Makdessi,Favorite,-5,-7,2.39,0.19,-0.41,0.22,0,0,0.53,0,0,-0.43
UFC Fight Night - Dos Anjos vs. Alvarez,Dileno Lopes,Anthony Birchak,Favorite,3,3,1.56,0,0.34,0.03,-2.02,-0.17,-0.39,-1,-1,-1.59
UFC Fight Night - Dos Anjos vs. Alvarez,Russell Doane,Pedro Munhoz,Favorite,1,5,-3.57,-0.03,-4.55,-0.03,1.6,0.27,-0.3,0.3,0,1.5
UFC Fight Night - Dos Anjos vs. Alvarez,Jerrod Sanders,Felipe Arantes,Favorite,0,1,1.49,-0.19,1.52,0.18,-1.27,0.14,-0.09,-0.9,-8,-0.78
UFC Fight Night - Dos Anjos vs. Alvarez,Lukasz Sajewski,Gilbert Burns,Favorite,2,0,1.23,0.13,-0.46,-0.03,1.23,0.13,-0.16,0.5,4,-1.86
UFC Fight Night - Dos Anjos vs. Alvarez,Marco Beltran,Reginaldo Vieira,Underdog,-1,-4,1.69,0.03,0.96,-0.04,1.27,-0.23,-0.21,0.6,3,-0.4
UFC Fight Night - Dos Anjos vs. Alvarez,Alvaro Herrera,Vicente Luque,Favorite,-1,1,3.18,0.14,1.81,-0.03,1,0.53,0.29,-0.5,-2,3.17
UFC - The Ultimate Fighter 23 Finale,Claudia Gadelha,Joanna Jedrzejczyk,Favorite,2,2,2.97,0.07,-1.32,0.05,-2.76,0.2,0.22,-0.6,1,-0.27
UFC - The Ultimate Fighter 23 Finale,Khalil Rountree,Andrew Sanchez,Favorite,0,-2,0.46,0.04,0.92,0,2.55,0.36,0.42,-0.1,2,-0.95
UFC - The Ultimate Fighter 23 Finale,Amanda Cooper,Tatiana Suarez,Favorite,2,2,0.72,0.19,-1.82,0,4.67,0.23,0.72,-0.9,1,-3.08
UFC - The Ultimate Fighter 23 Finale,Ross Pearson,Will Brooks,Favorite,-2,-3,-0.58,-0.19,1.55,0.06,-1.34,-0.16,-0.07,-0.3,2,3.11
UFC - The Ultimate Fighter 23 Finale,Thiago Tavares,Doo Ho Choi,Favorite,3,0,2.74,0.13,2.6,-0.08,-3.54,-0.22,-0.12,-1.5,-6,-1.44
UFC - The Ultimate Fighter 23 Finale,Andrew Holbrook,Joaquim Silva,Favorite,3,1,-1.46,0.06,-1.53,0.01,0.46,-0.32,-0.59,1.3,3,0.23
UFC - The Ultimate Fighter 23 Finale,Fernando Bruno,Gray Maynard,Favorite,-3,1,-0.17,0.07,-0.86,-0.18,-0.89,-0.25,-0.25,-0.2,-3,0.84
UFC - The Ultimate Fighter 23 Finale,Matheus Nicolau,John Moraga,Underdog,0,0,-1.05,-0.09,-0.64,-0.1,-0.76,-0.22,-0.49,0.3,9,-0.81
UFC - The Ultimate Fighter 23 Finale,Cory Hendricks,Josh Stansbury,Favorite,1,-1,-0.09,-0.15,0.53,-0.12,0,0,0.13,-1,-3,0.51
UFC - The Ultimate Fighter 23 Finale,Cezar Ferreira,Anthony Smith,Underdog,-3,2,-1.33,-0.06,-2.03,0.07,2.2,0.27,0.35,-0.2,4,0.49
UFC - The Ultimate Fighter 23 Finale,Kevin Lee,Jake Matthews,Underdog,2,-4,-0.58,0.03,-1.04,0.1,-1.59,-0.03,-0.13,-0.2,-2,-0.52
UFC - The Ultimate Fighter 23 Finale,Anton Zafir,Li Jingliang,Favorite,1,-1,1.47,-0.22,1.53,0.05,-4.86,-0.19,0.6,0,-1,-2.52
UFC 200 - Tate vs. Nunes,Brock Lesnar,Mark Hunt,Underdog,5,9,0.72,0.29,-0.79,-0.01,3.39,0,-0.04,0.3,-4,0.71
UFC 200 - Tate vs. Nunes,Amanda Nunes,Miesha Tate,Underdog,-2,-4,-1.93,-0.06,0.36,-0.06,-0.71,-0.23,-0.27,0.6,2,-1.84
UFC 200 - Tate vs. Nunes,Jose Aldo,Frankie Edgar,Underdog,1,2,-0.14,0.06,0.91,-0.05,-1.78,0.22,0.26,-0.2,-5,0.06
UFC 200 - Tate vs. Nunes,Anderson Silva,Daniel Cormier,Favorite,-3,-5,1.2,-0.09,0.87,-0.06,1.33,-0.33,0.11,-0.4,-4,-3.82
UFC 200 - Tate vs. Nunes,Travis Browne,Cain Velasquez,Favorite,-5,-2,3.44,0.16,-1.98,0.15,3.92,-0.23,0.1,0.2,0,-2.1
UFC 200 - Tate vs. Nunes,Raphael Assuncao,T.J. Dillashaw,Favorite,1,1,1.87,-0.01,0.97,-0.04,-0.09,-0.09,-0.01,0.6,-3,-2.77
UFC 200 - Tate vs. Nunes,Julianna Pena,Cat Zingano,Underdog,0,-1,-0.59,0.14,-0.67,-0.03,0.83,0.1,0.19,0,7,-0.65
UFC 200 - Tate vs. Nunes,Johny Hendricks,Kelvin Gastelum,Favorite,0,-2,-0.06,0.04,0.76,-0.05,2.87,0.16,0.04,0.2,8,0.04
UFC 200 - Tate vs. Nunes,Enrique Marin,Sage Northcutt,Favorite,2,-4,2.15,0.19,-1.04,0.08,-0.69,-0.04,-0.19,-0.4,-9,-2.75
UFC 200 - Tate vs. Nunes,Joe Lauzon,Diego Sanchez,Underdog,0,-1,0.15,0.02,2.37,-0.02,0.88,0.21,0.08,1.2,-2,0.14
UFC 200 - Tate vs. Nunes,Thiago Santos,Gegard Mousasi,Favorite,0,0,0.03,0.02,-1.36,0.15,0.71,0.27,-0.06,1,-2,-1.82
UFC 200 - Tate vs. Nunes,Takanori Gomi,Jim Miller,Favorite,1,1,-0.82,0.01,-0.02,-0.04,0.3,-0.21,-0.16,0.9,-5,-2.03
UFC Fight Night 91 - McDonald vs. Lineker,Michael McDonald,John Lineker,Favorite,-8,-5,5.36,0.4,3.87,0.06,0.56,0.58,0.67,0.6,-26,-0.83
UFC Fight Night 91 - McDonald vs. Lineker,Michael McDonald,John Lineker,Favorite,-6,-3,2.67,-0.02,1.51,-0.01,-0.53,-0.08,0.15,-0.8,0,-0.83
UFC Fight Night 91 - McDonald vs. Lineker,Lando Vannata,Tony Ferguson,Favorite,2,5,0.42,0,-0.35,0,-0.7,-0.02,-0.02,0.6,8,-5.9
UFC Fight Night 91 - McDonald vs. Lineker,Tim Boetsch,Josh Samman,Underdog,-3,-5,0.85,-0.02,0.43,0.23,0.36,0.01,0.26,0.4,7,1.47
UFC Fight Night 91 - McDonald vs. Lineker,Louis Smolka,Ben Nguyen,Underdog,4,3,1.16,0.07,1.1,-0.06,1.44,0.02,-0.31,0.8,-3,0.35
UFC Fight Night 91 - McDonald vs. Lineker,Daniel Omielanczuk,Aleksei Oleinik,Underdog,2,6,0.2,-0.09,0.51,-0.03,1.26,0.2,-0.31,1.8,5,-1.22
UFC Fight Night 91 - McDonald vs. Lineker,Keita Nakamura,Kyle Noke,Underdog,2,3,1,0.14,-1.11,0.06,-0.12,0.06,0.03,0.5,4,-0.87
UFC Fight Night 91 - McDonald vs. Lineker,Katlyn Chookagian,Lauren Murphy,Underdog,-4,-1,-0.53,0.05,0.77,-0.07,0.72,0.1,0.19,-0.2,5,-1.14
UFC Fight Night 91 - McDonald vs. Lineker,Eric Spicely,Sam Alvey,Favorite,1,2,-0.43,-0.01,-2.09,-0.03,-1.25,-0.06,0.07,-0.9,1,-2.07
UFC Fight Night 91 - McDonald vs. Lineker,Cortney Casey,Cristina Stanciu,Underdog,4,3,1.79,-0.11,0.93,0.03,-0.46,-0.69,-0.01,-1.2,7,0.72
UFC Fight Night 91 - McDonald vs. Lineker,Cody Pfister,Scott Holtzman,Favorite,-1,-4,2.91,0.22,0.86,0.04,-0.94,0.26,0.67,0.2,7,-2.19
UFC Fight Night 91 - McDonald vs. Lineker,Rani Yahya,Matthew Lopez,Underdog,-1,-2,-1.42,-0.12,-1.65,-0.05,-0.59,-0.3,-0.42,0.5,2,0.81
UFC Fight Night 91 - McDonald vs. Lineker,Alex Nicholson,Devin Clark,Underdog,4,2,1.09,-0.11,1.41,0.03,-2.17,-0.32,-0.08,0.4,0,1.58
UFC on Fox 20 - Holm vs. Shevchenko,Valentina Shevchenko,Holly Holm,Underdog,3,3,-0.15,-0.12,0.81,-0.07,-1.69,-0.33,0.05,-0.3,6,-1.75
UFC on Fox 20 - Holm vs. Shevchenko,Gilbert Melendez,Edson Barboza,Favorite,2,2,0.67,0.11,2.12,-0.07,-1.19,0.09,0.01,-0.1,-4,-1.27
UFC on Fox 20 - Holm vs. Shevchenko,Bojan Mihajlovic,Francis Ngannou,Favorite,5,10,1.1,0.06,-3.79,-0.06,0.76,0.62,0.38,0.3,-7,-4.83
UFC on Fox 20 - Holm vs. Shevchenko,Felice Herrig,Kailin Curran,Underdog,0,0,-0.05,-0.06,0.44,-0.05,-0.92,-0.29,0.14,0.2,6,0.05
UFC on Fox 20 - Holm vs. Shevchenko,Eddie Wineland,Frankie Saenz,Underdog,1,3,-0.54,-0.18,0.26,0.16,-1.4,0.02,0.25,0,-4,0.72
UFC on Fox 20 - Holm vs. Shevchenko,Godofredo Pepey,Darren Elkins,Favorite,3,-2,1.12,0,0.04,0.05,2.48,0.28,0.21,-0.4,4,-1.62
UFC on Fox 20 - Holm vs. Shevchenko,Alexander Yakovlev,Kamaru Usman,Favorite,3,-2,-2.62,-0.05,-0.33,0.04,-1.16,-0.1,-0.17,0,2,1.86
UFC on Fox 20 - Holm vs. Shevchenko,J.C. Cottrell,Michel Prazeres,Favorite,-3,-4,1.59,0.22,-0.24,0.12,3.15,-0.64,-0.03,0.6,8,-1.54
UFC on Fox 20 - Holm vs. Shevchenko,James Moontasri,Alex Oliveira,Favorite,1,5,0.6,0.03,-1.31,0.06,2.35,0.38,-0.16,0.4,0,-1.38
UFC on Fox 20 - Holm vs. Shevchenko,Jason Knight,Jim Alers,Underdog,-1,0,-0.05,0.07,1.36,0.05,0.95,0.1,0.33,-1.4,6,-1.09
UFC on Fox 20 - Holm vs. Shevchenko,Luis Henrique,Dmitry Smoliakov,Underdog,0,0,-0.37,-0.01,1.59,0.08,-3.09,-0.36,0.25,-1,11,0.71
UFC 201 - Lawler vs. Woodley,Tyron Woodley,Robbie Lawler,Underdog,2,0,1.49,-0.01,1.91,0.05,-0.41,0.24,-0.22,-0.4,0,-0.35
UFC 201 - Lawler vs. Woodley,Karolina Kowalkiewicz,Rose Namajunas,Underdog,2,1,-2.02,-0.02,-2.04,0.05,1.04,0.24,-0.14,0.3,-7,-1.18
UFC 201 - Lawler vs. Woodley,Jake Ellenberger,Matt Brown,Underdog,3,4,1.29,0.16,0.09,-0.05,-0.36,-0.01,-0.23,0.9,4,-2.25
UFC 201 - Lawler vs. Woodley,Francisco Rivera,Erik Perez,Favorite,0,-2,-0.91,-0.01,-1.07,-0.02,2.15,-0.08,0.01,-0.4,-8,-0.66
UFC 201 - Lawler vs. Woodley,Ryan Benoit,Freddy Serrano,Underdog,-2,-3,-1.3,-0.13,-1.76,0.03,2.56,0.03,0.12,-0.4,10,0.06
UFC 201 - Lawler vs. Woodley,Ed Herman,Nikita Krylov,Favorite,2,0,1.07,0.07,-1.24,0.02,0.33,-0.09,-0.06,0.4,-11,-1.58
UFC 201 - Lawler vs. Woodley,Ross Pearson,Jorge Masvidal,Favorite,-3,-5,-0.37,-0.07,1.04,-0.02,-0.64,-0.24,0.03,-0.3,0,1.91
UFC 201 - Lawler vs. Woodley,Damian Grabowski,Anthony Hamilton,Favorite,-4,-1,0.09,-0.29,4.63,0.06,-2.62,-0.42,-0.78,0,0,0.4
UFC 201 - Lawler vs. Woodley,Hector Sandoval,Wilson Reis,Favorite,-2,-1,1.48,0.23,-0.71,0.1,-1.66,-0.17,0.24,0.8,-2,2.77
UFC 201 - Lawler vs. Woodley,Cesar Arzamendia,Damien Brown,Favorite,-1,-3,-1.71,-0.07,-0.34,-0.06,-6.64,-0.48,0.53,-1.7,6,-0.14
UFC Fight Night 92 - Rodriguez vs. Caceres,Alex Caceres,Yair Rodriguez,Favorite,1,-2,0.44,-0.03,0.9,-0.1,0.15,-0.41,-0.06,0,-4,-2.07
UFC Fight Night 92 - Rodriguez vs. Caceres,Rony Jason,Dennis Bermudez,Favorite,-1,-7,2.38,0.02,-0.07,0.06,3.3,0.1,0.46,0.3,-3,-1.71
UFC Fight Night 92 - Rodriguez vs. Caceres,Chris Camozzi,Thales Leites,Favorite,-1,3,-1.44,-0.04,0.03,-0.04,1.83,0.08,-0.27,0.6,5,-0.94
UFC Fight Night 92 - Rodriguez vs. Caceres,Zak Cummings,Santiago Ponzinibbio,Favorite,0,2,-1.94,-0.06,-1.76,-0.06,0.14,-0.02,0.06,0.6,2,0.21
UFC Fight Night 92 - Rodriguez vs. Caceres,Trevor Smith,Joseph Gigliotti,Underdog,4,6,2.25,0.16,0.39,0.06,0.14,-0.68,0.1,-0.1,13,0.35
UFC Fight Night 92 - Rodriguez vs. Caceres,Danielle Taylor,Maryna Moroz,Favorite,7,7,1.67,0.04,1.58,-0.2,0.5,0.04,-0.28,0.4,-2,-1.96
UFC Fight Night 92 - Rodriguez vs. Caceres,Dominique Steele,Court McGee,Favorite,1,1,2.28,-0.12,1.2,0.11,-1.11,-0.17,-0.07,0.4,3,-1.38
UFC Fight Night 92 - Rodriguez vs. Caceres,Viktor Pesta,Marcin Tybura,Favorite,0,1,2.02,0.12,0.81,-0.01,-1.86,0.05,-0.21,0.1,5,-0.51
UFC Fight Night 92 - Rodriguez vs. Caceres,Jason Novelli,David Teymur,Favorite,-3,-3,2.96,0.19,-0.02,-0.11,0.24,0,-0.23,0,-9,-0.76
UFC Fight Night 92 - Rodriguez vs. Caceres,Horacio Gutierrez,Teruto Ishihara,Favorite,-3,0,2.4,0.18,0.72,0.07,0.5,0.16,-0.2,0,-1,-1.54
UFC Fight Night 92 - Rodriguez vs. Caceres,Tatsuya Kawajiri,Cub Swanson,Favorite,1,1,2.66,0.06,1.83,0.09,-2.54,0.04,-0.02,-0.7,-6,-2.37
UFC Fight Night 92 - Rodriguez vs. Caceres,Chase Sherman,Justin Ledet,Favorite,0,2,-2.69,-0.06,-1.83,-0.03,0.14,0,-0.32,0.2,1,-0.37
UFC 202 - Diaz vs. McGregor 2,Nate Diaz,Conor McGregor,Favorite,-3,-2,0.75,0.04,0.89,0.02,-0.38,0.25,0.25,-1.2,-4,-0.27
UFC 202 - Diaz vs. McGregor 2,Glover Teixeira,Anthony Johnson,Favorite,0,2,-0.48,-0.02,-2.6,0.09,0.32,0.24,0.17,-0.3,-4,-1.32
UFC 202 - Diaz vs. McGregor 2,Rick Story,Donald Cerrone,Favorite,4,2,0.61,0.05,2.31,-0.09,-1.37,-0.15,0.1,0.3,2,-0.33
UFC 202 - Diaz vs. McGregor 2,Mike Perry,Hyun Gyu Lim,Underdog,-5,-6,-0.13,0.06,0.09,0.01,0.58,-0.6,0.05,0,-7,1.88
UFC 202 - Diaz vs. McGregor 2,Sabah Homasi,Tim Means,Favorite,2,3,0.1,0.01,-3.27,0.13,-1.64,-0.1,-0.01,0.2,5,-3.14
UFC 202 - Diaz vs. McGregor 2,Takeya Mizugaki,Cody Garbrandt,Favorite,1,-4,-0.39,0.03,0.49,0.03,-0.43,-0.23,0.1,-0.1,-8,-3.96
UFC 202 - Diaz vs. McGregor 2,Elizabeth Phillips,Raquel Pennington,Favorite,1,2,1.54,0.19,0.22,0.02,0.15,0.02,0.1,0.5,-2,-1.9
UFC 202 - Diaz vs. McGregor 2,Chris Avila,Artem Lobov,Favorite,-1,-8,1.15,0.11,0.65,0.02,0.39,0.25,0.06,0,6,-0.2
UFC 202 - Diaz vs. McGregor 2,Cortney Casey,Randa Markos,Underdog,-3,-4,-1.32,0.04,-0.9,0.03,0.73,-0.03,0.13,-0.3,1,-0.53
UFC 202 - Diaz vs. McGregor 2,Lorenz Larkin,Neil Magny,Underdog,4,8,-0.06,0,-0.32,-0.11,1.9,-0.02,-0.25,0.2,-1,-0.29
UFC 202 - Diaz vs. McGregor 2,Max Griffin,Colby Covington,Favorite,0,-4,-0.04,-0.11,-0.83,-0.02,2.34,0.03,-0.01,-0.1,-2,-2.62
UFC 202 - Diaz vs. McGregor 2,Alberto Emiliano Pereira,Marvin Vettori,Favorite,-3,-4,2.77,-0.07,0.75,0.11,-1.17,-0.05,0.03,0.5,-9,0.87
UFC on Fox 21 - Condit vs. Maia,Demian Maia,Carlos Condit,Underdog,1,3,1.86,-0.04,0.6,-0.08,-1.9,0.22,-0.23,0,-6,-0.21
UFC on Fox 21 - Condit vs. Maia,Charles Oliveira,Anthony Pettis,Favorite,0,-2,-0.34,-0.06,0.24,0.03,-1.56,0.1,0.05,-1.7,3,-1.32
UFC on Fox 21 - Condit vs. Maia,Bec Rawlings,Paige VanZant,Favorite,-2,1,-1.13,0.1,-3.04,-0.15,0.56,-0.07,-0.34,0.6,-5,-1.41
UFC on Fox 21 - Condit vs. Maia,Jim Miller,Joe Lauzon,Underdog,2,0,-0.15,-0.03,1.89,-0.02,0.86,0.01,0.07,0.3,0,-0.51
UFC on Fox 21 - Condit vs. Maia,Kevin Casey,Sam Alvey,Favorite,3,-2,1.01,-0.09,-0.13,0.06,-0.73,-0.08,0.55,-0.3,-4,-1.8
UFC on Fox 21 - Condit vs. Maia,Enrique Barzola,Kyle Bochniak,Favorite,0,0,1.28,0.1,-2.14,0.1,3.06,0.3,0.04,0.3,-2,0.84
UFC on Fox 21 - Condit vs. Maia,Garreth McLellan,Alessio Di Chirico,Favorite,1,-2,0.24,0.15,-0.5,-0.16,-0.31,-0.17,-0.49,0.9,7,2.23
UFC on Fox 21 - Condit vs. Maia,Felipe Silva,Shane Campbell,Underdog,0,-6,-1.41,0.09,1.39,-0.04,0.36,-0.72,0.11,0,-3,-0.72
UFC on Fox 21 - Condit vs. Maia,Thibault Gouti,Chad Laprise,Favorite,0,-1,1.1,0.08,-2.05,0.15,-0.18,-0.26,-0.05,-0.3,0,-2.54
UFC on Fox 21 - Condit vs. Maia,Alex Ricci,Jeremy Kennedy,Favorite,0,-2,0.26,-0.05,-0.05,0.17,-5.73,-0.52,-0.02,0,10,0.64
UFC Fight Night - Arlovski vs. Barnett,Andrei Arlovski,Josh Barnett,Favorite,0,-1,0.58,-0.05,1.09,0,-0.88,-0.19,0.21,-1.2,-1,0.73
UFC Fight Night - Arlovski vs. Barnett,Jan Blachowicz,Alexander Gustafsson,Favorite,3,1,0.62,-0.1,0.62,-0.02,0.44,-0.11,0.15,0.1,-4,-5.18
UFC Fight Night - Arlovski vs. Barnett,Ilir Latifi,Ryan Bader,Favorite,4,1,0.77,-0.02,-1.54,0.15,1.26,0.09,-0.2,0.1,-1,-1.36
UFC Fight Night - Arlovski vs. Barnett,Tae Hyun Bang,Nick Hein,Favorite,-3,-5,-0.07,-0.03,1.54,-0.07,0.37,0,0.26,-0.5,-1,-2.39
UFC Fight Night - Arlovski vs. Barnett,Jessin Ayari,Jim Wallhead,Underdog,2,-1,0.34,0.11,-3.06,0.09,0,0,-0.5,0.3,-9,0.51
UFC Fight Night - Arlovski vs. Barnett,Peter Sobotta,Nicolas Dalby,Underdog,-1,-1,1.89,0.03,0.53,-0.06,-0.42,-0.02,-0.17,-0.4,2,-1.06
UFC Fight Night - Arlovski vs. Barnett,Veronica Macedo,Ashlee Evans-Smith,Favorite,4,3,0.9,-0.11,0.84,0.06,-0.13,-0.19,-0.01,-0.3,8,1.95
UFC Fight Night - Arlovski vs. Barnett,Leandro Issa,Taylor Lapilus,Favorite,1,-4,-1.83,-0.09,0.8,-0.03,2.01,-0.18,-0.27,0.8,8,0.73
UFC Fight Night - Arlovski vs. Barnett,Jack Hermansson,Scott Askham,Underdog,2,-2,-2.06,0.02,-0.17,-0.04,-1.09,-0.12,-0.15,0.3,1,-0.01
UFC Fight Night - Arlovski vs. Barnett,Leandro Silva,Rustam Khabilov,Favorite,-1,1,-0.41,-0.14,0.08,0.02,2.19,0.04,-0.04,-0.3,-1,-3.5
UFC 203 - Miocic vs. Overeem,Alistair Overeem,Stipe Miocic,Favorite,0,0,1.15,-0.11,1.38,-0.03,0.44,-0.21,-0.05,-0.8,-3,-0.15
UFC 203 - Miocic vs. Overeem,Travis Browne,Fabricio Werdum,Favorite,-2,-2,0.66,0.11,-1.67,0.13,0.54,-0.37,-0.44,1,5,-1.38
UFC 203 - Miocic vs. Overeem,Phil Brooks,Mickey Gall,Favorite,1,1,1.84,0.23,-0.62,0.09,0.34,0.19,0.36,1.9,-13,-3.64
UFC 203 - Miocic vs. Overeem,Urijah Faber,Jimmie Rivera,Favorite,2,-1,-1.38,0,-1.31,0.04,0.66,0.03,-0.34,0.7,11,0.87
UFC 203 - Miocic vs. Overeem,Joanne Wood,Jessica Andrade,Favorite,5,3,0.48,0.01,-0.48,-0.04,-0.85,0,-0.14,0,6,0.49
UFC 203 - Miocic vs. Overeem,Bethe Correia,Jessica Eye,Underdog,1,2,-0.51,-0.06,-0.74,-0.01,0.19,0.22,-0.28,0.5,-3,-0.59
UFC 203 - Miocic vs. Overeem,Caio Magalhaes,Brad Tavares,Favorite,0,1,1.11,0.03,0.37,-0.01,-0.27,0.11,0.23,-1.6,0,-1.15
UFC 203 - Miocic vs. Overeem,Michael McBride,Nik Lentz,Favorite,5,7,0.64,0.01,2.6,-0.1,-1.45,0.1,-0.13,0,-1,3.61
UFC 203 - Miocic vs. Overeem,Jason Gonzalez,Drew Dober,Favorite,6,4,-1.28,-0.01,-1.1,0.07,-0.71,-0.18,-0.26,0.9,-1,0.85
UFC 203 - Miocic vs. Overeem,Sean Spencer,Yancy Medeiros,Favorite,0,1,0.12,0.05,1.65,-0.13,0.19,0.17,0.05,0.7,0,-0.38
UFC Fight Night 94 - Poirier vs. Johnson,Michael Johnson,Dustin Poirier,Underdog,-1,-1,1.18,0.12,0.53,-0.04,0.71,-0.05,-0.18,1.4,-2,-0.87
UFC Fight Night 94 - Poirier vs. Johnson,Urijah Hall,Derek Brunson,Favorite,1,-2,0.28,-0.01,-0.8,-0.03,2.6,-0.05,0.21,0.5,1,1.32
UFC Fight Night 94 - Poirier vs. Johnson,Rick Glenn,Evan Dunham,Favorite,-2,0,1.39,-0.04,-0.56,0.1,1.27,0.2,0.11,0.6,7,-2.68
UFC Fight Night 94 - Poirier vs. Johnson,Roan Carneiro,Kenny Robertson,Underdog,1,2,-2.26,-0.01,-1.2,0.1,1.68,0.16,0.26,0.6,5,0.15
UFC Fight Night 94 - Poirier vs. Johnson,Chris Wade,Islam Makhachev,Favorite,0,0,-0.76,-0.07,0.48,-0.1,-0.57,-0.09,-0.35,0.1,4,0.3
UFC Fight Night 94 - Poirier vs. Johnson,Maximo Blanco,Chas Skelly,Favorite,3,1,-2.1,-0.04,0.02,-0.17,-0.11,-0.02,-0.24,2,-1,-1.16
UFC Fight Night 94 - Poirier vs. Johnson,Gabriel Benitez,Sam Sicilia,Underdog,0,-4,-2.8,-0.08,-0.94,-0.04,1.23,-0.07,0.15,0,3,-0.44
UFC Fight Night 94 - Poirier vs. Johnson,Augusto Montano,Belal Muhammad,Favorite,2,1,-1.09,0.03,-0.98,-0.01,-1.98,-0.35,-0.27,-0.2,4,3.65
UFC Fight Night 94 - Poirier vs. Johnson,Leonardo Guimaraes,Antonio Carlos Junior,Favorite,2,6,-0.4,-0.14,-0.85,0.08,3.42,0.39,0.01,-0.2,-8,-1.91
UFC Fight Night 94 - Poirier vs. Johnson,Jose Quinonez,Joey Gomez,Underdog,2,4,-1.16,-0.17,1.46,-0.09,-2.08,0.53,0.08,-0.6,4,-0.63
UFC Fight Night 94 - Poirier vs. Johnson,Jose Quinonez,Joey Gomez,Underdog,2,2,0.13,0.04,0.33,-0.14,-0.7,-0.19,-0.42,-0.6,1,-0.63
UFC Fight Night 94 - Poirier vs. Johnson,Erick Montano,Randy Brown,Favorite,-3,-5,-1.58,-0.02,-1.27,0.1,1.51,-0.03,-0.08,-0.5,5,3.55
UFC Fight Night 95 - Brasilia,Lina Lansberg,Cristiane Justino,Favorite,1,3,4.59,-0.03,-1.62,0.2,0.14,0.28,0.47,0.3,-4,-8.4
UFC Fight Night 95 - Brasilia,Phillipe Nover,Renan Barao,Favorite,-3,-2,1.99,0.01,1.42,0.01,0.5,0.13,0.47,-0.2,-3,-3.86
UFC Fight Night 95 - Brasilia,Antonio Silva,Roy Nelson,Favorite,4,9,0.71,0.09,-1.7,0.04,-0.32,0.02,0.01,0.7,-3,3.66
UFC Fight Night 95 - Brasilia,Paul Felder,Francisco Trinaldo,Favorite,-2,0,-0.57,0.01,-0.77,0.12,0.69,0.14,-0.04,0.3,5,-0.21
UFC Fight Night 95 - Brasilia,Eric Spicely,Thiago Santos,Underdog,1,3,0.01,0.03,-3.15,-0.02,-0.43,0.13,-0.1,-0.9,3,-4.88
UFC Fight Night 95 - Brasilia,Mike de la Torre,Godofredo Pepey,Favorite,-4,2,-0.89,-0.01,-1.52,-0.04,0.01,-0.09,-0.48,1.5,-1,-0.32
UFC Fight Night 95 - Brasilia,Michel Prazeres,Gilbert Burns,Underdog,4,4,0.91,0.01,0.91,-0.03,-1.7,0.02,0.03,-0.1,-5,-1.67
UFC Fight Night 95 - Brasilia,Michinori Tanaka,Rani Yahya,Favorite,-1,0,0.26,-0.01,-0.09,0,-0.33,0.08,0.14,-1.6,-6,0.22
UFC Fight Night 95 - Brasilia,Dustin Ortiz,Jussier Formiga,Favorite,0,2,-1.52,-0.05,0.17,0.08,-1.19,-0.01,0.35,0.5,4,-1.12
UFC Fight Night 95 - Brasilia,Erick Silva,Luan Chagas,Underdog,0,-1,-1.66,0.01,0.99,-0.13,0.53,0.23,-0.29,1.1,9,0.47
UFC Fight Night 95 - Brasilia,Alan Patrick,Stevie Ray,Underdog,1,4,-1.91,-0.04,0.02,-0.11,2.26,-0.13,-0.12,-0.3,6,0.85
UFC Fight Night 95 - Brasilia,Hector Urbina,Vicente Luque,Favorite,0,2,4.1,0.14,2.77,0.13,1,0.53,0.24,-3.2,-4,-4.13
UFC Fight Night 95 - Brasilia,Gregor Gillespie,Glaico Franca,Underdog,5,6,-1.39,-0.1,1.16,-0.1,-4.18,-0.06,-0.24,-0.5,-4,-0.39
UFC Fight Night 96 - Lineker vs. Dodson,John Lineker,John Dodson,Underdog,0,1,2.16,0,0.69,-0.05,-0.15,0.3,-0.15,0.6,-6,0.25
UFC Fight Night 96 - Lineker vs. Dodson,Alex Oliveira,Will Brooks,Underdog,-1,-4,1.27,0.08,-0.01,0.1,-0.27,0.13,0.19,-0.3,1,-2.29
UFC Fight Night 96 - Lineker vs. Dodson,Zak Ottow,Josh Burkman,Underdog,-1,0,0.06,0.07,0.4,-0.07,1.56,0.07,0.15,-0.1,7,-1.72
UFC Fight Night 96 - Lineker vs. Dodson,Brandon Moreno,Louis Smolka,Underdog,-2,2,-0.8,-0.03,-0.48,0.06,0.05,0.11,0.31,-1.3,-2,3.67
UFC Fight Night 96 - Lineker vs. Dodson,Joachim Christensen,Luis Henrique da Silva,Favorite,0,0,0.11,0.19,1.99,-0.06,0.25,0.14,0.22,0.2,-11,-0.35
UFC Fight Night 96 - Lineker vs. Dodson,Andre Fili,Hacran Dias,Underdog,3,5,1.77,-0.04,0.8,-0.04,-0.34,0.08,-0.07,-0.2,-6,0.99
UFC Fight Night 96 - Lineker vs. Dodson,Nate Marquardt,Tamdan McCrory,Underdog,-4,-2,0.64,0,0.72,0.09,-0.41,0.01,0.37,-1.7,8,1.46
UFC Fight Night 96 - Lineker vs. Dodson,Walt Harris,Shamil Abdurakhimov,Favorite,2,1,0.64,-0.05,0.31,-0.01,-0.72,0.05,0.25,0,-2,0.32
UFC Fight Night 96 - Lineker vs. Dodson,Cody East,Curtis Blaydes,Favorite,-1,-3,0.62,-0.07,5.49,-0.19,-1.75,0.47,-0.15,0,2,1.6
UFC Fight Night 96 - Lineker vs. Dodson,Elizeu Zaleski dos Santos,Keita Nakamura,Underdog,0,0,-2.29,-0.06,-0.13,0.01,1.22,0.35,-0.05,-0.1,3,-0.17
UFC Fight Night 96 - Lineker vs. Dodson,Jonathan Wilson,Ion Cutelaba,Favorite,1,0,-1.52,0.05,2.22,0.09,-3.8,0.43,0.04,0,6,1.03
UFC Fight Night 96 - Lineker vs. Dodson,Ketlen Vieira,Kelly Faszholz,Underdog,0,-1,0.97,0.07,-0.31,0.01,-1.51,-0.44,-0.48,-0.6,7,-0.14
UFC 204 - Bisping vs. Henderson 2,Dan Henderson,Michael Bisping,Favorite,2,1,1.89,-0.09,0.01,0.14,-0.47,-0.09,0.06,0,-8,-1.77
UFC 204 - Bisping vs. Henderson 2,Vitor Belfort,Gegard Mousasi,Favorite,2,2,2.16,0.04,-1.62,0.18,0.57,0,0.06,0.5,-9,-2.63
UFC 204 - Bisping vs. Henderson 2,Jimi Manuwa,Ovince St Preux,Underdog,2,1,-0.4,-0.07,-0.65,-0.02,0.57,0.18,-0.03,0.1,-3,-0.78
UFC 204 - Bisping vs. Henderson 2,Daniel Omielanczuk,Stefan Struve,Favorite,11,10,0.03,-0.1,0.75,-0.01,0,0.2,-0.13,1.6,-5,-1.01
UFC 204 - Bisping vs. Henderson 2,Russell Doane,Mirsad Bektic,Favorite,-1,0,-0.68,-0.01,-0.12,-0.04,-1.87,-0.07,-0.4,0.4,4,4.87
UFC 204 - Bisping vs. Henderson 2,Brad Pickett,Yuri Alcantara,Favorite,3,3,-0.3,0.14,-1.84,-0.06,-1.03,0.18,0.02,0.4,-2,0.64
UFC 204 - Bisping vs. Henderson 2,Damian Stasiak,Davey Grant,Underdog,3,-1,2.91,0.06,0.72,0.03,-1.38,0.06,0.18,-0.4,4,-1.13
UFC 204 - Bisping vs. Henderson 2,Leon Edwards,Albert Tumenov,Underdog,-3,-1,1.01,-0.11,1,0.04,-1.05,-0.14,0.05,-0.4,0,-1.59
UFC 204 - Bisping vs. Henderson 2,Lukasz Sajewski,Marc Diakiese,Favorite,2,2,0.48,0.05,-1.24,-0.05,2.28,0.18,0,0,-2,-2.15
UFC 204 - Bisping vs. Henderson 2,Mike Perry,Danny Roberts,Underdog,3,3,-1.14,-0.08,-1.43,-0.02,-0.57,-0.31,-0.21,0,4,-0.06
UFC 204 - Bisping vs. Henderson 2,Leonardo Santos,Adriano Martins,Underdog,2,3,1.02,0.08,1.26,-0.11,0.05,-0.55,0.05,-0.2,3,1.32
UFC Mexico City,Tony Ferguson,Rafael dos Anjos,Underdog,-3,-6,-1.46,0.02,-1.2,0.05,1.56,0,-0.12,-0.3,-1,-0.48
UFC Mexico City,Diego Sanchez,Marcin Held,Underdog,1,1,1.28,0.03,1,0.09,-0.95,-0.22,0.09,-0.5,10,1.33
UFC Mexico City,Ricardo Lamas,Charles Oliveira,Underdog,-2,-3,-0.26,-0.06,-0.33,0.06,-0.33,-0.07,-0.09,-1.9,8,0.12
UFC Mexico City,Martin Bravo,Claudio Puelles,Underdog,-2,-1,6.1,-0.1,2.94,0.05,-0.57,-0.01,0.25,-1.2,2,0.09
UFC Mexico City,Beneil Dariush,Rashid Magomedov,Underdog,1,2,-0.62,-0.01,-0.4,0.03,1.23,-0.23,-0.09,0.7,-4,0.98
UFC Mexico City,Heather Clark,Alexa Grasso,Favorite,-1,2,0.98,-0.06,-1.67,0.08,0.08,0.41,-0.21,0.3,-13,-3.65
UFC Mexico City,Felipe Arantes,Erik Perez,Favorite,0,-5,0.79,-0.05,-0.57,0.02,2.23,0.08,0.28,-0.5,-2,-1.36
UFC Mexico City,Marco Beltran,Joe Soto,Favorite,-2,-4,1.29,0.04,3.44,0.04,0.15,-0.29,0.24,1.7,-1,-0.19
UFC Mexico City,Erick Montano,Max Griffin,Favorite,1,-3,-1.13,-0.05,-1.75,0.07,0.84,-0.05,-0.02,-0.3,0,0.75
UFC Mexico City,Enrique Briones,Douglas Silva de Andrade,Favorite,-1,-1,0.19,-0.04,-0.69,0.05,0.61,0.46,0.18,-0.4,-5,0.89
UFC Mexico City,Alex Nicholson,Sam Alvey,Favorite,-2,-2,-0.84,0.01,-1.02,0.05,0.06,0.14,0.32,-0.4,4,-1.52
UFC Mexico City,Jason Novelli,Marco Polo Reyes,Favorite,-1,-5,4.27,0.13,1.97,-0.07,-0.7,-0.33,-0.54,0,-5,-1.02
UFC Mexico City,Chris Avila,Enrique Barzola,Favorite,-3,-3,1.54,0.11,-1.2,0.2,4.2,0.45,0.2,0.3,4,-3.57
UFC 205 - New York City,Eddie Alvarez,Conor McGregor,Favorite,0,-5,-1,-0.08,-0.27,0.01,2.25,-0.19,0.26,0.4,5,0.5
UFC 205 - New York City,Karolina Kowalkiewicz,Joanna Jedrzejczyk,Favorite,3,1,0.57,0.05,-2.3,0.04,-0.07,0.39,0.07,-0.1,-2,-3.66
UFC 205 - New York City,Yoel Romero,Chris Weidman,Underdog,2,5,-0.26,-0.04,0.17,-0.09,1.87,0.12,-0.13,0.8,-8,-0.96
UFC 205 - New York City,Raquel Pennington,Miesha Tate,Underdog,-1,-2,-1.52,-0.07,-0.31,-0.09,1.12,0.04,-0.08,0.6,2,-1
UFC 205 - New York City,Jeremy Stephens,Frankie Edgar,Favorite,-3,-3,0.6,0,-0.23,0.07,1.13,-0.07,0,-0.1,5,-2.47
UFC 205 - New York City,Michael Johnson,Khabib Nurmagomedov,Favorite,0,3,0.17,-0.09,2.08,-0.08,-4.7,-0.07,-0.03,-0.8,2,2.32
UFC 205 - New York City,Tim Boetsch,Rafael Natal,Underdog,0,3,0.17,-0.03,-0.42,0,1.1,0,0.18,-0.3,-2,-0.73
UFC 205 - New York City,Belal Muhammad,Vicente Luque,Favorite,0,-3,-0.52,-0.09,-1.57,0.05,0.98,-0.18,0.31,-0.4,3,0.09
UFC 205 - New York City,Jim Miller,Thiago Alves,Underdog,1,-1,0.74,-0.01,-0.08,0.06,-0.82,0.16,0.16,-1.4,0,-0.73
UFC 205 - New York City,Liz Carmouche,Katlyn Chookagian,Underdog,3,2,1.8,-0.2,1.97,0.01,-2.26,-0.36,-0.15,0,-5,0.88
UFC Fight Night 99 - Mousasi vs. Hall,Urijah Hall,Gegard Mousasi,Favorite,2,-3,0.52,0.02,-2.64,0.14,1.05,0.22,-0.05,1,-1,-4.3
UFC Fight Night 99 - Mousasi vs. Hall,Ross Pearson,Stevie Ray,Favorite,-2,-1,-0.05,-0.04,1.16,0.08,-0.01,-0.11,0.2,-0.6,5,0.01
UFC Fight Night 99 - Mousasi vs. Hall,Alexander Volkov,Timothy Johnson,Underdog,-4,-3,-1.67,-0.12,0.08,-0.1,0.6,-0.39,-0.04,-0.2,4,-0.61
UFC Fight Night 99 - Mousasi vs. Hall,Artem Lobov,Teruto Ishihara,Underdog,2,-4,0.26,-0.03,1.19,-0.03,-0.11,0.09,0.22,0,5,1.76
UFC Fight Night 99 - Mousasi vs. Hall,Jack Marshman,Magnus Cedenblad,Underdog,5,6,-0.36,0.26,-1.17,-0.16,2.87,0.64,0.46,1,8,-1.77
UFC Fight Night 99 - Mousasi vs. Hall,Ali Bagautinov,Kyoji Horiguchi,Favorite,1,1,0.75,0.03,-0.64,0.1,-0.51,0.08,-0.1,-0.3,-5,-1.32
UFC Fight Night 99 - Mousasi vs. Hall,Magomed Mustafaev,Kevin Lee,Favorite,1,6,1.29,-0.16,0.92,0.09,-0.13,-0.07,0.52,0.4,-4,-0.23
UFC Fight Night 99 - Mousasi vs. Hall,Anna Elmose,Amanda Cooper,Favorite,0,1,0.13,0.05,1.44,0.05,-1.53,-0.38,0.05,-1.8,7,0.17
UFC Fight Night 99 - Mousasi vs. Hall,Mark Godbeer,Justin Ledet,Favorite,0,3,-0.62,-0.14,1.52,-0.05,0.23,0.5,0.14,0.2,-5,-0.58
UFC Fight Night 99 - Mousasi vs. Hall,Alexander Yakovlev,Zak Cummings,Favorite,-3,1,1.22,-0.12,0.5,-0.03,-1.04,-0.07,-0.06,0.5,0,-0.87
UFC Fight Night 99 - Mousasi vs. Hall,Milana Dudieva,Marion Reneau,Favorite,3,-4,2.33,0.1,0.09,0.01,-1.72,0.18,0.5,0.8,12,-1.45
UFC Fight Night 99 - Mousasi vs. Hall,Kwan Ho Kwak,Brett Johns,Favorite,2,1,-0.43,0.08,0.39,0.06,4.14,-0.51,0.32,1,-2,-1.42
UFC Fight Night 99 - Mousasi vs. Hall,Charlie Ward,Abdul Razak Alhassan,Favorite,-1,0,1.73,0.29,-3.22,0.02,0.89,0.38,0.5,0.2,-5,-2.46
"UFC Fight Night 100
Bader vs. Nogueira 2",Rogerio Nogueira,Ryan Bader,Favorite,0,-1,0.39,0.08,-0.95,0.12,2.73,0,0.18,-0.4,-7,-2.35
"UFC Fight Night 100
Bader vs. Nogueira 2",Albert Morales,Thomas Almeida,Favorite,-2,-2,1.03,0.08,0.97,0.05,-0.74,-0.21,0.05,-0.2,0,-2.34
"UFC Fight Night 100
Bader vs. Nogueira 2",Cortney Casey,Claudia Gadelha,Favorite,-3,-4,-0.98,0.02,0.57,0.02,2.64,0.11,0.19,0.2,-2,-2.7
"UFC Fight Night 100
Bader vs. Nogueira 2",Krzysztof Jotko,Thales Leites,Underdog,0,1,-0.85,-0.02,0.76,-0.05,0.77,-0.12,-0.52,1,8,-0.61
"UFC Fight Night 100
Bader vs. Nogueira 2",Warlley Alves,Kamaru Usman,Favorite,-1,-4,-1.32,-0.04,1.21,-0.04,-1.6,0.05,-0.27,0.7,-4,1.35
"UFC Fight Night 100
Bader vs. Nogueira 2",Zak Ottow,Sergio Moraes,Favorite,1,0,-0.21,0.06,1,0.01,0.23,0.09,0.18,0,4,-1.42
"UFC Fight Night 100
Bader vs. Nogueira 2",Jack Hermansson,Cezar Ferreira,Favorite,0,-1,3.19,0.02,1.25,0.03,-1.16,-0.23,-0.04,-0.1,-4,0.15
"UFC Fight Night 100
Bader vs. Nogueira 2",Gadzhimurad Antigulov,Marcos Rogerio de Lima,Underdog,2,5,1.62,0.02,-1.31,0.11,-3.68,0.09,0.59,-0.9,1,-0.91
"UFC Fight Night 100
Bader vs. Nogueira 2",Manny Gamburyan,Johnny Eduardo,Favorite,2,4,0.82,-0.02,0.39,0.08,-3.04,-0.14,-0.11,-0.3,2,-1.56
"UFC Fight Night 100
Bader vs. Nogueira 2",Christian Colombo,Luis Henrique,Favorite,-3,-7,-0.95,-0.01,-1.8,0.05,3.09,0.36,0.17,1,-13,-1.85
"UFC Fight Night 100
Bader vs. Nogueira 2",Pedro Munhoz,Justin Scoggins,Underdog,-1,-1,1.76,-0.08,4.07,0.01,-2.91,-0.45,0,0,5,0.98
"UFC Fight Night 100
Bader vs. Nogueira 2",Darren Stewart,Francimar Barroso,Underdog,1,1,-0.28,0.07,-0.22,0.11,0.47,-0.21,0.16,-0.1,11,-0.46
UFC Fight Night 101,Robert Whittaker,Derek Brunson,Underdog,-1,-4,1.06,-0.05,0.4,0.08,-2.33,0.05,-0.03,-0.6,-7,0.5
UFC Fight Night 101,Andrew Holbrook,Jake Matthews,Underdog,0,3,1.1,-0.04,-0.44,0.06,0.74,0.22,0.52,-1.5,-9,-3.78
UFC Fight Night 101,Kyle Noke,Omari Akhmedov,Favorite,-1,-3,-0.26,-0.16,0.75,-0.09,1.05,-0.09,-0.01,-0.6,-8,-0.63
UFC Fight Night 101,Yusuke Kasuya,Alex Volkanovski,Favorite,-1,4,3.99,0.12,-0.9,0.1,0.42,0.04,0.7,0.2,1,1.08
UFC Fight Night 101,Tyson Pedro,Khalil Rountree,Underdog,-2,-3,0.94,-0.2,1.79,-0.06,-0.76,-0.3,0.08,-0.7,2,-0.26
UFC Fight Night 101,Danielle Taylor,Seo Hee Ham,Underdog,2,2,1.45,0.1,1.84,-0.1,-0.2,-0.2,-0.04,0,3,-0.26
UFC Fight Night 101,Daniel Kelly,Chris Camozzi,Underdog,-2,-5,0.05,-0.06,1.68,0.05,1.59,0.15,0.21,-0.2,9,1.52
UFC Fight Night 101,Damien Brown,Jon Tuck,Underdog,-1,-5,0.66,-0.02,1.12,-0.1,0.26,-0.06,0.03,-0.3,0,0.39
UFC Fight Night 101,Jonathan Meunier,Richard Walsh,Underdog,-3,-2,0.37,-0.04,1.29,-0.11,0.97,0.07,0.08,0.2,-1,-0.14
UFC Fight Night 101,Geane Herrera,Ben Nguyen,Favorite,0,1,-2,-0.09,2.06,-0.07,0.58,0.04,-0.25,-0.4,-2,0.19
UFC Fight Night 101,Jason Knight,Daniel Hooker,Underdog,2,4,2.13,0.15,1.74,0,-0.52,0.03,0.33,-1.3,3,-0.8
UFC Fight Night 101,Ning Guangyou,Marlon Vera,Favorite,4,6,1.65,0.08,3.57,-0.11,-0.56,-0.11,0.08,0.6,-11,-0.1
UFC Fight Night 101,Zhuikui Yao,Jenel Lausa,Favorite,0,4,0,0.21,0.71,0.05,-0.11,0.5,-0.07,0.8,2,-0.3
UFC - The Ultimate Fighter 24 Finale,Tim Elliott,Demetrious Johnson,Favorite,-4,0,0.04,0.1,-1,0.11,-0.38,0.09,0.06,-0.5,0,-7.92
UFC - The Ultimate Fighter 24 Finale,Henry Cejudo,Joseph Benavidez,Favorite,0,1,-0.25,-0.12,-0.62,0.01,-0.58,-0.02,-0.13,0.4,2,-1.19
UFC - The Ultimate Fighter 24 Finale,Jake Ellenberger,Jorge Masvidal,Favorite,2,3,1.58,0.08,0.22,0.04,-0.66,0.12,-0.14,-0.1,0,-1.31
UFC - The Ultimate Fighter 24 Finale,Jared Cannonier,Ion Cutelaba,Underdog,2,-2,-0.24,-0.09,-0.7,-0.12,3.73,0.15,0.13,0,-10,-1.41
UFC - The Ultimate Fighter 24 Finale,Alexis Davis,Sara McMann,Favorite,0,-2,-2.37,-0.03,-2.53,-0.07,3.43,0.21,0.16,-0.2,4,-1.12
UFC - The Ultimate Fighter 24 Finale,Ryan Benoit,Brandon Moreno,Favorite,2,2,0.99,0.05,-0.02,0.01,1.46,0.24,-0.09,0.1,-4,-0.18
UFC - The Ultimate Fighter 24 Finale,Ryan Hall,Gray Maynard,Underdog,-1,0,-0.46,-0.18,1.31,0.01,2.69,0.38,0.81,-1.5,6,-0.22
UFC - The Ultimate Fighter 24 Finale,Matt Schnell,Rob Font,Favorite,0,1,1.3,0.07,-0.91,0.01,0.3,-0.09,-0.04,-0.7,2,-1.66
UFC - The Ultimate Fighter 24 Finale,Brendan O'Reilly,Dong Hyun Ma,Favorite,-4,-1,-0.94,0.06,-1.33,-0.15,0.95,-0.1,0.03,0.6,1,0.15
UFC - The Ultimate Fighter 24 Finale,Jamie Moyle,Kailin Curran,Underdog,3,0,-0.62,-0.08,0.75,-0.12,1,0.36,0.11,0.6,-2,-0.68
UFC - The Ultimate Fighter 24 Finale,Elvis Mutapcic,Anthony Smith,Favorite,-4,-4,0.18,-0.08,-0.2,-0.08,-0.49,-0.26,0.32,-0.7,2,0.12
UFC - The Ultimate Fighter 24 Finale,Devin Clark,Josh Stansbury,Underdog,2,-1,0.19,0,0.3,0.1,-2.17,-0.32,0.29,0.9,5,-0.15
UFC Fight Night 102 Albany,Shamil Abdurakhimov,Derrick Lewis,Favorite,0,3,0.07,0.06,-0.54,-0.15,-0.44,0.03,0.07,-0.1,-3,-1.63
UFC Fight Night 102 Albany,Anthony Hamilton,Francis Ngannou,Favorite,-1,7,-1.58,-0.24,-0.86,-0.04,-1.86,0.2,-0.07,0.3,-7,-3.78
UFC Fight Night 102 Albany,Sean O'Connell,Corey Anderson,Favorite,2,5,-1.03,-0.02,-4.55,0.14,4.89,0.5,0.53,-0.5,-6,-3.22
UFC Fight Night 102 Albany,Saparbek Safarov,Gian Villante,Favorite,2,-2,0.35,-0.04,2.51,0.08,-2.07,-0.18,0.5,0,1,1
UFC Fight Night 102 Albany,Ashley Yoder,Justine Kish,Favorite,-2,-5,1.09,0.09,0.46,0.1,-0.22,0.06,-0.16,-0.5,0,-1.48
UFC Fight Night 102 Albany,Brian Camozzi,Randy Brown,Favorite,1,0,1.22,0.2,-3.06,0,0.78,0.39,0.74,-0.2,1,-0.73
UFC Fight Night 102 Albany,Joseph Gigliotti,Gerald Meerschaert,Favorite,2,8,2.14,0.06,0.45,0.08,0.61,-0.62,-0.16,0.8,6,-1.38
UFC Fight Night 102 Albany,Trevor Smith,Andrew Sanchez,Favorite,-2,-1,1.01,-0.12,1.79,-0.01,0.85,0.04,0.4,-0.7,-7,-1.27
UFC Fight Night 102 Albany,Tiago Trator,Shane Burgos,Favorite,2,5,3.71,0.17,2.55,-0.03,-0.2,0.33,0.58,0.1,-4,0.86
UFC Fight Night 102 Albany,Frankie Perez,Marc Diakiese,Favorite,1,0,-0.9,0.01,-0.47,0.02,-1.54,-0.02,-0.16,0.3,4,2.04
UFC Fight Night 102 Albany,Keith Berish,Ryan Janes,Favorite,-3,-2,-4.11,-0.12,-0.72,0.03,1.41,-0.6,-0.58,0,-4,1.69
UFC Fight Night 102 Albany,J.J. Aldrich,Juliana Lima,Favorite,0,-2,-1.94,-0.02,-2.27,-0.05,1.06,0.08,0.04,0,11,1.76
UFC 206,Anthony Pettis,Max Holloway,Favorite,-1,3,-4.12,-0.01,-1.28,-0.05,0.36,-0.03,-0.24,0.8,5,0.87
UFC 206,Matt Brown,Donald Cerrone,Favorite,1,-2,0.65,-0.09,1.56,-0.02,-0.52,-0.13,0.1,-0.1,-2,-1.86
UFC 206,Cub Swanson,Doo Ho Choi,Underdog,2,0,0.04,0.03,1.07,-0.05,-0.8,-0.32,-0.11,-0.4,-7,-1.61
UFC 206,Kelvin Gastelum,Tim Kennedy,Underdog,2,3,-0.77,0.06,-1.39,0.04,1.62,0.05,0.11,0.6,12,-0.76
UFC 206,Jordan Mein,Emil Meek,Favorite,1,-1,0.83,0.05,0.02,0.31,1.31,0.25,0.19,-0.8,-1,0.05
UFC 206,Nikita Krylov,Misha Cirkunov,Favorite,0,0,0.52,0.04,-0.59,-0.13,-1.86,-0.01,-0.23,-0.3,-5,0
UFC 206,Drew Dober,Olivier Aubin-Mercier,Favorite,1,0,-1.86,0.11,-1.26,0.04,1.65,0.15,0.14,0.4,0,-0.93
UFC 206,Viviane Pereira,Valerie Letourneau,Underdog,6,5,1.81,0.07,0.92,0,0.52,-0.55,0.38,0.1,11,-0.89
UFC 206,Matthew Lopez,Mitch Gagnon,Underdog,-2,-4,-0.37,-0.04,-1.52,0.06,-2.16,-0.35,-0.06,0.6,2,-0.31
UFC 206,John Makdessi,Lando Vannata,Favorite,1,3,-1,-0.04,0.61,-0.13,1.09,0.37,-0.17,0.3,-7,-0.75
UFC 206,Jason Saggo,Rustam Khabilov,Favorite,-3,2,-0.52,-0.05,-0.78,0.13,1.62,0.01,0.38,0.1,-1,-1.34
UFC 206,Dustin Ortiz,Zach Makovsky,Underdog,1,1,1,0.01,-0.07,-0.06,-0.7,0.06,-0.04,-0.2,-6,0.86
UFC on Fox 22,Paige VanZant,Michelle Waterson,Favorite,-1,-3,0.21,-0.06,1.57,0.07,0.15,-0.01,0.36,-0.3,8,0.06
UFC on Fox 22,Sage Northcutt,Mickey Gall,Favorite,-2,-3,0.64,0.06,-2.29,0.09,0.6,0.04,0.05,-1.3,-4,0.66
UFC on Fox 22,Brad Pickett,Urijah Faber,Favorite,0,-1,-0.37,0.09,-2.04,0.09,-0.93,-0.14,0,0.4,0,-3.03
UFC on Fox 22,Alan Jouban,Mike Perry,Underdog,2,2,1.35,0.03,-1.39,0.08,-0.3,0.04,-0.2,0.1,10,0.37
UFC on Fox 22,Paul Craig,Luis Henrique da Silva,Underdog,0,0,1.44,0.14,2.31,-0.04,-1.43,-0.06,-0.15,-1.4,-2,-1.47
UFC on Fox 22,Cole Miller,Mizuto Hirota,Favorite,6,6,-0.36,-0.07,0.38,0.05,-0.76,-0.14,-0.2,1.7,-3,0.06
UFC on Fox 22,Bryan Barberena,Colby Covington,Favorite,1,0,1.47,0.1,1.61,-0.11,-3.66,-0.22,-0.17,0.1,-1,2.7
UFC on Fox 22,James Moontasri,Alex Morono,Favorite,-1,-1,-2.48,0.08,-0.3,-0.18,-0.32,-0.22,0.24,-0.2,3,0.04
UFC on Fox 22,Scott Holtzman,Josh Emmett,Favorite,-3,1,-0.28,-0.11,0.95,0.06,-0.97,-0.19,-0.21,-0.1,-1,-0.94
UFC on Fox 22,Leslie Smith,Irene Aldana,Underdog,0,2,-2.32,0,-2.08,0.06,0.16,0.5,0.14,0.2,-5,-2.31
UFC on Fox 22,Takeya Mizugaki,Eddie Wineland,Favorite,0,0,0.03,-0.08,0.49,0.11,-1.12,-0.24,0.16,0,-1,-1.37
UFC on Fox 22,Freddy Serrano,Hector Sandoval,Favorite,-1,-1,1.73,0.26,0.44,0.04,0.65,0,-0.13,1.4,-7,0.27
UFC on Fox 22,Sultan Aliev,Bojan Velickovic,Underdog,-1,-2,-0.77,0.11,-0.11,-0.01,1.09,0.13,0.45,-0.5,4,0.78
UFC 207,Amanda Nunes,Ronda Rousey,Underdog,1,3,0.38,-0.01,-1.52,0.13,-3.53,-0.14,0.32,-4.1,-2,0.83
UFC 207,Cody Garbrandt,Dominick Cruz,Underdog,0,3,0.93,-0.07,-1.15,0.1,1.79,0.08,0.03,0.1,7,-1.48
UFC 207,John Lineker,T.J. Dillashaw,Favorite,3,0,-0.27,0.01,-0.8,0.06,1,-0.28,0.1,0.2,5,-1.31
UFC 207,Tarec Saffiedine,Dong Hyun Kim,Favorite,-4,-6,1.93,-0.02,1.17,0.04,-2.41,-0.07,0.13,-0.5,-5,0.64
UFC 207,Louis Smolka,Ray Borg,Favorite,5,5,3.15,-0.05,2.18,0.05,-2.2,-0.15,-0.14,0.8,2,0.34
UFC 207,Johny Hendricks,Neil Magny,Favorite,6,11,-0.02,0.01,-1.57,-0.01,-1.66,-0.06,-0.09,0,-4,-1.08
UFC 207,Marvin Vettori,Antonio Carlos Junior,Favorite,2,5,-2.61,-0.03,-2.1,-0.04,1.76,-0.06,-0.16,0.3,4,-0.27
UFC 207,Mike Pyle,Alex Garcia,Favorite,-3,-2,-0.93,-0.14,0.19,-0.01,1.92,0.17,-0.04,-1.4,-12,-1.08
UFC 207,Niko Price,Brandon Thatch,Underdog,2,-2,-2.76,0,-1.97,0.04,0.66,0.46,-0.14,0,4,-0.72
UFC Fight Night 103 Rodriguez vs. Penn,B.J. Penn,Yair Rodriguez,Favorite,2,1,1.89,-0.02,0.79,-0.04,-0.5,-0.28,-0.16,0.2,-14,3.03
UFC Fight Night 103 Rodriguez vs. Penn,Marcin Held,Joe Lauzon,Favorite,1,0,1.43,0.05,3.37,0.07,-0.07,-0.01,0.17,0.7,8,-0.22
UFC Fight Night 103 Rodriguez vs. Penn,Ben Saunders,Court McGee,Underdog,-3,-2,1.37,-0.13,0.04,0.1,1.64,-0.15,0.03,-0.9,-2,-0.24
UFC Fight Night 103 Rodriguez vs. Penn,John Moraga,Sergio Pettis,Favorite,0,-3,-1.31,0.06,-0.36,-0.09,-0.23,-0.17,-0.23,0.7,10,0.57
UFC Fight Night 103 Rodriguez vs. Penn,Devin Powell,Drakkar Klose,Favorite,3,3,-1.49,-0.14,0.21,0,-1.58,-0.26,-0.69,0.6,0,2
UFC Fight Night 103 Rodriguez vs. Penn,Augusto Mendes,Frankie Saenz,Underdog,0,1,1.52,0.13,-0.41,-0.04,-0.01,-0.02,-0.19,0.1,2,-0.8
UFC Fight Night 103 Rodriguez vs. Penn,Viktor Pesta,Aleksei Oleinik,Favorite,1,-3,-1.71,-0.12,-1.26,0.12,1.47,-0.18,0.63,-1.9,-13,0.49
UFC Fight Night 103 Rodriguez vs. Penn,Alex White,Tony Martin,Favorite,0,2,-1.08,-0.05,-0.48,-0.02,-0.21,-0.01,-0.03,0.5,-1,0.95
UFC Fight Night 103 Rodriguez vs. Penn,Jocelyn Jones-Lybarger,Nina Nunes,Favorite,2,0,-1.43,-0.14,1.36,0.01,0.1,-0.08,0.08,-0.5,0,0.64
UFC Fight Night 103 Rodriguez vs. Penn,Chase Sherman,Walt Harris,Favorite,1,-1,-2.99,-0.06,-3.32,0.02,0.2,-0.22,-0.04,0.1,6,-0.51
UFC Fight Night 103 Rodriguez vs. Penn,Bojan Mihajlovic,Joachim Christensen,Favorite,4,3,2.55,0.06,-2.66,-0.01,0,0,-0.33,0,1,-1.65
UFC Fight Night 103 Rodriguez vs. Penn,Dmitry Smoliakov,Cyril Asker,Favorite,-2,0,1.91,-0.03,2.01,-0.2,4.41,0.62,0.25,0.9,-3,-0.18
UFC on FOX 23 Shevchenko vs. Pena,Julianna Pena,Valentina Shevchenko,Favorite,-1,-3,0.12,0.05,-0.19,0.12,0.62,0.08,0.48,-0.4,2,-0.34
UFC on FOX 23 Shevchenko vs. Pena,Jorge Masvidal,Donald Cerrone,Underdog,2,-1,0.36,-0.01,1.43,-0.11,-0.22,-0.26,0.01,0.9,2,-0.31
UFC on FOX 23 Shevchenko vs. Pena,Andrei Arlovski,Francis Ngannou,Favorite,1,6,-1.45,-0.04,-1.04,-0.16,0.38,0.26,-0.05,0.1,-8,-3.18
UFC on FOX 23 Shevchenko vs. Pena,Bobby Nash,Li Jingliang,Favorite,0,3,-1.04,-0.05,0.11,-0.06,1.12,-0.08,0.4,1.6,-2,0.58
UFC on FOX 23 Shevchenko vs. Pena,Alex Caceres,Jason Knight,Favorite,0,2,1.26,0.16,0.07,0.11,-0.77,0.37,0.17,-1,4,0.84
UFC on FOX 23 Shevchenko vs. Pena,Nate Marquardt,Sam Alvey,Favorite,2,1,0.57,-0.05,1.31,-0.03,-1.81,-0.37,0.12,-0.7,-7,-0.68
UFC on FOX 23 Shevchenko vs. Pena,Alessio Di Chirico,Eric Spicely,Favorite,-1,1,-0.39,-0.06,-2.28,0.06,0.15,0.19,0.08,-1,-3,0.23
UFC on FOX 23 Shevchenko vs. Pena,Aljamain Sterling,Raphael Assuncao,Favorite,-2,-5,-1.39,-0.1,0.2,0.08,-0.66,0.12,0.33,-0.5,7,-0.75
UFC on FOX 23 Shevchenko vs. Pena,Luis Henrique da Silva,Jordan Johnson,Favorite,-1,3,-0.44,-0.13,-2.64,0.13,3,0.28,0.78,1,1,0.68
UFC on FOX 23 Shevchenko vs. Pena,Jeremy Kimball,Marcos Rogerio de Lima,Favorite,1,3,0.89,0.11,-0.94,0.02,-0.01,0.25,0.09,0.5,5,-0.75
UFC on FOX 23 Shevchenko vs. Pena,Jason Gonzalez,J.C. Cottrell,Underdog,-5,-3,-2.27,-0.14,-0.38,-0.13,0.79,1,0.2,-1,0,-0.47
UFC on FOX 23 Shevchenko vs. Pena,Alexandre Pantoja,Eric Shelton,Underdog,1,1,-1.84,-0.07,-2.09,0.13,0.22,0.04,-0.22,-0.6,-1,-0.08
UFC FN 104 K. Zombie vs. Bermudez,Chan Sung Jung,Dennis Bermudez,Underdog,1,6,-0.49,-0.05,1.45,-0.07,-3.19,0.04,-0.1,-0.5,0,1.12
UFC FN 104 K. Zombie vs. Bermudez,Felice Herrig,Alexa Grasso,Underdog,1,1,0.83,0.06,-1.24,0.1,-0.67,0.17,-0.16,-0.2,-9,-2.48
UFC FN 104 K. Zombie vs. Bermudez,Abel Trujillo,James Vick,Favorite,7,6,1.48,-0.02,1,0.01,-1.92,-0.12,0.17,0.3,-3,-0.14
UFC FN 104 K. Zombie vs. Bermudez,Volkan Oezdemir,Ovince St Preux,Underdog,1,5,-1.56,0,-0.6,-0.08,0.53,0.03,-0.13,0.4,7,-2.42
UFC FN 104 K. Zombie vs. Bermudez,Marcel Fortuna,Anthony Hamilton,Underdog,4,2,0.08,0.19,-1.5,-0.19,2.17,0.34,0.03,-0.5,6,-1.29
UFC FN 104 K. Zombie vs. Bermudez,Angela Hill,Jessica Andrade,Favorite,-2,-2,1.24,0.01,0.51,-0.06,1.57,0.22,-0.04,0.2,-7,-4.31
UFC FN 104 K. Zombie vs. Bermudez,Adam Milstead,Curtis Blaydes,Favorite,-1,-4,0.32,-0.04,2.96,-0.16,-5.72,-0.53,0.33,0,3,2.42
UFC FN 104 K. Zombie vs. Bermudez,Chris Gruetzemacher,Chas Skelly,Favorite,3,4,-4.17,-0.17,-1.75,-0.03,1.53,-0.16,-0.26,2.3,2,-2.36
UFC FN 104 K. Zombie vs. Bermudez,Ricardo Ramos,Michinori Tanaka,Underdog,-4,-5,-1.24,0,-1.75,-0.07,-0.62,-0.22,-0.29,-0.5,5,-0.56
UFC FN 104 K. Zombie vs. Bermudez,Bec Rawlings,Tecia Torres,Favorite,-5,-4,0.3,0.05,-2.07,0.04,-0.1,-0.26,-0.03,-0.3,-1,-3.22
UFC FN 104 K. Zombie vs. Bermudez,Alex Morono,Niko Price,Favorite,-1,-4,-0.59,-0.02,-1.44,0.1,-0.38,0.02,-0.09,-0.3,-1,0.05
UFC FN 104 K. Zombie vs. Bermudez,Daniel Jolly,Khalil Rountree,Favorite,0,1,2.52,-0.07,0.79,0.06,-2.83,-0.33,0.08,0.1,-5,-0.85
UFC 208,Holly Holm,Germaine de Randamie,Favorite,-1,-2,0.56,-0.06,0.92,-0.1,0.87,0.3,0.11,-0.3,2,0.32
UFC 208,Anderson Silva,Derek Brunson,Underdog,1,0,-0.46,0.14,-1,0.09,-2.64,0.44,-0.16,0.2,9,0.67
UFC 208,Tim Boetsch,Ronaldo Souza,Favorite,1,-2,-0.4,-0.03,-0.07,0.05,1.12,0.05,-0.02,0.5,1,-4.17
UFC 208,Jared Cannonier,Glover Teixeira,Favorite,3,-1,-0.95,-0.03,0.3,-0.08,1.67,-0.09,-0.03,0.9,4,-1.51
UFC 208,Jim Miller,Dustin Poirier,Favorite,1,1,2.46,0.09,0.86,-0.03,-0.2,-0.08,0.16,-0.3,-5,-3.29
UFC 208,Belal Muhammad,Randy Brown,Underdog,4,6,-0.18,0.03,-0.31,-0.03,-1.2,0.04,-0.19,0.3,-2,-0.41
UFC 208,Yuta Sasaki,Wilson Reis,Favorite,-6,-6,-0.33,-0.12,0.54,0.05,2.12,-0.01,0.06,-0.6,5,-4.87
UFC 208,Nik Lentz,Islam Makhachev,Favorite,2,2,-0.98,0.13,-1.98,0.11,-0.13,0.28,0.47,-0.2,-7,-2.41
UFC 208,Phillipe Nover,Rick Glenn,Favorite,3,-2,2.15,0.08,1.62,-0.05,-0.44,-0.15,0.24,-0.3,-5,1.03
UFC 208,Roan Carneiro,Ryan LaFlare,Favorite,2,-2,1.43,-0.06,0.04,0.01,-0.92,0.02,-0.25,-1.2,-5,-2.51
UFC Fight Night 105 Lewis vs. Browne,Travis Browne,Derrick Lewis,Favorite,-3,0,-0.45,0.09,-1.83,-0.02,-0.64,-0.42,-0.23,-0.2,-2,-0.09
UFC Fight Night 105 Lewis vs. Browne,Johny Hendricks,Hector Lombard,Underdog,0,2,-0.47,0.01,-0.64,0,-2.14,0.02,0.14,0.2,6,-0.2
UFC Fight Night 105 Lewis vs. Browne,Elias Theodorou,Cezar Ferreira,Underdog,0,-3,2.29,0,-0.05,0,-1.42,-0.25,-0.25,-0.5,-4,0.19
UFC Fight Night 105 Lewis vs. Browne,Sam Sicilia,Gavin Tucker,Favorite,2,1,-1.83,-0.11,-0.63,0.02,-1.68,-0.01,0.17,-0.6,1,0.88
UFC Fight Night 105 Lewis vs. Browne,Gina Mazany,Sara McMann,Favorite,0,-2,-1.47,-0.04,-1.6,-0.03,0.04,0.13,0.17,0.3,8,-4.3
UFC Fight Night 105 Lewis vs. Browne,Alex Ricci,Paul Felder,Favorite,0,-1,-1.22,-0.03,-0.91,0.16,-0.29,-0.28,0,-0.2,1,2.91
UFC Fight Night 105 Lewis vs. Browne,Nordine Taleb,Santiago Ponzinibbio,Favorite,1,1,-1.24,0.1,-2.05,0.05,1.46,0.46,0.13,0,5,2.91
UFC Fight Night 105 Lewis vs. Browne,Randa Markos,Carla Esparza,Underdog,-3,0,-0.81,-0.03,-0.41,-0.03,2.1,0.07,-0.05,0.1,-2,-2.13
UFC Fight Night 105 Lewis vs. Browne,Reginaldo Vieira,Aiemann Zahabi,Favorite,-1,-3,0.33,-0.03,-0.72,-0.12,1.77,0.11,-0.54,0.8,5,1.31
UFC Fight Night 105 Lewis vs. Browne,Jack Marshman,Thiago Santos,Favorite,2,3,0.98,0.23,-1.62,-0.03,0.88,0.33,0.45,0.1,6,-1
UFC Fight Night 105 Lewis vs. Browne,Ryan Janes,Gerald Meerschaert,Favorite,2,-1,4.51,0.03,2.16,0.06,-1.82,0.62,0.24,-1.6,6,2.15
UFC 209,Tyron Woodley,Stephen Thompson,Underdog,-3,-1,-1.75,0.02,-0.27,0,0.8,-0.01,0.22,0.4,1,0.62
UFC 209,David Teymur,Lando Vannata,Underdog,0,-2,-0.17,0.02,1.23,0,0.15,0.04,-0.08,0.3,-3,-3.05
UFC 209,Daniel Kelly,Rashad Evans,Underdog,0,5,-1.48,-0.01,-2.22,0.02,1.12,0.1,-0.05,-0.3,-2,-2.86
UFC 209,Amanda Cooper,Cynthia Calvillo,Favorite,-1,0,-0.86,0.06,-0.92,-0.13,-0.27,-0.06,-0.49,1,-4,0.25
UFC 209,Mark Hunt,Alistair Overeem,Favorite,6,8,0.86,0.21,-0.46,0.06,0.91,0,0.09,0.6,-6,-0.48
UFC 209,Luis Henrique,Marcin Tybura,Favorite,1,4,1.79,0.05,1.13,0.08,-1.66,-0.03,0.29,-0.9,8,-0.8
UFC 209,Darren Elkins,Mirsad Bektic,Underdog,-2,-1,-1.01,0.03,-1.47,0.05,1.13,0.17,0.36,-0.7,-7,-5.37
UFC 209,Yuri Alcantara,Luke Sanders,Underdog,-3,-4,3.89,0.07,1.58,0.01,-0.73,-0.32,0.12,-0.6,-5,0.4
UFC 209,Daniel Spitz,Mark Godbeer,Favorite,3,5,-1.37,-0.18,2,-0.08,0.74,0.66,-0.28,0,-7,0.56
UFC 209,Paul Craig,Tyson Pedro,Favorite,0,3,0.45,0.13,-0.58,0.12,-0.92,0.1,0.13,-0.8,-4,-0.44
UFC 209,Andre Soukhamthath,Albert Morales,Favorite,0,2,1.04,-0.09,-0.35,0.07,-0.34,-0.18,0.12,0,-3,-0.43
UFC Fight Night 106 Belfort vs. Gastelum,Vitor Belfort,Kelvin Gastelum,Favorite,3,3,-1.96,0.05,-0.4,-0.08,0.06,0.3,-0.06,0.5,15,2.86
UFC Fight Night 106 Belfort vs. Gastelum,Gian Villante,Mauricio Rua,Favorite,-2,0,-0.81,0.06,-2.68,-0.01,1.56,0.25,-0.34,0.7,4,-0.66
UFC Fight Night 106 Belfort vs. Gastelum,Beneil Dariush,Edson Barboza,Favorite,1,3,0.33,-0.04,2,-0.01,-1.45,0.16,-0.08,-0.8,3,-0.82
UFC Fight Night 106 Belfort vs. Gastelum,Alex Oliveira,Tim Means,Underdog,3,-1,2.09,-0.02,1.09,0.14,-1.19,0.02,0.02,-0.4,4,-1.19
UFC Fight Night 106 Belfort vs. Gastelum,Francisco Trinaldo,Kevin Lee,Favorite,0,-7,-0.75,0.03,-0.93,0.1,-2.2,-0.01,-0.15,-0.3,14,0.94
UFC Fight Night 106 Belfort vs. Gastelum,Davi Ramos,Sergio Moraes,Favorite,6,2,-0.22,0.05,0.29,0.03,-0.75,-0.02,-0.08,-0.2,4,-1.6
UFC Fight Night 106 Belfort vs. Gastelum,Joe Soto,Rani Yahya,Underdog,0,2,-1.65,-0.03,-3.29,-0.17,1.88,0.09,-0.41,-0.1,2,-1.33
UFC Fight Night 106 Belfort vs. Gastelum,Josh Burkman,Michel Prazeres,Favorite,-4,-5,-0.31,0.04,-0.62,0.06,1.41,0,-0.25,0.3,-2,1.84
UFC Fight Night 106 Belfort vs. Gastelum,Rony Jason,Jeremy Kennedy,Favorite,-4,2,-0.18,-0.02,0.56,0.06,-5.14,-0.22,-0.3,0.8,9,0.15
UFC Fight Night 106 Belfort vs. Gastelum,Garreth McLellan,Paulo Costa,Favorite,0,0,-2.64,-0.04,-3.44,-0.02,0.7,-0.53,-0.46,0.9,8,2.27
UFC Fight Night 107 Manuwa vs. Anderson,Corey Anderson,Jimi Manuwa,Favorite,2,0,1,-0.08,-1.75,0.1,4.36,0.32,0.13,-0.4,-10,0.49
UFC Fight Night 107 Manuwa vs. Anderson,Alan Jouban,Gunnar Nelson,Favorite,-1,-1,-3.83,0.11,-0.77,-0.11,1.39,0.15,0.08,0.7,-7,-2.45
UFC Fight Night 107 Manuwa vs. Anderson,Marlon Vera,Brad Pickett,Underdog,-2,-2,-1.29,-0.18,-0.85,0.05,1.94,0.05,-0.12,-0.5,14,-0.5
UFC Fight Night 107 Manuwa vs. Anderson,Arnold Allen,Makwan Amirkhani,Underdog,-2,-2,2.06,-0.04,-0.07,0.15,-2.94,0.07,0.4,-0.7,-5,0.47
UFC Fight Night 107 Manuwa vs. Anderson,Reza Madadi,Joseph Duffy,Favorite,-1,0,0.17,-0.12,0.47,-0.12,-2.21,0.33,-0.25,0.2,-9,-4.88
UFC Fight Night 107 Manuwa vs. Anderson,Francimar Barroso,Darren Stewart,Underdog,-1,-1,0.28,-0.07,0.22,-0.11,-0.47,0.21,-0.16,0.1,-11,-1.07
UFC Fight Night 107 Manuwa vs. Anderson,Daniel Omielanczuk,Timothy Johnson,Favorite,-3,-3,-0.34,0.12,0.21,0.03,-0.53,0.02,-0.01,0.1,2,1.12
UFC Fight Night 107 Manuwa vs. Anderson,Leon Edwards,Vicente Luque,Underdog,3,-1,-2.32,0.01,-2.87,0.02,0.25,-0.19,0.08,-0.2,0,0.39
UFC Fight Night 107 Manuwa vs. Anderson,Teemu Packalen,Marc Diakiese,Favorite,-3,-2,-0.03,-0.14,-1.27,0.05,0.98,0.18,-0.34,-1.5,-6,-1.41
UFC Fight Night 107 Manuwa vs. Anderson,Brad Scott,Scott Askham,Underdog,2,-1,-0.49,0.05,-0.79,-0.05,0.12,0.03,0.02,0,2,-0.63
UFC Fight Night 107 Manuwa vs. Anderson,Lucie Pudilova,Lina Lansberg,Favorite,-1,-2,-0.99,0.18,0.04,-0.07,-0.03,0,-0.19,-0.6,13,-2.37
UFC 210 - Cormier vs. Johnson 2,Daniel Cormier,Anthony Johnson,Underdog,-3,-6,1,0.05,1.09,-0.06,-0.6,-0.13,0.03,-0.2,5,0.27
UFC 210 - Cormier vs. Johnson 2,Chris Weidman,Gegard Mousasi,Favorite,0,-2,0.57,0.05,-2.01,0.17,-1.85,0.18,-0.06,0.3,-1,-0.18
UFC 210 - Cormier vs. Johnson 2,Pearl Gonzalez,Cynthia Calvillo,Favorite,0,-4,2.18,0.01,0.05,0.07,0.76,0.33,0.77,0.3,-1,-2.31
UFC 210 - Cormier vs. Johnson 2,Thiago Alves,Patrick Cote,Underdog,-2,-5,0.92,-0.07,0.21,0.14,0.03,0.4,0.2,0.1,-4,0.43
UFC 210 - Cormier vs. Johnson 2,Charles Oliveira,Will Brooks,Underdog,0,-2,0.87,0.06,-0.66,0.05,-0.09,0.11,0.27,-2.5,3,-1.54
UFC 210 - Cormier vs. Johnson 2,Mike de la Torre,Myles Jury,Favorite,-1,2,-0.27,0.03,-2.59,0.15,1.8,0.39,-0.33,0.3,-2,-3.55
UFC 210 - Cormier vs. Johnson 2,Sean Strickland,Kamaru Usman,Favorite,-1,0,-1.55,0.11,-1.59,-0.08,1.97,-0.19,0.12,-0.1,4,-2.34
UFC 210 - Cormier vs. Johnson 2,Charles Rosa,Shane Burgos,Favorite,-2,-6,-4.32,-0.16,-2.92,-0.09,1.24,-0.09,-0.53,0.6,4,1.5
UFC 210 - Cormier vs. Johnson 2,Patrick Cummins,Jan Blachowicz,Underdog,0,-2,0.85,0,0.44,0.02,3.4,-0.09,-0.4,-0.2,2,0.1
UFC 210 - Cormier vs. Johnson 2,Andrew Holbrook,Gregor Gillespie,Favorite,4,-1,-1.54,-0.03,0.7,-0.03,-6.01,-0.3,-0.9,1.3,1,1.95
UFC 210 - Cormier vs. Johnson 2,Desmond Green,Josh Emmett,Underdog,4,3,-0.34,0.1,-2.1,0.08,0.71,0.13,0.29,-0.1,-5,1.5
UFC 210 - Cormier vs. Johnson 2,Irene Aldana,Katlyn Chookagian,Favorite,0,0,-0.66,-0.06,-1.85,0.05,0.15,-0.35,-0.26,0.1,-1,0.57
UFC 210 - Cormier vs. Johnson 2,Jenel Lausa,Magomed Bibulatov,Favorite,0,-3,2.16,0.09,-1.7,-0.01,2.3,-0.26,0.24,-0.8,0,3.98
UFC on Fox 24 -  Johnson vs Reis,Wilson Reis,Demetrious Johnson,Favorite,-1,1,1.6,0.25,-1.38,0.12,-1.8,0.14,0.18,-0.1,-2,-7.46
UFC on Fox 24 -  Johnson vs Reis,Rose Namajunas,Michelle Waterson,Underdog,-2,-3,-0.13,0.05,0.68,-0.14,0.04,-0.15,0.11,0.2,7,-0.22
UFC on Fox 24 -  Johnson vs Reis,Robert Whittaker,Ronaldo Souza,Underdog,1,-1,-2.04,0.05,-0.62,0.03,1.76,0.01,-0.25,1.3,11,-2.01
UFC on Fox 24 -  Johnson vs Reis,Renato Moicano,Jeremy Stephens,Underdog,-2,-1,-1.21,-0.08,-0.63,-0.02,-0.73,-0.07,-0.07,-0.2,2,-0.99
UFC on Fox 24 -  Johnson vs Reis,Roy Nelson,Alexander Volkov,Favorite,-7,-7,-2.92,-0.21,1.79,-0.08,0.65,-0.36,-0.08,-0.1,12,0.72
UFC on Fox 24 -  Johnson vs Reis,Patrick Williams,Tom Duquesnoy,Favorite,-1,-5,-0.29,-0.06,1.18,0.1,-2.29,-0.16,-0.54,-0.5,-12,-7.64
UFC on Fox 24 -  Johnson vs Reis,Bobby Green,Rashid Magomedov,Favorite,1,1,2.05,0.03,0.7,0.08,0.52,-0.19,-0.15,0.1,-2,2.84
UFC on Fox 24 -  Johnson vs Reis,Augusto Mendes,Aljamain Sterling,Favorite,1,6,2.19,0.18,-1.61,0.02,0.56,-0.06,-0.35,0.7,-7,-3.11
UFC on Fox 24 -  Johnson vs Reis,Louis Smolka,Tim Elliott,Favorite,-2,-2,-1.28,-0.03,-1.45,0.03,2.04,0.12,0.27,-0.8,5,-1.18
UFC on Fox 24 -  Johnson vs Reis,Jake Collier,Devin Clark,Favorite,-3,-3,-2.77,0.1,-1.84,-0.06,1.46,-0.01,-0.09,-0.5,-1,-0.57
UFC on Fox 24 -  Johnson vs Reis,Anthony Smith,Andrew Sanchez,Underdog,3,2,-1.07,0.05,-0.63,-0.04,-2.06,-0.1,-0.51,0.7,-1,2.59
UFC on Fox 24 -  Johnson vs Reis,Nathan Coy,Zak Cummings,Favorite,-2,-6,0.92,0.17,-0.51,0.06,2.55,0.19,-0.16,-0.6,6,4.25
UFC on Fox 24 -  Johnson vs Reis,Ketlen Vieira,Ashlee Evans-Smith,Underdog,0,1,-0.99,0.07,-0.67,-0.02,0.56,0.22,0.42,0.6,-4,0.9
UFC Fight Night 108 Swanson vs. Lobov,Artem Lobov,Cub Swanson,Favorite,-1,5,1.18,0.09,-0.98,0.09,0.7,0.27,0.09,0.4,3,-5.21
UFC Fight Night 108 Swanson vs. Lobov,Diego Sanchez,Al Iaquinta,Favorite,0,2,-1.37,-0.03,-1.51,-0.05,0.88,0.06,-0.28,0.6,5,3.14
UFC Fight Night 108 Swanson vs. Lobov,Marcos Rogerio de Lima,Ovince St Preux,Favorite,2,5,-0.67,-0.1,0.42,-0.04,-0.3,-0.09,0.08,0,3,-0.8
UFC Fight Night 108 Swanson vs. Lobov,Eddie Wineland,John Dodson,Favorite,-4,-3,-0.2,0.11,-0.18,-0.07,0.37,-0.05,-0.04,-0.1,0,-3.56
UFC Fight Night 108 Swanson vs. Lobov,Joe Lauzon,Stevie Ray,Favorite,0,1,-0.89,-0.05,2.46,0,1.64,-0.01,-0.01,1.4,6,1.09
UFC Fight Night 108 Swanson vs. Lobov,Jake Ellenberger,Mike Perry,Favorite,-1,0,-1.85,-0.08,-2.33,0.08,1.23,0.07,0.08,0.2,7,0.4
UFC Fight Night 108 Swanson vs. Lobov,Sam Alvey,Thales Leites,Favorite,-1,3,-1.15,-0.04,-0.64,0,2.04,0.13,-0.52,1,4,-0.27
UFC Fight Night 108 Swanson vs. Lobov,Brandon Moreno,Dustin Ortiz,Underdog,-2,-5,-0.93,0,-1.46,-0.03,1.27,-0.1,-0.11,-0.4,5,-0.47
UFC Fight Night 108 Swanson vs. Lobov,Michael McBride,Scott Holtzman,Favorite,-4,-6,0.24,-0.01,-2.19,0.15,0.03,0.14,0.37,-1,2,-2.21
UFC Fight Night 108 Swanson vs. Lobov,Jessica Penne,Danielle Taylor,Favorite,-5,-7,0.23,-0.02,-1.44,0.25,-1.12,-0.01,0.34,-0.4,-7,-0.04
UFC Fight Night 108 Swanson vs. Lobov,Cindy Dandois,Alexis Davis,Favorite,-1,-2,1.5,0.17,1.05,-0.04,-4.05,-0.11,0.34,0.7,0,-2.18
UFC Fight Night 108 Swanson vs. Lobov,Joe Proctor,Bryan Barberena,Favorite,2,0,1.96,0.12,0.66,-0.15,0.13,0.22,-0.2,-1.5,-3,-2.52
UFC Fight Night 108 Swanson vs. Lobov,Hector Sandoval,Matt Schnell,Underdog,6,6,0.92,-0.14,2.23,-0.1,-2.9,0.19,-0.21,-0.4,-3,-0.51
UFC 211 - Miocic vs. Dos Santos,Junior dos Santos,Stipe Miocic,Favorite,0,3,0.33,0.06,0.49,-0.02,1.56,-0.16,-0.13,-0.1,1,-0.51
UFC 211 - Miocic vs. Dos Santos,Jessica Andrade,Joanna Jedrzejczyk,Favorite,5,3,-0.34,-0.02,-2.12,0.07,-2.1,0.07,0.08,-0.2,4,-1.23
UFC 211 - Miocic vs. Dos Santos,Demian Maia,Jorge Masvidal,Underdog,2,-2,-2.25,-0.04,-0.98,-0.01,1.11,-0.35,-0.11,0.7,7,0.23
UFC 211 - Miocic vs. Dos Santos,Yair Rodriguez,Frankie Edgar,Favorite,-5,-3,-0.88,-0.06,-1.17,0.13,1.6,0.04,0.07,-0.4,11,-0.33
UFC 211 - Miocic vs. Dos Santos,David Branch,Krzysztof Jotko,Underdog,0,1,-1.32,-0.03,-0.32,-0.01,1.22,-0.07,-0.39,-0.1,8,0.73
UFC 211 - Miocic vs. Dos Santos,Jason Knight,Chas Skelly,Underdog,1,1,-0.94,0.07,0.19,-0.02,0.43,0.03,-0.08,0.6,8,-0.1
UFC 211 - Miocic vs. Dos Santos,Rashad Coulter,Chase Sherman,Favorite,5,2,1.22,-0.11,-0.03,0.02,0.09,0.5,0.12,0,-8,-0.05
UFC 211 - Miocic vs. Dos Santos,Marco Polo Reyes,James Vick,Favorite,4,5,-1.87,0.02,-2.21,0.01,0.26,0.33,0.11,0.7,-2,-3.28
UFC 211 - Miocic vs. Dos Santos,Jessica Aguilar,Cortney Casey,Favorite,-4,-4,0.64,0.11,3.19,-0.02,0.55,-0.06,0.11,-0.3,5,0.63
UFC 211 - Miocic vs. Dos Santos,Enrique Barzola,Gabriel Benitez,Underdog,1,1,1.35,0,1.52,-0.05,-3.98,0.05,-0.11,0.6,0,-0.53
UFC 211 - Miocic vs. Dos Santos,Joachim Christensen,Gadzhimurad Antigulov,Favorite,4,6,1.7,-0.14,-0.92,0.06,-5.08,-0.36,0,-1.4,8,3.24
UFC Fight Night 109 Gustafsson Vs Teixeira,Glover Teixeira,Alexander Gustafsson,Favorite,3,3,0.3,-0.09,-0.9,0,-0.58,0.06,0.23,-0.5,-7,-2.35
UFC Fight Night 109 Gustafsson Vs Teixeira,Volkan Oezdemir,Misha Cirkunov,Underdog,1,2,-0.73,0.04,-0.86,0.02,3.58,0.06,-0.04,1.6,3,-3.75
UFC Fight Night 109 Gustafsson Vs Teixeira,Ben Saunders,Peter Sobotta,Favorite,2,2,1.09,0.1,0.68,-0.07,-1.33,0.08,-0.11,0.8,4,0.02
UFC Fight Night 109 Gustafsson Vs Teixeira,Omari Akhmedov,Abdul Razak Alhassan,Underdog,-2,0,0.4,0.14,1.15,0,-1.69,-0.07,-0.15,0,2,-1.75
UFC Fight Night 109 Gustafsson Vs Teixeira,Oliver Enkamp,Nordine Taleb,Favorite,-1,3,-1.28,-0.15,0.93,-0.29,-1.07,-0.6,-0.73,0,-10,2.97
UFC Fight Night 109 Gustafsson Vs Teixeira,Alex Nicholson,Jack Hermansson,Favorite,-3,0,0.97,0.01,-0.96,0.09,1.53,0.3,0.3,-0.1,1,-0.8
UFC Fight Night 109 Gustafsson Vs Teixeira,Damian Stasiak,Pedro Munhoz,Favorite,1,-5,3.46,0.07,3.13,0.04,-2.13,-0.17,0.39,-0.1,3,-6.48
UFC Fight Night 109 Gustafsson Vs Teixeira,Trevor Smith,Chris Camozzi,Underdog,1,0,-0.28,0.11,0.35,-0.05,1.43,0.13,0.03,0.2,6,0.95
UFC Fight Night 109 Gustafsson Vs Teixeira,Reza Madadi,Joaquim Silva,Favorite,-3,-4,1.15,-0.03,1.22,-0.13,-2.78,0.17,-0.2,0.3,-10,-0.85
UFC Fight Night 109 Gustafsson Vs Teixeira,Bojan Velickovic,Nico Musoke,Underdog,0,-1,1.38,0.01,1.49,0,0.49,-0.06,0.27,-0.3,3,-0.4
UFC Fight Night 109 Gustafsson Vs Teixeira,Jessin Ayari,Darren Till,Favorite,0,1,-1.23,0.09,-0.28,-0.02,0.55,0.46,0.19,-0.3,0,-2.6
UFC Fight Night 109 Gustafsson Vs Teixeira,Damir Hadzovic,Marcin Held,Underdog,0,1,-1.95,-0.14,-1.24,-0.15,1.68,-0.09,0.03,1.1,-5,-2.44
UFC 212 Aldo vs Holloway,Max Holloway,Jose Aldo,Underdog,-4,1,-3.54,-0.02,-0.99,0.01,0.26,0,0.07,-0.2,5,-0.59
UFC 212 Aldo vs Holloway,Karolina Kowalkiewicz,Claudia Gadelha,Favorite,1,-1,-2.4,-0.02,-0.98,-0.01,2.69,0.19,-0.15,0.5,-3,-2.26
UFC 212 Aldo vs Holloway,Nate Marquardt,Vitor Belfort,Favorite,0,0,-1.12,-0.03,0.51,-0.05,-0.85,0.09,-0.17,-0.2,2,-0.82
UFC 212 Aldo vs Holloway,Oluwale Bamgbose,Paulo Costa,Favorite,2,-6,3.75,0.1,3.68,-0.08,-0.49,0.42,0.43,0,-3,-1.9
UFC 212 Aldo vs Holloway,Erick Silva,Yancy Medeiros,Favorite,2,-1,-1.86,0.11,-1.49,0.02,0.52,-0.15,-0.17,0.7,3,0.5
UFC 212 Aldo vs Holloway,Raphael Assuncao,Marlon Moraes,Underdog,-1,-1,-0.15,0.02,-2.03,0.12,0.78,-0.02,0.32,-0.1,5,1.45
UFC 212 Aldo vs Holloway,Eric Spicely,Antonio Carlos Junior,Favorite,-1,-6,1.76,0.03,3.58,0.03,-2.11,-0.19,0.22,0.2,3,2.25
UFC 212 Aldo vs Holloway,Johnny Eduardo,Matthew Lopez,Favorite,0,2,-0.18,-0.11,-0.51,0.08,-3.1,-0.4,-0.13,-0.9,8,0.63
UFC 212 Aldo vs Holloway,Brian Kelleher,Yuri Alcantara,Underdog,3,5,-0.67,0.04,-1.85,-0.05,-0.3,0.21,0,0.1,6,-2.59
UFC 212 Aldo vs Holloway,Jamie Moyle,Viviane Pereira,Favorite,0,-2,-1.81,-0.21,0.48,-0.07,-0.75,0.79,-0.22,0.2,-5,-0.78
UFC 212 Aldo vs Holloway,Jim Wallhead,Luan Chagas,Favorite,2,1,0.97,0.21,-3.46,0.13,0.32,0.12,-0.15,0.3,-10,-1.84
UFC 212 Aldo vs Holloway,Marco Beltran,Deiveson Figueiredo,Favorite,3,1,-0.94,-0.18,-1.45,0.13,-0.95,0.08,-0.12,-1.5,2,0.59
UFC Fight Night 110 Hunt vs. Lewis,Mark Hunt,Derrick Lewis,Underdog,-5,-7,0.33,-0.07,0.42,0.11,-0.06,0.29,0.12,0.2,11,0.51
UFC Fight Night 110 Hunt vs. Lewis,Daniel Kelly,Derek Brunson,Favorite,1,7,-0.11,0.09,-1.59,-0.1,1.28,-0.01,0.07,0.3,-6,-2.11
UFC Fight Night 110 Hunt vs. Lewis,Luis Henrique da Silva,Ion Cutelaba,Favorite,-2,-1,0.55,-0.17,-1.85,0.07,3.92,0.43,0.54,-0.2,-4,-2.54
UFC Fight Night 110 Hunt vs. Lewis,Ben Nguyen,Tim Elliott,Underdog,2,1,-0.12,0.04,-0.35,-0.03,3.48,0.14,-0.04,0,2,-1.32
UFC Fight Night 110 Hunt vs. Lewis,Ross Pearson,Daniel Hooker,Favorite,4,6,1.4,0.08,0.67,-0.11,0.05,-0.01,0.05,0.4,-5,0.56
UFC Fight Night 110 Hunt vs. Lewis,Mizuto Hirota,Alex Volkanovski,Favorite,-1,4,2.8,0.16,-0.06,0.04,0.42,-0.13,0.12,0.1,-8,-4.24
UFC Fight Night 110 Hunt vs. Lewis,Vinc Pichel,Damien Brown,Underdog,0,4,-0.04,0.08,-1.81,0.05,2.1,0.27,-0.28,-0.5,2,0.14
UFC Fight Night 110 Hunt vs. Lewis,Luke Jumeau,Dominique Steele,Underdog,-1,2,-0.61,0.06,-0.75,-0.08,2.7,-0.58,-0.1,0,0,-0.88
UFC Fight Night 110 Hunt vs. Lewis,Ashkan Mokhtarian,John Moraga,Favorite,0,-1,0.62,0,-1.11,0.13,0.08,0.07,0.11,1.1,2,-1.08
UFC Fight Night 110 Hunt vs. Lewis,Kiichi Kunimoto,Zak Ottow,Favorite,1,1,0.76,-0.08,-1.19,0.17,-0.62,0.09,0.29,0.1,-6,-2.67
UFC Fight Night 110 Hunt vs. Lewis,Chan-Mi Jeon,J.J. Aldrich,Favorite,0,0,-2.35,0.15,-3.39,0.05,0.66,0.23,0.66,0,5,-1.03
UFC Fight Night 111,Bethe Correia,Holly Holm,Favorite,3,5,-1.24,-0.03,-2.01,-0.01,0.48,0.12,-0.09,0.1,2,-4.31
UFC Fight Night 111,Andrei Arlovski,Marcin Tybura,Favorite,0,-1,0.18,-0.03,-0.15,0.02,-1.05,0.03,-0.03,0.1,7,1.64
UFC Fight Night 111,Dong Hyun Kim,Colby Covington,Favorite,3,4,-1.76,0.11,-1.09,0.03,-0.86,-0.01,0.04,0.4,6,2.26
UFC Fight Night 111,Tarec Saffiedine,Rafael dos Anjos,Favorite,-2,0,-0.57,0,0.15,-0.02,1.43,-0.01,-0.29,0.5,2,1.66
UFC Fight Night 111,Takanori Gomi,Jon Tuck,Favorite,-4,-3,0.81,0.01,-0.22,0,0.81,0.32,0.13,-0.2,6,2.46
UFC Fight Night 111,Cyril Asker,Walt Harris,Favorite,-5,-3,0.3,0,2.49,-0.19,4.12,0.34,0.3,0.8,-2,2.37
UFC Fight Night 111,Rolando Dy,Alex Caceres,Favorite,2,4,1.17,0.12,-1.38,0.1,0.24,0.48,-0.04,0.7,2,-2.31
UFC Fight Night 111,Yuta Sasaki,Justin Scoggins,Underdog,3,5,-1.4,-0.1,0.34,-0.05,-0.39,-0.2,-0.41,0.7,2,4.14
UFC Fight Night 111,Frank Camacho,Li Jingliang,Favorite,2,-2,-2.1,-0.04,-3.6,0.06,0.14,0.1,-0.13,0,1,-3.51
UFC Fight Night 111,Russell Doane,Kwan Ho Kwak,Underdog,2,0,-1.54,-0.01,-1.77,0.06,1.33,-0.55,0.26,0.8,3,0.19
UFC Fight Night 111,Carls John de Tomas,Naoki Inoue,Favorite,4,0,1.93,-0.02,-0.56,0.16,-1.37,-0.33,-0.06,2.5,-1,2.07
UFC Fight Night 111,Ji Yeon Kim,Lucie Pudilova,Favorite,1,-5,-1.69,0.01,-1.58,-0.05,0.55,0.27,0.16,0.6,-5,-0.34
UFC Fight Night 112,Michael Chiesa,Kevin Lee,Favorite,4,-2,-2.01,-0.02,-1.9,0.04,0.15,0.07,-0.15,0.2,5,0.4
UFC Fight Night 112,Tim Boetsch,Johny Hendricks,Underdog,-3,-5,0.56,-0.05,1.09,-0.04,2.38,0.12,0.04,-0.5,-3,-0.66
UFC Fight Night 112,Felice Herrig,Justine Kish,Underdog,-1,1,-0.67,-0.11,0.6,-0.09,0.21,-0.05,0.25,0.7,3,0.56
UFC Fight Night 112,Joachim Christensen,Dominick Reyes,Favorite,1,1,0.97,0.09,0.48,0.02,0.36,0.28,0.8,0.4,-11,-2.67
UFC Fight Night 112,Alex Garcia,Tim Means,Favorite,5,3,3.27,0.18,0.61,0.01,-2.56,-0.12,-0.01,0.1,4,-2.38
UFC Fight Night 112,B.J. Penn,Dennis Siver,Favorite,-3,0,1.11,-0.16,-0.53,0.09,-0.32,-0.23,-0.09,-0.2,0,0.69
UFC Fight Night 112,Clay Guida,Erik Koch,Underdog,-3,-1,0.31,-0.09,0.19,0.14,2.11,-0.06,-0.14,-0.4,7,2.85
UFC Fight Night 112,Vitor Miranda,Marvin Vettori,Favorite,1,3,-1.58,0,-1.29,0.02,-0.71,0.1,-0.19,-0.3,15,2.98
UFC Fight Night 112,Maryna Moroz,Carla Esparza,Favorite,-6,-4,-2.26,0.07,-2.2,0.04,2.52,0.11,0.05,-0.3,4,-1.51
UFC Fight Night 112,Devin Powell,Darrell Horcher,Favorite,-2,-3,-0.83,0.03,0.54,-0.12,0.35,0.5,0.47,0.1,0,-3.22
UFC Fight Night 112,Michel Quinones,Jared Gordon,Favorite,-1,-5,2.48,0.28,-2.58,0.09,1.95,0.4,0.26,0,-4,-0.64
UFC Fight Night 112,Johnny Case,Tony Martin,Favorite,2,1,-1.27,-0.01,-0.07,-0.03,-0.99,-0.18,-0.04,0.8,0,-0.42
UFC Fight Night 112,Jeremy Kimball,Josh Stansbury,Underdog,2,2,0.41,0.08,-0.3,0.05,-1.41,-0.2,0.37,1,6,-0.98
TUF Season 25 Finale,Justin Gaethje,Michael Johnson,Underdog,-1,3,-2.51,-0.2,-3.63,0.05,0.51,0.16,0.06,0,2,-0.64
TUF Season 25 Finale,Dhiego Lima,Jesse Taylor,Favorite,-2,-2,-1.18,0.26,-3.33,-0.2,6.02,0.16,0.27,2.5,6,-0.93
TUF Season 25 Finale,Drakkar Klose,Marc Diakiese,Underdog,1,3,-1.83,-0.15,-0.82,0.01,1.71,0.17,-0.03,0,-5,-1.75
TUF Season 25 Finale,Nick Roehrick,Jared Cannonier,Favorite,-3,1,2.37,0.35,-2.79,0.15,0.44,0.42,0.63,0,4,-2.15
TUF Season 25 Finale,Brad Tavares,Elias Theodorou,Underdog,0,1,0.81,-0.01,-0.76,-0.02,0.49,0.02,-0.22,0,-1,-0.11
TUF Season 25 Finale,Marcel Fortuna,Jordan Johnson,Favorite,-1,-5,0.38,-0.01,1.88,0.11,-2.8,-0.34,-0.25,-0.7,3,1.35
TUF Season 25 Finale,Ashley Yoder,Angela Hill,Favorite,-4,-5,1.96,0.1,0.73,0.14,-0.29,0.06,0.1,-0.5,3,-2.8
TUF Season 25 Finale,Tom Gallicchio,James Krause,Favorite,4,-2,1.26,0.23,-2.96,0.18,-0.04,0.07,0.59,0.9,0,-3.55
TUF Season 25 Finale,Ed Herman,C.B. Dollaway,Favorite,1,-1,-0.66,-0.01,-1.13,0.12,1.59,0.07,0.03,0.2,-3,0.99
TUF Season 25 Finale,Juliana Lima,Tecia Torres,Favorite,-4,-5,2.84,0.03,1.48,0.06,-1.11,-0.17,-0.05,0.1,-8,-3.4
TUF Season 25 Finale,Gray Maynard,Teruto Ishihara,Underdog,2,1,-1.34,-0.12,-0.99,0.13,2.41,0.31,0.51,0.7,13,2.67
UFC 213,Yoel Romero,Robert Whittaker,Favorite,0,0,-1.13,0.07,-0.4,0.01,0.76,-0.08,-0.04,0,14,0.19
UFC 213,Fabricio Werdum,Alistair Overeem,Favorite,0,-3,-0.08,-0.12,0.2,-0.02,0.33,-0.24,-0.42,0.4,2,0.56
UFC 213,Daniel Omielanczuk,Curtis Blaydes,Favorite,4,6,0.44,-0.07,-1.46,0.12,5.16,0.27,-0.37,-0.1,-8,-5.86
UFC 213,Jim Miller,Anthony Pettis,Favorite,2,1,0.06,0.05,-0.06,-0.02,-0.92,0.06,0.13,-0.6,-3,-1.45
UFC 213,Douglas Silva de Andrade,Rob Font,Favorite,1,3,1.87,0.07,-0.34,-0.02,0.28,-0.11,-0.24,0.1,-2,-2.19
UFC 213,Brian Camozzi,Chad Laprise,Favorite,4,7,-1.63,-0.16,2.8,-0.11,-1.05,-0.54,-0.78,0.7,-5,5.33
UFC 213,Gerald Meerschaert,Thiago Santos,Favorite,-1,1,-0.54,-0.03,0.8,0,1.29,0.05,-0.31,1.5,-4,0.81
UFC 213,Jordan Mein,Belal Muhammad,Favorite,1,1,-1.2,0.01,-1.09,0.12,-0.42,0.23,-0.27,0,-1,0.42
UFC 213,Terrion Ware,Cody Stamann,Favorite,2,7,-0.37,-0.15,2.44,-0.12,-1.84,-0.17,-0.32,0,4,1.82
UFC 213,James Bochnovic,Trevin Giles,Favorite,-4,-7,2.62,0.29,-1.42,0.37,1.19,0.5,0.71,0.3,-4,-2.08
UFC Fight Night 113,Santiago Ponzinibbio,Gunnar Nelson,Underdog,-1,-1,-3.06,0.2,-1.67,-0.12,1.42,0.29,0.06,1,-2,-1.01
UFC Fight Night 113,Joanne Wood,Cynthia Calvillo,Favorite,2,1,2.69,0.13,0.77,-0.13,-0.28,0.11,-0.19,-0.5,2,1.08
UFC Fight Night 113,Paul Felder,Stevie Ray,Underdog,-1,0,0.03,0,-0.51,0.06,0.46,0.18,-0.09,0.4,-6,-0.98
UFC Fight Night 113,Ryan Janes,Jack Marshman,Favorite,-3,-3,-4.95,-0.23,-1.34,-0.03,-0.35,-1,-0.38,0,-8,-4.69
UFC Fight Night 113,Paul Craig,Khalil Rountree,Favorite,-2,0,1.39,-0.07,1.21,0.06,-1.68,-0.2,0.21,-1.5,-2,0.87
UFC Fight Night 113,James Mulheron,Justin Willis,Favorite,-3,-5,-0.97,-0.28,0.9,-0.15,-0.96,-0.66,-0.11,0,0,1.08
UFC Fight Night 113,Bobby Nash,Danny Roberts,Favorite,1,0,-0.24,0.02,-0.22,-0.01,-2.13,-0.24,-0.43,-1.4,2,-0.99
UFC Fight Night 113,Neil Seery,Alexandre Pantoja,Favorite,-1,-3,-0.85,-0.08,-0.18,0.08,-1.83,-0.2,-0.15,0.8,10,2.7
UFC Fight Night 113,Charlie Ward,Galore Bofando,Favorite,0,1,-1.99,-0.26,3.58,-0.01,-2.37,-1,-0.5,0,1,1.21
UFC Fight Night 113,Albert Morales,Brett Johns,Favorite,-2,-1,-0.95,0.14,-0.12,-0.03,4.01,0.14,-0.12,0.8,0,-2.81
UFC Fight Night 113,Amanda Lemos,Leslie Smith,Favorite,5,1,4.13,-0.14,4.2,0.07,-0.98,-0.63,0.05,-0.7,4,-1.32
UFC on Fox 25,Chris Weidman,Kelvin Gastelum,Underdog,5,7,-0.37,0.04,-0.01,-0.07,2.48,0.12,0.06,0.7,7,0.75
UFC on Fox 25,Darren Elkins,Dennis Bermudez,Underdog,4,5,-0.98,-0.08,0.2,-0.07,-1.04,-0.05,-0.26,0,3,1.38
UFC on Fox 25,Patrick Cummins,Gian Villante,Underdog,1,0,0.12,-0.06,2.12,0,-4.04,-0.18,0.55,-0.1,-5,-0.79
UFC on Fox 25,Thomas Almeida,Jimmie Rivera,Favorite,-3,-2,-0.81,-0.03,-1.03,-0.01,0.71,0.13,0.17,0.1,2,-1.22
UFC on Fox 25,Elizeu Zaleski dos Santos,Lyman Good,Underdog,1,1,0.82,0.06,0.68,0.06,-0.16,0.87,0.07,-0.4,1,-0.95
UFC on Fox 25,Rafael Natal,Eryk Anders,Favorite,-1,2,-0.31,0,-1.69,0.07,0.76,0.08,-0.02,0.4,4,0.18
UFC on Fox 25,Alex Oliveira,Ryan LaFlare,Underdog,2,-2,-0.1,-0.11,-0.69,0.17,-0.22,0.06,-0.05,-0.4,4,-1.08
UFC on Fox 25,Damian Grabowski,Chase Sherman,Favorite,3,3,2.04,0.09,-1,0.01,0.09,0.5,0.74,0,-10,-1.78
UFC on Fox 25,Kyle Bochniak,Jeremy Kennedy,Favorite,4,1,-0.41,0.15,-2.53,-0.11,4.59,0.37,0.04,0,-6,-1.77
UFC on Fox 25,Marlon Vera,Brian Kelleher,Underdog,-2,-4,-0.92,-0.08,-0.84,0.04,1.21,0.02,-0.1,-0.2,6,-1.46
UFC on Fox 25,Junior Albini,Timothy Johnson,Underdog,0,3,-0.55,-0.06,-3,-0.08,-0.45,-0.13,-0.31,0,6,-1.71
UFC on Fox 25,Godofredo Pepey,Shane Burgos,Favorite,4,2,5.08,0.14,3.55,0.09,0.06,0.37,0.56,-1.1,-3,-3.25
UFC on Fox 25,Frankie Perez,Chris Wade,Favorite,-1,-3,0.06,0.12,-0.42,-0.03,0.85,0.1,0.05,0.8,1,-2.54
UFC Fight Night Struve vs. Volkov,Stefan Struve,Alexander Volkov,Favorite,4,4,-1.98,-0.1,1.04,-0.08,0.07,-0.17,-0.18,1.5,1,0.25
UFC Fight Night Struve vs. Volkov,Rob Wilkinson,Siyar Bahadurzada,Favorite,-4,-7,0.17,-0.1,-2.43,0.1,-3.15,0.36,0.62,0.3,8,-0.59
UFC Fight Night Struve vs. Volkov,Talita Bernardo,Marion Reneau,Favorite,-2,0,-0.08,0.01,0.52,-0.04,1,-0.41,-0.22,-0.3,-9,2.14
UFC Fight Night Struve vs. Volkov,Bryan Barberena,Leon Edwards,Favorite,2,2,-2.6,0.05,-2.25,0.1,1.12,0.12,0.2,0.1,-3,-1.92
UFC Fight Night Struve vs. Volkov,Bojan Velickovic,Darren Till,Favorite,0,-2,0.12,0.12,1,-0.01,-0.12,0.21,0.14,-0.5,-4,-1.35
UFC Fight Night Struve vs. Volkov,Felipe Silva,Mairbek Taisumov,Favorite,3,4,2.42,0.11,-1.23,-0.05,-0.34,0.37,-0.17,0,5,1.95
UFC Fight Night Struve vs. Volkov,Mads Burnell,Michel Prazeres,Favorite,2,2,-1.1,-0.06,0.2,-0.06,-0.49,0.11,-0.25,-0.2,-12,2.59
UFC Fight Night Struve vs. Volkov,Desmond Green,Rustam Khabilov,Favorite,-2,0,-1.72,-0.12,-0.35,-0.04,2.33,-0.09,-0.14,0.1,3,-1.96
UFC Fight Night Struve vs. Volkov,Francimar Barroso,Aleksandar Rakic,Favorite,-3,-3,-1.49,0.02,0.27,0.09,1.46,-0.01,-0.02,-0.1,12,0.45
UFC Fight Night Struve vs. Volkov,Mike Santiago,Zabit Magomedsharipov,Favorite,3,4,1.45,-0.01,-0.58,0.28,2.56,0.06,0.24,-0.3,-1,-3.3
UFC Fight Night Struve vs. Volkov,Bojan Mihajlovic,Abdul-Kerim Edilov,Favorite,3,5,8.99,0.26,-5.82,0.45,3.98,1,-0.33,2,-12,-4.92
UFC Fight Night Struve vs. Volkov,Thibault Gouti,Andrew Holbrook,Underdog,1,-2,-1.48,0.15,-2.64,0.04,-0.38,-0.62,-0.73,1.8,1,-1.04
UFC 215,Amanda Nunes,Valentina Shevchenko,Underdog,3,3,1.27,-0.01,0.51,-0.05,0.17,-0.09,0.11,0.3,-1,0.32
UFC 215,Neil Magny,Rafael dos Anjos,Favorite,-7,-10,0.01,0.01,0.79,0.08,-0.22,-0.05,0.01,0.3,3,-1.13
UFC 215,Wilson Reis,Henry Cejudo,Favorite,0,-1,1.94,0.17,0.25,0.05,-3.16,-0.1,0.28,-0.4,-2,-3.19
UFC 215,Ilir Latifi,Tyson Pedro,Underdog,-5,-6,-0.85,-0.14,0.54,0,1.35,0.05,0.5,-0.5,9,0.51
UFC 215,Jeremy Stephens,Gilbert Melendez,Underdog,0,2,0.27,-0.07,-0.52,0.05,0.48,0.03,0.06,-0.2,5,-0.14
UFC 215,Ketlen Vieira,Sara McMann,Underdog,-2,-2,-0.78,0.05,-2,-0.04,2.87,0.21,-0.42,-0.1,11,-1.41
UFC 215,Sarah Moras,Ashlee Evans-Smith,Underdog,1,0,1.75,0,1.01,0.03,0.28,0.01,0.17,-0.8,0,-2.02
UFC 215,Rick Glenn,Gavin Tucker,Underdog,-6,-4,0.35,0.01,0.08,0.06,2.58,0.31,-0.15,1.1,2,-2.25
UFC 215,Mitch Clarke,Alex White,Favorite,-2,2,-1.41,-0.08,0.2,-0.13,-0.28,-0.13,-0.21,-0.1,3,1.39
UFC 215,Luis Henrique,Arjan Bhullar,Favorite,1,-1,-0.52,-0.13,-1.03,-0.12,1.36,-0.39,-0.5,1,-8,1.35
UFC 215,Kajan Johnson,Adriano Martins,Underdog,1,3,0.67,0.04,-0.55,-0.01,0.71,-0.43,-0.19,-0.2,-1,4.31
UFC Fight Night 116 Rockhold vs. Branch,David Branch,Luke Rockhold,Favorite,2,-1,2.44,0.1,0.77,-0.03,-1.85,-0.03,0.22,1,-3,-4.3
UFC Fight Night 116 Rockhold vs. Branch,Alex Reyes,Mike Perry,Favorite,1,2,-0.28,-0.08,5.75,-0.12,-0.81,-0.4,-0.78,-0.2,5,3.93
UFC Fight Night 116 Rockhold vs. Branch,Hector Lombard,Anthony Smith,Favorite,-7,-5,-0.21,-0.02,-1.12,0.07,1.2,0.22,0.28,-0.2,11,0.6
UFC Fight Night 116 Rockhold vs. Branch,Jason Gonzalez,Gregor Gillespie,Favorite,-7,-3,0.68,0.13,-0.83,-0.01,6.86,0.48,0.7,-0.2,3,-3.48
UFC Fight Night 116 Rockhold vs. Branch,Sergio Moraes,Kamaru Usman,Favorite,0,4,1.94,0.1,-0.99,-0.05,1.62,0.07,0.14,-0.3,-4,-5.86
UFC Fight Night 116 Rockhold vs. Branch,Azunna Anyanwu,Justin Ledet,Favorite,3,9,0.88,-0.03,2.35,-0.2,-0.42,-0.5,0.42,0.2,-7,-3.46
UFC Fight Night 116 Rockhold vs. Branch,Tony Martin,Olivier Aubin-Mercier,Favorite,-3,-3,-0.2,0.14,0.38,-0.03,1.65,0.06,0.02,-0.5,1,-0.05
UFC Fight Night 116 Rockhold vs. Branch,Daniel Spitz,Anthony Hamilton,Underdog,2,6,-1.31,-0.3,2.28,0.01,-1.88,0.24,-0.78,0,-11,1.33
UFC Fight Night 116 Rockhold vs. Branch,Urijah Hall,Krzysztof Jotko,Underdog,1,-2,-0.25,-0.06,-1.62,0.03,0.79,0.01,0.18,0,-5,-1.4
UFC Fight Night 116 Rockhold vs. Branch,Jason Saggo,Gilbert Burns,Favorite,-1,0,0.79,0.09,0.48,0.02,-0.09,-0.02,0.27,0.5,-1,-0.59
UFC Fight Night 117 St. Preux vs. Shogun 2,Yushin Okami,Ovince St Preux,Favorite,1,5,0.97,0.09,1.07,-0.13,-0.88,-0.03,-0.17,0,-1,-3.67
UFC Fight Night 117 St. Preux vs. Shogun 2,Jessica Andrade,Claudia Gadelha,Underdog,3,1,-3.31,-0.09,-0.8,0.02,0.66,-0.13,-0.14,0.4,3,-2.1
UFC Fight Night 117 St. Preux vs. Shogun 2,Luis Henrique da Silva,Gokhan Saki,Favorite,-3,-3,3.2,-0.02,-0.71,0.13,-0.25,-0.14,0.78,-0.2,6,-1.14
UFC Fight Night 117 St. Preux vs. Shogun 2,Rolando Dy,Teruto Ishihara,Favorite,1,0,-0.22,-0.07,0.84,-0.01,-0.2,0.04,0.38,0,1,0.83
UFC Fight Night 117 St. Preux vs. Shogun 2,Yuta Sasaki,Jussier Formiga,Favorite,-5,-4,-0.74,-0.02,-0.16,0.14,-1.21,-0.08,0.46,-0.6,5,-3.29
UFC Fight Night 117 St. Preux vs. Shogun 2,Keita Nakamura,Alex Morono,Underdog,0,1,-2.64,-0.04,-0.96,0,1.33,0.26,0.08,-0.1,7,0.35
UFC Fight Night 117 St. Preux vs. Shogun 2,Chan-Mi Jeon,Syuri Kondo,Favorite,-1,-1,-0.83,0.13,-0.55,0.03,0,0,0.83,0.3,9,-0.37
UFC Fight Night 117 St. Preux vs. Shogun 2,Shinsho Anzai,Luke Jumeau,Underdog,-4,-2,0.3,0.15,0.58,-0.13,1.58,-0.84,-0.11,0,2,1.78
UFC Fight Night 117 St. Preux vs. Shogun 2,Daichi Abe,Hyun Gyu Lim,Underdog,4,6,0.65,0.08,0.58,-0.05,-0.1,0.5,0.73,0.2,7,-0.14
UFC 216,Kevin Lee,Tony Ferguson,Favorite,2,-1,1.06,0.03,0.81,0.05,-2.79,-0.08,-0.08,0.1,9,-2
UFC 216,Ray Borg,Demetrious Johnson,Favorite,-1,3,1.91,0.02,-0.27,0.19,-0.54,0.06,0.19,-0.5,7,-8.89
UFC 216,Walt Harris,Fabricio Werdum,Favorite,-1,0,0.54,0.13,-0.69,0.01,1.46,0.03,-0.39,1.1,6,-1.84
UFC 216,Mara Romero Borella,Kalindra Faria,Underdog,-1,7,0.31,-0.19,1.04,0.26,0.52,-0.22,0.46,-0.5,0,1.45
UFC 216,Cody Stamann,Tom Duquesnoy,Underdog,-1,-4,0.56,0.02,-1.67,0,1.92,0.14,0.3,0,4,0.8
UFC 216,Pearl Gonzalez,Poliana Botelho,Favorite,-4,1,-0.67,-0.21,1.27,0.03,0.19,-0.46,-0.76,0.5,2,0.78
UFC 216,Marco Beltran,Matt Schnell,Favorite,0,1,2.16,0.01,2.63,-0.08,-0.11,-0.06,0.04,0.8,-4,-0.06
UFC 216,John Moraga,Magomed Bibulatov,Underdog,-1,-1,1.03,0.08,-0.72,-0.04,2.23,0.17,0.31,-1.1,-5,-4.6
UFC 216,Thales Leites,Brad Tavares,Favorite,0,-4,1.25,0.03,0.16,0.03,-1.32,-0.01,0.51,-1.1,-6,-1.01
UFC Fight Night 118 Gdansk,Darren Till,Donald Cerrone,Underdog,1,-1,2.11,0,1.17,-0.03,0.61,-0.13,0.04,1.2,10,-0.66
UFC Fight Night 118 Gdansk,Jodie Esquibel,Karolina Kowalkiewicz,Favorite,2,0,1.61,0.12,-1.82,0.06,-0.41,0.02,-0.1,0.2,0,-3.99
UFC Fight Night 118 Gdansk,Jan Blachowicz,Devin Clark,Underdog,2,3,0.38,-0.04,-0.33,0.09,-1.08,0.18,0.1,0.2,7,0.66
UFC Fight Night 118 Gdansk,Jonathan Wilson,Oskar Piechota,Favorite,2,-1,-0.38,-0.04,1.72,0.05,-0.24,0.6,0.42,-1.5,2,1.22
UFC Fight Night 118 Gdansk,Damian Stasiak,Brian Kelleher,Favorite,-1,4,-1.53,-0.05,-1.54,-0.02,0.9,-0.06,-0.17,-0.1,-3,0.05
UFC Fight Night 118 Gdansk,Nasrat Haqparast,Marcin Held,Favorite,1,1,4.37,0.1,3.23,0.17,-2.15,-0.26,0.41,-1.3,-4,3.04
UFC Fight Night 118 Gdansk,Artem Lobov,Andre Fili,Favorite,-2,-9,-0.33,0.04,0.71,-0.01,-1.77,-0.22,-0.17,-0.3,4,1.01
UFC Fight Night 118 Gdansk,Sam Alvey,Ramazan Emeev,Favorite,4,-1,0.75,-0.01,1.49,-0.13,-2.31,-0.15,0.16,-0.6,1,0.83
UFC Fight Night 118 Gdansk,Salim Touahri,Warlley Alves,Favorite,1,0,0.44,0.02,1.08,-0.08,1.22,0.5,-0.21,0.8,-1,-2.46
UFC Fight Night 118 Gdansk,Lina Lansberg,Aspen Ladd,Favorite,-1,1,1.09,-0.08,0.78,0.03,1.04,0.2,0.15,0.5,-13,-1.85
UFC Fight Night 118 Gdansk,Felipe Arantes,Josh Emmett,Favorite,-2,-3,1.67,-0.09,1.95,-0.03,-0.02,-0.1,0.05,-0.6,3,-2.11
UFC 217,Michael Bisping,Georges St-Pierre,Favorite,2,-1,0.55,-0.15,1.31,-0.07,-3.11,-0.31,-0.2,-0.8,2,0.1
UFC 217,T.J. Dillashaw,Cody Garbrandt,Underdog,2,-2,-2.11,-0.01,0.29,-0.02,-0.53,0.04,0.03,-0.8,-6,-1.22
UFC 217,Rose Namajunas,Joanna Jedrzejczyk,Underdog,1,0,2.59,0.07,-0.26,-0.01,-1.11,0.15,0.21,-0.4,5,-5.8
UFC 217,Jorge Masvidal,Stephen Thompson,Favorite,1,1,0.06,-0.01,-0.02,-0.1,-1.12,-0.18,-0.07,-0.3,2,-1.08
UFC 217,James Vick,Joseph Duffy,Underdog,-5,-3,-1.45,-0.05,0.47,-0.06,0.7,0.33,0.07,0,-1,0.88
UFC 217,Corey Anderson,Ovince St Preux,Favorite,0,1,-1.4,0.01,1.1,-0.12,-3.79,-0.14,-0.16,0.5,7,0.71
UFC 217,Mark Godbeer,Walt Harris,Underdog,1,0,-0.92,-0.14,0.03,0,0.29,0.28,0.42,0.1,0,-2.81
UFC 217,Randy Brown,Mickey Gall,Underdog,-1,-4,-1.43,0,0.92,-0.05,0.43,-0.09,-0.38,1.4,-1,-0.2
UFC 217,Aiemann Zahabi,Ricardo Ramos,Favorite,-1,-4,0.22,0.06,-0.13,0.14,-2.82,-0.44,0.07,-0.7,8,1.18
UFC Fight Night 120 Virginia,Dustin Poirier,Anthony Pettis,Underdog,1,0,-2.4,-0.04,-0.92,0.01,-0.72,0.14,-0.03,-0.3,2,-0.11
UFC Fight Night 120 Virginia,Diego Sanchez,Matt Brown,Favorite,2,3,1.07,0.18,-0.1,-0.01,0.17,0.22,0.17,0.5,1,-2.86
UFC Fight Night 120 Virginia,Andrei Arlovski,Junior Albini,Underdog,0,3,-0.2,-0.06,-2.88,0.05,-1.16,-0.01,-0.24,0.2,12,2.85
UFC Fight Night 120 Virginia,Matthew Lopez,Raphael Assuncao,Favorite,-2,-3,0.09,-0.08,-1.23,0.11,-1.67,-0.21,0.07,-1.1,4,-2.85
UFC Fight Night 120 Virginia,Marlon Moraes,John Dodson,Underdog,-3,-1,-0.17,0,-0.95,0.07,-0.16,-0.13,0.36,-0.3,3,-0.1
UFC Fight Night 120 Virginia,Viviane Pereira,Tatiana Suarez,Favorite,4,3,1.57,0.33,-3.1,-0.07,5.95,-0.39,0.72,0.7,3,-2.25
UFC Fight Night 120 Virginia,Nate Marquardt,Cezar Ferreira,Favorite,-1,-4,0.81,0.07,-0.12,0.02,-0.82,-0.02,-0.14,0.3,6,2.13
UFC Fight Night 120 Virginia,Joe Lauzon,Clay Guida,Favorite,-3,-1,-0.2,-0.06,-2.38,0.07,0.74,-0.09,0.13,-1.4,2,-0.15
UFC Fight Night 120 Virginia,Darren Stewart,Karl Roberson,Favorite,1,0,-0.48,0.06,-0.87,0.09,-1.03,-0.05,-0.25,0.4,0,-1.46
UFC Fight Night 120 Virginia,Michel Quinones,Sage Northcutt,Favorite,2,-2,0.67,0.23,-4.02,0.1,1.81,0.34,0.05,0.6,-11,-0.99
UFC Fight Night 120 Virginia,Jake Collier,Marcel Fortuna,Underdog,-2,-4,-1.97,0.02,-0.56,0.14,-0.26,-0.25,0.08,-0.1,3,-1.77
UFC Fight Night 120 Virginia,Nina Nunes,Angela Hill,Underdog,-2,0,0.99,0.04,1.39,0.06,0.56,0,0.03,-0.4,1,-1.13
UFC Fight Night 120 Virginia,Court McGee,Sean Strickland,Favorite,-2,-1,-1.31,-0.04,-0.71,-0.01,0.99,-0.39,-0.08,0.2,6,2.18
UFC Fight Night 121 Sydney,Marcin Tybura,Fabricio Werdum,Favorite,1,-1,-0.01,0.04,-0.71,0,0.32,-0.02,-0.48,1.1,8,-2.52
UFC Fight Night 121 Sydney,Jessica-Rose Clark,Bec Rawlings,Underdog,-1,0,-0.75,0.09,-2.15,0.01,0.95,0.02,-0.06,-0.1,1,0.47
UFC Fight Night 121 Sydney,Belal Muhammad,Tim Means,Underdog,3,3,0.53,0.06,0,0.03,-0.82,0.05,-0.28,0,5,-1.35
UFC Fight Night 121 Sydney,Bojan Velickovic,Jake Matthews,Favorite,-1,-3,1.12,0.11,0.25,0.03,0.92,0.15,0.07,0.1,-6,-0.48
UFC Fight Night 121 Sydney,Daniel Kelly,Elias Theodorou,Favorite,1,5,0.57,0.04,-2.25,-0.08,-0.59,-0.06,-0.19,-0.3,-11,-2.19
UFC Fight Night 121 Sydney,Shane Young,Alex Volkanovski,Favorite,-2,-1,0.97,0.16,-2.02,0.06,1.15,0.19,0.06,0.2,5,-5.23
UFC Fight Night 121 Sydney,Ashkan Mokhtarian,Ryan Benoit,Favorite,-1,1,0.93,-0.04,-0.01,0.15,-0.26,0.06,0.39,0.4,-4,-2.16
UFC Fight Night 121 Sydney,Nik Lentz,Will Brooks,Underdog,2,4,0.82,0.12,-0.71,0.06,-1.22,0.19,0.39,-0.9,-2,-3.81
UFC Fight Night 121 Sydney,Rashad Coulter,Tai Tuivasa,Favorite,3,-1,-0.86,-0.07,-1.63,-0.07,0,0,-0.05,0,-11,-1.01
UFC Fight Night 121 Sydney,Damien Brown,Frank Camacho,Favorite,0,-5,-2.9,-0.08,-2.58,-0.01,-0.43,-0.04,-0.2,0.7,4,0.4
UFC Fight Night 121 Sydney,Alex Chambers,Nadia Kassem,Favorite,2,3,0.16,-0.13,-0.62,-0.02,-1.85,-0.08,-0.13,1.8,-17,-1.03
UFC Fight Night 121 Sydney,Jenel Lausa,Eric Shelton,Favorite,-1,0,-1.13,0,1.65,-0.1,-2.28,0.15,0.05,0.6,2,2.86
UFC Fight Night 121 Sydney,Anthony Hamilton,Adam Wieczorek,Favorite,0,-5,2.23,0.27,1.15,-0.03,2.21,0.09,0.2,-0.4,12,0.8
UFC Fight Night 122 Bisping vs. Gastellum,Michael Bisping,Kelvin Gastelum,Favorite,4,4,0.78,-0.03,-0.52,0.07,0.09,0.13,0.04,0.2,13,2.15
UFC Fight Night 122 Bisping vs. Gastellum,Sheymon da Silva Moraes,Zabit Magomedsharipov,Favorite,5,1,1.89,0.06,-0.64,0.01,5.22,0.56,0.24,0.24,0,-4.28
UFC Fight Night 122 Bisping vs. Gastellum,Chase Sherman,Shamil Abdurakhimov,Favorite,1,2,3.63,0.01,3.63,-0.03,-0.92,0.27,0.29,-0.1,-8,0.37
UFC Fight Night 122 Bisping vs. Gastellum,Wang Guan,Alex Caceres,Underdog,1,2,-0.52,0.06,-0.18,0.02,0.54,0.68,0.64,0.7,-3,-0.53
UFC Fight Night 122 Bisping vs. Gastellum,Zak Ottow,Li Jingliang,Favorite,1,-1,1.83,0.06,1.11,-0.01,0.28,0.12,0.03,-0.4,-1,-1.31
UFC Fight Night 122 Bisping vs. Gastellum,Kailin Curran,Yan Xiaonan,Favorite,-1,2,-1.08,-0.01,1.09,-0.05,1,-0.16,-0.01,0.6,-1,0.65
UFC Fight Night 122 Bisping vs. Gastellum,Wuliji Buren,Rolando Dy,Favorite,-1,0,1.43,-0.05,1.45,-0.04,-2.98,-0.22,-0.09,-0.4,-2,-0.77
UFC Fight Night 122 Bisping vs. Gastellum,Kenan Song,Bobby Nash,Underdog,0,3,-0.94,-0.09,-2.43,0.01,2.03,-0.17,0.39,1.6,0,-2.42
UFC Fight Night 122 Bisping vs. Gastellum,Alex Garcia,Muslim Salikhov,Underdog,-2,2,-1.55,-0.2,0.09,-0.03,2.45,0.12,-0.07,0.1,-3,1.51
UFC Fight Night 122 Bisping vs. Gastellum,Bharat Khandare,Yadong Song,Favorite,1,-5,3.79,0.33,2.08,-0.17,0.66,0.4,0,0.2,-10,-0.69
UFC Fight Night 122 Bisping vs. Gastellum,Gina Mazany,Yanan Wu,Underdog,2,-2,0.5,-0.09,1.43,-0.01,-3.72,-0.22,0.3,0,-7,0
UFC Fight Night 122 Bisping vs. Gastellum,Hu Yaozong,Cyril Asker,Favorite,3,-2,0,0.09,-0.73,0,-4.41,-0.62,-0.67,-0.5,-9,1.71
TUF 26 Finale,Roxanne Modafferi,Nicco Montano,Favorite,2,4,-2.25,-0.11,1.27,-0.13,-0.9,-0.31,-0.39,-0.3,6,1.29
TUF 26 Finale,Terrion Ware,Sean O'Malley,Favorite,3,1,3.61,0.29,-2.55,0.12,-0.15,0.2,0.18,0.3,-9,-1.81
TUF 26 Finale,Lauren Murphy,Barb Honchak,Underdog,-1,-2,-0.01,-0.09,-0.58,0.11,-1.03,-0.25,-0.69,1.2,4,-1.44
TUF 26 Finale,Eric Spicely,Gerald Meerschaert,Favorite,0,4,-0.53,0,-2.35,-0.02,0.86,0.18,-0.41,0.6,-1,-1.15
TUF 26 Finale,Joe Soto,Brett Johns,Favorite,-1,-6,0.5,-0.08,1.53,0.14,-4.07,-0.28,0.12,0.9,5,1.05
TUF 26 Finale,Christina Marks,Montana De La Rosa,Favorite,0,-1,-2.3,-0.22,0.21,-0.2,-5.79,-0.69,0.64,0.8,-9,-2.8
TUF 26 Finale,Ryan Janes,Andrew Sanchez,Underdog,-2,-2,-3.39,-0.05,-0.43,-0.09,2.2,-0.64,0.42,0,-6,-4.23
TUF 26 Finale,Karine Gevorgyan,Rachael Ostovich,Favorite,-1,-1,1.34,0.23,2.17,-0.19,2.03,0.83,0.66,0.8,-2,-2.81
TUF 26 Finale,Ariel Beck,Shana Dobson,Favorite,0,-3,1.1,-0.03,-0.89,0.14,-0.84,-0.5,-0.14,0,-2,1.42
TUF 26 Finale,Gillian Robertson,Emily Whitmire,Underdog,0,0,0.11,0.15,0.14,0.02,0.63,-0.23,-0.27,0.5,-4,1.2
UFC Fight Night 123,Cub Swanson,Brian Ortega,Favorite,0,1,0.63,0.12,-2.7,0.1,-0.08,0.25,0.04,-0.8,7,0.1
UFC Fight Night 123,Gabriel Benitez,Jason Knight,Underdog,2,0,-2.31,-0.08,-1.47,-0.12,1.09,-0.19,-0.08,0.8,-4,-2.41
UFC Fight Night 123,Aljamain Sterling,Marlon Moraes,Favorite,1,4,1.24,0.12,-2.23,0.04,1.44,-0.14,-0.01,0.4,-2,0.65
UFC Fight Night 123,Darrell Horcher,Scott Holtzman,Favorite,-1,-1,2.27,0.03,-0.55,0.16,1.53,0.06,0.2,-0.5,4,-0.45
UFC Fight Night 123,Markus Perez,Eryk Anders,Favorite,0,2,0.81,0,0.45,-0.02,0.98,0.01,0.02,-0.9,2,-3.64
UFC Fight Night 123,Albert Morales,Benito Lopez,Favorite,1,1,0.58,0.1,1.22,0,-0.91,-0.35,0.03,0.1,-2,-0.27
UFC Fight Night 123,Alexis Davis,Liz Carmouche,Underdog,0,-2,-1.85,0.05,-1.94,0.07,1.62,0.07,0.31,-0.4,1,-0.63
UFC Fight Night 123,Andre Soukhamthath,Luke Sanders,Underdog,-3,-3,3.84,0.08,0.06,0.01,-0.54,-0.23,0.14,0,3,-2.55
UFC Fight Night 123,Carls John de Tomas,Alex Perez,Favorite,1,-6,2.36,0.08,-0.8,0.15,0.69,0,0.16,0.9,5,-3.19
UFC Fight Night 123,Frankie Saenz,Merab Dvalishvili,Underdog,0,-2,-0.56,0.06,1.13,-0.05,-4.69,-0.05,-0.19,-0.2,10,1.08
UFC Fight Night 123,Alejandro Perez,Yuri Alcantara,Underdog,3,4,-0.73,0.1,-0.39,-0.12,0.9,0.4,-0.1,0.5,9,-1.11
UFC Fight Night 123,Chris Gruetzemacher,Davi Ramos,Favorite,2,-2,3.54,0.2,1.52,-0.04,-1.74,0.1,-0.18,-0.6,0,3.08
UFC Fight Night 123,Antonio Braga Neto,Trevin Giles,Favorite,3,3,-1.91,-0.22,1.7,-0.13,1.88,-0.13,-0.71,0.2,5,2.04
UFC on Fox 26 Lawler vs. dos Anjos,Robbie Lawler,Rafael dos Anjos,Favorite,-3,-4,-0.37,0,-1.46,0.01,1.3,-0.29,-0.1,0.6,-3,0.19
UFC on Fox 26 Lawler vs. dos Anjos,Josh Emmett,Ricardo Lamas,Underdog,-2,-1,0.91,-0.11,1.74,0.04,-0.93,0.04,0,-0.8,-3,2.05
UFC on Fox 26 Lawler vs. dos Anjos,Mike Perry,Santiago Ponzinibbio,Favorite,2,2,0.58,-0.06,-0.49,0.09,-0.33,-0.1,-0.18,-0.2,5,-0.91
UFC on Fox 26 Lawler vs. dos Anjos,Glover Teixeira,Misha Cirkunov,Underdog,-1,-1,-0.13,-0.02,1.37,-0.06,-2.04,-0.06,-0.16,-0.8,7,0.93
UFC on Fox 26 Lawler vs. dos Anjos,Jan Blachowicz,Jared Cannonier,Underdog,3,1,-1.27,-0.02,-1.22,-0.06,0.65,0.08,0.05,0.3,1,1.13
UFC on Fox 26 Lawler vs. dos Anjos,Darren Stewart,Julian Marquez,Favorite,-2,2,-1.81,0.01,-1.7,-0.03,1.75,0.45,0.14,-2.5,-1,2.62
UFC on Fox 26 Lawler vs. dos Anjos,Galore Bofando,Chad Laprise,Favorite,-1,-1,1.15,-0.03,-0.04,0.11,-1.32,-0.46,0.28,0,-5,-0.61
UFC on Fox 26 Lawler vs. dos Anjos,Danny Roberts,Nordine Taleb,Favorite,0,0,0.48,0.12,-1.11,0.16,1.7,0.67,0.16,-0.2,6,-0.71
UFC on Fox 26 Lawler vs. dos Anjos,John Makdessi,Abel Trujillo,Underdog,0,2,-2.87,-0.08,-1.84,-0.09,2.18,0.45,-0.46,0.4,1,-0.96
UFC on Fox 26 Lawler vs. dos Anjos,Oluwale Bamgbose,Alessio Di Chirico,Favorite,1,-4,0.87,-0.09,0.74,0.06,0.52,0.06,0.46,0,-2,-0.34
UFC on Fox 26 Lawler vs. dos Anjos,Erick Silva,Jordan Mein,Favorite,0,1,-0.85,0.04,1.63,-0.2,-0.71,-0.23,-0.1,1.2,5,0.68
UFC 219,Holly Holm,Cristiane Justino,Favorite,0,-1,4.15,0.12,-0.67,0.09,-0.21,0.25,0.18,0.3,-4,-2.32
UFC 219,Edson Barboza,Khabib Nurmagomedov,Favorite,1,5,0.01,-0.04,2.9,-0.09,-4.87,0.02,-0.12,-0.7,3,3.05
UFC 219,Daniel Hooker,Marc Diakiese,Underdog,-2,-2,-2.54,-0.08,-2.12,0.01,2.5,0.09,-0.14,-0.4,-3,-1.12
UFC 219,Carla Esparza,Cynthia Calvillo,Underdog,3,1,2.25,-0.02,1.43,0.09,-1.42,0.09,0.3,0.5,0,-1.95
UFC 219,Neil Magny,Carlos Condit,Underdog,-1,-5,0.19,-0.07,0.25,0.03,-1.58,0.06,-0.16,0.7,4,-0.77
UFC 219,Michal Oleksiejczuk,Khalil Rountree,Underdog,1,2,-1.22,-0.11,-0.08,-0.11,-0.75,-0.44,0.1,0.1,5,2.87
UFC 219,Rick Glenn,Myles Jury,Favorite,-2,3,-1,-0.01,-1.94,0.15,1.61,0.42,-0.18,-0.1,0,-1.6
UFC 219,Louis Smolka,Matheus Nicolau,Favorite,3,2,1.05,-0.05,0.92,-0.13,0.31,-0.1,-0.61,1,1,2.07
UFC 219,Mark Delarosa,Tim Elliott,Favorite,1,1,0.26,0.09,-2.34,0.08,3.19,0.34,0.19,0.8,8,-1.26
UFC Fight Night 124,Jeremy Stephens,Doo Ho Choi,Underdog,1,-1,1.57,0.13,1.86,-0.04,-0.87,-0.18,-0.15,-0.4,-4,-0.83
UFC Fight Night 124,Darren Elkins,Michael Johnson,Underdog,0,2,0.83,0.01,0.56,0.05,-2.23,0.06,0.25,-1.1,-3,-1.1
UFC Fight Night 124,Emil Meek,Kamaru Usman,Favorite,1,2,1.84,0.13,0.21,0.16,2.57,0.12,0.42,-0.9,2,-5.53
UFC Fight Night 124,Alex White,James Krause,Favorite,2,2,1.03,0.07,1.04,0.01,0.04,-0.1,-0.12,0.4,2,-0.99
UFC Fight Night 124,Jessica-Rose Clark,Paige VanZant,Underdog,-1,1,-0.38,0.01,-0.89,-0.16,-0.39,-0.09,-0.28,0.7,-6,-0.03
UFC Fight Night 124,Kalindra Faria,Jessica Eye,Favorite,1,-4,-1.63,0.19,-2.75,-0.1,0.73,0.26,-0.37,0.2,0,0.34
UFC Fight Night 124,Talita Bernardo,Irene Aldana,Favorite,5,0,2.12,-0.02,2.29,0.02,-1.46,0.28,0.48,-0.3,-1,-1.24
UFC Fight Night 124,Marco Polo Reyes,Matt Frevola,Underdog,2,0,2.29,-0.05,1.95,0,-2.59,-0.4,0.04,-0.9,6,1.4
UFC Fight Night 124,Guido Cannetti,Kyung Ho Kang,Favorite,3,5,-0.09,-0.07,0.49,0.04,-0.4,0.02,0.04,0.4,-8,-2.49
UFC Fight Night 124,Danielle Taylor,J.J. Aldrich,Favorite,5,7,1.13,0.17,1.07,-0.11,0.46,0.03,-0.04,-0.2,-3,0.19
UFC Fight Night 124,Mads Burnell,Mike Santiago,Underdog,2,0,2.16,0.08,0.87,-0.15,-0.79,0.03,0.31,0.7,4,-1.19
UFC 220,Stipe Miocic,Francis Ngannou,Underdog,0,-3,2.49,0.12,1.66,0.13,1.1,-0.28,-0.03,-0.3,4,1.04
UFC 220,Volkan Oezdemir,Daniel Cormier,Favorite,-3,-3,-0.34,0.05,-1,-0.01,1.26,0.11,0,0.3,11,-2.67
UFC 220,Calvin Kattar,Shane Burgos,Underdog,0,-3,-2.64,-0.13,-0.03,-0.02,-0.04,-0.15,-0.19,-0.3,3,1.02
UFC 220,Francimar Barroso,Gian Villante,Favorite,2,1,1.61,-0.08,2.4,-0.04,-1.77,-0.01,0,0,-6,-0.93
UFC 220,Rob Font,Thomas Almeida,Underdog,-1,-1,-0.69,-0.02,1.28,0.05,-0.72,-0.21,0.29,-0.3,-4,-0.1
UFC 220,Kyle Bochniak,Brandon Davis,Underdog,-3,-2,-2.05,-0.04,0.49,0,0.4,-0.27,0.05,-0.1,3,0.23
UFC 220,Sabah Homasi,Abdul Razak Alhassan,Favorite,-2,1,-1.61,0,-2.92,0.08,-1.91,-0.12,-0.16,0.2,3,-1.28
UFC 220,Dustin Ortiz,Alexandre Pantoja,Underdog,0,-2,-1.47,-0.05,-1.8,0.06,0.4,-0.11,-0.16,-0.7,1,0.71
UFC 220,Dan Ige,Julio Arce,Favorite,0,1,-0.6,0.09,0.47,-0.11,0.6,-0.02,-0.38,0,-2,0.62
UFC 220,Matt Bessette,Enrique Barzola,Favorite,-3,0,-0.45,0,-1.48,0.1,3.56,0.17,0.05,0,-4,-1.53
UFC 220,Gleison Tibau,Islam Makhachev,Favorite,0,1,-0.51,-0.29,1.24,0.02,0.91,-0.07,0.02,-0.2,8,1.68
UFC on Fox 27,Derek Brunson,Ronaldo Souza,Favorite,0,-5,-0.98,0,-0.22,0.11,-0.57,0.06,-0.28,0.7,4,-0.05
UFC on Fox 27,Andre Fili,Dennis Bermudez,Underdog,5,8,-0.57,-0.09,1.04,-0.08,-1.73,0.07,-0.13,-0.8,-4,0.88
UFC on Fox 27,Jordan Rinaldi,Gregor Gillespie,Favorite,-3,-1,2.18,0.17,-0.02,-0.02,5.41,0.13,0.8,-0.4,1,-4.14
UFC on Fox 27,Frank Camacho,Drew Dober,Favorite,-2,-3,-2.22,-0.06,-3.21,0,-0.4,-0.13,-0.17,0.1,0,-0.83
UFC on Fox 27,Erik Koch,Bobby Green,Favorite,0,0,4.12,0.1,0.93,0.15,0.17,-0.04,-0.07,-0.7,2,-1
UFC on Fox 27,Godofredo Pepey,Mirsad Bektic,Favorite,-1,3,-0.11,-0.03,1.43,-0.1,-3.61,-0.45,-0.57,1.1,3,4.44
UFC on Fox 27,Mara Romero Borella,Katlyn Chookagian,Favorite,3,-1,2.04,-0.03,2,-0.09,-1.52,-0.29,-0.16,0.1,-2,1.1
UFC on Fox 27,Juliana Lima,Randa Markos,Favorite,-1,-2,1.03,-0.01,0.99,0.03,-0.6,-0.03,-0.18,0.2,-4,-0.72
UFC on Fox 27,Ji Yeon Kim,Justine Kish,Underdog,2,8,0.86,-0.12,0.82,-0.01,-0.87,-0.33,0,0,-2,1.75
UFC on Fox 27,Vinc Pichel,Joaquim Silva,Underdog,2,3,-0.04,0.03,-1.48,0.02,2.39,0.04,-0.44,-0.6,6,0.27
UFC on Fox 27,George Sullivan,Niko Price,Favorite,0,3,1.93,0.03,3.18,-0.09,-0.67,0,0.26,0,-9,-2.75
UFC on Fox 27,Austin Arnett,Cory Sandhagen,Favorite,-1,-2,0.81,0.03,-2.98,-0.04,0.92,0.15,0.07,0.1,0,-0.67
UFC Fight Night 125,Lyoto Machida,Eryk Anders,Underdog,0,-1,-0.82,0.06,-2.6,0.11,-0.58,0.39,-0.04,0.3,8,1.81
UFC Fight Night 125,Priscila Cachoeira,Valentina Shevchenko,Favorite,-2,1,-0.48,0.08,-4.92,0.19,2.41,0.3,0.06,0.4,1,-7.83
UFC Fight Night 125,Desmond Green,Michel Prazeres,Favorite,4,6,1.32,-0.01,0,0.12,-2.32,0.14,0.28,-0.6,-8,0.43
UFC Fight Night 125,Timothy Johnson,Marcelo Golm,Underdog,0,2,-0.84,-0.13,-1.22,-0.01,0.64,-0.26,-0.18,-0.5,8,0.93
UFC Fight Night 125,Douglas Silva de Andrade,Marlon Vera,Underdog,-1,-2,-0.65,-0.11,-1.49,0.08,0.08,0.07,0,-0.7,7,1.04
UFC Fight Night 125,Anthony Smith,Thiago Santos,Favorite,-2,0,0.49,0,-1.9,0.07,0.39,0.07,0.16,-0.6,5,-2
UFC Fight Night 125,Sergio Moraes,Tim Means,Underdog,-2,-3,-2.66,-0.07,0.09,-0.01,0.04,-0.02,0.1,0.2,1,1.42
UFC Fight Night 125,Damir Hadzovic,Alan Patrick,Favorite,2,4,-1.54,-0.08,-0.31,-0.19,2.23,-0.22,0.09,0.1,3,-1.69
UFC Fight Night 125,Maia Stevenson,Polyana Viana,Favorite,-1,-5,-1.42,0.14,0.48,-0.2,3.09,0.67,0.12,-1.9,11,3.45
UFC Fight Night 125,Yuri Alcantara,Joe Soto,Underdog,-3,-6,0.64,-0.04,2.58,0.18,-0.59,-0.41,0.1,1.1,-6,0
UFC Fight Night 125,Deiveson Figueiredo,Joseph Morales,Underdog,-1,-1,1.43,0.18,1.66,-0.1,1.12,-0.08,0.35,-0.9,7,0
UFC 221,Yoel Romero,Luke Rockhold,Underdog,-3,-4,-0.66,0,0.37,0.07,0.87,0.01,0.13,-1,8,0.17
UFC 221,Mark Hunt,Curtis Blaydes,Favorite,-6,-8,-0.72,-0.07,1.07,-0.08,-5.21,0.02,0.33,0.2,17,1.04
UFC 221,Cyril Asker,Tai Tuivasa,Favorite,-2,-1,-0.61,-0.1,0.77,-0.08,4.41,0.62,0.43,0.9,7,2.36
UFC 221,Jake Matthews,Li Jingliang,Underdog,-1,2,-1.16,0.03,-1.28,0.03,0.34,-0.01,0.02,0.6,-7,0.84
UFC 221,Saparbek Safarov,Tyson Pedro,Favorite,2,1,-1.13,0.11,-0.57,0.09,-1.76,-0.11,0.17,0.8,-5,-2.18
UFC 221,Damien Brown,Dong Hyun Ma,Favorite,-1,-2,0.82,-0.03,0.76,-0.04,-0.59,-0.26,0.2,0.7,4,0.48
UFC 221,Rob Wilkinson,Israel Adesanya,Favorite,-1,0,-1.19,0.02,2.55,-0.17,4.42,0.11,-0.77,-0.1,-2,2.47
UFC 221,Jeremy Kennedy,Alex Volkanovski,Favorite,-5,0,3.94,0.1,0.86,0.11,-3.95,-0.15,0.04,0.2,4,1.16
UFC 221,Ben Nguyen,Jussier Formiga,Favorite,0,-2,2.09,0.01,0.67,-0.05,-1.57,-0.02,-0.24,0.4,-4,0.02
UFC 221,Mizuto Hirota,Ross Pearson,Favorite,1,2,0.32,0,0.59,0.08,-0.62,-0.15,0.17,-0.1,-4,-0.91
UFC 221,Teruto Ishihara,Jose Quinonez,Favorite,-1,0,-0.34,-0.01,0.63,-0.11,-2.2,-0.31,-0.12,-0.6,-1,1.04
UFC 221,Luke Jumeau,Daichi Abe,Underdog,0,1,-0.87,0.1,-1.32,0.02,-0.08,0.5,0.86,0,4,0.74
UFC Fight Night 126,Yancy Medeiros,Donald Cerrone,Favorite,3,-2,0.05,0.09,-1.19,0.06,0.83,-0.17,0,0.5,5,-0.16
UFC Fight Night 126,Derrick Lewis,Marcin Tybura,Underdog,0,1,-1.12,0.02,-0.87,-0.15,-0.86,-0.07,-0.27,-0.1,1,0.2
UFC Fight Night 126,Francisco Trinaldo,James Vick,Favorite,6,6,1,-0.06,0.64,0,-0.72,-0.09,-0.03,0.2,-8,-1.5
UFC Fight Night 126,Curtis Millender,Thiago Alves,Underdog,5,6,0.13,0.05,-0.47,-0.01,-0.28,0.4,-0.06,-0.3,-4,0.76
UFC Fight Night 126,Steven Peterson,Brandon Davis,Favorite,0,2,-0.08,-0.05,-1.32,0.05,-0.68,0.16,-0.07,-0.6,1,-0.85
UFC Fight Night 126,Thibault Gouti,Sage Northcutt,Favorite,2,-1,-0.1,0.18,-3.68,0.08,0.58,-0.46,-0.42,0.3,-9,-2.9
UFC Fight Night 126,Carlos Diego Ferreira,Jared Gordon,Underdog,0,-6,0.35,0.18,-0.03,0.01,0.99,0.1,0.02,-0.6,-4,-1.61
UFC Fight Night 126,Roberto Sanchez,Joby Sanchez,Underdog,0,2,2.26,-0.04,1.04,0.17,-2.66,0.09,0.01,-0.3,-6,0.6
UFC Fight Night 126,Sarah Moras,Lucie Pudilova,Favorite,-1,0,-1.4,-0.03,-0.25,-0.01,0.12,-0.06,-0.33,0.1,7,0.66
UFC Fight Night 126,Josh Burkman,Alex Morono,Favorite,1,0,2.18,-0.03,1.03,0.07,-2.21,-0.14,-0.17,0.1,-11,-2.79
UFC Fight Night 126,Tim Williams,Oskar Piechota,Favorite,2,0,-0.23,-0.14,-0.38,-0.03,1.2,0,0.62,-1.5,3,2.6
UFC on Fox 28,Josh Emmett,Jeremy Stephens,Favorite,3,1,-0.87,0.04,-1.56,-0.03,0.25,0.01,0.19,0.3,-2,-0.48
UFC on Fox 28,Tecia Torres,Jessica Andrade,Favorite,0,2,1.84,0.03,1.78,-0.06,1.76,0.41,0.07,0.2,-2,-1.96
UFC on Fox 28,Ilir Latifi,Ovince St Preux,Underdog,5,7,0.98,0.02,0.39,-0.09,-1.01,0.01,0.33,0.2,0,-0.75
UFC on Fox 28,Max Griffin,Mike Perry,Underdog,-1,-5,0.4,-0.02,1.35,-0.05,-0.64,-0.01,0.1,-0.1,-6,-3.39
UFC on Fox 28,Brian Kelleher,Renan Barao,Underdog,0,4,0.39,-0.05,-0.74,0.03,-0.25,0,0.31,-0.2,0,-0.99
UFC on Fox 28,Marion Reneau,Sara McMann,Underdog,0,2,0.94,-0.05,1.6,0.12,-3.76,-0.02,0,0.3,3,1.18
UFC on Fox 28,Maryna Moroz,Angela Hill,Favorite,-4,-3,0.96,0.16,-0.03,0.1,0.1,0.09,0.34,-0.5,7,-0.58
UFC on Fox 28,Ben Saunders,Alan Jouban,Favorite,-2,-4,2.44,0,0.19,0.09,0.31,0.04,-0.08,-1,1,-1.92
UFC on Fox 28,Sam Alvey,Marcin Prachnio,Underdog,-1,1,-2.33,-0.11,0.33,-0.02,-0.11,-0.06,0.24,0.1,3,1.68
UFC on Fox 28,Russell Doane,Rani Yahya,Favorite,-1,-3,-0.04,-0.02,0.4,-0.03,0.62,-0.15,-0.23,1,2,-1.65
UFC on Fox 28,Alex Perez,Eric Shelton,Underdog,0,3,-1.53,-0.03,-1.25,0.04,0.77,0.07,-0.36,-0.7,1,-0.15
UFC on Fox 28,Albert Morales,Manny Bermudez,Favorite,-1,1,0.89,-0.26,1.28,0.1,-2.15,-0.19,0.7,-2.9,3,0.93
UFC 222,Yana Santos,Cristiane Justino,Favorite,2,0,3.12,-0.04,-0.78,0.14,-0.45,0.02,0.52,0.3,4,-8.69
UFC 222,Brian Ortega,Frankie Edgar,Underdog,2,1,0.3,-0.02,3.72,-0.16,-1.12,-0.04,-0.08,0.9,-9,0.81
UFC 222,Andre Soukhamthath,Sean O'Malley,Favorite,2,2,4.86,0.17,-0.79,0.13,-0.9,-0.11,0.04,0.1,-6,-0.29
UFC 222,Andrei Arlovski,Stefan Struve,Underdog,-8,-7,0.66,-0.02,-0.84,0.11,-0.18,-0.1,0.21,-1.5,9,1.11
UFC 222,Cat Zingano,Ketlen Vieira,Favorite,-2,0,-0.47,0.2,-2.29,-0.04,1.26,0.21,-0.5,0.2,9,0.97
UFC 222,Ashley Yoder,Mackenzie Dern,Favorite,3,6,0.11,-0.01,0.04,-0.04,0.3,0.12,0.38,-0.7,5,3.8
UFC 222,Alexander Hernandez,Beneil Dariush,Underdog,1,0,-0.55,0.07,-2.01,0.02,0.84,0.03,0.21,0.8,4,-3.48
UFC 222,Pedro Munhoz,John Dodson,Favorite,-3,1,-2.12,-0.03,-2.65,0.05,0.2,0.1,0,-0.5,2,-1.7
UFC 222,C.B. Dollaway,Hector Lombard,Underdog,-5,-5,0.37,-0.01,0.77,-0.01,-1.86,-0.06,0.15,-0.7,6,0.27
UFC 222,Mike Pyle,Zak Ottow,Favorite,1,2,0.11,0.09,0.11,0.02,0.83,0.06,0.13,1.1,11,2.51
UFC 222,Bryan Caraway,Cody Stamann,Favorite,2,4,-1.86,-0.13,-0.02,-0.08,0.23,-0.14,0.04,0.8,5,0.39
UFC 222,Adam Milstead,Jordan Johnson,Favorite,-1,3,-0.4,0.01,-2.15,0.1,3.25,0.42,0.36,1.2,-1,-1.92
UFC Fight Night 127,Alexander Volkov,Fabricio Werdum,Underdog,-3,-3,-1.51,-0.05,-0.36,0.01,1.26,-0.32,-0.42,1,11,-1.34
UFC Fight Night 127,Jan Blachowicz,Jimi Manuwa,Underdog,-1,1,0.02,0.04,1.06,-0.04,-0.56,-0.32,0.02,0.1,3,-2.64
UFC Fight Night 127,Terrion Ware,Tom Duquesnoy,Favorite,1,3,0.19,-0.13,0.77,-0.12,0.08,-0.03,-0.02,0,8,2.84
UFC Fight Night 127,Peter Sobotta,Leon Edwards,Favorite,2,-1,0.61,0.13,-0.56,-0.04,-0.28,0.02,-0.07,-0.1,-5,-1.32
UFC Fight Night 127,Charles Byrd,John Phillips,Underdog,-1,-2,1.71,0.21,-1.4,0.06,2.5,0.5,0.33,1.5,2,0.12
UFC Fight Night 127,Kajan Johnson,Stevie Ray,Underdog,-1,-5,1.26,0.02,1.34,-0.1,-0.79,0.09,-0.07,0.4,-6,-1.07
UFC Fight Night 127,Danny Henry,Hakeem Dawodu,Underdog,4,0,-0.25,0.01,0.79,-0.11,0.74,0.33,-0.15,2.2,3,2.2
UFC Fight Night 127,Paul Craig,Magomed Ankalaev,Underdog,0,1,-1.19,-0.07,0.72,-0.15,0.66,-0.11,-0.49,1.6,5,4.83
UFC Fight Night 127,Oliver Enkamp,Danny Roberts,Favorite,1,-3,0.8,0.03,0.18,0.13,-0.63,-0.07,0.57,0.2,4,-0.86
UFC Fight Night 127,Mark Godbeer,Dmitriy Sosnovskiy,Favorite,-1,0,-1.02,0.17,-0.77,-0.19,3.16,0.66,0.72,3.2,-6,-1.94
UFC 223,Al Iaquinta,Khabib Nurmagomedov,Favorite,0,0,-0.04,-0.08,2.78,-0.04,-4.69,-0.3,-0.1,-0.6,2,5.63
UFC 223,Rose Namajunas,Joanna Jedrzejczyk,Underdog,-1,0,-2.59,-0.07,0.26,0.01,1.11,-0.15,-0.21,0.4,-5,0.17
UFC 223,Renato Moicano,Calvin Kattar,Underdog,0,0,-0.38,0.09,-3.07,0.06,1.5,0.16,0,0.5,-1,0.05
UFC 223,Chris Gruetzemacher,Joe Lauzon,Underdog,2,3,-3.34,-0.18,0.43,0.02,2.18,-0.05,-0.11,2,3,-0.67
UFC 223,Kyle Bochniak,Zabit Magomedsharipov,Favorite,6,3,2.26,0.17,-2.11,0.06,4.08,0.41,0.15,0.8,-4,-5.59
UFC 223,Felice Herrig,Karolina Kowalkiewicz,Favorite,-1,-1,1.87,0.06,0.36,0.1,-0.74,-0.05,-0.02,-0.6,-1,-1.16
UFC 223,Olivier Aubin-Mercier,Evan Dunham,Underdog,1,0,2.85,-0.12,0.57,0.06,-0.54,0,0.09,0.5,7,-0.48
UFC 223,Bec Rawlings,Ashlee Evans-Smith,Favorite,-2,-3,0.45,0.08,1.07,0.04,-0.24,0.18,0.18,0.4,-1,1.42
UFC 223,Devin Clark,Mike Rodriguez,Underdog,-4,-7,-1.32,0.01,-1,0.03,2.17,0.32,0.21,0.1,-1,0.14
UFC on Fox 29,Justin Gaethje,Dustin Poirier,Favorite,2,-2,1.33,0.08,3.1,-0.01,-1.22,-0.11,0.12,-1.4,0,0.23
UFC on Fox 29,Carlos Condit,Alex Oliveira,Favorite,3,-1,0.67,-0.12,0.12,0.09,-1.76,0.08,-0.25,0.4,4,1.06
UFC on Fox 29,Marvin Vettori,Israel Adesanya,Favorite,4,6,-0.63,0.03,-1.13,0,-1.61,-0.31,0.08,-0.4,4,-1.7
UFC on Fox 29,Michelle Waterson,Cortney Casey,Underdog,4,5,0.73,-0.07,-0.19,0.06,-1.03,-0.01,-0.31,-0.2,-1,0.9
UFC on Fox 29,Tim Boetsch,Antonio Carlos Junior,Favorite,2,5,-0.98,-0.08,-0.76,-0.05,1.97,0.05,-0.06,0,-9,-1.85
UFC on Fox 29,Ricky Rainey,Muslim Salikhov,Favorite,2,7,-0.81,-0.03,-0.32,-0.16,-0.32,-0.22,-0.18,0,1,1.24
UFC on Fox 29,John Moraga,Wilson Reis,Underdog,-2,-1,-0.74,-0.14,0.49,-0.01,4.53,0.19,0.03,-0.5,-1,-0.23
UFC on Fox 29,Brad Tavares,Krzysztof Jotko,Underdog,0,3,-0.4,-0.01,-0.92,0.02,0.55,0.13,0.01,0.1,-2,-0.16
UFC on Fox 29,Dan Moret,Gilbert Burns,Favorite,-2,-2,0.62,0.05,-0.14,0.11,0.99,0.11,0.05,0.1,0,-4.87
UFC on Fox 29,Shana Dobson,Lauren Mueller,Favorite,1,2,-0.74,-0.04,1.43,-0.08,0.14,0,-0.57,0,3,0.69
UFC on Fox 29,Dhiego Lima,Yushin Okami,Favorite,0,0,1.06,0.01,1.63,-0.02,-0.72,-0.05,-0.11,0.1,-7,0.22
UFC on Fox 29,Adam Wieczorek,Arjan Bhullar,Underdog,-4,-6,0.65,0.18,1.38,0.11,1.32,0.42,0.42,-0.4,6,-2.83
UFC on Fox 29,Alejandro Perez,Matthew Lopez,Underdog,-1,-2,0.32,-0.15,-0.55,0.06,-2.78,-0.38,-0.01,-1,-3,0.05
UFC on Fox 29,Patrick Williams,Luke Sanders,Favorite,-2,-6,2.49,0.01,0.25,-0.02,-2,-0.11,-0.28,-0.3,-4,-3.51
UFC Fight Night 128,Edson Barboza,Kevin Lee,Favorite,2,-2,0.23,0.02,1.05,0.06,-2.73,0.07,-0.03,-0.7,7,0.86
UFC Fight Night 128,Cub Swanson,Frankie Edgar,Favorite,-2,-2,-0.93,-0.1,-1.02,0.06,1.2,-0.21,0.04,-0.1,2,-2.25
UFC Fight Night 128,Chase Sherman,Justin Willis,Favorite,-3,0,-2.67,0.14,-4.08,0.05,0.87,0.16,-0.38,0,2,-2.4
UFC Fight Night 128,David Branch,Thiago Santos,Underdog,-1,2,-2.06,-0.09,-0.66,0.03,1.67,-0.01,-0.22,-0.1,2,0.9
UFC Fight Night 128,Brett Johns,Aljamain Sterling,Favorite,0,0,1.75,0.03,-1.54,0.05,-2.61,-0.22,-0.13,-0.3,2,-0.07
UFC Fight Night 128,Jim Miller,Daniel Hooker,Favorite,4,4,2.09,0.06,1.26,-0.05,-0.74,-0.1,0.33,-1.3,-6,2.51
UFC Fight Night 128,Alex Garcia,Ryan LaFlare,Favorite,4,2,1.08,0.09,-1.17,0.04,-1.59,-0.08,-0.08,0.1,4,-0.66
UFC Fight Night 128,Merab Dvalishvili,Ricky Simon,Favorite,0,-1,1.49,-0.02,-1.24,-0.04,0.94,-0.1,0.04,-0.1,2,0.49
UFC Fight Night 128,Siyar Bahadurzada,Luan Chagas,Underdog,-1,-2,-1.25,-0.07,0.04,-0.13,1,0.49,-0.23,0,10,0.86
UFC Fight Night 128,Patrick Cummins,Corey Anderson,Favorite,1,3,0.17,-0.04,-1.13,0.04,0.4,0.09,0.55,-0.1,-9,-0.67
UFC Fight Night 128,Keita Nakamura,Tony Martin,Favorite,1,0,0.45,0.01,-0.61,0,-0.94,-0.21,-0.21,0.7,-6,-1.48
UFC 224,Raquel Pennington,Amanda Nunes,Favorite,1,2,0.41,-0.01,-0.67,-0.03,1.83,0.27,0.19,0,0,-6.52
UFC 224,Kelvin Gastelum,Ronaldo Souza,Underdog,4,1,-1.02,0.06,-0.4,-0.4,1.61,0.09,-0.02,-0.02,12,-0.14
UFC 224,Amanda Cooper,Mackenzie Dern,Favorite,1,-1,-0.24,-0.04,0.89,0,-0.74,-0.23,0,-0.5,-1,-1.86
UFC 224,Brian Kelleher,John Lineker,Favorite,3,-1,-1.97,0.01,0.37,-0.02,1.18,-0.17,-0.07,0.1,4,1.78
UFC 224,Vitor Belfort,Lyoto Machida,Favorite,-1,0,-1,-0.07,1.26,-0.11,-0.19,-0.05,-0.22,0.2,2,1.62
UFC 224,Karl Roberson,Cezar Ferreira,Favorite,0,-4,0.67,0.09,-0.02,0.04,-1.97,-0.13,-0.42,0,-6,0
UFC 224,Aleksei Oleinik,Junior Albini,Underdog,1,-6,0.69,0.03,2.28,0.08,-0.28,-0.09,0.63,-1.9,-13,-0.73
UFC 224,Nick Hein,Davi Ramos,Favorite,0,4,-0.01,0.02,-0.17,-0.03,1.09,0.07,0,0.6,-3,-0.62
UFC 224,Elizeu Zaleski dos Santos,Sean Strickland,Underdog,2,3,1.39,-0.01,1,0.05,0.42,0.51,0.09,-0.2,-4,-0.05
UFC 224,Sultan Aliev,Warlley Alves,Favorite,0,-2,1.63,0.03,1.75,-0.06,-0.54,0.12,-0.38,0.8,-6,-2.05
UFC 224,Thales Leites,Jack Hermansson,Favorite,0,1,-2.96,-0.04,-0.7,-0.04,0.57,-0.03,-0.5,0.7,7,0.56
UFC 224,Alberto Mina,Ramazan Emeev,Favorite,2,1,0.7,-0.07,1.56,-0.18,-0.52,-0.09,-0.16,-0.7,5,0.95
UFC 224,James Bochnovic,Markus Perez,Favorite,-3,-8,1.95,0.21,0.08,0.31,0.81,0.25,0.77,1,0,-2.31
UFC Fight Night 130,Darren Till,Stephen Thompson,Underdog,0,1,1.81,0,-0.28,-0.02,-0.29,-0.05,-0.04,0,10,-0.65
UFC Fight Night 130,Craig White,Neil Magny,Favorite,-1,-4,-2.24,-0.06,0.86,-0.13,-2.17,-0.4,-0.04,0.5,-3,5.42
UFC Fight Night 130,Mads Burnell,Arnold Allen,Favorite,0,1,2.11,-0.01,0.2,0.1,-2.43,0.03,0.53,0,0,-1.78
UFC Fight Night 130,Makwan Amirkhani,Jason Knight,Underdog,0,1,-1.62,0.11,-0.04,-0.05,2.65,0.12,-0.12,-0.6,4,0.94
UFC Fight Night 130,Claudio Silva,Nordine Taleb,Underdog,-2,-3,-1.18,-0.09,0.38,-0.2,0.91,-0.5,-0.29,1.1,-1,3.46
UFC Fight Night 130,Darren Stewart,Eric Spicely,Underdog,1,-1,0.66,0,2.43,0.07,-0.44,-0.25,0.08,0.9,4,-0.85
UFC Fight Night 130,Daniel Kelly,Tom Breese,Favorite,-3,-3,0.28,-0.12,1.83,0.01,1.86,0.34,0.08,-0.8,14,2.96
UFC Fight Night 130,Lina Lansberg,Gina Mazany,Underdog,-1,3,1.04,-0.05,-0.35,0.06,3.82,0.25,-0.14,0.1,-7,-0.72
UFC Fight Night 130,Brad Scott,Carlo Pedersoli Jr.,Favorite,-2,-1,0.65,-0.04,-0.19,0.04,2.59,0.29,-0.63,-0.7,-4,-0.64
UFC Fight Night 130,Gillian Robertson,Molly McCann,Underdog,-1,-1,3.18,0.03,1.82,0.07,-0.71,-0.05,0,-0.4,5,-0.87
UFC Fight Night 130,Trevor Smith,Elias Theodorou,Favorite,-2,0,0.9,-0.13,-0.92,0.02,-0.43,-0.04,-0.01,-0.7,-8,-3.02
UFC Fight Night 131,Marlon Moraes,Jimmie Rivera,Underdog,-2,1,0.66,0,-0.63,0.06,0.01,-0.14,0.46,-0.2,-2,-0.18
UFC Fight Night 131,Vinc Pichel,Gregor Gillespie,Favorite,-3,-1,0.12,0.06,-0.75,0.02,4.08,-0.06,0.75,0.6,-4,-3.73
UFC Fight Night 131,Daniel Spitz,Walt Harris,Favorite,-2,-5,0.45,0.04,-1.97,0.08,-0.45,-0.38,0.7,0.1,7,-1.59
UFC Fight Night 131,Ben Saunders,Jake Ellenberger,Underdog,-5,-6,-0.76,-0.11,-0.75,0.09,1.84,0.07,0.2,-0.9,-2,-0.84
UFC Fight Night 131,Daniel Teymur,Julio Arce,Favorite,-2,-1,-1.28,0.1,0.88,-0.12,0.1,-0.1,-0.36,0,2,1.13
UFC Fight Night 131,Gian Villante,Sam Alvey,Favorite,-1,-1,-1.1,0,-1.84,-0.03,-0.39,-0.09,-0.01,0.1,0,-0.64
UFC Fight Night 131,Lauren Murphy,Sijara Eubanks,Favorite,-1,0,0.25,0.04,-1.82,0.02,0.87,0.19,-0.03,0.2,-1,-1.37
UFC Fight Night 131,Nik Lentz,David Teymur,Favorite,-1,-5,-1.25,0.04,-0.28,-0.05,2.36,-0.01,-0.34,1.2,4,2.29
UFC Fight Night 131,Chance Rencountre,Belal Muhammad,Favorite,-3,-3,3.45,0.23,0.02,0.08,0.63,0.09,0.77,-0.1,-2,-3.5
UFC Fight Night 131,Gleison Tibau,Desmond Green,Favorite,0,-2,-1.75,-0.15,0,-0.06,2.46,0.03,0.17,0.8,6,2.52
UFC Fight Night 131,Johnny Eduardo,Nathaniel Wood,Favorite,1,2,-2.96,-0.11,-1,0.07,-1.52,-0.28,-0.12,-0.1,14,1.82
UFC Fight Night 131,Jarred Brooks,Jose Torres,Favorite,1,3,2.25,-0.1,8.18,-0.12,-3.26,-0.24,0.06,-0.6,0,-0.56
UFC 225,Yoel Romero,Robert Whittaker,Favorite,0,0,-1.13,0.07,-0.4,0.01,0.76,-0.08,-0.04,0,14,2.3
UFC 225,Rafael dos Anjos,Colby Covington,Favorite,3,2,0.4,-0.09,-0.23,-0.05,1.84,0.09,0.12,-0.4,-3,-0.46
UFC 225,Megan Anderson,Holly Holm,Favorite,-4,-3,1.37,-0.06,-0.43,0.18,0.35,0.05,0.23,-0.4,8,-0.95
UFC 225,Andrei Arlovski,Tai Tuivasa,Favorite,1,2,-0.18,-0.04,-1.85,0.14,0.38,0.36,0.19,0.2,14,1.65
UFC 225,Phil Brooks,Mike Jackson,Favorite,1,1,3.39,0.34,-1.14,0.22,-0.16,0.22,0.22,0,-6,1.19
UFC 225,Alistair Overeem,Curtis Blaydes,Favorite,0,0,0.14,0.14,0.61,-0.02,-4.3,0.02,0.42,0.8,11,1.18
UFC 225,Carla Esparza,Claudia Gadelha,Favorite,3,0,1.15,0.01,1.88,0.02,-0.19,0.07,0.11,0.4,-1,-3.87
UFC 225,Ricardo Lamas,Mirsad Bektic,Favorite,0,1,0.7,0.06,1.07,0,-2.14,-0.19,-0.46,0.5,9,1.7
UFC 225,Chris de la Rocha,Rashad Coulter,Underdog,-4,-4,0.74,0.11,0.31,0.07,-2.02,-0.3,0.29,-1,-3,-0.29
UFC 225,Rashad Evans,Anthony Smith,Favorite,-4,-1,-1.09,-0.11,-2.05,0.17,2.49,0.18,0.24,-0.7,9,1.62
UFC 225,Sergio Pettis,Joseph Benavidez,Underdog,-2,-4,-0.36,-0.03,-0.24,-0.04,0.56,-0.1,-0.05,0.2,9,-1.31
UFC 225,Clay Guida,Charles Oliveira,Favorite,-3,-4,-0.75,-0.2,-0.19,0.1,0.96,-0.04,0.12,-2.2,8,0.61
UFC 225,Mike Santiago,Dan Ige,Favorite,3,-2,-0.32,0.04,0.06,-0.21,1.6,0.24,-0.05,0.8,2,0.17
UFC Fight Night 132,Donald Cerrone,Leon Edwards,Favorite,-1,-1,1.66,-0.07,2.14,-0.01,-0.09,-0.01,0.03,0.8,9,1.76
UFC Fight Night 132,Ovince St Preux,Tyson Pedro,Underdog,0,-1,-0.13,0.12,-0.93,0.09,-0.34,-0.06,-0.17,0.3,-9,-0.52
UFC Fight Night 132,Shinsho Anzai,Jake Matthews,Favorite,-4,-3,-0.07,0.13,1.19,-0.15,0.24,-0.24,0.13,-0.6,9,4.54
UFC Fight Night 132,Matt Schnell,Naoki Inoue,Underdog,1,1,-0.56,-0.03,-1.19,0.05,-0.59,-0.44,0.1,1.5,-8,-1.15
UFC Fight Night 132,Jessica Eye,Jessica-Rose Clark,Underdog,-1,-2,-0.13,0.14,-0.68,0.03,1.08,0.02,0.05,-0.2,-1,-0.88
UFC Fight Night 132,Yan Xiaonan,Viviane Pereira,Underdog,-4,0,-2.27,-0.14,0.82,0,-0.75,0.27,-0.34,0.2,-4,-0.88
UFC Fight Night 132,Teruto Ishihara,Petr Yan,Favorite,0,2,-1.88,-0.09,-0.73,-0.05,-1.23,-0.35,-0.55,-0.1,1,4.98
UFC Fight Night 132,Daichi Abe,Li Jingliang,Favorite,1,0,0.66,0.09,-0.65,0.01,0.92,-0.09,0.6,0,4,-1.7
UFC Fight Night 132,Jenel Lausa,Yuta Sasaki,Favorite,-5,-3,-0.72,0.01,1.03,0.03,-2.48,0.23,0.1,-0.4,1,1.87
UFC Fight Night 132,Felipe Arantes,Yadong Song,Favorite,0,-6,2.12,-0.02,1.3,-0.09,-0.27,-0.07,0.31,-0.5,-0.5,0.09
UFC Fight Night 132,Hector Aldana,Kenan Song,Favorite,1,-1,0.77,0.08,1.3,-0.09,-0.59,-0.5,0.61,0,-1,-2.24
UFC Fight Night 132,Rolando Dy,Shane Young,Favorite,0,-3,-2.15,-0.03,-0.99,0,-0.33,0.02,0.04,0,3,0.88
UFC Fight Night 132,Melinda Fabian,Ji Yeon Kim,Favorite,1,6,1.34,-0.05,1.41,-0.06,0,0,-0.5,0.1,-2,-1.15
TUF 27 Finale,Brad Tavares,Israel Adesanya,Favorite,-3,-6,-0.55,-0.05,0.04,-0.01,0.73,0.12,0.04,-0.1,2,0.14
TUF 27 Finale,Mike Trizano,Joe Giannetti,Underdog,1,3,-1.7,-0.15,-1.6,-0.1,0.64,-0.5,-0.72,-0.5,-4,0.9
TUF 27 Finale,Alessio Di Chirico,Julian Marquez,Underdog,-2,2,-1.54,-0.05,-1.55,0.1,1.46,0.39,0.3,-2.6,0,0.65
TUF 27 Finale,Martin Bravo,Alex Caceres,Favorite,2,2,-3.45,0.1,-2.63,0.11,-2.06,0.33,-0.21,0.7,5,-0.43
TUF 27 Finale,Richie Smullen,Luis Pena,Favorite,6,7,1.68,-0.31,0.86,-0.14,-7.32,-0.33,0.48,1.2,-2,-3.11
TUF 27 Finale,Roxanne Modafferi,Barb Honchak,Underdog,-3,-4,0.69,0,-1.03,0.15,-1.35,-0.23,-0.3,1.2,3,-0.85
TUF 27 Finale,Rachael Ostovich,Montana De La Rosa,Favorite,4,6,0.16,-0.07,-0.76,-0.13,-0.32,-0.52,-0.02,0,-4,-0.8
TUF 27 Finale,Jay Cucciniello,Brad Katona,Favorite,1,4,-3.78,-0.28,-0.25,-0.12,-1.5,-0.27,0.19,0,5,1.86
TUF 27 Finale,Allan Zuniga,John Gunther,Favorite,2,2,-2.28,-0.15,1.92,-0.15,7.08,0.42,-0.57,-1,6,-0.67
TUF 27 Finale,Bryce Mitchell,Tyler Diamond,Underdog,-3,-1,1.1,-0.11,0.9,-0.14,-0.45,0.34,0.37,-1.6,4,-0.38
TUF 27 Finale,Steven Peterson,Matt Bessette,Underdog,0,0,-0.4,0.01,-1.49,0.05,-0.78,0.02,-0.03,-0.4,6,-0.51
TUF 27 Finale,Gerald Meerschaert,Oskar Piechota,Underdog,-1,-1,0.12,0.07,0.56,-0.02,-1.56,0.02,0.04,-0.1,-2,-1.52
UFC 226,Daniel Cormier,Stipe Miocic,Underdog,-5,-8,-0.57,-0.01,-0.9,0,-0.03,0.1,0.12,0.4,4,1.23
UFC 226,Derrick Lewis,Francis Ngannou,Underdog,1,4,-0.15,-0.09,-0.32,0.01,0.19,0.36,0.19,0.3,-2,-2.4
UFC 226,Mike Perry,Paul Felder,Underdog,-1,1,0.62,0.03,1.72,0.04,0.52,0.12,0.14,0,-8,0.8
UFC 226,Anthony Pettis,Michael Chiesa,Underdog,3,3,-1.18,-0.07,-1.74,0,2.72,0,0,-0.1,-1,-0.98
UFC 226,Khalil Rountree,Gokhan Saki,Underdog,-1,-3,3.25,0.19,0.39,0.03,0,0,0.42,-0.1,6,-0.56
UFC 226,Rob Font,Raphael Assuncao,Favorite,-3,-5,-2.31,-0.03,-1.15,0.1,0.76,0.04,0.32,-0.1,5,-0.6
UFC 226,Drakkar Klose,Lando Vannata,Underdog,0,1,0.15,-0.1,1.3,0.04,-0.49,0.11,0,0.3,-4,-1.2
UFC 226,Max Griffin,Curtis Millender,Favorite,-3,0,0.06,0.03,0.86,-0.04,1.02,-0.59,0.11,0.3,2,0.94
UFC 226,Gilbert Burns,Daniel Hooker,Favorite,2,4,1.79,0,1.34,-0.03,-1.45,-0.04,0.3,-0.1,-3,-0.16
UFC 226,Emily Whitmire,Jamie Moyle,Underdog,-4,2,2.01,0.2,1.02,0.11,-0.9,-0.45,-0.2,-0.5,2,-1.18
UFC Fight Night 133,Blagoy Ivanov,Junior dos Santos,Favorite,5,4,1.24,0.07,-0.87,0.03,-0.39,0.1,0.2,0,3,-1.33
UFC Fight Night 133,Zak Ottow,Sage Northcutt,Favorite,1,-1,0.95,0.16,-0.77,0,0.84,0.05,-0.16,0.2,-9,-0.52
UFC Fight Night 133,Myles Jury,Chad Mendes,Favorite,-4,-7,-0.16,0.07,0.19,0.01,1.97,0,0.5,0,4,-0.98
UFC Fight Night 133,Darren Elkins,Alex Volkanovski,Favorite,-4,0,2.72,0.18,0.17,0.06,-1.07,0.02,0.14,-0.9,-5,1.62
UFC Fight Night 133,Cat Zingano,Marion Reneau,Underdog,0,0,0.63,-0.2,1.89,0.12,-2.15,-0.02,0.08,0,5,-0.05
UFC Fight Night 133,Eddie Wineland,Alejandro Perez,Favorite,1,2,-0.05,-0.06,0.58,0.07,-0.2,0.11,0.16,-0.2,5,1.07
UFC Fight Night 133,Rick Glenn,Dennis Bermudez,Underdog,-6,-4,0.48,0.03,-1.03,0.08,3.34,0.27,0.14,0.7,2,-1.07
UFC Fight Night 133,Justin Scoggins,Said Nurmagomedov,Favorite,-1,-4,0.01,0.04,0.03,-0.02,2.41,0.47,0.16,-0.9,0,0.18
UFC Fight Night 133,Niko Price,Randy Brown,Underdog,3,2,-1.09,0.04,-2.27,0.06,0.08,0.19,0.1,-0.2,-1,-0.35
UFC Fight Night 133,Raoni Barcelos,Kurt Holobaugh,Underdog,4,3,-0.85,-0.08,-0.72,-0.13,-1.15,0.04,-0.39,0.3,0,-0.87
UFC Fight Night 133,Jennifer Maia,Liz Carmouche,Favorite,2,2,-1.57,0.16,-2.01,0.06,2.15,0.24,0.07,0.2,5,-0.21
UFC Fight Night 133,Mark Delarosa,Elias Garcia,Underdog,-1,2,-1.54,-0.08,0.05,0.02,0.14,0.01,-0.07,1.2,2,0.43
UFC Fight Night 133,Jessica Aguilar,Jodie Esquibel,Underdog,2,-1,0.83,0.19,-0.18,0.01,0.19,0.04,-0.33,0.2,4,0.86
UFC Fight Night 134,Mauricio Rua,Anthony Smith,Favorite,-3,0,0.34,0.02,-1.68,0.08,1.52,0.22,0,0,7,0.89
UFC Fight Night 134,Corey Anderson,Glover Teixeira,Underdog,1,3,0.7,-0.03,-2.21,0.08,2.78,0.17,0.23,-0.9,-10,0.53
UFC Fight Night 134,Vitor Miranda,Abu Azaitar,Favorite,4,1,-1.4,0.02,-1.37,0.07,-0.05,0.18,0.08,0.2,7,1.32
UFC Fight Night 134,Stefan Struve,Marcin Tybura,Favorite,-8,-6,0.48,0.01,-0.69,0.09,0.87,-0.13,0.24,-1.6,2,-1.4
UFC Fight Night 134,David Zawada,Danny Roberts,Favorite,-1,1,0.66,0.02,0.81,0.05,0.73,0.24,0,1.5,-3,2
UFC Fight Night 134,Nasrat Haqparast,Marc Diakiese,Underdog,0,-1,3.24,0.04,2.61,0.12,-2.98,-0.23,0.12,0,-3,0.86
UFC Fight Night 134,Damir Hadzovic,Nick Hein,Underdog,-3,-4,-0.71,-0.13,0.35,-0.03,0.08,-0.22,0.49,-0.2,3,-0.86
UFC Fight Night 134,Bartosz Fabinski,Emil Meek,Underdog,-1,-1,0.29,-0.29,1.07,-0.13,-6.85,-0.37,-0.33,1,-3,-0.7
UFC Fight Night 134,Khalid Taha,Nad Narimani,Favorite,3,1,0.69,0.1,-1.12,0.12,1.92,0.41,0.09,-0.2,5,-1.91
UFC Fight Night 134,Aleksandar Rakic,Justin Ledet,Underdog,0,2,-0.91,-0.11,2.02,-0.01,-0.53,0.25,-0.43,0.1,3,-0.18
UFC Fight Night 134,Davey Grant,Manny Bermudez,Favorite,2,2,-1.85,0.19,-1.14,-0.09,1.8,0.13,-0.61,2.9,-9,-2.12
UFC Fight Night 134,Jeremy Kimball,Darko Stosic,Favorite,0,-4,0.2,0.01,-0.2,-0.09,-2.01,-0.3,-0.33,0,1,1.9
UFC Fight Night 134,Pingyuan Liu,Damian Stasiak,Underdog,-1,-2,-0.5,0.03,0.11,-0.02,2.39,0.15,-0.13,-0.4,3,-0.08
UFC on Fox 30,Eddie Alvarez,Dustin Poirier,Favorite,0,3,1.13,0.1,-0.03,-0.02,-1.59,0,-0.29,0.9,-5,-1.05
UFC on Fox 30,Jose Aldo,Jeremy Stephens,Underdog,-2,-1,0.46,0.06,0.68,0.02,-0.65,0.15,0.26,-0.3,0,0.19
UFC on Fox 30,Tecia Torres,Joanna Jedrzejczyk,Favorite,5,5,1.5,0.01,-0.34,0.01,-0.34,0.48,0.15,0,2,-2.39
UFC on Fox 30,Alexander Hernandez,Olivier Aubin-Mercier,Underdog,0,-2,-1.85,0.1,-1.69,0,1.3,0.02,0.11,0.4,4,-0.19
UFC on Fox 30,Alex Morono,Jordan Mein,Favorite,1,1,-1.52,0.04,-1.61,0.11,1.24,0.36,0.11,-0.2,1,-0.6
UFC on Fox 30,Austin Arnett,Hakeem Dawodu,Favorite,-4,1,0.93,0.09,-3.01,-0.06,-0.44,-0.18,0.08,-0.2,0,-3.51
UFC on Fox 30,Kajan Johnson,Islam Makhachev,Favorite,1,5,0.01,-0.18,0.32,0.03,-1.63,-0.23,-0.28,-0.8,8,4.52
UFC on Fox 30,Gadzhimurad Antigulov,Ion Cutelaba,Favorite,-2,-5,-2.36,0.12,0.78,-0.07,0.91,-0.21,-0.76,1.4,7,0.24
UFC on Fox 30,Ross Pearson,John Makdessi,Favorite,0,-1,1.84,0.09,0.06,0.06,-0.74,-0.35,0.11,0,0,-1.52
UFC on Fox 30,Alexis Davis,Katlyn Chookagian,Favorite,3,0,-0.05,-0.15,0.03,0.08,-0.64,-0.29,0.16,-0.4,-4,0.72
UFC on Fox 30,Dustin Ortiz,Matheus Nicolau,Underdog,-1,-1,-0.68,-0.08,-1.02,-0.1,1.63,-0.09,-0.41,-0.7,4,1.22
UFC on Fox 30,Randa Markos,Nina Nunes,Favorite,-1,-1,-1.42,-0.02,-0.37,0.03,0.88,-0.05,-0.21,-0.3,0,0.51
UFC on Fox 30,Alvaro Herrera,Devin Powell,Favorite,0,-1,0.99,0.03,0.27,-0.04,0,0,-0.33,-0.5,2,0
UFC 227,Cody Garbrandt,T.J. Dillashaw,Favorite,-2,2,2.11,0.01,-0.29,0.02,0.53,-0.04,-0.03,0.8,6,0.32
UFC 227,Henry Cejudo,Demetrious Johnson,Underdog,-1,2,-0.34,0.08,-1.63,0.07,1.36,0.24,-0.1,0.3,0,-3.78
UFC 227,Cub Swanson,Renato Moicano,Favorite,-3,-2,0.32,0.02,0.16,-0.01,-0.8,0.07,-0.11,-0.2,5,2.38
UFC 227,J.J. Aldrich,Polyana Viana,Underdog,0,0,-0.89,-0.06,-1.73,-0.07,0.16,0.1,-0.28,1.9,0,0.83
UFC 227,Kevin Holland,Thiago Santos,Favorite,-1,-5,-0.52,-0.01,-0.62,0.03,0.03,-0.05,0.11,-0.5,9,-2.58
UFC 227,Brett Johns,Pedro Munhoz,Favorite,-1,-6,2.46,-0.06,2.39,0.03,-4.41,-0.31,0.24,-0.5,5,-1.49
UFC 227,Ricky Simon,Montel Jackson,Underdog,4,6,0.35,0.1,-2.2,0.03,-2.07,0.25,-0.07,-0.1,1,-0.19
UFC 227,Kyung Ho Kang,Ricardo Ramos,Favorite,0,-1,-0.14,-0.11,0.41,0.02,1.15,0.03,0.04,-0.1,-8,-2.1
UFC 227,Sheymon da Silva Moraes,Matt Sayles,Underdog,-1,-4,1.83,-0.01,-0.83,-0.02,0.36,0.36,0.28,0.7,-3,0.5
UFC 227,Jose Torres,Alex Perez,Favorite,2,0,-0.27,0.09,-6.71,0.09,0.78,0.11,0.07,0.9,1,-0.48
UFC 227,Danielle Taylor,Weili Zhang,Favorite,4,3,2.91,0.24,-0.16,-0.18,2.31,0.26,-0.2,0.3,0,2.35
UFC 227,Wuliji Buren,Marlon Vera,Favorite,-1,1,2.7,0.07,2.46,-0.06,-2.75,-0.03,-0.07,0.5,-4,-4.03
UFC Fight Night 135,Justin Gaethje,James Vick,Underdog,-4,-6,2.65,0.2,4.15,-0.08,-0.15,-0.08,0.18,-0.7,-2,0.41
UFC Fight Night 135,Michael Johnson,Andre Fili,Underdog,-1,-1,0.42,0.02,-0.28,0.06,-1.54,-0.06,0.12,-0.3,4,0.28
UFC Fight Night 135,Cortney Casey,Angela Hill,Underdog,-4,-3,1.09,0.1,0.86,0.06,0.41,0.02,0.37,-0.4,2,-0.28
UFC Fight Night 135,Jake Ellenberger,Bryan Barberena,Favorite,3,1,2.88,0.09,1.76,-0.16,-1.91,-0.25,-0.36,-0.1,-4,-3.43
UFC Fight Night 135,John Moraga,Deiveson Figueiredo,Favorite,-1,2,0.44,0.12,0.83,-0.06,1.03,0.19,0.14,0.6,-4,-0.85
UFC Fight Night 135,Tim Williams,Eryk Anders,Favorite,-1,-1,0.34,0.09,0.62,0.02,-0.02,-0.14,-0.21,0.1,0,-8.39
UFC Fight Night 135,James Krause,Warlley Alves,Underdog,3,1,1.75,0.01,0.16,0.11,-0.26,-0.32,-0.03,0.1,4,2.69
UFC Fight Night 135,Yuri Alcantara,Cory Sandhagen,Favorite,2,-1,2.61,-0.01,0.61,0.09,-0.08,-0.29,0.04,-0.5,-11,-1.41
UFC Fight Night 135,Markus Perez,Andrew Sanchez,Favorite,0,1,1.7,-0.04,1.38,-0.02,1.74,0.11,0.23,-1,1,-0.43
UFC Fight Night 135,George Sullivan,Mickey Gall,Favorite,-2,-1,0.59,-0.07,-1.83,0.08,0.16,-0.1,0.02,-1.2,11,2.64
UFC Fight Night 135,Kalindra Faria,Joanne Wood,Favorite,-1,3,4.87,-0.05,3.45,0.06,0.21,-0.11,0.38,-0.4,1,-1.1
UFC Fight Night 135,Jon Tuck,Drew Dober,Favorite,-3,-3,1.34,0,0.49,-0.09,0.29,-0.15,0.06,-0.9,-4,-1.6
UFC Fight Night 135,Rani Yahya,Luke Sanders,Underdog,0,0,-4.9,-0.14,-2.29,0,2.02,0,-0.43,1.6,1,0
UFC 228,Tyron Woodley,Darren Till,Underdog,-3,0,0.06,0.02,-0.55,-0.02,0.51,-0.06,0.18,0.4,11,0.15
UFC 228,Karolina Kowalkiewicz,Jessica Andrade,Favorite,-2,-2,0.91,0.07,-0.18,-0.03,2.03,0.32,-0.01,0.1,-6,-3.76
UFC 228,Brandon Davis,Zabit Magomedsharipov,Favorite,-3,-1,-0.21,-0.13,1.62,-0.06,-4.48,-0.14,-0.2,-0.7,1,9.66
UFC 228,John Dodson,Jimmie Rivera,Favorite,-1,-2,-0.83,0,-0.32,0.01,-0.17,0.01,-0.1,-0.1,5,0.63
UFC 228,Niko Price,Abdul Razak Alhassan,Favorite,-2,-3,-2.09,0.06,-1.61,0.07,0.19,0.18,-0.14,-0.5,4,-0.06
UFC 228,Carla Esparza,Tatiana Suarez,Favorite,4,3,2.11,0.23,-1.31,-0.04,2.98,0.26,0.53,0.6,-3,-3.25
UFC 228,Cody Stamann,Aljamain Sterling,Favorite,-1,-7,-0.22,-0.05,1.33,0.04,0.03,0.12,0.31,-0.7,0,0.93
UFC 228,Frank Camacho,Geoff Neal,Favorite,1,2,-1.59,0.04,-1.97,0.06,-0.65,0.13,0.14,0.1,-2,-1.36
UFC 228,Darren Stewart,Charles Byrd,Underdog,-2,-1,0.38,0.1,-0.66,0.07,0.75,0.05,-0.27,1.4,7,-0.97
UFC 228,Diego Sanchez,Craig White,Underdog,-4,-4,1.46,-0.03,-0.26,0.17,1.51,0.24,-0.04,0,9,1.41
UFC 228,Jim Miller,Alex White,Underdog,-4,0,-0.77,0,0.43,-0.04,0.61,0.16,-0.24,1.2,5,0.88
UFC 228,Lucie Pudilova,Irene Aldana,Favorite,1,1,1.56,0.03,2.5,0.06,-0.39,0.23,0.1,-0.5,7,-0.09
UFC 228,Roberto Sanchez,Jarred Brooks,Favorite,-3,-4,1.16,0.06,-0.12,0.16,0.93,-0.05,0.19,-0.1,-7,-1.97
UFC FIght Night Moscow,Aleksei Oleinik,Mark Hunt,Underdog,4,8,0.48,0.05,0.9,-0.07,1.31,-0.09,-0.27,1.7,-4,0.11
UFC FIght Night Moscow,Jan Blachowicz,Nikita Krylov,Underdog,-1,1,-0.97,-0.05,0.44,0.09,-1.2,0.12,0.15,-1.1,9,0.69
UFC FIght Night Moscow,Andrei Arlovski,Shamil Abdurakhimov,Favorite,0,1,1.37,0.01,0.18,0.02,-0.63,0.13,0.31,0.1,3,0.32
UFC FIght Night Moscow,Thiago Alves,Alexey Kunchenko,Favorite,-1,0,-0.06,0.03,-0.59,0.01,-0.46,-0.27,0.17,-0.3,0,3.76
UFC FIght Night Moscow,C.B. Dollaway,Khalid Murtazaliev,Favorite,-2,0,2.15,0.22,-2.18,0.24,3.95,0.46,-0.29,-1.2,-10,-0.88
UFC FIght Night Moscow,Jin Soo Son,Petr Yan,Favorite,1,-2,0.04,0.17,-3.27,0.06,0.23,0.26,-0.15,0.1,0,-8.28
UFC FIght Night Moscow,Kajan Johnson,Rustam Khabilov,Favorite,-3,-2,-0.49,-0.08,0.57,0.01,2.41,0.04,-0.01,-0.1,-3,-5.91
UFC FIght Night Moscow,Desmond Green,Mairbek Taisumov,Favorite,-1,0,-0.72,-0.07,0.52,-0.05,-0.28,0.13,0.13,0,1,-4.52
UFC FIght Night Moscow,Marcin Prachnio,Magomed Ankalaev,Favorite,0,-1,1.97,0.02,1.05,-0.05,-0.85,-0.11,-0.28,0,4,4.27
UFC FIght Night Moscow,Adam Yandiev,Jordan Johnson,Favorite,5,5,3.27,0.39,-3.5,0.17,3.25,0.42,0.75,1.2,0,-2.06
UFC FIght Night Moscow,Stefan Sekulic,Ramazan Emeev,Favorite,-2,1,0.7,-0.05,-0.69,0.01,0.37,-0.04,0.41,0.2,5,-5.33
UFC FIght Night Moscow,Terrion Ware,Merab Dvalishvili,Favorite,-2,-3,0.48,0.09,-3.7,0.07,5.93,0.14,0.36,0.3,-5,-4.24
UFC Fight Night Sao Paulo,Eryk Anders,Thiago Santos,Favorite,1,1,0.31,0.01,-1.6,0.03,-0.91,0.07,-0.14,0,3,-1.21
UFC Fight Night Sao Paulo,Carlo Pedersoli Jr.,Alex Oliveira,Favorite,0,-1,1.18,-0.14,1.57,0.15,0.56,0.06,-0.63,-0.6,-6,3.78
UFC Fight Night Sao Paulo,Rogerio Nogueira,Sam Alvey,Underdog,0,0,0.85,0.09,1.29,-0.07,-0.58,-0.3,0.2,-0.7,-9,-2.78
UFC Fight Night Sao Paulo,Andre Ewell,Renan Barao,Underdog,-2,-5,-0.5,-0.04,-0.97,0.06,1.13,-0.34,0.19,0.4,1,-1.08
UFC Fight Night Sao Paulo,Christos Giagos,Charles Oliveira,Favorite,0,3,0.36,0.12,-0.01,0.01,-0.67,0.04,0.03,2.4,0,-3.5
UFC Fight Night Sao Paulo,Evan Dunham,Francisco Trinaldo,Favorite,-1,0,-2.2,0.06,-0.87,-0.01,-0.84,0.09,-0.19,-0.5,3,-0.93
UFC Fight Night Sao Paulo,Luis Henrique,Ryan Spann,Favorite,3,5,1.44,-0.03,1.67,-0.03,-1.75,-0.01,-0.03,0.5,2,-0.37
UFC Fight Night Sao Paulo,Chase Sherman,Augusto Sakai,Favorite,-1,-1,-1.44,0.04,-2.82,-0.04,0.14,-0.1,-0.18,0,-1,-1.57
UFC Fight Night Sao Paulo,Ben Saunders,Sergio Moraes,Favorite,-2,-5,-0.81,-0.08,0.15,0.08,1,-0.02,0.09,-0.9,0,-2.01
UFC Fight Night Sao Paulo,Mayra Bueno Silva,Gillian Robertson,Underdog,-1,-3,-1.23,-0.11,-1.74,0.03,1.85,0.05,-0.25,-0.6,-3,-0.51
UFC Fight Night Sao Paulo,Hector Lombard,Thales Leites,Favorite,4,7,-0.89,-0.06,-0.36,-0.01,0.41,-0.21,-0.47,0.6,-4,-0.74
UFC Fight Night Sao Paulo,Alex Chambers,Livia Renata Souza,Favorite,0,0,-1.22,-0.09,-1.5,0.06,0.23,0.04,-0.13,0.4,-12,-10.66
UFC 229,Conor McGregor,Khabib Nurmagomedov,Favorite,1,-4,-1.22,-0.01,-2.91,0.11,4.65,-0.07,0.18,0.7,0,-1.09
UFC 229,Jussier Formiga,Sergio Pettis,Underdog,1,2,2.46,-0.02,0.57,0.01,-0.97,0.05,-0.2,-0.2,-9,-1.16
UFC 229,Derrick Lewis,Alexander Volkov,Underdog,4,1,2.62,0.07,0.52,0.14,-0.08,0.37,0.21,0.2,-4,-0.82
UFC 229,Ovince St Preux,Dominick Reyes,Favorite,1,-3,1.72,0.03,0.45,0.01,-0.74,-0.08,0.13,-0.1,-7,1.43
UFC 229,Anthony Pettis,Tony Ferguson,Favorite,1,4,1.89,-0.02,0.97,0.01,-0.22,-0.15,0.07,-0.2,3,-3.09
UFC 229,Jalin Turner,Vicente Luque,Favorite,-4,-2,-0.53,0.04,0.64,0.11,0.21,-0.02,-0.12,-0.5,3,-5.84
UFC 229,Michelle Waterson,Felice Herrig,Underdog,1,3,0.28,-0.09,1,-0.01,-0.34,-0.04,0.05,0.1,1,-0.4
UFC 229,Lina Lansberg,Yana Santos,Favorite,-1,3,1.47,0.01,-0.84,0.06,0.59,0.26,-0.05,0,-8,-1.91
UFC 229,Scott Holtzman,Alan Patrick,Underdog,-2,-5,2.5,0.07,0.71,0.12,-1.13,0.23,0.24,-0.1,0,2.39
UFC 229,Gray Maynard,Nik Lentz,Favorite,1,2,-1.52,-0.15,-0.61,0.16,-0.39,0.15,0.38,-0.5,6,1.7
UFC 229,Tony Martin,Ryan LaFlare,Underdog,1,1,0.21,0.01,-0.73,0.05,1.42,0.17,-0.1,-0.8,6,-0.32
UFC 229,Tonya Evinger,Aspen Ladd,Favorite,-1,-4,2.62,0.05,0.63,0.09,0.63,0.17,0.29,-0.3,-13,-1.07
UFC Fight Night 138,Anthony Smith,Volkan Oezdemir,Underdog,-2,-1,1.36,-0.01,-0.55,0.09,0.08,0.07,0.31,-0.6,-1,-0.82
UFC Fight Night 138,Artem Lobov,Michael Johnson,Favorite,1,8,0.75,-0.02,-0.99,0.07,0.23,0.16,0.29,0,0,-4.68
UFC Fight Night 138,Patrick Cummins,Misha Cirkunov,Favorite,1,1,-0.4,0.01,-0.29,0.02,-0.34,-0.02,0.48,1.6,-6,-2.69
UFC Fight Night 138,Jonathan Martinez,Andre Soukhamthath,Favorite,1,0,-1.77,-0.05,0.44,-0.08,0.84,0.18,-0.1,0.1,5,-0.76
UFC Fight Night 138,Ed Herman,Gian Villante,Favorite,2,-1,1.07,-0.04,1.76,0.13,-1.51,-0.24,0.24,-1,-5,-1.56
UFC Fight Night 138,Court McGee,Alex Garcia,Underdog,-2,-3,-2.79,-0.06,-0.59,-0.02,1.88,0.27,-0.03,-0.3,-3,-1.55
UFC Fight Night 138,Sean Strickland,Nordine Taleb,Underdog,0,-2,-2.25,0.1,-1.71,0.04,1.09,0.12,-0.04,-0.2,9,-0.29
UFC Fight Night 138,Thibault Gouti,Nasrat Haqparast,Favorite,0,0,2.1,0.1,-0.39,0.14,-0.92,-0.6,-0.05,-0.3,-9,-5.86
UFC Fight Night 138,Chris Fishgold,Calvin Kattar,Favorite,3,4,2.75,0.07,4.05,0.08,-2.2,-0.17,0.28,-1.2,5,-2.69
UFC Fight Night 138,Talita Bernardo,Sarah Moras,Underdog,3,-1,-0.84,-0.08,-0.46,-0.05,-0.95,-0.01,0.05,0.3,-1,-0.98
UFC Fight Night 138,Don Madge,Te Edwards,Underdog,-4,0,-0.58,-0.11,3.41,-0.23,-1.5,0.75,-0.36,-0.7,0,-3.77
UFC Fight Night 138,Marcelo Golm,Arjan Bhullar,Favorite,-2,0,-1.94,-0.02,-1.05,0.14,1.28,0.25,0.13,-0.5,7,-0.83
UFC Fight Night 138,Jessin Ayari,Stevie Ray,Favorite,-2,-3,0.2,0.07,-0.66,-0.04,0.75,0.46,0.05,0.3,3,-0.86
UFC 230,Derrick Lewis,Daniel Cormier,Favorite,-4,-7,1.77,0.02,0.44,0.14,1.26,0.18,0.28,0.4,6,-3.41
UFC 230,Ronaldo Souza,Chris Weidman,Underdog,1,6,0.65,-0.02,0.39,0.87,0.87,0.03,0.08,-0.5,-5,-0.86
UFC 230,Jared Cannonier,David Branch,Underdog,-2,-1,3.02,0.13,2.22,-0.11,-2.11,0.1,0.2,0,-2,2.67
UFC 230,Jack Marshman,Karl Roberson,Favorite,-1,-1,0.17,-0.26,1.77,-0.01,-0.72,-0.4,-0.22,-0.5,1,2.63
UFC 230,Derek Brunson,Israel Adesanya,Favorite,-3,-3,-0.42,-0.01,-0.06,-0.05,3.09,0.19,0.08,0.5,6,1.83
UFC 230,Jordan Rinaldi,Jason Knight,Underdog,0,-1,1.39,-0.02,0.7,-0.08,-0.14,-0.04,0.27,0.5,-5,-2.39
UFC 230,Roxanne Modafferi,Sijara Eubanks,Favorite,-3,-2,0.95,0.13,-2.27,0.06,0.55,0.21,0.36,0.2,-2,-4.6
UFC 230,Sheymon da Silva Moraes,Julio Arce,Underdog,-1,-2,1.36,-0.06,-0.59,0.05,0.46,0.28,0.43,0.3,1,-1.91
UFC 230,Ben Saunders,Lyman Good,Favorite,-2,-3,2.11,-0.02,0.43,0.12,0.07,0.6,0.09,-1.3,-3,-4.83
UFC 230,Kurt Holobaugh,Shane Burgos,Favorite,0,-5,-3.03,-0.09,-2.71,-0.08,0.28,-0.08,-0.45,0.5,4,3.17
UFC 230,Marcos Rogerio de Lima,Adam Wieczorek,Underdog,4,6,-2.02,-0.19,-1.03,-0.03,-0.99,-0.12,-0.01,-0.1,-6,-1.3
UFC Fight Night Denver,Chan Sung Jung,Yair Rodriguez,Favorite,4,-1,0.72,0.05,-0.53,0,-0.01,-0.17,-0.14,0.1,-6,-0.39
UFC Fight Night Denver,Donald Cerrone,Mike Perry,Underdog,3,2,0.09,-0.01,-0.68,0.01,0.35,-0.07,-0.05,1,9,1.21
UFC Fight Night Denver,Raquel Pennington,Germaine de Randamie,Favorite,-2,-4,1.57,0.06,1.29,-0.05,0.9,0.27,-0.02,0.3,-5,1.5
UFC Fight Night Denver,Thiago Moises,Beneil Dariush,Favorite,1,2,1.31,0.08,-1.54,0.02,0.26,-0.1,0.24,-0.4,6,-0.73
UFC Fight Night Denver,Hannah Cifers,Maycee Barber,Favorite,-4,-3,0.29,-0.09,2.49,-0.02,-1.18,0.57,0.11,0.2,5,3.65
UFC Fight Night Denver,Mike Trizano,Luis Pena,Underdog,4,4,0.03,-0.07,-1.28,0.01,0.81,-0.33,-0.24,0.7,-2,0.81
UFC Fight Night Denver,Amanda Cooper,Ashley Yoder,Favorite,-4,-5,0.13,0.05,-0.93,0.04,0.44,0.11,-0.38,1.2,-4,0.57
UFC Fight Night Denver,Chas Skelly,Bobby Moffett,Favorite,1,-1,-1.4,0.01,0.06,-0.12,-1,-0.32,-0.27,0.9,6,0.14
UFC Fight Night Denver,John Gunther,Davi Ramos,Favorite,-3,-2,0.99,0,-0.28,0.1,-5.13,-0.02,0.83,0.6,-1,-6.93
UFC Fight Night Denver,Julian Erosa,Devonte Smith,Favorite,-4,2,-1.59,0.05,-2.38,0.02,-1.28,-0.21,0.27,-0.5,-4,-1.65
UFC Fight Night Denver,Joseph Morales,Eric Shelton,Favorite,0,-1,0.99,0.05,0.16,0.03,2.3,0.01,0.23,-2.4,4,-0.59
UFC Fight Night Denver,Joby Sanchez,Mark Delarosa,Favorite,0,-3,-0.09,-0.01,2.18,-0.15,-0.41,-0.58,-0.11,-0.2,-3,2
UFC Fight Night 140,Neil Magny,Santiago Ponzinibbio,Favorite,-3,-7,1.43,-0.05,2.25,0.09,-1.69,-0.1,0.06,-0.3,1,-1.41
UFC Fight Night 140,Darren Elkins,Ricardo Lamas,Favorite,2,0,0.31,-0.09,0.4,-0.05,1.01,0.02,0.1,0.2,-2,0.93
UFC Fight Night 140,Johnny Walker,Khalil Rountree,Underdog,-5,-6,0.03,-0.14,1.35,0.06,-0.46,-1,0.01,-0.8,2,-0.93
UFC Fight Night 140,Ian Heinisch,Cezar Ferreira,Underdog,-2,-6,1.35,0.08,0.54,0.06,-1.67,-0.36,-0.25,0.2,-4,1.07
UFC Fight Night 140,Guido Cannetti,Marlon Vera,Favorite,2,2,0.87,-0.06,2.64,-0.01,-1.74,-0.16,0.06,0.5,-13,-2.37
UFC Fight Night 140,Cynthia Calvillo,Poliana Botelho,Underdog,-4,-3,1.51,-0.2,1.32,0.1,0.95,-0.13,0.01,0.8,1,1.05
UFC Fight Night 140,Bartosz Fabinski,Michel Prazeres,Favorite,-6,-8,0.15,-0.21,1.05,0.06,-3.16,-0.34,-0.33,0.6,4,-0.69
UFC Fight Night 140,Yuta Sasaki,Alexandre Pantoja,Favorite,-5,-4,2.25,0.08,1.47,0,-0.42,0.04,0.27,-0.4,0,-2.41
UFC Fight Night 140,Austin Arnett,Humberto Bandenay,Underdog,1,1,2.3,0,1.59,0.21,-2.46,-0.28,-0.05,-0.3,3,1.8
UFC Fight Night 140,Laureano Staropoli,Hector Aldana,Underdog,-2,1,0.28,0.04,1.35,0.05,0.1,0.74,-0.48,0,4,-0.21
UFC Fight Night 140,Devin Powell,Jesus Pinedo,Favorite,2,-1,-0.35,0.03,-0.7,-0.01,-2.5,-1,-1,0.6,9,1.57
UFC Fight Night 140,Anderson dos Santos,Nad Narimani,Favorite,3,0,0.63,0.17,-2.37,0.09,0.94,0.27,0.04,-0.7,-1,3.19
UFC Fight Night 141,Francis Ngannou,Curtis Blaydes,Underdog,0,3,-1.2,-0.09,0.33,-0.18,-4.96,0.09,0.4,0.3,4,1.58
UFC Fight Night 141,Alistair Overeem,Sergey Pavlovich,Underdog,-1,4,4.54,-0.16,2.17,-0.02,-1.42,-0.55,0.02,-0.8,-12,0.37
UFC Fight Night 141,Vincent Morales,Yadong Song,Favorite,-1,-3,0.32,0.06,-0.28,0.02,0.52,0.15,0.08,0.2,-7,4.15
UFC Fight Night 141,David Zawada,Li Jingliang,Favorite,0,4,-0.62,-0.01,0.7,-0.02,-0.28,-0.08,-0.03,1.7,-3,1.37
UFC Fight Night 141,Alex Morono,Kenan Song,Underdog,1,-1,-0.51,0.06,2.22,-0.08,0.02,0.28,0.06,-0.4,1,0.32
UFC Fight Night 141,Yanan Wu,Lauren Mueller,Underdog,-3,1,-0.15,0,-1.18,0.09,0.08,0.2,0.08,-0.2,4,-3.2
UFC Fight Night 141,Rashad Coulter,Hu Yaozong,Underdog,-4,4,1.47,0.08,1.59,0.15,0,0,0.29,-0.4,13,0.24
UFC Fight Night 141,Jessica Aguilar,Weili Zhang,Favorite,1,0,0.73,0.03,-4.04,0,1.57,0.21,0,0.3,-8,4.55
UFC Fight Night 141,Martin Day,Pingyuan Liu,Favorite,4,1,1.61,0.12,0.8,-0.01,0.47,0.4,0.09,-0.5,4,1.3
UFC Fight Night 141,Syuri Kondo,Yan Xiaonan,Favorite,-1,3,0.43,0,3.56,0,-1,-0.73,0.21,0.3,1,3.4
UFC Fight Night 141,John Phillips,Kevin Holland,Favorite,-4,-6,-2.52,-0.15,0.84,-0.01,-0.85,-0.38,-0.47,-0.6,7,4.55
UFC Fight Night 141,Su Mudaerji,Louis Smolka,Favorite,1,-4,0.03,-0.07,1.38,-0.08,1.4,-0.65,-0.34,1.2,4,-1
TUF Finale,Rafael dos Anjos,Kamaru Usman,Favorite,4,6,0.88,0.05,-0.47,-0.06,0.87,0.1,0.34,-0.5,-2,-1.84
TUF Finale,Justin Frazier,Juan Espino,Favorite,-3,-5,-1.27,-0.04,4.16,-0.36,-8.93,-0.78,-0.5,-2.4,-9,0.74
TUF Finale,Macy Chiasson,Pannie Kianzad,Underdog,4,6,-1.21,-0.05,-1.14,-0.07,1.92,0.04,-0.04,0.4,0,0.33
TUF Finale,Bryan Caraway,Pedro Munhoz,Favorite,2,3,-2.79,-0.09,-2.62,-0.02,2.06,0.07,-0.02,0.3,2,1.58
TUF Finale,Darren Stewart,Edmen Shahbazyan,Favorite,-2,-1,-0.55,-0.07,-0.8,0.03,-0.49,0.07,0.04,-0.5,7,0.18
TUF Finale,Ji Yeon Kim,Antonina Shevchenko,Favorite,-1,5,1.51,-0.19,2.48,0.04,-0.43,-0.42,-0.03,-0.3,-5,2.31
TUF Finale,Rick Glenn,Kevin Aguilar,Favorite,-5,3,0.02,-0.03,0.71,0.01,-0.39,0.03,0.1,-0.4,0,0.06
TUF Finale,Joseph Benavidez,Alex Perez,Underdog,-2,0,-0.58,-0.11,-0.46,0.02,-0.65,-0.14,-0.2,-0.3,7,0.3
TUF Finale,Michel Batista,Maurice Greene,Favorite,4,0,3.28,0.45,-0.42,0.05,-6.72,-0.5,0.27,0.4,-3,-1.24
TUF Finale,Darrell Horcher,Roosevelt Roberts,Favorite,-4,-3,-1,0,1.09,-0.13,-1.04,0.21,-0.05,-0.2,6,2.42
TUF Finale,Ricky Rainey,Tim Means,Favorite,1,-2,2.53,0.01,1.02,0.14,0.21,0.22,0.1,0.2,0,-2.92
TUF Finale,Chris Gutierrez,Raoni Barcelos,Favorite,-2,0,0.42,-0.07,2,-0.02,1.58,0.02,0.16,0.5,4,-3.78
UFC Fight Night 142,Tai Tuivasa,Junior dos Santos,Favorite,2,2,0.53,-0.02,-1.72,0.13,0.3,0.5,0.24,0.1,9,-0.71
UFC Fight Night 142,Mauricio Rua,Tyson Pedro,Underdog,-2,-3,0.67,-0.09,0.4,-0.02,1.25,0.18,-0.01,-0.1,10,4.1
UFC Fight Night 142,Mark Hunt,Justin Willis,Favorite,-3,-6,-0.56,-0.16,0.33,-0.06,-0.45,-0.11,0.28,0.2,14,0.22
UFC Fight Night 142,Tony Martin,Jake Matthews,Underdog,-1,0,0.62,0.08,-0.03,0.02,0.88,0.13,-0.06,-0.4,-5,-0.43
UFC Fight Night 142,Suman Mokhtarian,Sodiq Yusuff,Favorite,1,-1,3.45,0.06,-2.34,0.05,0.28,0.2,0.62,0.4,0,-4.62
UFC Fight Night 142,Paul Craig,Jim Crute,Favorite,-1,-2,1.23,0.08,0.07,0,3.16,0.37,0.23,0.4,-8,-2.17
UFC Fight Night 142,Yushin Okami,Alexey Kunchenko,Favorite,-6,-5,1.61,0.06,0.58,0.03,-1.73,-0.06,-0.04,-0.5,-2,-2.41
UFC Fight Night 142,Wilson Reis,Ben Nguyen,Underdog,-1,0,-1.68,-0.11,0.03,-0.04,4.9,0.09,-0.16,-0.4,4,0.53
UFC Fight Night 142,Salim Touahri,Keita Nakamura,Favorite,1,1,-0.37,-0.1,0.33,0,1.65,0.48,-0.2,0.3,6,-0.92
UFC Fight Night 142,Elias Garcia,Kai Kara-France,Favorite,1,-2,-2.98,-0.12,1.81,-0.15,0.05,-0.19,-0.55,1.4,0,3
UFC Fight Night 142,Mizuto Hirota,Christos Giagos,Favorite,3,4,-0.33,0.01,-0.29,-0.04,1.48,-0.14,-0.06,0.3,-9,-2.88
UFC Fight Night 142,Alex Gorgees,Damir Ismagulov,Favorite,-4,0,2.69,0.1,0.17,0.23,1,0.28,0.16,0,5,-4.3
UFC 231,Brian Ortega,Max Holloway,Favorite,3,0,3.1,0.1,-1.82,0.1,-0.92,0.26,0.27,-0.9,-1,-0.02
UFC 231,Joanna Jedrzejczyk,Valentina Shevchenko,Favorite,-1,1,-3,0.04,-1.14,0,2.29,0.01,-0.09,0.3,0,-2.31
UFC 231,Alex Oliveira,Gunnar Nelson,Favorite,0,-4,-1.15,0.1,0.45,0.03,-0.45,0.21,0.03,0.4,-1,-0.65
UFC 231,Kyle Bochniak,Hakeem Dawodu,Favorite,1,3,2.82,0.19,-1.74,-0.02,-1.14,-0.15,0.03,0,-5,-1.19
UFC 231,Jimi Manuwa,Thiago Santos,Favorite,1,-3,0.29,-0.06,-1.4,0.04,0.35,0.15,-0.05,-0.3,-4,-1.21
UFC 231,Nina Nunes,Claudia Gadelha,Underdog,-1,-1,-1.08,-0.04,1.1,0.02,2.79,0.09,-0.15,0.2,-3,-2.34
UFC 231,Gilbert Burns,Olivier Aubin-Mercier,Underdog,-1,-1,-0.81,0.03,-0.45,0.01,0.12,-0.05,0.2,0,-2,-0.47
UFC 231,Jessica Eye,Katlyn Chookagian,Underdog,3,2,0.72,-0.03,0.29,0.07,-0.27,-0.25,-0.07,-0.2,-2,-1.63
UFC 231,Eryk Anders,Elias Theodorou,Favorite,0,0,0.78,-0.05,-1.78,0.03,-0.52,0.02,-0.2,-0.1,-2,-0.45
UFC 231,Matthew Lopez,Brad Katona,Favorite,-1,-5,1.58,-0.01,1.25,-0.07,-1.82,-0.33,-0.19,-1.3,-5,-0.94
UFC 231,Dhiego Lima,Chad Laprise,Underdog,-4,-4,1.66,0.03,-0.29,0.07,-0.21,0.2,0.05,-0.6,2,-3.03
UFC 231,Kyle Nelson,Carlos Diego Ferreira,Favorite,-2,3,1.39,-0.06,-1.26,0.04,-0.14,0.1,-0.13,0,6,-4.3
UFC 231,Devin Clark,Aleksandar Rakic,Favorite,4,3,1.23,-0.04,-0.44,0.06,-1.41,-0.07,0.27,0,-2,-4.35
UFC Fight Night Milwaukee,Al Iaquinta,Kevin Lee,Underdog,-1,7,-0.18,0.02,-0.93,-0.11,2.55,0.25,0.01,0.6,-6,-2.67
UFC Fight Night Milwaukee,Edson Barboza,Daniel Hooker,Underdog,1,0,0.97,0.04,0.11,-0.05,0.34,-0.16,0.08,0.3,-4,0.23
UFC Fight Night Milwaukee,Sergio Pettis,Rob Font,Favorite,-2,-2,-1.65,-0.08,-0.74,0.09,-0.04,0.05,0.21,0.1,-6,0.83
UFC Fight Night Milwaukee,Jim Miller,Charles Oliveira,Favorite,-2,-3,-0.4,-0.11,0.3,0.05,-0.64,0.04,-0.08,-1.1,6,2.31
UFC Fight Night Milwaukee,Zak Ottow,Dwight Grant,Underdog,-2,-4,-0.66,0,0.07,-0.02,0.36,-0.71,-0.09,0.4,-2,2.12
UFC Fight Night Milwaukee,Bobby Green,Drakkar Klose,Favorite,1,1,2.08,-0.03,0.29,0.11,-0.39,0.12,0.05,0.3,1,1.71
UFC Fight Night Milwaukee,Joaquim Silva,Jared Gordon,Underdog,-1,1,-1.73,-0.14,1.13,-0.04,-1.56,0.1,0.07,0.8,0,0.16
UFC Fight Night Milwaukee,Gerald Meerschaert,Jack Hermansson,Favorite,0,0,1.91,-0.01,0.32,0.03,-0.64,-0.08,0.46,-1.2,-1,-0.69
UFC Fight Night Milwaukee,Trevor Smith,Zak Cummings,Favorite,3,0,0.33,0.2,0.4,-0.04,1.08,0.04,-0.06,0.1,4,2.52
UFC Fight Night Milwaukee,Jordan Griffin,Dan Ige,Favorite,-3,-2,1.24,-0.01,0.5,0.07,-0.39,-0.09,0.16,-1.6,-2,-0.88
UFC Fight Night Milwaukee,Mike Rodriguez,Adam Milstead,Underdog,-1,-6,-0.5,-0.07,0.55,0.02,0,0,0.27,0,1,-0.37
UFC Fight Night Milwaukee,Chris de la Rocha,Juan Adams,Favorite,2,0,3.01,0.1,-2.31,-0.09,-1.11,0.36,0.24,-1,-13,-3.93
UFC 232,Alexander Gustafsson,Jon Jones,Favorite,-1,5,0.26,0.17,-1.31,0.13,0.4,0.06,0.12,0.1,-1,-2.27
UFC 232,Amanda Nunes,Cristiane Justino,Underdog,0,-1,2.73,0.01,-0.37,0.07,-2.07,0.01,0.12,-0.3,3,-1.23
UFC 232,Carlos Condit,Michael Chiesa,Favorite,1,0,1.79,-0.01,0.97,0.01,-2.74,-0.04,-0.22,0,4,0.23
UFC 232,Corey Anderson,Ilir Latifi,Underdog,5,6,2.38,0.01,-0.71,0.03,2.78,0.15,-0.17,-0.3,-7,0.32
UFC 232,Alex Volkanovski,Chad Mendes,Underdog,0,-5,-3.38,-0.07,-1.09,0.09,2.35,0.18,0.3,0.1,4,-0.47
UFC 232,Andrei Arlovski,Walt Harris,Favorite,-2,0,0.73,0.06,-0.13,0.03,0.09,0.08,0.06,0.1,5,1.37
UFC 232,Megan Anderson,Cat Zingano,Underdog,-6,-4,0.81,0.15,-1.72,0.1,2.25,0.4,-0.11,0.3,7,-0.35
UFC 232,Douglas Silva de Andrade,Petr Yan,Favorite,0,1,-1.48,-0.15,-0.37,0,-1.12,-0.05,-0.15,0.1,7,2.69
UFC 232,B.J. Penn,Ryan Hall,Favorite,1,0,-0.38,0.02,-1.87,0.09,-0.97,-0.46,-0.74,1.7,-6,3.57
UFC 232,Andre Ewell,Nathaniel Wood,Favorite,-2,-6,1.63,0.1,-0.65,0.05,1.38,-0.27,-0.02,0.4,-5,-0.26
UFC 232,Siyar Bahadurzada,Curtis Millender,Favorite,3,3,0.95,0.06,-0.28,0.12,-0.89,0.39,-0.05,-0.3,-4,-0.68
UFC 232,Brian Kelleher,Montel Jackson,Favorite,-4,-9,0.03,-0.12,3.23,-0.1,-1.68,-0.3,-0.09,0.4,5,1.06
UFC on ESPN+ 1,Henry Cejudo,T.J. Dillashaw,Underdog,2,3,1.32,-0.05,0.18,0.02,-0.43,-0.02,0.02,0.6,1,1.52
UFC on ESPN+ 1,Allen Crowder,Greg Hardy,Underdog,2,4,1.84,-0.01,0.36,-0.01,-1.65,0,-0.36,-1.2,1,-3.78
UFC on ESPN+ 1,Yancy Medeiros,Gregor Gillespie,Favorite,-3,-4,-0.62,0.15,-3.37,0.1,6.53,-0.02,0.27,0.1,1,-3.78
UFC on ESPN+ 1,Dustin Ortiz,Joseph Benavidez,Favorite,-1,0,0.58,-0.1,0.5,0.05,-1.6,-0.06,0.1,0.5,4,-1.6
UFC on ESPN+ 1,Rachael Ostovich,Paige VanZant,Favorite,1,3,0.81,0.09,-1.35,-0.15,-0.76,-0.5,-0.32,0.2,-3,-0.93
UFC on ESPN+ 1,Glover Teixeira,Karl Roberson,Underdog,1,2,1.16,-0.02,2.01,-0.06,1.39,-0.07,0.18,0.4,11,0.03
UFC on ESPN+ 1,Donald Cerrone,Alexander Hernandez,Underdog,-4,-1,-0.08,-0.05,0.18,0.02,-0.1,-0.02,-0.14,-1.1,-10,-1.33
UFC on ESPN+ 1,Joanne Wood,Ariane Lipski,Underdog,0,2,-3,-0.1,-0.93,0.02,-0.96,0,0.13,0,-8,-1.51
UFC on ESPN+ 1,Vinicius Moreira,Alonzo Menifield,Favorite,-4,0,0.77,-0.02,-1.5,0.06,-1.3,0.15,0.75,-1,1,-2.35
UFC on ESPN+ 1,Mario Bautista,Cory Sandhagen,Favorite,2,1,-0.36,-0.04,-0.59,0.05,-0.89,-0.11,-0.02,-0.7,2,-4.55
UFC on ESPN+ 1,Dennis Bermudez,Te Edwards,Underdog,-2,-6,2.92,0.05,-1.08,0.15,3.17,-0.6,0.38,1.1,4,0.26
UFC on ESPN+ 1,Belal Muhammad,Geoff Neal,Favorite,0,-3,-0.42,-0.07,-1.83,0,1.52,-0.09,0.06,0.1,2,1.27
UFC on ESPN+ 1,Chance Rencountre,Kyle Stewart,Underdog,-2,1,0.31,0.15,-1.2,-0.06,-0.03,-0.06,0.44,-0.3,-2,-0.87
UFC Fight Night 144,Raphael Assuncao,Marlon Moraes,Favorite,-1,-1,-0.15,0.02,-2.03,0.12,0.78,-0.02,0.32,-0.1,5,0.88
UFC Fight Night 144,Jose Aldo,Renato Moicano,Underdog,-4,-2,-0.75,-0.02,0.05,0,-1.38,0.08,0.19,-0.5,2,0.55
UFC Fight Night 144,Lyman Good,Demian Maia,Favorite,1,-2,-3.54,-0.05,-1.94,0,2.22,-0.76,-0.14,1,8,-1.02
UFC Fight Night 144,David Teymur,Charles Oliveira,Favorite,1,1,-1.3,0.1,-0.33,-0.04,1.23,0.07,-0.22,2.8,-1,-0.15
UFC Fight Night 144,Justin Ledet,Johnny Walker,Favorite,2,2,0.46,0.14,-1.99,-0.05,0.23,0.5,0.15,0.7,-3,-1.3
UFC Fight Night 144,Sarah Frota,Livia Renata Souza,Favorite,-3,-6,-2.77,-0.07,1.03,0.01,2.54,0.45,-0.13,1.4,-4,-1.45
UFC Fight Night 144,Markus Perez,Anthony Hernandez,Underdog,1,-2,-1.7,-0.12,0.26,0.07,-5.81,-0.24,0.14,-2,5,0.92
UFC Fight Night 144,Mara Romero Borella,Taila Santos,Underdog,0,-1,0.85,0.11,0.16,-0.13,0.17,0.32,0.2,0.9,-7,-0.84
UFC Fight Night 144,Thiago Alves,Max Griffin,Underdog,-2,-6,-0.19,-0.08,-0.39,0.05,-0.74,0.19,-0.05,0,2,1.38
UFC Fight Night 144,Jairzinho Rozenstruik,Junior Albini,Underdog,1,-4,0.54,0.02,3.3,0.05,1.54,0.37,0.25,0,-3,-0.12
UFC Fight Night 144,Said Nurmagomedov,Ricardo Ramos,Underdog,1,2,-0.34,-0.1,1.61,0,2.01,0.44,0.06,-0.7,-4,-0.48
UFC Fight Night 144,Rogerio Bontorin,Magomed Bibulatov,Underdog,0,-2,0.97,-0.01,-1.44,0.02,-0.05,-0.2,0.24,-1,3,-3.67
UFC 234,Anderson Silva,Israel Adesanya,Favorite,2,3,0.88,-0.13,1.06,-0.04,-0.45,-0.63,0.08,-0.7,-15,-3.97
UFC 234,Marcos Mariano,Lando Vannata,Favorite,-4,-5,4.27,0.18,2.65,0.12,1.09,0.37,0.41,0.3,-5,-3.55
UFC 234,Ricky Simon,Rani Yahya,Underdog,0,-2,-1.3,-0.05,-1.53,-0.11,-2.76,-0.16,-0.47,1.4,8,-0.06
UFC 234,Nadia Kassem,Montana De La Rosa,Favorite,2,2,-0.43,-0.05,-1.27,-0.04,1.25,-0.02,0.24,-2,1,-1.75
UFC 234,Sam Alvey,Jim Crute,Favorite,0,-1,0.4,0.1,-0.59,-0.08,4.78,0.43,-0.22,1.9,-10,-0.76
UFC 234,Austin Arnett,Shane Young,Favorite,4,0,-0.67,0.01,0.92,0.1,-0.19,0,-0.07,0.2,2,2.82
UFC 234,Raulian Paiva,Kai Kara-France,Favorite,-4,0,0.43,-0.03,-1.77,0.17,-0.02,0.1,0.11,-0.2,3,-1.88
UFC 234,Teruto Ishihara,Kyung Ho Kang,Favorite,2,4,0.09,0.04,-0.3,0.02,1.37,0.41,0.38,0.8,4,-2.74
UFC 234,Callan Potter,Jalin Turner,Favorite,3,5,2.42,-0.02,-0.15,-0.17,-2.5,-0.11,-0.26,1.1,-10,-1.62
UFC 234,Wuliji Buren,Jonathan Martinez,Favorite,-1,1,2.93,0.07,0.85,0.01,-2.87,-0.07,-0.09,-0.3,-5,0.47
UFC on ESPN 1,Francis Ngannou,Cain Velasquez,Underdog,-3,-6,4.04,0.16,0.17,0.16,4.37,-0.17,0.14,0.1,4,-1.29
UFC on ESPN 1,Paul Felder,James Vick,Underdog,-4,-6,-0.43,0.05,0.13,-0.12,0.03,-0.05,0.07,-0.5,3,0.16
UFC on ESPN 1,Cortney Casey,Cynthia Calvillo,Favorite,-3,-3,0.12,-0.01,0.12,0.09,1.41,0.13,0.38,0.3,-1,-2.8
UFC on ESPN 1,Alex Caceres,Kron Gracie,Favorite,-1,-3,-0.47,-0.05,3.73,-0.09,-0.07,-0.43,-0.64,-0.2,0,-2.01
UFC on ESPN 1,Bryan Barberena,Vicente Luque,Favorite,-1,3,-0.28,0.04,0.62,0.08,0.87,0.31,0.12,0.3,-3,-3.76
UFC on ESPN 1,Andre Fili,Myles Jury,Underdog,-1,-1,-0.91,0.05,-1.95,0.15,0,0.08,-0.19,0,2,-0.52
UFC on ESPN 1,Aljamain Sterling,Jimmie Rivera,Underdog,3,3,0.58,0.12,-1.6,-0.02,1.43,0,-0.47,0.6,0,0.44
UFC on ESPN 1,Benito Lopez,Manny Bermudez,Favorite,0,-2,-1.47,0.16,-2.5,-0.1,3.06,0.54,-0.73,2.8,-1,-1.21
UFC on ESPN 1,Ashlee Evans-Smith,Andrea Lee,Favorite,2,-2,-0.66,-0.12,0.83,-0.09,-0.9,-0.36,-0.05,-0.6,1,1.07
UFC on ESPN 1,Nik Lentz,Scott Holtzman,Underdog,1,1,0.88,0,0.41,0.05,-1.42,0.24,0.24,-1,1,-0.83
UFC on ESPN 1,Renan Barao,Luke Sanders,Favorite,0,3,-2.83,-0.16,-0.47,0.07,0.78,0.11,0.19,0.3,-1,0.59
UFC on ESPN 1,Alexandra Albu,Emily Whitmire,Favorite,3,0,-2.33,-0.16,-2.58,0.16,-0.37,0.16,-0.07,0.1,0,0.03
UFC Fight Night 145,Jan Blachowicz,Thiago Santos,Favorite,0,2,-0.31,0.02,0.34,0,0.21,0.17,0.03,0.2,1,0.28
UFC Fight Night 145,Marcos Rogerio de Lima,Stefan Struve,Favorite,10,9,-0.58,-0.1,1.14,-0.05,-0.84,0.01,-0.04,1.2,-2,-0.08
UFC Fight Night 145,Gian Villante,Michal Oleksiejczuk,Favorite,3,2,-0.68,-0.06,1.21,-0.06,-0.3,-0.21,0.35,0,9,1.5
UFC Fight Night 145,Lucie Pudilova,Liz Carmouche,Favorite,2,1,0.9,-0.17,1.32,-0.1,-2.02,-0.24,0.01,0.4,-11,0.63
UFC Fight Night 145,John Dodson,Petr Yan,Favorite,-4,-1,-1.94,-0.13,-0.78,0.03,-1.02,-0.23,-0.03,-0.1,8,2.09
UFC Fight Night 145,Klidson Farias de Abreu,Magomed Ankalaev,Favorite,3,1,1.59,0.13,-0.65,0.04,0.38,0.11,0.06,0,0,-1.28
UFC Fight Night 145,Dwight Grant,Carlo Pedersoli Jr.,Underdog,-2,-1,0.88,0.01,1.46,0.01,2.3,-0.56,-0.66,0,-9,-0.73
UFC Fight Night 145,Daniel Teymur,Chris Fishgold,Favorite,-3,1,1.07,0.14,1.23,0.1,-2.03,-0.28,0.16,-1,5,1.67
UFC Fight Night 145,Veronica Macedo,Gillian Robertson,Favorite,1,-1,-0.52,0.01,-0.63,0.09,1.45,0.02,-0.17,0.7,1,-0.95
UFC Fight Night 145,Marco Polo Reyes,Damir Hadzovic,Favorite,-2,-1,-2.64,0.11,-2.26,0.03,0.78,0.55,-0.12,0.2,-2,-0.42
UFC Fight Night 145,Ismail Naurdiev,Michel Prazeres,Underdog,-4,-7,-0.79,-0.05,1.21,-0.11,2.69,-0.35,-0.23,0.4,15,-3.75
UFC Fight Night 145,Carlos Diego Ferreira,Rustam Khabilov,Underdog,-1,-1,-3.06,-0.05,-1.27,0.09,2.99,0.11,0.01,-0.5,-2,-0.46
UFC Fight Night 145,Joel Alvarez,Damir Ismagulov,Favorite,-5,-3,-0.29,-0.04,-0.93,0.11,1,0.28,0.59,-1.3,2,-2.42
UFC 235,Anthony Smith,Jon Jones,Favorite,0,8,1.06,0.09,-2.25,0.18,1.44,0.19,0.46,-0.2,1,-5.73
UFC 235,Kamaru Usman,Tyron Woodley,Underdog,-3,-2,-2,-0.04,0.02,0,-1.76,-0.05,-0.02,0.3,5,-1.18
UFC 235,Robbie Lawler,Ben Askren,Favorite,0,-1,-0.21,0.02,0.99,-0.23,3.68,-0.09,-0.65,0.9,-3,-1.97
UFC 235,Tecia Torres,Weili Zhang,Favorite,3,3,0.88,0.06,-0.44,-0.08,1.9,0.32,-0.15,0.4,0,0.6
UFC 235,Pedro Munhoz,Cody Garbrandt,Underdog,2,0,-2.34,-0.03,-2.47,0.04,0.52,0.16,-0.02,-0.5,-5,-0.84
UFC 235,Jeremy Stephens,Zabit Magomedsharipov,Favorite,-4,-2,-1.72,-0.08,0.05,-0.06,-4.06,-0.18,-0.12,-0.4,4,2.34
UFC 235,Misha Cirkunov,Johnny Walker,Favorite,3,5,-0.05,0.02,-0.23,-0.13,-3.69,0.61,-0.19,-0.8,-5,-1.05
UFC 235,Alejandro Perez,Cody Stamann,Favorite,0,3,-0.94,-0.12,-0.45,-0.01,-1.8,-0.17,-0.06,0.3,0,1.02
UFC 235,Diego Sanchez,Mickey Gall,Underdog,4,2,0.25,0.09,1.23,-0.07,-0.3,0.06,-0.1,1.1,-10,-1.65
UFC 235,Charles Byrd,Edmen Shahbazyan,Favorite,-4,-2,-0.17,0.03,-1.46,0.1,0.26,0.12,-0.23,0.9,14,0.77
UFC 235,Gina Mazany,Macy Chiasson,Favorite,5,4,-0.2,-0.06,-0.99,-0.04,-1.96,-0.15,0.29,0.3,-3,-4.14
UFC 235,Hannah Cifers,Polyana Viana,Underdog,-4,-5,2,0.04,2.74,-0.01,-0.56,0.67,0.26,-1.6,0,2.14
UFC Fight Night 146,Derrick Lewis,Junior dos Santos,Favorite,1,-2,2.01,-0.03,0.85,0.16,-0.27,0.24,0.29,0.1,1,-1.31
UFC Fight Night 146,Elizeu Zaleski dos Santos,Curtis Millender,Underdog,-3,-3,0.66,-0.04,0.38,-0.04,0,-0.87,0.11,0.4,1,0.23
UFC Fight Night 146,Niko Price,Tim Means,Underdog,-2,1,0.38,-0.07,1.96,-0.12,-0.46,-0.2,-0.01,0.5,-6,1.31
UFC Fight Night 146,Blagoy Ivanov,Ben Rothwell,Underdog,5,5,0.46,0.02,0.43,-0.06,-0.01,-0.06,0.09,0.3,5,-0.07
UFC Fight Night 146,Drew Dober,Beneil Dariush,Favorite,2,2,-0.56,0.08,-1.58,0.06,1.19,0.16,0.24,0.8,0,-1.37
UFC Fight Night 146,Tim Boetsch,Omari Akhmedov,Favorite,0,1,-0.04,0.16,0.06,0.02,-1.13,-0.11,-0.06,0.6,7,0.66
UFC Fight Night 146,Sergio Moraes,Tony Martin,Favorite,0,1,0.26,-0.05,-1.14,-0.01,-0.49,-0.11,-0.07,0.6,-7,-1.56
UFC Fight Night 146,Marion Reneau,Yana Santos,Favorite,0,0,-0.96,-0.15,0.49,0.09,-0.49,0.1,0.08,0.7,12,1.31
UFC Fight Night 146,Julian Erosa,Grant Dawson,Favorite,-3,-2,-3.17,0.03,-4.02,-0.02,2.05,-0.1,-0.18,0.7,-4,-1.28
UFC Fight Night 146,Maurice Greene,Jeff Hughes,Underdog,5,3,-0.67,-0.06,-0.06,-0.15,-0.71,-0.5,-0.18,0.4,1,1.75
UFC Fight Night 146,Matt Schnell,Louis Smolka,Underdog,1,-2,0.44,0.09,-0.45,-0.02,1.1,-0.09,-0.18,0.8,-2,-0.34
UFC Fight Night 146,Zak Ottow,Alex Morono,Favorite,0,0,2.24,0.04,1.43,0,-0.65,-0.07,-0.02,0,-4,-1.04
UFC Fight Night 146,Dan Moret,Alex White,Favorite,0,-2,1.09,-0.01,-0.49,0.17,-0.33,0.01,0.26,0.1,-2,-0.49
UFC Fight Night 147,Jorge Masvidal,Darren Till,Underdog,1,0,-1.75,-0.01,0.26,-0.08,-0.83,-0.13,-0.03,-0.3,-8,-1.53
UFC Fight Night 147,Gunnar Nelson,Leon Edwards,Favorite,3,2,0.91,-0.08,-0.66,0.05,-0.65,-0.25,0.04,-0.6,-3,-0.56
UFC Fight Night 147,Volkan Oezdemir,Dominick Reyes,Favorite,-2,-2,-0.16,-0.03,0.15,0.07,0.21,0.05,0,-0.3,0,1.9
UFC Fight Night 147,Jose Quinonez,Nathaniel Wood,Favorite,-2,0,2.31,0.05,1.22,-0.08,-0.96,0.01,0.28,-0.1,-2,-2.42
UFC Fight Night 147,Danny Roberts,Claudio Silva,Favorite,-2,-3,-0.7,0.03,-0.73,-0.04,2.61,0.17,-0.13,0.9,5,-0.66
UFC Fight Night 147,John Phillips,Jack Marshman,Favorite,1,-2,1.02,-0.09,0.16,0.07,0,0,0.13,0,-4,-0.53
UFC Fight Night 147,Jordan Rinaldi,Arnold Allen,Favorite,-2,-2,1.83,0.05,0.59,0.02,-0.43,0.15,0.55,-0.8,-6,-0.61
UFC Fight Night 147,Marc Diakiese,Joseph Duffy,Underdog,0,0,0.14,-0.06,1.14,0.02,-2.33,0.23,-0.02,0.7,5,-1.08
UFC Fight Night 147,Danny Henry,Dan Ige,Favorite,5,2,1.44,0.06,0.64,-0.12,-0.32,0.07,-0.08,1.9,3,0.55
UFC Fight Night 147,Priscila Cachoeira,Molly McCann,Favorite,3,3,-2.03,-0.05,2.09,-0.2,-1.67,-0.05,0.22,-0.6,1,1.23
UFC Fight Night 147,Mike Grundy,Nad Narimani,Underdog,1,-2,1.24,-0.03,-1.45,0.02,-2.14,0.13,0.2,-0.4,0,-0.41
UFC Fight Night 148,Anthony Pettis,Stephen Thompson,Underdog,2,3,1.06,-0.01,-0.41,0,-0.35,-0.09,0.05,-1.1,4,-3.22
UFC Fight Night 148,Justin Willis,Curtis Blaydes,Favorite,3,2,0.16,-0.09,-0.74,0.02,4.76,-0.13,-0.05,0,-3,-2
UFC Fight Night 148,Jesus Pinedo,John Makdessi,Favorite,-2,-6,2.29,0.11,-0.22,0.16,-2.5,-1,-0.14,0,12,-2.26
UFC Fight Night 148,Jussier Formiga,Deiveson Figueiredo,Underdog,0,-1,-1.59,-0.16,-1.04,0.14,0.17,-0.07,0.29,-1.1,3,0.66
UFC Fight Night 148,Steven Peterson,Luis Pena,Favorite,5,5,-1.1,0.06,-2.82,-0.02,-0.25,0.07,-0.16,0.5,-3,-1.57
UFC Fight Night 148,J.J. Aldrich,Maycee Barber,Favorite,0,-2,0.82,0.07,-1.48,-0.06,0.78,0.2,-0.13,0.1,-5,-1.95
UFC Fight Night 148,Bryce Mitchell,Bobby Moffett,Underdog,0,-3,-1.11,0.19,-1.52,-0.03,0.71,-0.25,-0.33,0.2,-4,0.62
UFC Fight Night 148,Frankie Saenz,Marlon Vera,Favorite,2,4,0.37,0.02,1.98,-0.02,-1.21,0.08,0.09,0.8,-12,-0.88
UFC Fight Night 148,Jennifer Maia,Alexis Davis,Underdog,2,4,0.28,0.11,-0.07,-0.01,0.53,0.17,-0.24,0.6,4,-0.62
UFC Fight Night 148,Randa Markos,Angela Hill,Underdog,-1,1,2.41,0.06,1.76,0.03,-0.32,0.05,0.24,-0.1,1,-0.61
UFC Fight Night 148,Ryan MacDonald,Chris Gutierrez,Favorite,-2,-4,2.52,0.29,-3.7,0.18,0.28,0.3,0.69,0.1,2,-2.01
UFC Fight Night 148,Jordan Espinosa,Eric Shelton,Underdog,0,-1,-1.65,-0.1,-1.06,0.06,2.08,0.23,-0.24,0,-1,-0.71
UFC on ESPN 2,Justin Gaethje,Edson Barboza,Underdog,0,5,-2.67,-0.15,-2.81,0.04,0.34,0.25,-0.03,0.1,3,-0.25
UFC on ESPN 2,David Branch,Jack Hermansson,Favorite,0,1,-3.43,-0.05,-1.78,0,1.02,0.02,-0.37,-0.4,7,0.45
UFC on ESPN 2,Josh Emmett,Michael Johnson,Underdog,-4,-3,-0.23,-0.03,0.78,0.04,0.29,-0.04,-0.35,0.1,2,0.45
UFC on ESPN 2,Michelle Waterson,Karolina Kowalkiewicz,Underdog,0,2,2.15,-0.03,1.36,0.09,-1.08,-0.09,0.03,-0.5,0,-0.76
UFC on ESPN 2,Paul Craig,Kennedy Nzechukwu,Underdog,-2,-7,-2.68,0.01,-1.93,-0.06,1.08,-0.25,-0.43,1.4,5,1.08
UFC on ESPN 2,Sheymon da Silva Moraes,Sodiq Yusuff,Favorite,1,-1,2.66,0.07,0.87,-0.1,0.28,0.2,0.09,0.4,-2,0.59
UFC on ESPN 2,Jessica Aguilar,Marina Alcalde Rodriguez,Favorite,3,2,-0.11,-0.03,-4.07,0.02,-0.71,0.17,0.15,0,-5,2.84
UFC on ESPN 2,Ross Pearson,Desmond Green,Favorite,2,4,0.02,0.06,-1.58,0.07,0.88,0.15,0,0,-5,-4.28
UFC on ESPN 2,Kevin Aguilar,Enrique Barzola,Underdog,0,-3,-0.05,0.01,-1.84,0.16,4.04,0.29,-0.12,0.3,0,-0.37
UFC on ESPN 2,Gerald Meerschaert,Kevin Holland,Favorite,-2,-4,-1.06,-0.04,0.18,0.03,1.32,0,-0.2,1,5,1.4
UFC on ESPN 2,Casey Kenney,Ray Borg,Underdog,-3,-5,-3.33,0.1,-2.74,-0.1,2.8,0.15,-0.15,0.6,-3,-1.81
UFC on ESPN 2,Maryna Moroz,Sabina Mazo,Underdog,0,3,1.68,0.1,-0.54,0.06,-0.05,0.56,0.17,-0.4,-5,-0.74
UFC on ESPN 2,Mark Delarosa,Alex Perez,Favorite,0,0,0.97,0.1,-1.87,0.11,1.52,0.31,0.42,0.7,3,-2.98
UFC 236,Dustin Poirier,Max Holloway,Underdog,2,-3,1.72,-0.03,0.36,0.06,-1.08,0.17,0.21,-1.1,-3,-1.67
UFC 236,Kelvin Gastelum,Israel Adesanya,Favorite,-7,-9,-0.38,-0.07,0.12,0.02,0.91,0.16,-0.18,0,-2,1.04
UFC 236,Khalil Rountree,Eryk Anders,Underdog,0,-1,-0.43,0.08,-0.01,0,1.79,0.26,0.21,0,3,-1.15
UFC 236,Alan Jouban,Dwight Grant,Favorite,-1,-3,2.38,0.14,1.11,0,-0.1,-0.56,-0.08,0.3,3,0.27
UFC 236,Ovince St Preux,Nikita Krylov,Favorite,0,-3,1.35,0.08,-0.85,-0.03,1.19,0.02,-0.14,0.9,-9,0.33
UFC 236,Matt Frevola,Jalin Turner,Underdog,6,6,1.89,0.06,1,-0.18,-1.8,0.15,0.32,0.2,-4,-0.82
UFC 236,Wilson Reis,Alexandre Pantoja,Favorite,-1,-2,-2.58,-0.2,-0.93,0.05,2.54,-0.05,-0.21,-0.2,5,0.88
UFC 236,Max Griffin,Zelim Imadaev,Underdog,-1,0,1.01,0.13,-0.54,0.14,1.07,-0.09,0.08,0.3,9,0.33
UFC 236,Khalid Taha,Boston Salmon,Underdog,4,0,1.49,0.05,3.63,0.13,0,0,0.39,-0.2,1,-0.72
UFC 236,Curtis Millender,Belal Muhammad,Favorite,-3,-4,0.69,-0.03,0.69,-0.04,1.55,-0.65,0.36,0.2,-1,-0.67
UFC 236,Andre Soukhamthath,Montel Jackson,Favorite,1,5,0.59,0.09,-2.9,0.15,2.17,0.18,0.11,0.1,-3,-4.55
UFC 236,Lauren Mueller,Poliana Botelho,Favorite,-3,0,1.18,-0.17,0.97,0.04,-0.15,-0.07,-0.05,0,-3,0.85
UFC 236,Randy Costa,Brandon Davis,Favorite,1,-1,-1.85,-0.11,-2.96,0,0.74,0.42,0.07,0.1,5,-1.02
UFC Fight Night 149,Aleksei Oleinik,Alistair Overeem,Favorite,-2,0,-0.38,-0.16,1.36,-0.13,0.4,-0.09,-0.36,1.1,2,1.81
UFC Fight Night 149,Arman Tsarukyan,Islam Makhachev,Favorite,3,-2,-1.33,0.12,-0.57,0.08,-0.08,0.23,0.15,1,5,-2.47
UFC Fight Night 149,Marcelo Golm,Sergey Pavlovich,Favorite,0,9,3.94,-0.1,0.31,0.1,-0.45,-0.5,-0.12,-0.5,1,-2.27
UFC Fight Night 149,Roxanne Modafferi,Antonina Shevchenko,Underdog,-1,2,-0.51,-0.25,2.77,-0.01,0.92,-0.19,-0.23,-0.3,2,2.38
UFC Fight Night 149,Alen Amedovski,Krzysztof Jotko,Favorite,3,3,1.99,0.12,-1.62,0.11,1.33,0.39,0.82,0.1,-2,-1.42
UFC Fight Night 149,Seung Woo Choi,Movsar Evloev,Favorite,-5,-2,0.95,0.1,-0.13,0.14,3.88,-0.08,0.02,0.2,-1,-3.51
UFC Fight Night 149,Keita Nakamura,Sultan Aliev,Favorite,0,1,-0.82,0.09,-1,-0.02,0.11,-0.1,0.37,-0.3,-1,-0.2
UFC Fight Night 149,Alex da Silva,Alexander Yakovlev,Favorite,7,1,-0.4,0.01,-0.11,0.02,-0.31,-0.08,-0.04,-0.2,11,-0.63
UFC Fight Night 149,Shamil Abdurakhimov,Marcin Tybura,Underdog,0,2,1.19,0.04,0.33,0,0.42,0.1,0.34,0,-4,-0.52
UFC Fight Night 149,Gadzhimurad Antigulov,Michal Oleksiejczuk,Favorite,-1,-4,-2.98,0.05,-0.05,-0.21,4.33,-0.08,-0.48,1.4,8,1.4
UFC Fight Night 149,Magomed Mustafaev,Rafael Fiziev,Underdog,0,0,-2.31,0.07,-2.29,-0.08,3.02,0.1,-0.66,0.4,4,0
UFC on ESPN 3,Jack Hermansson,Ronaldo Souza,Underdog,0,-5,-2.56,0.03,-0.86,0.06,1.04,0.09,-0.23,0.9,9,1.5
UFC on ESPN 3,Mike Perry,Alex Oliveira,Underdog,1,5,-1.33,0.04,-2.61,-0.06,1.54,-0.02,-0.15,0.4,4,-0.88
UFC on ESPN 3,Ion Cutelaba,Glover Teixeira,Favorite,1,1,-0.71,0.06,1,0.04,-2.06,-0.24,-0.16,0.9,14,-0.13
UFC on ESPN 3,Cory Sandhagen,John Lineker,Underdog,-8,-3,0.03,-0.04,0.87,-0.02,-0.8,0.25,0.03,0.3,1,-0.71
UFC on ESPN 3,Thomas Gifford,Roosevelt Roberts,Favorite,1,-2,-0.92,0.07,-3.33,0.15,0.89,-0.04,0.19,0.9,-1,-3.77
UFC on ESPN 3,Ben Saunders,Takashi Sato,Favorite,-4,-4,-1.02,-0.09,0.15,-0.07,0.56,-0.03,-0.06,-1.3,-8,-1.58
UFC on ESPN 3,Andrei Arlovski,Augusto Sakai,Favorite,0,0,-0.82,-0.04,-0.63,0.09,0.15,-0.04,0.2,0.2,12,0.83
UFC on ESPN 3,Virna Jandiroba,Carla Esparza,Favorite,-2,-1,-0.14,0.02,-0.27,-0.02,0.86,-0.01,-0.26,-0.9,1,-0.16
UFC on ESPN 3,Mike Davis,Gilbert Burns,Favorite,-2,-1,-2.06,-0.04,-2.34,-0.01,-0.53,-0.15,-0.14,0.1,6,-1.83
UFC on ESPN 3,Jason Gonzalez,Jim Miller,Favorite,-6,-3,-0.07,0.03,0.37,-0.02,1.53,0.44,0.17,0.7,6,-0.38
UFC on ESPN 3,Jodie Esquibel,Angela Hill,Favorite,2,0,1.28,0.18,-2.51,0.09,0.05,0.12,-0.07,0.1,1,-4.83
UFC on ESPN 3,Dhiego Lima,Court McGee,Underdog,-3,0,1.48,-0.02,-0.26,0.03,0.58,-0.09,-0.04,-0.2,4,-0.91
UFC Fight Night 150,Donald Cerrone,Al Iaquinta,Underdog,-3,-3,-0.35,-0.06,0.05,0.08,-0.53,-0.15,0.01,-1,-4,-0.4
UFC Fight Night 150,Derek Brunson,Elias Theodorou,Underdog,0,-2,0.68,-0.05,-0.66,0.02,-1.87,-0.05,-0.26,-0.6,-5,-0.08
UFC Fight Night 150,Cub Swanson,Shane Burgos,Favorite,-3,-5,-2.7,-0.02,-2.94,0.03,0.66,0.08,-0.3,0,7,0.99
UFC Fight Night 150,Brad Katona,Merab Dvalishvili,Favorite,0,-4,0.21,0.08,2.61,-0.09,-4.93,-0.09,-0.28,-0.3,-1,0.92
UFC Fight Night 150,Sergey Spivak,Walt Harris,Favorite,2,-1,-0.49,-0.1,-0.46,0.05,-4.27,-0.36,0,-0.4,11,-0.88
UFC Fight Night 150,Marc-Andre Barriault,Andrew Sanchez,Favorite,0,0,-1.89,-0.04,-0.57,-0.02,2.33,0.11,0.33,-0.1,2,-0.78
UFC Fight Night 150,Sarah Moras,Macy Chiasson,Favorite,-4,-5,-1.25,-0.1,1.05,0.04,-1.71,-0.16,-0.29,0.3,4,5.23
UFC Fight Night 150,Vincent Morales,Aiemann Zahabi,Underdog,-1,-2,-0.74,0.06,-0.63,0.18,0.06,-0.09,0.15,0,3,-0.98
UFC Fight Night 150,Kyle Prepolec,Nordine Taleb,Favorite,3,4,0.46,0.17,-2.08,0.12,1.94,0.76,0.33,0,8,-3.65
UFC Fight Night 150,Kyle Nelson,Matt Sayles,Favorite,4,3,-1.18,0.04,1.88,-0.09,0.74,0.04,-0.08,-0.1,3,1.25
UFC Fight Night 150,Arjan Bhullar,Juan Adams,Underdog,4,5,4.76,-0.01,0.81,-0.25,-0.82,-0.09,-0.43,0,-6,-0.45
UFC Fight Night 150,Cole Smith,Mitch Gagnon,Underdog,-6,-2,0.98,0.11,0.25,0.12,-0.51,-0.08,0.2,0.2,4,-0.3
UFC 237,Rose Namajunas,Jessica Andrade,Favorite,4,3,-2.93,-0.09,-1.86,0.08,-0.99,-0.08,-0.13,0.2,-1,0.51
UFC 237,Anderson Silva,Jared Cannonier,Favorite,3,0,-1.63,0.09,-2.08,0.01,0.06,0.35,0.06,0.8,9,0.15
UFC 237,Alex Volkanovski,Jose Aldo,Underdog,1,-1,-2.53,-0.1,0.29,0.02,-1.27,0.16,0.21,-0.1,2,-0.52
UFC 237,Laureano Staropoli,Thiago Alves,Underdog,4,1,-0.42,-0.07,0.31,-0.08,0.12,-0.34,-0.15,-0.3,-9,0.19
UFC 237,Bethe Correia,Irene Aldana,Favorite,4,4,0.87,-0.03,1.4,0.01,-0.23,0.32,-0.09,0.2,-4,-3.06
UFC 237,Rogerio Nogueira,Ryan Spann,Favorite,-3,-4,-0.82,-0.05,-1.55,0.15,-0.7,0.09,0.15,-0.7,15,0.37
UFC 237,Kurt Holobaugh,Thiago Moises,Favorite,2,0,1.9,0.03,-0.12,-0.07,-0.93,-0.08,-0.1,-0.4,8,0.24
UFC 237,Sergio Moraes,Warlley Alves,Favorite,1,0,-0.62,-0.06,-0.22,0.09,-0.02,-0.12,0.13,-0.4,8,0.48
UFC 237,B.J. Penn,Clay Guida,Favorite,-2,0,-0.12,-0.15,-0.19,0.05,1.94,-0.19,-0.07,0.1,-3,5.52
UFC 237,Priscila Cachoeira,Luana Carolina,Favorite,1,-4,-0.87,-0.05,3.4,-0.06,-0.23,-0.09,-0.11,-0.6,5,0.97
UFC 237,Carlos Huachin,Raoni Barcelos,Favorite,-3,0,-3.12,-0.3,0.01,-0.11,-1.86,-0.32,-0.19,-0.6,-10,7.89
UFC 237,Viviane Araujo,Talita Bernardo,Underdog,0,0,-0.99,-0.05,-0.92,-0.01,-0.14,-0.18,-0.5,-0.1,0,-2.14
UFC Fight Night 152,Rafael dos Anjos,Kevin Lee,Underdog,1,7,0.4,-0.05,0.39,-0.1,1.23,0.08,0.2,0.2,-8,-0.61
UFC Fight Night 152,Ian Heinisch,Antonio Carlos Junior,Underdog,-3,-7,1.3,0.08,0.84,0.07,-2.4,-0.22,0.06,-0.1,1,0.88
UFC Fight Night 152,Felicia Spencer,Megan Anderson,Underdog,6,4,-1.45,-0.02,-1.19,-0.08,-0.66,0.07,0.26,0.3,1,-1.41
UFC Fight Night 152,Derrick Krantz,Vicente Luque,Favorite,1,3,3,0.15,1.18,0.02,-2.18,0.03,0.62,-0.2,-4,-8.15
UFC Fight Night 152,Nik Lentz,Charles Oliveira,Favorite,2,6,-0.05,0.06,-0.05,0.01,-1.13,0.08,0.12,1.6,-5,-2.99
UFC Fight Night 152,Austin Hubbard,Davi Ramos,Favorite,-4,-1,-1.47,-0.08,-0.3,0,0.2,-0.1,0.18,0.6,5,-4.14
UFC Fight Night 152,Sijara Eubanks,Aspen Ladd,Favorite,2,-1,-0.52,0.04,1.22,-0.1,-0.34,0.03,-0.04,0.3,-10,-2.1
UFC Fight Night 152,Charles Jourdain,Desmond Green,Favorite,1,4,-1.86,-0.02,-1.8,0.12,1.53,0.4,0.27,-0.6,6,-6.43
UFC Fight Night 152,Michel Pereira,Danny Roberts,Underdog,0,-1,1.98,0.15,-0.03,0.08,1.29,0.46,0.37,0.6,-6,1.78
UFC Fight Night 152,Mike Trizano,Grant Dawson,Favorite,-1,1,-0.66,-0.02,-2.13,-0.05,3.32,-0.3,-0.32,1,-2,-0.72
UFC Fight Night 152,Ed Herman,Patrick Cummins,Underdog,1,-1,0.95,0.02,-0.36,0.13,2.53,-0.06,-0.31,-0.9,0,-1.72
UFC Fight Night 152,Zak Cummings,Trevin Giles,Underdog,0,1,-0.31,-0.2,0.69,-0.03,-0.57,-0.22,-0.05,0.3,8,1.12
UFC Fight Night 152,Julian Erosa,Julio Arce,Favorite,-6,-4,-1.78,-0.12,-3.24,0.21,-1.17,-0.18,0.38,-0.5,0,-5.86
UFC Fight Night 153,Anthony Smith,Alexander Gustafsson,Underdog,1,3,0.8,-0.08,-0.94,0.05,1.04,0.13,0.34,-0.3,2,-2.51
UFC Fight Night 153,Jimi Manuwa,Aleksandar Rakic,Favorite,-3,1,-0.83,0.04,1.17,-0.01,-0.23,-0.07,-0.15,0.3,12,1.81
UFC Fight Night 153,Chris Fishgold,Makwan Amirkhani,Favorite,2,4,-0.68,0.12,0.28,0,1.37,-0.03,-0.09,-0.2,4,-0.22
UFC Fight Night 153,Christos Giagos,Damir Hadzovic,Underdog,1,1,-0.33,-0.07,-0.05,-0.12,2.06,-0.19,0.18,0.2,-3,0.8
UFC Fight Night 153,Daniel Teymur,Sung Bin Jo,Underdog,-7,-3,1.68,0.13,1.26,0.05,-0.44,-0.15,-0.23,-0.7,5,0.53
UFC Fight Night 153,Rostem Akman,Sergey Khandozhko,Favorite,-3,-2,-1.61,-0.16,1.6,-0.03,0.24,0.12,0.26,0,0,0.76
UFC Fight Night 153,Lina Lansberg,Tonya Evinger,Underdog,0,5,-1.53,-0.13,0.15,-0.06,0.41,0.03,-0.14,0.8,0,-2.82
UFC Fight Night 153,Stevie Ray,Leonardo Santos,Favorite,2,5,-0.91,0.02,0.47,0,0.13,-0.21,0.31,-0.4,10,-0.83
UFC Fight Night 153,Nick Hein,Frank Camacho,Favorite,-4,-7,-3.91,-0.11,-3.83,0.08,-0.25,0.02,0.1,0,5,0.41
UFC Fight Night 153,Duda Santana,Bea Malecki,Favorite,-2,-1,-0.83,-0.07,-4.24,0.11,6.44,0.6,-0.78,-1.1,-4,0.22
UFC Fight Night 153,Devin Clark,Darko Stosic,Underdog,0,-1,0.42,0.09,-0.8,-0.14,-1.25,-0.18,-0.25,0.1,2,0.01
UFC Fight Night 153,Joel Alvarez,Danilo Belluardo,Underdog,3,3,2.13,-0.15,-1.42,0.09,-3.5,-1,-0.39,1.3,2,0.07
UFC 238,Henry Cejudo,Marlon Moraes,Underdog,2,3,-0.4,-0.06,1.24,-0.06,-1.12,0.09,-0.29,0.1,-1,-0.69
UFC 238,Jessica Eye,Valentina Shevchenko,Favorite,-1,0,-0.58,0.15,-2.08,0.07,1.98,0.23,0.14,-0.1,-1,-8.2
UFC 238,Donald Cerrone,Tony Ferguson,Favorite,-2,3,0.53,-0.01,-0.07,0.02,-0.77,0.02,-0.06,-0.3,-1,-1.4
UFC 238,Jimmie Rivera,Petr Yan,Favorite,3,-1,1.11,0.13,0.46,-0.02,0.85,0.24,-0.07,0,-3,-2.81
UFC 238,Blagoy Ivanov,Tai Tuivasa,Underdog,3,2,0.71,0.09,0.85,-0.1,-0.69,-0.4,-0.04,-0.1,-6,-0.74
UFC 238,Nina Nunes,Tatiana Suarez,Favorite,0,2,-0.12,0.18,-2.09,-0.04,5.96,0.28,0.27,0.4,-5,-5.58
UFC 238,Pedro Munhoz,Aljamain Sterling,Favorite,1,6,-0.71,0.09,-3.93,0.02,1.8,0.09,-0.37,0.2,-3,-0.77
UFC 238,Karolina Kowalkiewicz,Alexa Grasso,Favorite,-2,-2,1.04,0,1.6,0,-0.07,-0.22,0.14,-0.4,8,0.08
UFC 238,Ricardo Lamas,Calvin Kattar,Favorite,-3,-1,-1.63,0.08,-3.88,0.03,1.45,0.04,-0.26,0.8,6,0.95
UFC 238,Angela Hill,Yan Xiaonan,Favorite,-2,1,0.41,0.05,1.2,0.03,-0.2,-0.4,0.14,0.1,5,1.62
UFC 238,Darren Stewart,Bevon Lewis,Underdog,3,5,0.68,-0.02,-0.62,0.06,-1.75,-0.45,-0.01,-0.1,0,-0.97
UFC 238,Grigory Popov,Eddie Wineland,Favorite,0,1,-0.23,-0.08,-0.44,0.13,0.34,0.33,0.41,0.1,-1,-0.68
UFC 238,Joanne Wood,Katlyn Chookagian,Favorite,3,3,-2.52,-0.17,-0.41,0.11,-1.21,-0.4,-0.08,0,-3,0
UFC Fight Night 154,Chan Sung Jung,Renato Moicano,Underdog,4,0,0.45,0.07,-0.84,0.08,1.19,0.01,0,0,-2,-1.27
UFC Fight Night 154,Randy Brown,Bryan Barberena,Underdog,-3,-6,0.98,0.02,1.26,-0.1,-0.65,-0.17,-0.24,-0.2,2,-1.8
UFC Fight Night 154,Anderson dos Santos,Andre Ewell,Favorite,3,5,1.58,0.15,-0.5,0.02,-0.62,0.61,0.06,-0.6,-2,0.32
UFC Fight Night 154,Montana De La Rosa,Andrea Lee,Favorite,-1,1,1.99,0.1,0.55,0.18,0.14,0.27,-0.09,-0.2,6,-1.04
UFC Fight Night 154,Alessio Di Chirico,Kevin Holland,Favorite,-3,-7,-0.92,-0.1,0.25,0.11,0.61,0.01,0.29,-0.6,3,1.49
UFC Fight Night 154,Dan Ige,Kevin Aguilar,Underdog,0,-2,-0.2,0.05,-1.29,0.05,0.9,0.1,-0.2,0.3,-3,0.59
UFC Fight Night 154,Syuri Kondo,Ashley Yoder,Favorite,3,3,-1.98,-0.05,-3.09,-0.11,1.09,0.27,-0.17,0.3,1,-0.35
UFC Fight Night 154,Matt Wiman,Luis Pena,Favorite,5,7,0.49,-0.04,-0.45,0,-0.96,-0.04,-0.08,-0.3,-10,-3
UFC Fight Night 154,Allen Crowder,Jairzinho Rozenstruik,Favorite,1,-2,-0.49,0.02,0.17,0.09,1.85,0.33,0.25,1.2,-2,1.49
UFC Fight Night 154,Molly McCann,Ariane Lipski,Underdog,2,5,-1.69,-0.08,-0.98,-0.1,-1.26,0.17,0.28,-0.3,-4,-1.91
UFC Fight Night 154,Eric Spicely,Deron Winn,Favorite,-7,-3,0.84,-0.01,0.49,-0.09,2.97,0.32,-0.35,-1,-3,-2.73
UFC on ESPN 3,Junior dos Santos,Francis Ngannou,Favorite,0,6,-2.16,-0.06,-1.17,-0.15,0.46,0.12,-0.1,0.2,-3,1.4
UFC on ESPN 3,Jussier Formiga,Joseph Benavidez,Favorite,-1,-2,2.1,-0.05,0.33,-0.03,-0.41,-0.05,-0.25,0,0,-0.33
UFC on ESPN 3,Tony Martin,Demian Maia,Favorite,1,-1,-0.88,0.06,-0.52,0.05,1.78,-0.03,-0.07,0,12,-1.12
UFC on ESPN 3,Vinc Pichel,Roosevelt Roberts,Underdog,4,1,-0.57,-0.02,0.07,-0.03,-1.39,-0.25,0.27,0.7,-11,-1.9
UFC on ESPN 3,Marco Polo Reyes,Drew Dober,Favorite,-3,-1,-1.66,0.03,-1.29,-0.08,0.71,0.18,0.1,0.1,-4,-3.36
UFC on ESPN 3,Paul Craig,Alonzo Menifield,Favorite,-3,0,1.47,0.11,0.6,0.05,-1.01,0.13,0.38,-1.3,0,-2.36
UFC on ESPN 3,Journey Newson,Ricardo Ramos,Favorite,-4,-5,-0.57,-0.05,-1.17,0.07,-2.46,-0.44,-0.29,-0.4,7,3.1
UFC on ESPN 3,Vinicius Moreira,Eryk Anders,Favorite,-3,-1,0.26,-0.12,-0.9,0.07,-0.18,0.08,0.79,-1.2,2,-2.4
UFC on ESPN 3,Dan Moret,Jared Gordon,Favorite,-3,-5,2.72,0.14,-0.16,0.14,0.7,0.13,0.17,-0.4,-2,-2.64
UFC on ESPN 3,Dequan Townsend,Dalcha Lungiambula,Favorite,7,3,-1.84,-0.11,-0.01,-0.14,-2.14,-0.45,-0.31,0,2,3.25
UFC on ESPN 3,Amanda Ribas,Emily Whitmire,Underdog,2,-3,-2.13,-0.09,-0.42,-0.07,-0.17,0.15,-0.15,-0.2,3,-1.11
UFC on ESPN 3,Junior Albini,Maurice Greene,Favorite,4,6,-0.7,-0.06,-2.47,-0.07,-1.54,-0.37,-0.73,0.4,4,-0.11
UFC 239,Thiago Santos,Jon Jones,Favorite,2,8,0.57,0.09,-0.35,0.11,1.05,0.12,0.3,0.4,-4,-4.94
UFC 239,Holly Holm,Amanda Nunes,Favorite,0,0,1.42,0.11,-0.3,0.02,1.86,0.24,0.06,0.6,-7,-3.29
UFC 239,Jorge Masvidal,Ben Askren,Underdog,0,-1,-0.41,0.02,2.61,-0.28,2.95,-0.04,-0.72,0.6,0,-1.39
UFC 239,Jan Blachowicz,Luke Rockhold,Underdog,1,-1,0.69,-0.01,-0.23,0,-0.39,-0.21,-0.03,0.7,-2,-1.82
UFC 239,Diego Sanchez,Michael Chiesa,Favorite,3,3,-0.82,0.03,-1.32,-0.02,1.82,0.26,0.14,0.2,-6,-3.19
UFC 239,Gilbert Melendez,Arnold Allen,Favorite,-1,-3,-0.05,0.07,0.38,-0.02,-0.62,0.09,0.04,0.2,-12,-2.48
UFC 239,Nohelin Hernandez,Marlon Vera,Favorite,2,1,-2.99,-0.15,-2.85,0.02,0.18,0.11,-0.33,-0.9,-1,3.67
UFC 239,Randa Markos,Claudia Gadelha,Favorite,0,0,0.34,-0.02,1.47,-0.01,1.91,0.14,0.06,0.5,-3,-1.36
UFC 239,Alejandro Perez,Yadong Song,Favorite,2,0,1.04,0.08,0.78,-0.06,0.12,0.18,0.02,-0.1,-8,1.23
UFC 239,Jack Marshman,Edmen Shahbazyan,Favorite,-2,-2,-0.86,-0.27,0.1,0.11,-2.24,-0.38,-0.43,-0.6,8,5.29
UFC 239,Chance Rencountre,Ismail Naurdiev,Underdog,-4,-1,2.07,0.32,-2.32,0.19,-0.1,0.45,0.54,-0.1,-10,-4.74
UFC 239,Pannie Kianzad,Julia Avila,Favorite,0,-2,2.15,0.06,0.81,0.03,-0.08,0,0.16,-0.2,-4,1.76
UFC Fight Night 155,Germaine de Randamie,Aspen Ladd,Underdog,3,5,-1.21,-0.01,-2.65,0.18,-1.56,-0.47,0.03,-0.2,11,0.31
UFC Fight Night 155,Urijah Faber,Ricky Simon,Underdog,0,-2,-0.36,-0.03,-1.02,0.03,-3.95,-0.16,-0.18,0.4,14,2.8
UFC Fight Night 155,Josh Emmett,Mirsad Bektic,Underdog,-2,0,1.61,-0.05,2.81,0.04,-3.07,-0.15,-0.46,-0.3,6,0.88
UFC Fight Night 155,Wellington Turman,Karl Roberson,Favorite,1,2,-0.66,0,-1.75,0.12,-0.83,0.2,0,-0.3,6,-1.36
UFC Fight Night 155,Cezar Ferreira,Marvin Vettori,Favorite,1,4,-2.66,-0.03,-1.8,-0.03,1.03,0.08,0.15,0,9,1.28
UFC Fight Night 155,John Allan,Mike Rodriguez,Underdog,-3,-7,-0.79,-0.11,1.5,0.11,1.4,0.71,0.13,0.8,-4,3.34
UFC Fight Night 155,Sheymon da Silva Moraes,Andre Fili,Favorite,3,2,0.85,-0.05,0.47,-0.12,2.16,0.47,0.16,0.3,0,-0.73
UFC Fight Night 155,Nicco Montano,Julianna Pena,Favorite,1,4,-2.44,0.06,-2.13,-0.14,-0.31,0.01,-0.46,0.4,-1,-1.54
UFC Fight Night 155,Ryan Hall,Darren Elkins,Underdog,0,-1,-1.06,0.12,-1.94,0.13,-2.63,-0.26,-0.56,1.1,-1,0.08
UFC Fight Night 155,Jonathan Martinez,Pingyuan Liu,Underdog,2,-2,2.18,0.16,0.88,0.03,0.16,0.15,0.12,-0.9,-1,1.03
UFC Fight Night 155,Brianna Van Buren,Livia Renata Souza,Underdog,3,1,-1.78,0.04,0.37,-0.01,0.04,0,-0.26,1.4,3,0.01
UFC Fight Night 155,Benito Lopez,Vincent Morales,Underdog,-1,-3,-0.22,-0.08,-0.94,-0.03,0.14,0.25,-0.09,-0.3,3,0.06
UFC on ESPN 4,Rafael dos Anjos,Leon Edwards,Favorite,6,4,-0.73,0.06,-0.87,-0.06,-0.7,-0.01,0.15,-0.2,-7,0.11
UFC on ESPN 4,Aleksei Oleinik,Walt Harris,Favorite,3,-3,-0.24,-0.09,-0.47,0.1,-1.53,-0.18,0.33,-1.8,-6,-0.69
UFC on ESPN 4,Greg Hardy,Juan Adams,Underdog,0,0,-2.3,-0.05,-0.75,0.21,-0.71,-0.33,0.07,0,3,0.22
UFC on ESPN 4,James Vick,Daniel Hooker,Favorite,-3,-1,0.95,0.09,1.45,-0.09,0.53,0.01,0.23,-0.3,-3,0.4
UFC on ESPN 4,Francisco Trinaldo,Alexander Hernandez,Favorite,0,2,1.2,-0.04,1.99,-0.05,0.08,-0.11,-0.01,-0.4,-14,-1.45
UFC on ESPN 4,Andrei Arlovski,Ben Rothwell,Underdog,-1,-1,0.07,0.03,-1.43,0.1,-0.3,0.02,0.06,-0.2,3,1.07
UFC on ESPN 4,Steven Peterson,Alex Caceres,Favorite,0,3,-0.55,0.09,-2.85,0.09,-0.88,0.42,0,0,2,-0.03
UFC on ESPN 4,Raquel Pennington,Irene Aldana,Underdog,2,1,1.1,-0.12,3.04,-0.03,-0.74,0.23,0.13,-0.5,1,-0.56
UFC on ESPN 4,Sam Alvey,Klidson Farias de Abreu,Favorite,-2,-1,-1.23,-0.04,-0.73,0.03,0.58,0.06,-0.02,-0.1,-7,1.09
UFC on ESPN 4,Roxanne Modafferi,Jennifer Maia,Favorite,-3,-5,1,0.08,-1.18,0.04,-0.93,0.04,0.28,0,-6,-0.49
UFC on ESPN 4,Gabriel Silva,Ray Borg,Favorite,-2,-8,0.22,0.18,-1.54,0.03,2.39,0.25,0.08,0.5,1,-0.98
UFC on ESPN 4,Mario Bautista,Jin Soo Son,Underdog,3,0,0.59,0.12,-3.64,0.01,0.75,0.19,-0.34,1,-1,0.15
UFC on ESPN 4,Felipe Colares,Domingo Pilarte,Underdog,-4,-4,0.86,-0.02,1.69,-0.04,0.68,-0.18,-0.11,-0.3,-4,2.75
UFC 240,Frankie Edgar,Max Holloway,Favorite,5,1,3.4,0.08,1.9,-0.06,-2.04,0.22,0.19,0,-10,-2.52
UFC 240,Felicia Spencer,Cristiane Justino,Favorite,2,0,4.07,0.04,-2.29,0.19,-0.52,0.37,0.67,0.2,5,-3.75
UFC 240,Niko Price,Geoff Neal,Favorite,-1,-1,-0.49,0.08,-0.13,0.09,-0.24,0.24,0.23,-0.6,-1,-2.52
UFC 240,Olivier Aubin-Mercier,Arman Tsarukyan,Favorite,2,-2,-1.31,0.03,1.13,0.02,-0.89,-0.04,-0.05,0.5,8,0.81
UFC 240,Marc-Andre Barriault,Krzysztof Jotko,Favorite,0,-3,3.21,0.05,3.44,-0.05,-1.11,-0.14,-0.15,0,0,0.98
UFC 240,Alexis Davis,Viviane Araujo,Favorite,2,0,0.52,0.02,-0.51,-0.02,-0.81,0.04,-0.44,0.1,2,1.07
UFC 240,Yoshinori Horie,Hakeem Dawodu,Favorite,0,3,2.69,0.01,-2.28,0.08,0,0,0.65,0,3,-3.49
UFC 240,Gavin Tucker,Seung Woo Choi,Underdog,6,8,-0.81,-0.06,-1.16,-0.1,-2.26,-0.1,0.16,-1.5,-6,0.34
UFC 240,Deiveson Figueiredo,Alexandre Pantoja,Underdog,0,-1,1.4,-0.06,0.59,0,0.96,0.05,0.1,-0.9,-2,-0.37
UFC 240,Sarah Frota,Gillian Robertson,Favorite,-1,-6,-1.91,-0.06,0.55,0.01,2.53,0.43,-0.1,1,-8,-0.58
UFC 240,Kyle Stewart,Erik Koch,Favorite,-2,-5,0.92,0.07,0.4,0.04,-0.3,0.22,0.21,1,0,-0.31
UFC on ESPN 5,Robbie Lawler,Colby Covington,Favorite,0,-2,0.03,-0.09,-1.69,-0.04,3.14,-0.2,0.02,0.2,-6,-2.34
UFC on ESPN 5,Clay Guida,Jim Miller,Favorite,-1,-1,-0.35,-0.09,-0.49,0.05,1.6,-0.08,0.2,-1.1,2,0.66
UFC on ESPN 5,Joaquim Silva,Nasrat Haqparast,Favorite,-2,-3,-2.12,-0.01,-0.72,-0.11,0.08,0.3,-0.09,0.8,7,2.94
UFC on ESPN 5,Gerald Meerschaert,Trevin Giles,Underdog,1,3,-0.09,-0.1,1.15,-0.05,0.98,-0.12,-0.37,1.3,5,0.94
UFC on ESPN 5,Dong Hyun Ma,Scott Holtzman,Favorite,-2,-1,1.48,0.06,-0.44,0.01,0.61,0.03,0.34,0.2,5,-3.23
UFC on ESPN 5,Kennedy Nzechukwu,Darko Stosic,Underdog,-5,-7,-2.52,0,-0.86,0.08,2.82,0.05,0.03,-0.2,1,-0.19
UFC on ESPN 5,Mickey Gall,Salim Touahri,Underdog,4,2,0.34,0,1.38,-0.09,1.21,0.3,-0.47,1.9,-2,0.21
UFC on ESPN 5,Lucie Pudilova,Antonina Shevchenko,Favorite,0,0,0.18,0.18,-0.9,0.01,-0.12,0.15,-0.13,-0.3,10,-0.65
UFC on ESPN 5,Matt Schnell,Jordan Espinosa,Underdog,2,1,0.01,-0.14,1.62,-0.02,-0.16,0.16,-0.2,0.8,0,0.68
UFC on ESPN 5,Lauren Murphy,Mara Romero Borella,Underdog,1,2,-1.51,-0.02,-2.77,0.16,0.8,0.19,-0.03,0.1,-3,-1.35
UFC on ESPN 5,Cole Williams,Claudio Silva,Favorite,-1,-2,2.17,0.15,-2.34,0.23,2.85,0.26,0.19,1.1,1,-4.2
UFC on ESPN 5,Miranda Granger,Hannah Goldy,Underdog,-3,-7,2.4,0,2.1,-0.07,0.66,0.12,0.21,0.2,0,-0.19
UFC Fight Night 156,Liz Carmouche,Valentina Shevchenko,Favorite,-1,0,0.5,-0.02,-0.4,0.01,-0.01,0.12,0.06,0.1,-4,-8.64
UFC Fight Night 156,Mike Perry,Vicente Luque,Favorite,1,4,0.75,0.05,0.05,0,0.19,0.13,-0.16,0.4,0,-1.6
UFC Fight Night 156,Humberto Bandenay,Luiz Garagorri,Favorite,-2,-1,1.2,0.1,-2.43,0.17,-2.42,0.54,-0.01,-0.5,5,0.47
UFC Fight Night 156,Ilir Latifi,Volkan Oezdemir,Favorite,4,2,2.54,0.02,0.99,-0.01,-1.54,-0.02,-0.2,-0.2,-7,-0.93
UFC Fight Night 156,Oskar Piechota,Rodolfo Vieira,Favorite,0,3,0.11,-0.02,-0.67,0.02,-3.57,0.1,-0.62,-0.1,0,1.37
UFC Fight Night 156,Bobby Moffett,Enrique Barzola,Favorite,-3,-3,0.5,0.02,-0.18,0.07,1.46,-0.21,0,-1.1,2,-0.7
UFC Fight Night 156,Gilbert Burns,Alexey Kunchenko,Underdog,-2,-1,0.38,-0.04,-0.59,0.09,-1.99,-0.05,0.3,-0.5,3,-0.49
UFC Fight Night 156,Raphael Pessoa,Ciryl Gane,Favorite,-1,-3,-3.33,-0.34,1.24,-0.21,-0.58,-0.21,0.5,-0.5,1,3.82
UFC Fight Night 156,Marina Alcalde Rodriguez,Tecia Torres,Underdog,-5,-5,-0.04,0,0.47,0.06,0.38,-0.28,0,-0.1,-3,-0.82
UFC Fight Night 156,Rogerio Bontorin,Raulian Paiva,Underdog,3,2,1.51,-0.1,1.74,-0.02,-2.25,-0.37,0.26,-0.8,-4,-0.07
UFC Fight Night 156,Chris Gutierrez,Geraldo De Freitas Jr.,Underdog,-2,5,-1.13,-0.06,-0.17,-0.13,2.72,0.15,-0.1,-0.1,-1,-0.77
UFC Fight Night 156,Rodrigo Vargas,Alex da Silva,Favorite,0,2,-1.51,-0.07,0.75,-0.01,1.57,0.18,0.46,0.1,-10,2.48
UFC Fight Night 156,Polyana Viana,Veronica Macedo,Favorite,-1,-3,0.14,0.05,1.1,-0.06,0.26,0.08,0.22,-1.6,-3,-0.56
UFC 241,Stipe Miocic,Daniel Cormier,Underdog,-5,-8,-0.57,-0.01,-0.9,0,-0.03,0.1,0.12,0.4,4,-0.64
UFC 241,Nate Diaz,Anthony Pettis,Underdog,2,4,1.52,-0.02,0.33,-0.02,0.44,-0.2,-0.19,0.2,2,0.25
UFC 241,Paulo Costa,Yoel Romero,Underdog,-1,1,-2.76,-0.09,-3.33,0.13,1.12,-0.45,-0.02,0,14,-0.72
UFC 241,Gabriel Benitez,Sodiq Yusuff,Favorite,-1,0,-0.4,-0.08,-0.02,0.1,-0.06,0.3,-0.07,0.5,4,2.06
UFC 241,Derek Brunson,Ian Heinisch,Underdog,2,5,0.26,-0.03,0.07,-0.08,2.12,0.16,0.26,-0.1,5,0.71
UFC 241,Khama Worthy,Devonte Smith,Underdog,-2,2,0.37,0.05,-0.54,0.03,0.35,0.25,0.28,-0.4,-7,-7.63
UFC 241,Raphael Assuncao,Cory Sandhagen,Favorite,6,4,2.11,0.02,0.9,-0.08,-0.29,-0.06,-0.14,0.1,-9,-1.81
UFC 241,Christos Giagos,Drakkar Klose,Favorite,1,1,-1.34,-0.14,-0.25,-0.01,1.26,0.1,-0.17,0.4,-2,1.11
UFC 241,Casey Kenney,Manny Bermudez,Underdog,-3,-3,1.93,-0.19,1.99,0.12,-1.97,-0.19,0.61,-2.7,4,0.87
UFC 241,Jodie Esquibel,Hannah Cifers,Favorite,0,-2,0.89,0.13,-1.98,0,-0.49,0.79,-0.19,0.3,-7,-2.19
UFC 241,Brandon Davis,Kyung Ho Kang,Favorite,1,-1,1.33,-0.13,1.29,0.03,-1.13,-0.15,-0.11,-0.7,-2,1.2
UFC 241,Shana Dobson,Sabina Mazo,Favorite,1,1,2.76,0.06,-0.85,0.07,-0.19,0.3,0.45,0.2,-8,-0.44
UFC Fight Night 157,Weili Zhang,Jessica Andrade,Underdog,-3,-1,0.96,-0.03,2.22,0.02,-0.14,0.09,0.22,-0.2,-2,-1.23
UFC Fight Night 157,Li Jingliang,Elizeu Zaleski dos Santos,Underdog,-1,2,0.06,0,-0.51,0,-0.82,-0.28,0.08,0.4,1,-2.06
UFC Fight Night 157,Mark Delarosa,Kai Kara-France,Favorite,-2,4,1.44,0.04,-1.76,0.17,0.09,0.2,0.48,-0.2,2,1.3
UFC Fight Night 157,Kenan Song,Derrick Krantz,Underdog,-2,1,-2.29,-0.09,-2.35,0,2.84,0.16,-0.61,0.8,2,0.05
UFC Fight Night 157,Jun Yong Park,Anthony Hernandez,Favorite,2,2,-0.23,0.09,0.16,-0.08,4.79,-0.01,0.06,1.9,-3,-0.64
UFC Fight Night 157,Su Mudaerji,Andre Soukhamthath,Underdog,1,-2,-1.87,-0.1,1.58,-0.12,0.96,-0.47,-0.08,-0.4,7,-0.8
UFC Fight Night 157,Da Un Jung,Khadis Ibragimov,Underdog,-1,0,0.06,0.06,0.37,-0.04,-0.93,-0.2,0.03,0.1,-1,-2.08
UFC Fight Night 157,Thiago Moises,Damir Ismagulov,Favorite,1,4,0.89,0.02,-1.75,0.06,-0.64,-0.16,0.14,-1.3,4,-1.35
UFC Fight Night 157,Danaa Batgerel,Heili Alateng,Favorite,-2,-4,-2.74,-0.04,0.46,0.1,1.47,-0.05,0.13,0,-2,0.18
UFC Fight Night 157,Lara Fritzen Procopio,Karol Rosa,Favorite,1,0,0.7,-0.02,-1.72,0.02,-1.93,-0.02,0.18,-0.3,1,-0.09
UFC 242,Dustin Poirier,Khabib Nurmagomedov,Favorite,1,-2,-1.35,-0.03,-2.61,0.12,3.99,0.12,0.21,-0.6,0,-3.28
UFC 242,Paul Felder,Edson Barboza,Underdog,0,5,0.41,0,1.21,0.08,0.16,0.22,0.08,-0.1,-2,-0.33
UFC 242,Davi Ramos,Islam Makhachev,Favorite,4,0,-0.18,0.23,-2.17,0.05,1.22,0.2,0.07,0.4,-5,-2.97
UFC 242,Shamil Abdurakhimov,Curtis Blaydes,Favorite,1,4,1.12,0.06,-1.19,0.04,4.71,0.3,-0.14,-0.1,-9,-4.18
UFC 242,Carlos Diego Ferreira,Mairbek Taisumov,Underdog,0,-1,-2.06,0,-0.4,0.08,0.38,0.33,0.28,-0.6,-4,-2.11
UFC 242,Joanne Wood,Andrea Lee,Underdog,0,-4,2.41,0.05,1.13,-0.11,-0.33,-0.03,0.03,-0.3,3,1.65
UFC 242,Sarah Moras,Liana Jojua,Underdog,3,5,-0.14,0.04,-1.74,-0.04,-1.04,-0.45,-0.17,-0.5,7,0.77
UFC 242,Teemu Packalen,Ottman Azaitar,Favorite,5,4,-3.16,0.03,-1.05,-0.01,2.31,0.25,0,1.5,3,1.36
UFC 242,Takashi Sato,Belal Muhammad,Favorite,1,-1,2.34,0.02,-0.09,0.13,1.22,-0.02,0.33,0.2,2,-3.08
UFC 242,Muslim Salikhov,Nordine Taleb,Underdog,2,4,0.3,0,-0.32,0.04,0.67,0.36,0,0,3,-0.32
UFC 242,Zak Cummings,Omari Akhmedov,Favorite,0,2,-0.01,0.01,0.07,0,-1.96,-0.17,0.01,0.4,3,0.2
UFC 242,Fares Ziam,Don Madge,Favorite,1,3,0.62,-0.04,0.98,-0.02,-1.41,-0.02,-0.13,-0.5,-6,1.11
UFC Fight Night 158,Donald Cerrone,Justin Gaethje,Favorite,2,3,-2.37,-0.13,-2.98,0.01,1.05,0.08,-0.02,1.2,6,1.06
UFC Fight Night 158,Glover Teixeira,Nikita Krylov,Underdog,-1,-1,-0.65,-0.06,1.96,0.07,-0.18,-0.05,0.07,-0.5,12,0.07
UFC Fight Night 158,Tristan Connelly,Michel Pereira,Underdog,3,5,1.85,0.03,0.74,0.08,1.2,0.41,0.34,0.5,-8,-3.77
UFC Fight Night 158,Urijah Hall,Antonio Carlos Junior,Underdog,2,0,-1.28,-0.06,-1.71,-0.02,2.88,0.01,-0.11,0.7,-5,1.91
UFC Fight Night 158,Misha Cirkunov,Jim Crute,Underdog,-1,-3,-0.18,0.03,-0.02,-0.13,0.69,0.18,-0.16,0.3,-9,0.09
UFC Fight Night 158,Marcin Tybura,Augusto Sakai,Favorite,0,1,-1,-0.01,-0.48,0.07,1.2,-0.07,0.23,0.1,5,0.33
UFC Fight Night 158,Cole Smith,Miles Johns,Favorite,4,1,-1.5,-0.12,-0.59,-0.19,0.52,0.11,-0.4,1.7,5,0.48
UFC Fight Night 158,Hunter Azure,Brad Katona,Underdog,-2,-5,0.79,-0.04,2.9,-0.1,-0.47,-0.07,-0.15,-1.3,0,-0.33
UFC Fight Night 158,Chas Skelly,Jordan Griffin,Underdog,1,-1,-0.51,-0.06,0.19,-0.01,0.29,-0.01,-0.03,0.4,5,0.78
UFC Fight Night 158,Ryan MacDonald,Louis Smolka,Favorite,-2,-3,2.39,0.18,-2.38,0.08,1.69,0.35,0.32,1.8,1,-1.52
UFC Fight Night 158,Kyle Prepolec,Austin Hubbard,Favorite,0,1,0.91,0.11,-0.96,0.02,1.75,0.5,0.25,0,-2,-0.52
UFC Fight Night 159,Yair Rodriguez,Jeremy Stephens,Underdog,2,0,1.48,0.06,0.94,-0.06,-0.47,-0.11,-0.07,0.3,-6,0.69
UFC Fight Night 159,Yair Rodriguez,Jeremy Stephens,Underdog,2,0,1.48,0.06,0.94,-0.06,-0.47,-0.11,-0.07,0.3,-6,0.69
UFC Fight Night 159,Yair Rodriguez,Jeremy Stephens,Underdog,-4,-3,-2.51,-0.03,-1.26,-0.03,2.81,-0.1,-0.12,-0.3,6,0.69
UFC Fight Night 159,Yair Rodriguez,Jeremy Stephens,Underdog,-4,-3,-2.51,-0.03,-1.26,-0.03,2.81,-0.1,-0.12,-0.3,6,0.69
UFC Fight Night 159,Vanessa Melo,Irene Aldana,Favorite,-4,-3,-1.76,-0.1,-0.2,0.02,-0.16,-0.5,-0.05,-0.2,0,4.3
UFC Fight Night 159,Steven Peterson,Martin Bravo,Underdog,-2,1,2.9,-0.01,-0.22,-0.02,1.18,0.09,0.21,-0.7,-3,-0.4
UFC Fight Night 159,Carlos Huachin,Jose Quinonez,Favorite,4,2,1.5,0.24,-1.8,0.14,2.7,0.47,-0.24,0.6,6,-0.82
UFC Fight Night 159,Marco Polo Reyes,Kyle Nelson,Favorite,0,0,2.35,-0.08,0.83,0.07,-1.1,-0.2,-0.27,-0.6,6,0.04
UFC Fight Night 159,Angela Hill,Ariane Carnelossi,Underdog,1,3,2.51,0.1,0.12,0.16,-0.57,-0.22,0.62,-0.2,8,0.02
UFC Fight Night 159,Tyson Nam,Sergio Pettis,Favorite,-1,1,0.01,0.04,-2.06,0,0.85,0.4,-0.2,0.4,-10,-2.38
UFC Fight Night 159,Vinicius Moreira,Paul Craig,Favorite,1,0,0.7,0.13,2.1,-0.01,0.29,-0.02,-0.37,-0.3,-1,0.03
UFC Fight Night 159,Bethe Correia,Sijara Eubanks,Underdog,1,-3,0.07,0,1.5,-0.01,-1.51,-0.26,0.19,-0.3,1,1.79
UFC Fight Night 159,Marcos Mariano,Claudio Puelles,Favorite,-3,-4,1.31,0.22,0.67,0.03,3.17,0.36,0.32,1.2,-9,-2.95
UFC Fight Night 160,Jared Cannonier,Jack Hermansson,Underdog,2,0,0.41,-0.08,-0.44,-0.03,1.09,-0.12,0.17,0.4,-5,-2.12
UFC Fight Night 160,Danilo Belluardo,Mark O. Madsen,Favorite,-4,-2,2.04,-0.12,-0.82,0.11,-0.64,-0.34,-0.12,0,10,-5.85
UFC Fight Night 160,Gunnar Nelson,Gilbert Burns,Favorite,1,1,-1.45,0.13,-0.42,-0.05,-0.34,0.21,0.16,0.5,-2,0.13
UFC Fight Night 160,Ion Cutelaba,Khalil Rountree,Underdog,0,1,-0.6,-0.04,0.75,0.03,-4.17,-0.57,-0.18,0.1,4,0.05
UFC Fight Night 160,Ovince St Preux,Michal Oleksiejczuk,Underdog,-3,-6,2.03,0.03,0.94,0.14,-0.35,0.08,-0.19,-0.5,-12,2.08
UFC Fight Night 160,Nicolas Dalby,Alex Oliveira,Underdog,0,-2,1.04,-0.08,0.88,0.06,-1.24,-0.08,-0.03,-0.5,3,0.53
UFC Fight Night 160,John Phillips,Alen Amedovski,Underdog,-1,-1,-0.73,-0.04,-0.18,-0.03,0,0,-0.07,0,-2,-0.32
UFC Fight Night 160,Alessio Di Chirico,Makhmud Muradov,Favorite,-2,-1,-0.89,-0.04,0.87,0,-1.57,-0.27,0.06,-0.2,0,0.82
UFC Fight Night 160,Siyar Bahadurzada,Ismail Naurdiev,Favorite,-1,1,0.26,0.12,-1.93,0.19,-0.07,0.1,0.08,-0.1,-13,-1.5
UFC Fight Night 160,Giga Chikadze,Brandon Davis,Underdog,-2,-2,0.6,-0.08,1.18,-0.04,0.51,0.09,-0.12,-0.1,-1,-0.79
UFC Fight Night 160,Lina Lansberg,Macy Chiasson,Underdog,4,7,0.84,-0.11,-1.34,0.02,1.86,0.1,0.15,0.4,-10,-3.45
UFC Fight Night 160,Lando Vannata,Marc Diakiese,Favorite,-1,-2,1.98,0.05,2.12,0.03,-2.2,-0.06,0.03,0.3,1,0.9
UFC Fight Night 160,Nohelin Hernandez,Jack Shore,Favorite,-2,0,2.43,0.24,-0.31,0.04,2.39,-0.12,0.39,0.7,-1,-1.55
UFC 243,Robert Whittaker,Israel Adesanya,Favorite,-4,-7,0.64,-0.06,0.34,0.03,0.76,0.24,0.05,-0.1,-1,0.22
UFC 243,Al Iaquinta,Daniel Hooker,Favorite,2,5,1.02,0.08,0.23,-0.1,0.16,0.16,0.06,0.2,-3,-0.42
UFC 243,Sergey Spivak,Tai Tuivasa,Underdog,-1,-3,0.42,0,1.26,-0.06,-4.56,-0.64,-0.13,-0.5,2,-2.41
UFC 243,Luke Jumeau,Dhiego Lima,Favorite,-3,-3,-0.19,0.04,-0.71,0,-1.01,0.66,0.13,-0.6,1,0.51
UFC 243,Yorgan De Castro,Justin Tafa,Underdog,0,0,-1.63,-0.11,-1.17,0.06,0,0,0.27,0,7,0.06
UFC 243,Rostem Akman,Jake Matthews,Favorite,1,1,1.5,0.2,-1.41,0.03,0.59,0,-0.25,0.6,-3,-3.72
UFC 243,Callan Potter,Maki Pitolo,Underdog,2,-3,-0.92,0.06,0.79,0.03,1.05,0.14,0.5,-0.8,6,2.85
UFC 243,Jamie Mullarkey,Brad Riddell,Favorite,-5,-3,0.32,0.07,-1,0,-0.54,0.02,-0.15,-0.1,3,-0.88
UFC 243,Zara Fairn Dos Santos,Megan Anderson,Favorite,4,0,-2.79,0.15,-4.05,-0.08,0.52,0.25,-0.07,0.5,-6,-3.96
UFC 243,Nadia Kassem,Ji Yeon Kim,Favorite,-2,-6,-2.24,0.05,-0.93,-0.08,0.46,0.33,-0.1,2.7,-6,1.01
UFC 243,Bruno Silva,Khalid Taha,Favorite,1,4,-0.41,-0.14,1.03,-0.13,-2.57,-0.3,-0.03,-0.1,-2,-1.46
UFC 243,Bruno Silva,Khalid Taha,Favorite,-7,-5,-1.48,-0.17,-1.33,0.05,-0.93,-0.27,-0.12,0.2,-2,-1.46
UFC on ESPN+ 19,Michelle Waterson,Joanna Jedrzejczyk,Favorite,3,3,2.72,0.02,-0.94,0.13,-1.15,0.3,0.1,-0.6,-2,-2.36
UFC on ESPN+ 19,Cub Swanson,Kron Gracie,Underdog,-1,0,0.96,0.06,-2.98,0.06,0.62,0.27,0.61,-0.1,5,1.16
UFC on ESPN+ 19,James Vick,Niko Price,Favorite,3,0,-1.33,-0.03,-2.29,0.12,-0.44,0.13,-0.07,0,3,0.69
UFC on ESPN+ 19,Amanda Ribas,Mackenzie Dern,Underdog,1,-3,-1.32,0,0.69,-0.1,-1.28,-0.36,-0.57,0.6,1,-0.78
UFC on ESPN+ 19,Matt Frevola,Luis Pena,Underdog,6,4,-0.05,0.04,-0.45,-0.08,-1.42,-0.07,0.06,0.3,-3,-0.67
UFC on ESPN+ 19,Gerald Meerschaert,Eryk Anders,Favorite,0,-2,0.23,0.02,0.8,-0.03,-0.38,-0.12,0.45,-1.5,1,-0.43
UFC on ESPN+ 19,Devin Clark,Ryan Spann,Favorite,5,4,0.22,-0.14,0.65,0,-0.83,0.03,-0.11,1.4,-2,-0.98
UFC on ESPN+ 19,Thomas Gifford,Mike Davis,Favorite,-1,-3,1.38,0.15,-0.69,0.18,2.27,0.2,0.31,0.4,0,-2.31
UFC on ESPN+ 19,Alex Morono,Max Griffin,Underdog,0,4,-0.95,0.09,-0.35,-0.01,1.13,0.19,0.13,-0.1,5,-0.39
UFC on ESPN+ 19,Tim Elliott,Deiveson Figueiredo,Favorite,-2,2,-0.38,0.11,0.72,-0.06,-2.08,-0.05,-0.01,0.7,-1,-1.06
UFC on ESPN+ 19,Andre Ewell,Marlon Vera,Favorite,0,-5,0.03,0.09,0.61,-0.01,0.17,-0.36,-0.02,0.8,-5,-0.53
UFC on ESPN+ 19,Hector Aldana,Miguel Baeza,Favorite,-3,-2,-1.29,-0.11,-0.02,0.06,0.49,0.72,-1,-1.8,4,1.76
UFC on ESPN+ 19,Andrew Sanchez,Marvin Vettori,Favorite,-1,0,0.26,0.02,-0.86,0.06,-0.89,0.09,-0.31,0.5,-6,-2.91
UFC on ESPN+ 19,Lauren Mueller,J.J. Aldrich,Favorite,0,0,-0.2,0.05,0.61,0.02,-0.04,-0.27,-0.05,0,-1,-0.81
UFC ESPN 6,Chris Weidman,Dominick Reyes,Favorite,-2,1,-1.57,-0.05,-0.55,0.03,3.08,0.14,-0.15,0.4,5,1.13
UFC ESPN 6,Jeremy Stephens,Yair Rodriguez,Favorite,2,0,1.48,0.06,0.94,-0.06,-0.47,-0.11,-0.07,0.3,-6,-0.4
UFC ESPN 6,Ben Sosoli,Greg Hardy,Favorite,5,8,2.48,0.19,-0.99,0.08,0.2,0.33,0.64,0,1,-3.07
UFC ESPN 6,Joe Lauzon,Jonathan Pearce,Underdog,-2,0,-2.48,-0.15,1.96,0,-2.85,-0.05,-0.04,1.2,8,1.13
UFC ESPN 6,Gillian Robertson,Maycee Barber,Favorite,0,2,2.09,0.07,-0.22,-0.02,-1.09,0,0.1,-0.9,-3,-0.71
UFC ESPN 6,Darren Stewart,Deron Winn,Underdog,-6,-4,1.5,-0.01,2.92,-0.02,2.53,0.07,-0.27,-0.1,1,-0.19
UFC ESPN 6,Charles Rosa,Manny Bermudez,Underdog,1,2,-0.16,0.25,-1.18,-0.01,1.39,0.19,-0.38,2.1,-8,-1.04
UFC ESPN 6,Diana Belbita,Molly McCann,Favorite,-3,-6,-0.75,0.07,-1.61,0.12,0.91,-0.24,-0.22,0.6,7,-4.75
UFC ESPN 6,Kyle Bochniak,Sean Woodson,Favorite,-7,-8,-2.95,-0.15,0.92,0,0.48,-0.47,-0.22,-0.4,6,0
UFC ESPN 6,Randy Costa,Boston Salmon,Underdog,0,-4,-2.4,-0.09,0.17,0.01,0,0,0.5,0,4,-0.73
UFC ESPN 6,Court McGee,Sean Brady,Favorite,1,3,0.83,-0.16,0.07,0,-1.45,-0.32,-0.18,-0.8,8,1.14
UFC ESPN 6,Brendan Allen,Kevin Holland,Underdog,1,6,0.26,-0.04,-0.64,0.03,-0.89,-0.09,-0.04,-0.8,3,-0.94
UFC ESPN 6,Daniel Spitz,Tanner Boser,Favorite,5,7,-2.1,-0.17,2.55,-0.12,0.74,0.66,-0.63,0,1,0.56
UFC Fight Night 162,Demian Maia,Ben Askren,Underdog,-2,1,1.84,0.06,3.59,-0.27,1.84,0.31,-0.61,-0.1,-7,-0.76
UFC Fight Night 162,Stevie Ray,Michael Johnson,Underdog,0,3,0.54,-0.05,0.9,0.03,-0.13,-0.05,0.26,-0.6,3,-1.9
UFC Fight Night 162,Frank Camacho,Beneil Dariush,Favorite,0,1,2.78,-0.02,4.79,-0.06,-0.79,-0.03,-0.07,-0.9,0,1.08
UFC Fight Night 162,Don'tale Mayes,Ciryl Gane,Favorite,-2,0,1.8,0.17,-1.77,0.16,-0.13,-0.22,-0.1,0.5,2,-2.07
UFC Fight Night 162,Laureano Staropoli,Muslim Salikhov,Favorite,2,1,-0.05,-0.17,0.79,-0.08,-0.44,-0.14,-0.25,0,-8,0.8
UFC Fight Night 162,Ashley Yoder,Randa Markos,Favorite,3,6,0.45,-0.04,1.03,-0.11,-0.03,-0.01,0.14,0.4,-2,0.33
UFC Fight Night 162,Alex White,Rafael Fiziev,Favorite,4,0,-1.14,-0.09,-1.9,0.11,0.63,-0.12,-0.18,0.5,4,1.08
UFC Fight Night 162,Enrique Barzola,Movsar Evloev,Favorite,0,-2,-0.52,-0.07,0.08,0.07,-0.55,-0.01,-0.05,0.1,5,1.21
UFC Fight Night 162,Maurice Greene,Sergey Pavlovich,Favorite,-4,4,4.93,0.03,1,0.1,0,0,0.48,-0.4,-5,-1.62
UFC Fight Night 162,Alexandra Albu,Loma Lookboonmee,Favorite,-1,-2,-0.73,0.1,-3.08,0.15,-0.37,0,-0.05,-0.3,-5,0.48
UFC Fight Night 162,Raphael Pessoa,Jeff Hughes,Underdog,-1,-1,1.79,0.25,0.24,0.18,0.71,0.5,-0.55,0,1,-1.71
UFC 244,Nate Diaz,Jorge Masvidal,Favorite,-1,-2,-0.52,0.02,-0.72,0.12,0.33,0.29,0.31,-1,0,-0.67
UFC 244,Darren Till,Kelvin Gastelum,Underdog,3,3,-1.25,0.05,0.08,-0.02,-0.41,0.16,0.1,-0.1,-1,1.44
UFC 244,Vicente Luque,Stephen Thompson,Favorite,1,0,-0.96,-0.06,-2.18,0.02,-0.74,-0.12,0.03,-0.6,9,-0.07
UFC 244,Blagoy Ivanov,Derrick Lewis,Favorite,4,6,-0.77,0.1,-1.72,-0.13,-0.12,-0.14,-0.09,-0.1,2,-0.09
UFC 244,Kevin Lee,Gregor Gillespie,Underdog,-2,-6,-0.14,0.1,-1.3,0.07,3.68,0.05,0.25,0,6,-0.85
UFC 244,Corey Anderson,Johnny Walker,Underdog,-3,-3,0.62,-0.07,-0.61,0.15,4.43,-0.5,0.26,-0.9,2,0.97
UFC 244,Makwan Amirkhani,Shane Burgos,Favorite,1,3,6.07,0.08,3.8,0.1,-3.53,0.01,0.56,-0.7,-2,-1.57
UFC 244,Brad Tavares,Edmen Shahbazyan,Favorite,-1,-1,-0.22,-0.09,-0.94,0.1,-1.46,-0.12,0.18,-0.6,10,0.78
UFC 244,Andrei Arlovski,Jairzinho Rozenstruik,Favorite,1,-1,0.34,-0.04,0.42,0.1,0.38,0.36,0.01,0.2,9,0.66
UFC 244,Jennifer Maia,Katlyn Chookagian,Favorite,5,4,0.23,-0.04,-0.04,0.07,-0.11,-0.12,-0.08,0.2,0,-0.6
UFC 244,Chance Rencountre,Lyman Good,Favorite,2,1,-4.24,-0.28,-0.39,-0.14,1.08,-0.74,-0.59,0.3,-1,0.08
UFC 244,Julio Arce,Hakeem Dawodu,Favorite,1,3,1.09,0.14,0.32,-0.12,-0.46,-0.28,-0.31,-0.3,-2,-0.17
UFC Fight Night 163,Calvin Kattar,Zabit Magomedsharipov,Favorite,2,1,0.13,0.09,-3.75,0.1,4.83,0.27,0.05,0.7,-3,-2.12
UFC Fight Night 163,Greg Hardy,Alexander Volkov,Favorite,-2,0,-0.31,-0.07,0.31,0.01,-0.29,-0.3,-0.09,-0.2,0,2.49
UFC Fight Night 163,Danny Roberts,Zelim Imadaev,Underdog,1,-2,0.27,0.03,-0.62,0.07,-0.14,-0.41,-0.03,0.2,7,1.7
UFC Fight Night 163,Ed Herman,Khadis Ibragimov,Underdog,-2,-1,-0.24,-0.01,-0.55,-0.05,0.99,0.17,-0.21,0.7,14,1.2
UFC Fight Night 163,Tony Martin,Ramazan Emeev,Underdog,5,4,0.23,-0.04,-0.04,0.07,-0.11,-0.12,-0.08,0.2,0,0.35
UFC Fight Night 163,Klidson Farias de Abreu,Shamil Gamzatov,Favorite,2,2,3.3,0.08,0.56,-0.04,-0.64,-0.2,-0.3,0,2,0.6
UFC Fight Night 163,Dalcha Lungiambula,Magomed Ankalaev,Favorite,7,-1,0.57,0.08,-1.68,0.07,-1.12,-0.14,0.09,0,-5,-2.68
UFC Fight Night 163,Sergey Khandozhko,Rustam Khabilov,Favorite,-5,-1,-1.43,-0.07,-0.21,0.05,3.19,0.13,0,0.1,5,-1.85
UFC Fight Night 163,Karl Roberson,Roman Kopylov,Underdog,1,-1,-2.09,-0.03,-1.68,-0.03,0.3,-0.1,-0.45,0.5,0,0.21
UFC Fight Night 163,David Zawada,Abubakar Nurmagomedov,Underdog,-1,-3,-1.06,0.12,-1.93,0.1,0.28,-0.11,0.31,-1.7,1,-2.17
UFC Fight Night 163,Alexander Yakovlev,Roosevelt Roberts,Favorite,1,1,-1.31,0.03,-0.71,0.06,0.27,0.06,0.2,-0.8,9,0.3
UFC Fight Night 163,Jessica-Rose Clark,Pannie Kianzad,Favorite,-2,-2,-1.01,0.02,-0.16,0.05,1.2,0.09,-0.04,0.2,4,0.06
UFC Fight Night 163,Davey Grant,Grigory Popov,Underdog,-1,-1,-1.14,-0.05,0.38,0,-1.26,-0.41,-0.16,-0.2,2,-0.71
UFC Fight Night 164,Ronaldo Souza,Jan Blachowicz,Favorite,1,6,0.88,0.03,0.08,-0.09,-1.48,0.11,0.11,-1,-3,-0.71
UFC Fight Night 164,Jared Gordon,Charles Oliveira,Favorite,1,6,-2,-0.04,-0.2,-0.06,0.22,0,-0.07,2.8,-1,-3.44
UFC Fight Night 164,Antonio Arroyo,Andre Muniz,Favorite,2,-5,0.85,0.16,0.03,-0.04,-3.09,-0.09,0.06,-1,0,0.32
UFC Fight Night 164,Markus Perez,Wellington Turman,Favorite,-1,-1,0.63,0.04,0.45,-0.07,0.74,-0.05,-0.35,-0.2,-8,-0.37
UFC Fight Night 164,Sergio Moraes,James Krause,Favorite,-2,-1,-2.37,-0.07,-0.38,-0.02,0.24,0.2,0.16,-0.5,4,1.19
UFC Fight Night 164,Luiz Garagorri,Ricardo Ramos,Favorite,0,2,-0.21,-0.14,1.38,-0.01,2.54,-0.4,0.11,0.7,-6,-3.11
UFC Fight Night 164,Bobby Green,Francisco Trinaldo,Favorite,-1,-1,-3.32,-0.07,-1.08,-0.02,-0.21,0.04,-0.14,0.2,8,-0.51
UFC Fight Night 164,Randy Brown,Warlley Alves,Underdog,-4,-6,-1.33,0.02,0.62,-0.04,0.44,0.11,-0.12,0.3,0,-0.4
UFC Fight Night 164,Renan Barao,Douglas Silva de Andrade,Favorite,1,-2,-0.12,0.02,0.09,0.01,-0.88,0.05,-0.21,-0.3,1,-1.8
UFC Fight Night 164,Vanessa Melo,Tracy Cortez,Favorite,0,0,0.63,0.23,-3.34,0.01,2.33,0.46,0.04,0.3,-6,-1.57
UFC on ESPN 7,Alistair Overeem,Jairzinho Rozenstruik,Favorite,2,2,0.23,0.15,-0.34,0.1,1.42,0.55,-0.02,0.8,8,0.28
UFC on ESPN 7,Stefan Struve,Ben Rothwell,Favorite,7,6,-0.59,0.05,-0.59,-0.01,-0.12,0.12,-0.15,1.3,-6,0.64
UFC on ESPN 7,Yana Santos,Aspen Ladd,Favorite,0,-2,-0.38,-0.09,1.62,-0.03,0.45,-0.06,0.2,0.5,-5,-1.27
UFC on ESPN 7,Ricky Simon,Rob Font,Favorite,2,2,2.52,0.02,0.04,-0.05,-4.6,-0.11,-0.3,-0.1,5,-0.62
UFC on ESPN 7,Thiago Alves,Tim Means,Favorite,5,5,1.35,0.08,0.22,-0.02,0.45,-0.2,0.02,-0.1,0,-1.95
UFC on ESPN 7,Jacob Kilburn,Billy Quarantillo,Favorite,1,-2,4.8,0.23,-1.21,0.08,0.73,0.18,0.41,0.6,7,-2.42
UFC on ESPN 7,Bryce Mitchell,Matt Sayles,Underdog,3,2,-2.53,0.17,-1.18,-0.03,3.09,0.25,-0.48,0.9,-1,0.32
UFC on ESPN 7,Matt Wiman,Joe Solecki,Favorite,-1,2,-0.96,0.06,-2.04,0.01,0.52,0.13,-0.06,0,-10,-3.11
UFC on ESPN 7,Mallory Martin,Virna Jandiroba,Favorite,1,-1,2.12,0.1,3.68,-0.02,-0.08,0.07,-0.48,-0.9,-5,1.85
UFC on ESPN 7,Trevor Smith,Makhmud Muradov,Favorite,-1,0,0.92,-0.12,-0.74,0.1,1.33,0.34,0.17,-0.5,-9,-3.77
UFC 245,Colby Covington,Kamaru Usman,Favorite,1,4,0.48,0.14,-0.24,-0.01,-0.97,0.01,0.22,-0.1,1,-0.8
UFC 245,Alex Volkanovski,Max Holloway,Underdog,5,-2,1.01,-0.08,1.28,0.01,-1.53,0.16,0.14,0.1,-3,-0.97
UFC 245,Germaine de Randamie,Amanda Nunes,Favorite,-1,-2,1.98,0.05,0.62,-0.08,2.73,0.54,0.17,0.3,-5,-3.52
UFC 245,Jose Aldo,Marlon Moraes,Favorite,1,3,0.26,0.06,-0.8,0.06,-0.36,0.12,0.45,-0.2,1,0.98
UFC 245,Urijah Faber,Petr Yan,Favorite,1,0,2.49,0.13,1.77,-0.06,0.19,0.21,0.27,-0.7,-14,-4.56
UFC 245,Mike Perry,Geoff Neal,Favorite,1,4,0.65,0.03,0.31,0.05,-0.35,0.04,0.09,-0.1,1,-2.2
UFC 245,Irene Aldana,Ketlen Vieira,Underdog,1,0,2.2,-0.01,2.41,0.06,-1.35,0.06,-0.16,-0.4,4,1.37
UFC 245,Omari Akhmedov,Ian Heinisch,Underdog,-1,-1,0.28,0.16,0.14,0.04,-1.56,-0.28,-0.06,0.5,-1,-0.16
UFC 245,Ben Saunders,Matt Brown,Favorite,-2,-2,0.53,0.05,-0.66,0.04,1.48,0.06,-0.03,0,2,-2.46
UFC 245,Daniel Teymur,Chase Hooper,Favorite,-8,-5,-2,-0.06,0.6,0.2,-0.89,-0.06,0.05,-2,12,0.79
UFC 245,Brandon Moreno,Kai Kara-France,Underdog,3,1,-0.7,0.05,0.39,-0.06,1.11,0.13,-0.25,0.5,-1,0.71
UFC 245,Jessica Eye,Viviane Araujo,Underdog,2,-2,-0.25,-0.1,-0.77,-0.01,-1.18,0,-0.21,-0.1,0,1.38
UFC 245,Oskar Piechota,Punahele Soriano,Favorite,-1,-4,0.66,-0.07,0.62,-0.03,0.18,0,-0.05,-1.5,-3,-0.05
UFC Fight Night 165,Frankie Edgar,Chan Sung Jung,Favorite,-1,-4,-0.16,-0.01,-1.7,0.13,1.59,-0.13,-0.07,-0.3,5,1.28
UFC Fight Night 165,Volkan Oezdemir,Aleksandar Rakic,Underdog,-2,-3,0.33,-0.03,1.12,0.05,-0.19,0.08,-0.05,0,2,0.66
UFC Fight Night 165,Charles Jourdain,Doo Ho Choi,Underdog,1,1,-0.82,0.05,0.6,-0.03,0.2,0.1,0.02,-0.6,5,-3.5
UFC Fight Night 165,Da Un Jung,Mike Rodriguez,Underdog,0,4,0.86,0.1,0.35,-0.1,-1.9,-0.5,-0.4,-0.2,5,0.27
UFC Fight Night 165,Jun Yong Park,Marc-Andre Barriault,Underdog,3,1,1.66,-0.03,2.37,-0.01,-1.61,-0.25,0.1,-1,1,0.33
UFC Fight Night 165,Pingyuan Liu,Kyung Ho Kang,Favorite,3,1,0.99,0.15,0.34,0.01,1.62,0.37,0.12,-0.2,5,-1.72
UFC Fight Night 165,Tanner Boser,Ciryl Gane,Favorite,2,6,0.79,0.08,-0.56,0.05,0.58,0.21,-0.13,0.5,2,-4.98
UFC Fight Night 165,Suman Mokhtarian,Seung Woo Choi,Favorite,4,2,1.27,-0.05,-3.83,-0.01,0.87,0.54,0.69,0,0,2.12
UFC Fight Night 165,Dong Hyun Ma,Omar Morales,Favorite,0,3,0.58,-0.01,-0.92,0.04,-0.81,0.47,0.3,0,3,-1.61
UFC Fight Night 165,Matt Schnell,Alexandre Pantoja,Favorite,-3,-3,0.18,0.11,-0.59,-0.05,2.02,0.03,0.18,-0.2,0,-1.81
UFC Fight Night 165,Raoni Barcelos,Said Nurmagomedov,Underdog,1,3,-1.67,-0.04,-2.66,-0.04,-0.85,-0.16,-0.19,0.8,-5,-0.14
UFC Fight Night 165,Amanda Lemos,Miranda Granger,Underdog,-3,-3,0.64,0.07,1.64,-0.13,0.98,0.63,0.24,0.7,5,1.25
UFC Fight Night 165,Heili Alateng,Ryan Benoit,Underdog,0,2,0.24,0.07,-1.02,0.01,-1.71,-0.23,-0.03,0.4,2,0.15
UFC 246,Donald Cerrone,Conor McGregor,Favorite,-4,1,0.91,0.03,0.18,0.01,-0.49,0.22,-0.07,-1.1,-6,-2.25
UFC 246,Raquel Pennington,Holly Holm,Favorite,1,2,-1.01,-0.12,-0.37,-0.05,-0.03,0.03,0.13,-0.6,7,-0.65
UFC 246,Aleksei Oleinik,Maurice Greene,Underdog,5,0,-0.01,-0.03,-0.19,0.01,-1.82,-0.46,-0.1,-1.5,-9,-0.1
UFC 246,Brian Kelleher,Ode Osbourne,Underdog,1,7,0.07,-0.03,-0.2,-0.1,-0.47,-0.14,0.04,-0.5,-5,-0.68
UFC 246,Anthony Pettis,Carlos Diego Ferreira,Favorite,-1,2,1.99,-0.08,-0.01,0.02,0.35,-0.2,0,-0.5,2,1.2
UFC 246,Roxanne Modafferi,Maycee Barber,Underdog,-2,-4,1.35,0.23,-2.8,0.03,0.09,0.2,0.23,0,-15,-6.9
UFC 246,Andre Fili,Sodiq Yusuff,Favorite,2,3,-1.81,-0.12,-0.4,-0.02,1.88,0.27,0.07,-0.1,2,0.48
UFC 246,Tim Elliott,Askar Askarov,Favorite,1,-1,0.34,-0.1,-0.14,-0.01,1.13,0.23,-0.07,0.6,6,0.57
UFC 246,Drew Dober,Nasrat Haqparast,Underdog,2,2,1.44,0.04,1.02,0.13,-0.4,0.02,0.22,-0.1,-7,-2.52
UFC 246,Justin Ledet,Aleksa Camur,Favorite,-3,-6,1.38,0.18,-0.56,0.05,0.23,-0.28,0.08,-0.2,-7,-0.32
UFC 246,Sabina Mazo,J.J. Aldrich,Underdog,-2,-3,-2.22,0.03,0.03,0.03,0.01,-0.57,0.07,-0.2,4,-0.14
UFC Fight Night 166,Junior dos Santos,Curtis Blaydes,Favorite,0,3,-0.96,0.03,-1.5,5.16,0.23,-0.19,-0.81,-0.1,-7,-2.23
UFC Fight Night 166,Michael Chiesa,Rafael dos Anjos,Underdog,-5,-5,1.61,0.07,1.51,0.06,-1.38,-0.15,-0.05,-0.4,3,-1.4
UFC Fight Night 166,Jordan Espinosa,Alex Perez,Favorite,0,4,0.12,0.07,-0.19,-0.02,-1.31,-0.16,-0.12,-0.7,2,1.92
UFC Fight Night 166,Hannah Cifers,Angela Hill,Favorite,-2,-2,-0.39,-0.05,0.53,-0.09,-0.54,0.67,-0.12,0.2,-8,1.45
UFC Fight Night 166,Darko Stosic,Jamahal Hill,Favorite,4,3,4.57,0.09,-0.53,-0.12,-3.42,-0.5,-0.1,0,1,-0.4
UFC Fight Night 166,Dequan Townsend,Bevon Lewis,Favorite,0,0,2.5,0.09,-1.25,0.16,0,0,0.2,0,-5,-3.22
UFC Fight Night 166,Nik Lentz,Arnold Allen,Favorite,0,-2,0.05,0.07,0.34,-0.11,2.28,-0.18,-0.32,0.8,9,1.8
UFC Fight Night 166,Justine Kish,Lucie Pudilova,Underdog,-3,-3,0.83,0.11,0.76,0.06,0.32,0.06,-0.16,-0.6,7,0.93
UFC Fight Night 166,Felipe Colares,Montel Jackson,Favorite,2,6,1.19,0.08,-3.24,0.28,1.54,0.47,0.26,-0.2,2,-5.13
UFC Fight Night 166,Lina Lansberg,Sara McMann,Favorite,-1,1,-0.43,-0.09,-1.95,0.03,3.86,0.38,0.03,0.4,1,-0.45
UFC Fight Night 166,Tony Gravely,Brett Johns,Favorite,2,2,-0.96,0.01,-0.63,0.09,-0.48,0.08,0.06,0.7,0,-0.23
UFC Fight Night 166,Herbert Burns,Nate Landwehr,Underdog,0,1,-4.52,-0.06,-1.15,-0.14,2,0.01,-0.2,1.5,1,0.12
UFC 247,Dominick Reyes,Jon Jones,Favorite,0,7,-0.46,0.07,-1.55,0.16,1.57,0.17,0.15,0.1,2,-3.5
UFC 247,Katlyn Chookagian,Valentina Shevchenko,Favorite,-4,-2,-1.3,0.18,-2.37,0,2.25,0.48,0.21,0.1,1,-7.13
UFC 247,Justin Tafa,Juan Adams,Underdog,5,6,3,0.01,-0.96,-0.13,0.91,0.66,0.07,0,2,-1.76
UFC 247,Dan Ige,Mirsad Bektic,Underdog,1,-1,-1.33,-0.04,-1.72,0,2.92,0.26,0.34,0.1,1,-0.07
UFC 247,Ilir Latifi,Derrick Lewis,Favorite,5,6,0.43,0.05,-0.45,-0.16,-1.54,-0.09,-0.48,-0.3,-2,-2.4
UFC 247,James Krause,Trevin Giles,Favorite,-2,1,-1.52,0.06,-1.89,-0.03,0.23,0.32,0.12,-0.6,-6,-0.03
UFC 247,Lauren Murphy,Andrea Lee,Underdog,1,2,0.64,0.07,-1.49,0.07,0.82,0.33,-0.14,0.5,-5,-2.25
UFC 247,Kalinn Williams,Alex Morono,Underdog,-1,-5,-0.94,0.01,-1.26,0.16,0.32,0.22,-0.25,0.4,3,-3.26
UFC 247,Mario Bautista,Miles Johns,Underdog,-2,-3,-2.41,-0.01,-1.44,0.15,-1.1,-0.22,0.19,-1,0,-0.47
UFC 247,Journey Newson,Domingo Pilarte,Underdog,-7,-6,1.33,-0.15,-0.39,0.24,-0.64,-0.26,-0.11,-0.5,1,0.19
UFC 247,Jonathan Martinez,Andre Ewell,Favorite,0,5,-0.26,-0.09,1,-0.06,-0.05,0.4,0.04,0,6,-0.18
UFC 247,Youssef Zalal,Austin Lingo,Underdog,0,2,-0.98,0.12,-3.13,0.08,1.85,-0.32,-0.15,1.3,-2,1.34
UFC Fight Night 167,Jan Blachowicz,Corey Anderson,Underdog,1,1,1.02,-0.04,-0.69,0.06,3.8,0,0.15,-0.3,-7,-1.53
UFC Fight Night 167,Diego Sanchez,Michel Pereira,Underdog,-3,-1,-2.47,-0.17,-0.68,-0.02,-0.02,-0.31,-0.48,0,12,0.78
UFC Fight Night 167,Mara Romero Borella,Montana De La Rosa,Favorite,-1,1,-0.16,0.01,-0.73,0.27,0.12,0.13,0.02,-0.6,8,1.01
UFC Fight Night 167,Rodrigo Vargas,Brok Weaver,Favorite,4,2,1.13,0.11,2.58,-0.11,0.01,-0.15,0.36,0,-6,-2.07
UFC Fight Night 167,Rogerio Bontorin,Ray Borg,Favorite,-1,-4,-1.11,0,-1.34,-0.02,0.99,-0.1,-0.05,0,-2,-0.64
UFC Fight Night 167,Yancy Medeiros,Lando Vannata,Favorite,1,4,-0.16,-0.08,0.91,-0.08,-0.76,0.13,0.04,0.4,4,0.14
UFC Fight Night 167,Daniel Rodriguez,Tim Means,Underdog,1,1,-2.22,-0.01,-1.64,0.04,0.54,-0.1,0.02,0.1,3,-2.58
UFC Fight Night 167,John Dodson,Nathaniel Wood,Underdog,-3,-3,-2.71,-0.1,-0.64,0.05,-1.03,-0.2,0.12,-0.5,8,0.66
UFC Fight Night 167,Jim Miller,Scott Holtzman,Favorite,-1,2,-1.33,-0.05,-0.16,0.01,-0.35,-0.12,-0.2,1.5,0,0.5
UFC Fight Night 167,Dequan Townsend,Devin Clark,Favorite,-3,-4,1.8,0.2,-0.68,0.06,2.17,0.32,0.12,0.1,-4,-3.08
UFC Fight Night 167,Casey Kenney,Merab Dvalishvili,Favorite,1,0,0.35,0.01,2.3,0.01,-5.34,-0.01,-0.19,0.1,0,0.93
UFC Fight Night 167,Shanna Young,Macy Chiasson,Favorite,-4,-7,-0.35,0.03,2.35,-0.03,-2.38,-0.37,-0.09,0.1,1,5.86
UFC Fight Night 167,Mark Delarosa,Raulian Paiva,Favorite,2,4,1.01,0.07,0.01,0,0.11,0.1,0.37,0,-1,1.71
UFC 248,Yoel Romero,Israel Adesanya,Favorite,4,7,0.49,-0.01,0.06,-0.04,-1.52,-0.16,-0.01,0.1,-13,-2.02
UFC 248,Joanna Jedrzejczyk,Weili Zhang,Favorite,-2,-2,-0.62,0.05,-0.1,-0.09,2.24,-0.16,-0.3,0.4,-2,-1.08
UFC 248,Drakkar Klose,Beneil Dariush,Favorite,1,2,-0.59,-0.07,-0.81,0.06,0.32,0.08,0.11,0.9,-1,-0.9
UFC 248,Neil Magny,Li Jingliang,Underdog,3,9,-0.99,0.04,-1.42,-0.05,0.92,-0.01,-0.06,0.3,0,0.97
UFC 248,Max Griffin,Alex Oliveira,Favorite,0,0,-0.93,0.02,-1.26,-0.11,0.9,-0.03,-0.05,0.3,-2,-0.5
UFC 248,Jose Quinonez,Sean O'Malley,Favorite,-3,-3,-4.03,-0.16,-0.52,0.02,2.35,0.05,-0.2,0.3,4,2.63
UFC 248,Austin Hubbard,Mark O. Madsen,Favorite,-2,1,-0.55,0.04,0.23,-0.04,1.11,0.16,-0.03,0,7,-1.47
UFC 248,Saparbek Safarov,Rodolfo Vieira,Favorite,-1,-5,-0.84,0.06,1.64,0.02,1.66,-0.11,0.67,1.6,-3,-4.82
UFC 248,Gerald Meerschaert,Deron Winn,Underdog,-7,-7,1.37,-0.01,2.84,-0.07,2.11,0.14,0.06,-1.6,-2,-0.54
UFC 248,Giga Chikadze,Jamall Emmers,Underdog,-2,0,1.22,0.05,0.61,-0.05,1.6,0.07,0.21,0,-1,-1.01
UFC 248,Guido Cannetti,Danaa Batgerel,Favorite,1,2,1.94,-0.19,1.37,-0.04,-1.75,-0.05,-0.02,-0.4,-10,0.32
UFC Fight Night 169,Charles Oliveira,Kevin Lee,Underdog,-1,3,0.49,-0.11,0.4,-0.01,1.01,0.03,0.2,-2,-3,-0.46
UFC Fight Night 169,Demian Maia,Gilbert Burns,Favorite,3,1,-1.49,-0.05,-1.35,0.09,0.25,-0.14,0.11,0.5,9,0.71
UFC Fight Night 169,Damir Hadzovic,Renato Moicano,Favorite,2,2,1.02,0,0.42,-0.02,1.11,-0.1,0.38,0.4,-2,-3.51
UFC Fight Night 169,Nikita Krylov,Johnny Walker,Underdog,3,5,-0.57,-0.02,0.36,0,-1.83,0.62,0.04,-0.5,0,-0.83
UFC Fight Night 169,John Makdessi,Francisco Trinaldo,Favorite,1,2,-2.39,-0.04,-1.48,-0.08,0.98,0.42,-0.26,0.5,6,-2.64
UFC Fight Night 169,Brandon Moreno,Jussier Formiga,Underdog,-2,-3,-2.45,-0.05,-1.29,0.05,0.08,-0.11,0.24,0.1,9,-1.14
UFC Fight Night 169,Randa Markos,Amanda Ribas,Favorite,1,-3,-1.66,0.03,-0.3,-0.03,-0.95,-0.23,-0.33,-0.5,8,9.11
UFC Fight Night 169,Alexey Kunchenko,Elizeu Zaleski dos Santos,Favorite,3,3,0.85,-0.02,0.5,-0.06,0.18,-0.2,-0.12,0.4,-3,-0.18
UFC Fight Night 169,Maryna Moroz,Mayra Bueno Silva,Underdog,1,1,0.58,-0.24,0.03,-0.02,0.02,-0.14,-0.26,-1,0,0.85
UFC Fight Night 169,Bruno Silva,David Dvorak,Favorite,-1,-3,-0.43,0.03,-0.2,0,1.99,0,-0.06,0.1,3,0.09
UFC Fight Night 169,Bruno Silva,David Dvorak,Favorite,7,6,0.64,0.06,2.16,-0.18,0.35,-0.03,0.03,-0.2,3,0.09
UFC Fight Night 169,Bea Malecki,Veronica Macedo,Underdog,-5,-10,-3.71,-0.01,-3.21,-0.15,1.08,0.41,-0.18,-0.8,-4,-0.14
UFC 249,Justin Gaethje,Tony Ferguson,Underdog,0,6,-1.84,-0.14,-3.05,0.03,0.28,0.1,-0.08,0.9,5,-1.24
UFC 249,Dominick Cruz,Henry Cejudo,Favorite,-4,-4,-0.14,0.13,0.68,-0.1,-0.83,-0.1,-0.08,0.1,-2,-1.55
UFC 249,Jairzinho Rozenstruik,Francis Ngannou,Favorite,2,5,-1.11,-0.08,-0.62,-0.06,0.76,0.62,-0.04,0.3,1,-2.04
UFC 249,Jeremy Stephens,Calvin Kattar,Favorite,-2,-1,-1.59,0.01,-3.7,0.04,0.77,0.09,-0.07,0.3,1,1.99
UFC 249,Yorgan De Castro,Greg Hardy,Favorite,5,6,2.33,0.07,-0.54,0.02,0.2,0.33,-0.13,0,-2,-1.22
UFC 249,Donald Cerrone,Anthony Pettis,Favorite,3,1,1.36,-0.01,1.04,-0.01,0.55,-0.17,0.13,0.1,4,0.66
UFC 249,Aleksei Oleinik,Fabricio Werdum,Underdog,2,-3,0.3,0.04,-1.16,0.11,-0.07,-0.15,-0.06,-0.7,0,-2.58
UFC 249,Michelle Waterson,Carla Esparza,Favorite,-2,1,-1.4,-0.06,-1.5,0.06,1.8,0.03,-0.23,-0.4,-2,-0.62
UFC 249,Niko Price,Vicente Luque,Favorite,1,1,0.39,-0.1,0.39,-0.04,-0.3,-0.33,0.02,0.1,2,2
UFC 249,Charles Rosa,Bryce Mitchell,Favorite,1,1,-0.78,0.22,-2.23,0.11,1.78,0.06,-0.05,0.6,-8,-0.88
UFC 249,Sam Alvey,Ryan Spann,Favorite,3,4,-0.03,-0.04,0.26,-0.08,1.28,0.21,-0.35,1.4,-6,-3.51
UFC Fight Night 170,Glover Teixeira,Anthony Smith,Underdog,2,0,-0.5,-0.01,0.04,-0.05,-1.62,-0.07,-0.11,-0.2,-9,-1.64
UFC Fight Night 170,Ben Rothwell,Ovince St Preux,Underdog,-1,2,-0.68,0.05,-1.31,0,0.42,0.02,-0.03,0.1,-1,0.64
UFC Fight Night 170,Alexander Hernandez,Drew Dober,Favorite,1,2,-0.01,0.01,0.43,0.04,0.35,0.13,0.03,0,-4,0.85
UFC Fight Night 170,Ray Borg,Ricky Simon,Favorite,-2,-6,-1.49,0.09,-1.68,-0.13,-1.6,0.04,-0.3,0.6,-1,0.82
UFC Fight Night 170,Andrei Arlovski,Philipe Lins,Underdog,1,-1,-0.02,-0.04,-0.39,0.11,-1.27,0.03,-0.24,0.2,7,2.51
UFC Fight Night 170,Thiago Moises,Michael Johnson,Underdog,1,3,1.8,-0.01,-0.36,0.02,-1.02,-0.03,0.25,-1.3,8,-0.03
UFC Fight Night 170,Sarah Moras,Sijara Eubanks,Favorite,-3,0,2.02,0.09,-0.15,0.07,1.23,0.23,0.33,-0.5,3,-2.68
UFC Fight Night 170,Gabriel Benitez,Omar Morales,Favorite,-3,-2,1.84,0.01,1.31,0.05,-0.24,-0.5,-0.08,0.9,-3,0.86
UFC Fight Night 170,Brian Kelleher,Hunter Azure,Underdog,2,3,0.53,0.12,-2.56,0.04,0.23,-0.07,0.07,0.6,-5,-1.57
UFC Fight Night 170,Ike Villanueva,Chase Sherman,Favorite,3,5,2.38,0.07,-0.59,0.16,-0.51,0,-0.26,0,-6,-1.04
UFC Fight Night 171,Alistair Overeem,Walt Harris,Underdog,-1,3,0.62,0.25,-0.89,0.03,1.13,0.27,0.03,0.7,4,0.67
UFC Fight Night 171,Angela Hill,Claudia Gadelha,Favorite,1,-1,-2.07,-0.08,-0.29,-0.04,2.23,0.09,-0.18,0.6,-4,-1.81
UFC Fight Night 171,Dan Ige,Edson Barboza,Underdog,4,4,0.35,-0.01,1.13,-0.01,-0.61,0.24,0.14,-0.2,6,-0.43
UFC Fight Night 171,Eryk Anders,Krzysztof Jotko,Favorite,0,-2,0.43,0.05,1.94,-0.07,0.46,-0.13,-0.03,0,3,0.11
UFC Fight Night 171,Marlon Vera,Yadong Song,Favorite,0,-3,0.18,-0.06,-1.52,0.05,0.13,0.01,0.02,-0.7,-5,1.23
UFC Fight Night 171,Matt Brown,Miguel Baeza,Favorite,-2,1,-1.12,0.06,-2.18,0.02,1.24,0.18,-0.37,-0.5,12,0.66
UFC Fight Night 171,Kevin Holland,Anthony Hernandez,Underdog,3,6,-0.06,-0.1,-0.27,0.05,-5.77,-0.11,-0.09,-2.4,1,0.05
UFC Fight Night 171,Irwin Rivera,Giga Chikadze,Favorite,-6,-7,-0.72,0.01,1.63,-0.05,0.77,-0.17,0.01,-0.2,0,3.5
UFC Fight Night 171,Nate Landwehr,Darren Elkins,Underdog,1,-1,-2.81,-0.08,-2.48,-0.03,1.85,-0.06,-0.3,0.1,5,-0.25
UFC Fight Night 171,Mara Romero Borella,Cortney Casey,Favorite,1,-2,1.75,0.02,1.52,-0.16,-1.44,-0.13,-0.27,0.3,0,-0.98
UFC Fight Night 171,Don'tale Mayes,Rodrigo Nascimento Ferreira,Favorite,-4,-1,0.36,0.06,0.66,-0.04,0.52,-0.06,0.16,0.6,-1,0.06
UFC Fight Night 172,Gilbert Burns,Tyron Woodley,Underdog,-1,3,-0.93,0,-0.66,0,-1.18,0.02,0.37,-0.1,5,-1.08
UFC Fight Night 172,Blagoy Ivanov,Augusto Sakai,Favorite,4,4,1.35,0.09,-0.37,-0.05,-0.46,0,-0.05,-0.1,-4,-0.27
UFC Fight Night 172,Spike Carlyle,Billy Quarantillo,Favorite,2,-1,4.81,0.02,1.72,0.13,-2.1,-0.13,0.04,0.6,4,-0.14
UFC Fight Night 172,Brok Weaver,Roosevelt Roberts,Favorite,2,0,-1.73,-0.2,-1.23,0.06,0.98,0.19,-0.14,0.5,-2,-3.01
UFC Fight Night 172,Hannah Cifers,Mackenzie Dern,Favorite,3,1,-1.68,-0.04,-1.3,-0.01,0.53,-0.85,-0.36,1,0,-4.09
UFC Fight Night 172,Katlyn Chookagian,Antonina Shevchenko,Underdog,-1,-1,-0.72,0.21,-1.55,-0.1,0.12,0.27,0.03,0.1,4,-0.58
UFC Fight Night 172,Gabriel Green,Daniel Rodriguez,Favorite,3,1,1.02,0.05,-1.67,0.09,-0.21,0,0.1,-0.2,6,2.88
UFC Fight Night 172,Klidson Farias de Abreu,Jamahal Hill,Favorite,4,5,5.13,0.14,0.61,-0.09,-0.64,-0.2,-0.07,0,2,-0.44
UFC Fight Night 172,Brandon Royval,Tim Elliott,Underdog,2,2,0.94,-0.08,0.76,-0.1,-3.26,0.13,-0.19,0.1,-6,0.58
UFC Fight Night 172,Louis Smolka,Casey Kenney,Favorite,-2,0,0.18,-0.05,0.56,0.05,-0.6,0,0.29,-1.4,1,-2.24
UFC Fight Night 172,Vincent Morales,Chris Gutierrez,Favorite,0,-3,0.63,0.21,-1.45,0.1,0.14,0.05,0.05,0.1,0,-0.14
UFC 250,Felicia Spencer,Amanda Nunes,Favorite,2,1,1.34,0.03,-1.92,0.12,1.55,0.36,0.55,0.5,2,-4.29
UFC 250,Raphael Assuncao,Cody Garbrandt,Favorite,3,-1,-0.24,-0.02,1.26,-0.06,-0.62,-0.05,0.02,-0.2,-9,-0.73
UFC 250,Cory Sandhagen,Aljamain Sterling,Favorite,-4,1,-0.72,0.08,-1.1,0,0.95,-0.06,-0.19,0.4,2,-0.11
UFC 250,Tony Martin,Neil Magny,Favorite,3,7,0.79,0.09,-0.17,-0.06,1.46,0.13,-0.14,-0.7,2,0.51
UFC 250,Eddie Wineland,Sean O'Malley,Favorite,-4,-3,-4.23,-0.32,0.24,0.06,-0.01,-0.09,0.24,-0.2,10,4.41
UFC 250,Alex Caceres,Chase Hooper,Underdog,-3,-1,-0.87,-0.03,-0.24,0.26,-0.91,0.44,0.09,-1.6,11,1.41
UFC 250,Gerald Meerschaert,Ian Heinisch,Favorite,-2,-5,0.07,0.05,-0.39,0.06,-1.15,-0.21,0.25,-0.9,-1,-0.5
UFC 250,Brian Kelleher,Cody Stamann,Favorite,0,2,-1,-0.06,1.01,-0.08,-0.6,0.02,-0.16,0.7,3,1.55
UFC 250,Maki Pitolo,Charles Byrd,Underdog,0,-2,-0.67,0.11,-1.3,0,0.26,-0.02,-0.1,0.7,7,-1.13
UFC 250,Jussier Formiga,Alex Perez,Favorite,-1,2,-2.68,-0.06,-0.79,0.05,-0.24,-0.09,0.05,-0.3,7,0.49
UFC 250,Devin Clark,Alonzo Menifield,Underdog,0,1,0.89,0.03,0.33,0.05,-1.5,0.01,0.17,0.2,2,-1.8
UFC 250,Evan Dunham,Herbert Burns,Favorite,1,-3,3.6,-0.01,-1.06,0.2,-1.18,-0.09,0.13,-1.5,6,1.92
UFC Fight Night 173,Jessica Eye,Cynthia Calvillo,Favorite,-2,-2,0.55,0.01,-0.07,0.09,1.22,0.04,0.2,0.3,-1,-0.5
UFC Fight Night 173,Karl Roberson,Marvin Vettori,Favorite,-1,0,1.99,-0.06,1.82,-0.01,0.94,0.05,0.27,0,-3,-1.37
UFC Fight Night 173,Charles Rosa,Kevin Aguilar,Underdog,2,-4,-0.88,-0.04,-0.95,-0.05,1.51,0.19,-0.4,1,2,0.89
UFC Fight Night 173,Charles Jourdain,Andre Fili,Favorite,2,5,-1.71,-0.11,-0.2,-0.06,2.07,0.37,0.21,-0.3,5,-1.47
UFC Fight Night 173,Mark Delarosa,Jordan Espinosa,Favorite,0,4,1.09,0.17,-2.06,0.09,0.21,0.15,0.3,0,5,-1.05
UFC Fight Night 173,Hannah Cifers,Mariya Agapova,Favorite,5,6,-0.32,0.11,-1.57,0,0.33,-0.34,-0.17,0.6,-4,-2.81
UFC Fight Night 173,Gustavo Lopez,Merab Dvalishvili,Favorite,1,1,2.02,0.01,-1.5,0,4.69,-0.05,0.49,-0.4,-1,-5.72
UFC Fight Night 173,Gina Mazany,Julia Avila,Favorite,1,0,-1.14,-0.07,-0.66,0,-3.8,-0.19,0.17,0.1,1,-4.85
UFC Fight Night 173,Zarrukh Adashev,Tyson Nam,Favorite,-2,-3,-0.22,0.07,-1.93,-0.01,0,0,0.13,0.5,-9,0.48
UFC Fight Night 173,Christian Aguilera,Anthony Ivy,Underdog,-5,-2,0.04,-0.05,-0.53,-0.03,-4.69,-0.2,-0.4,0,-2,1.33
UFC Fight Night 174,Alexander Volkov,Curtis Blaydes,Favorite,-3,0,-1.57,-0.07,-1.17,0.05,5.23,-0.1,-0.42,-0.2,-2,-2.98
UFC Fight Night 174,Josh Emmett,Shane Burgos,Underdog,-5,-5,-3.36,-0.16,-2.17,0.05,0.48,-0.07,-0.45,-0.3,6,1.16
UFC Fight Night 174,Marion Reneau,Raquel Pennington,Favorite,1,-1,0.94,0.11,-0.23,0.01,0.28,-0.36,0.13,-0.1,-11,-1.71
UFC Fight Night 174,Lyman Good,Belal Muhammad,Favorite,-1,-2,-0.79,-0.05,-0.37,-0.06,1.71,-0.65,0.18,0.2,-3,-0.16
UFC Fight Night 174,Jim Miller,Roosevelt Roberts,Underdog,-6,-2,-0.06,-0.02,0.38,0.04,0.14,0.15,-0.05,0.8,10,1.68
UFC Fight Night 174,Clay Guida,Bobby Green,Favorite,-3,-1,-3.81,-0.19,-0.74,-0.01,1.94,-0.02,-0.07,0.3,5,1.96
UFC Fight Night 174,Tecia Torres,Brianna Van Buren,Underdog,-1,2,-1.25,-0.06,-0.36,-0.04,1.89,0.31,0.01,-0.1,-4,-1.65
UFC Fight Night 174,Oskar Piechota,Marc-Andre Barriault,Favorite,1,-2,2.89,-0.05,1.74,0.01,-0.39,-0.15,0.29,-1.4,0,-0.37
UFC Fight Night 174,Cortney Casey,Gillian Robertson,Favorite,2,4,1.68,-0.07,0.88,-0.01,-2.14,-0.12,-0.04,-0.5,8,0.11
UFC Fight Night 174,Justin Jaynes,Frank Camacho,Underdog,3,5,3.22,0.02,2.11,-0.11,0.36,-0.09,0.53,-1.1,1,-2.16
UFC Fight Night 174,Roxanne Modafferi,Lauren Murphy,Favorite,2,2,-0.7,-0.09,0.45,-0.04,0.32,-0.02,-0.39,0,1,0.25
UFC Fight Night 174,Austin Hubbard,Max Rohskopf,Underdog,-3,0,2.41,0.14,-2.06,0.14,-1.25,0.17,0.65,-1.5,3,1.11
UFC Fight Night 175,Daniel Hooker,Dustin Poirier,Favorite,-3,-3,0.37,0.03,-0.4,0.02,0.54,0.02,-0.17,1,1,-1.48
UFC Fight Night 175,Mickey Gall,Mike Perry,Favorite,-4,-3,1.38,0.01,0.91,0.03,-0.4,0.1,0.42,-1.7,0,-2.48
UFC Fight Night 175,Gian Villante,Maurice Greene,Favorite,-4,-4,1.1,-0.01,1.86,0.1,0.45,0.23,0.56,-0.4,1,1.7
UFC Fight Night 175,Kyle Daukaus,Brendan Allen,Favorite,1,1,-0.76,-0.01,-0.89,-0.05,0.38,-0.22,0.24,0.5,3,2.31
UFC Fight Night 175,Jason Witt,Takashi Sato,Favorite,0,3,0.06,-0.03,1.19,-0.08,-6.14,-0.11,-0.4,-0.9,-4,-1.94
UFC Fight Night 175,Julian Erosa,Sean Woodson,Underdog,1,4,-0.56,-0.02,-2.1,0.11,-0.97,0.16,0.26,-0.4,-3,-4.15
UFC Fight Night 175,Khama Worthy,Luis Pena,Underdog,4,1,-0.52,-0.02,-1.33,0.05,1.17,0.33,-0.09,0.5,-7,-1.81
UFC Fight Night 175,Tanner Boser,Philipe Lins,Underdog,0,3,-0.9,-0.03,0.84,-0.12,1.65,0.33,0.37,0,6,-0.14
UFC Fight Night 175,Jinh Yu Frey,Kay Hansen,Favorite,1,2,-0.04,-0.07,1.04,0.01,-0.81,0.14,0.53,-0.5,15,1.16
UFC Fight Night 175,Jordan Griffin,Youssef Zalal,Favorite,0,1,-0.36,-0.03,1.29,-0.15,-0.83,0.01,-0.18,0.6,7,0.33
UFC 251,Jorge Masvidal,Kamaru Usman,Favorite,1,2,0.31,0.05,-0.31,-0.1,1.44,-0.14,0.17,-0.2,-2,-1.83
UFC 251,Max Holloway,Alex Volkanovski,Favorite,-5,2,-1.01,0.08,-1.28,-0.01,1.53,-0.16,-0.14,-0.1,3,-1.44
UFC 251,Jose Aldo,Petr Yan,Favorite,0,-3,1.51,0.07,0.63,-0.02,1.22,-0.02,-0.06,0,-6,-1.51
UFC 251,Jessica Andrade,Rose Namajunas,Favorite,4,3,-2.93,-0.09,-1.86,0.08,-0.99,-0.08,-0.13,0.2,-1,-1.33
UFC 251,Paige VanZant,Amanda Ribas,Favorite,1,-1,-1.28,0.12,-0.78,-0.19,-0.8,-0.18,-0.51,0.3,0,6.58
UFC 251,Jiri Prochazka,Volkan Oezdemir,Underdog,-1,-5,-1.16,-0.09,-1.51,0.14,-0.22,-0.27,0.12,-0.2,3,-0.67
UFC 251,Elizeu Zaleski dos Santos,Muslim Salikhov,Favorite,0,3,1.16,-0.09,0.39,-0.05,-0.84,-0.27,-0.05,0.4,-2,0.37
UFC 251,Danny Henry,Makwan Amirkhani,Favorite,2,1,3.87,0.07,1.18,-0.01,-3.22,-0.1,0.15,1.1,0,1.27
UFC 251,Roman Bogatov,Leonardo Santos,Favorite,4,2,-0.51,0.04,-1,0.1,-0.12,0.16,0.36,0.2,11,-1
UFC 251,Maxim Grishin,Marcin Tybura,Favorite,0,0,0.34,-0.04,1.08,-0.03,1.22,0.17,0.13,0.1,-2,-0.03
UFC 251,Zhalgas Zhumagulov,Raulian Paiva,Favorite,4,3,-1.1,-0.01,-0.85,-0.04,-0.65,0.04,0.02,0,-7,-0.93
UFC 251,Vanessa Melo,Karol Rosa,Favorite,0,-2,-2.86,-0.26,1.35,0.1,-1.22,-0.45,0.03,0,7,1.67
UFC 251,Davey Grant,Martin Day,Underdog,2,4,-0.8,0.03,-0.03,-0.02,-0.54,0.19,0.04,0.3,-3,-0.96
UFC Fight Island 1,Dan Ige,Calvin Kattar,Favorite,4,1,1,-0.06,3.23,-0.03,-0.67,0.03,0.14,-0.2,4,-2.12
UFC Fight Island 1,Ryan Benoit,Tim Elliott,Favorite,2,-2,0.51,0.05,-0.99,-0.02,3.45,0.25,-0.13,0.6,3,-0.45
UFC Fight Island 1,Cody Stamann,Jimmie Rivera,Favorite,-2,4,-0.36,-0.07,0.27,-0.02,-1.46,-0.12,0.16,0.1,0,-0.4
UFC Fight Island 1,Taila Santos,Molly McCann,Underdog,-2,-6,2.4,0.01,2.3,0.05,-0.18,-0.38,-0.43,-0.5,4,-0.63
UFC Fight Island 1,Mounir Lazzez,Abdul Razak Alhassan,Underdog,-3,-3,-4.12,-0.07,-1.43,0.02,-0.91,-0.19,-0.21,0.2,2,-2.53
UFC Fight Island 1,John Phillips,Khamzat Chimaev,Favorite,-3,0,-4,-0.24,0.57,0.07,-3.99,-0.46,-0.93,-2.7,8,2.8
UFC Fight Island 1,Lerone Murphy,Ricardo Ramos,Underdog,0,-1,-1.8,-0.17,1.14,-0.03,1.43,0.08,0.26,0.1,-4,-0.8
UFC Fight Island 1,Andreas Michailidis,Modestas Bukauskas,Favorite,3,2,0.38,-0.1,0.3,0.06,-1.12,-0.27,0.21,0,-5,-0.94
UFC Fight Island 1,Chris Fishgold,Jared Gordon,Favorite,1,0,3.38,0.25,0.7,0.11,-0.64,-0.06,0.18,-1.3,4,-0.64
UFC Fight Island 1,Liana Jojua,Diana Belbita,Underdog,-3,-6,-4.12,-0.12,-1.23,0.03,0.8,0.04,-0.15,1.3,2,1.08
UFC Fight Island 1,Aaron Phillips,Jack Shore,Favorite,-1,0,2.24,0.05,-1.34,0.13,2.24,-0.12,0.32,0.1,-5,-5.66
UFC Fight Island 2,Joseph Benavidez,Deiveson Figueiredo,Favorite,1,3,-0.51,0.21,0.71,-0.11,0.24,0.12,-0.04,1.1,-3,-1.61
UFC Fight Island 2,Kelvin Gastelum,Jack Hermansson,Favorite,4,6,1.54,0.03,0.46,-0.02,0.57,0,0.21,0.3,3,-0.02
UFC Fight Island 2,Rafael Fiziev,Marc Diakiese,Underdog,2,2,-2.36,-0.11,-2.33,0.03,3,0.03,-0.23,0,0,-1.29
UFC Fight Island 2,Luana Carolina,Ariane Lipski,Favorite,0,-2,-0.53,-0.08,0.33,0.04,0.18,0.13,-0.05,-0.3,0,-0.25
UFC Fight Island 2,Askar Askarov,Alexandre Pantoja,Underdog,-1,0,1.36,-0.05,1.17,-0.07,0.01,0.23,0.02,0.4,3,-1.23
UFC Fight Island 2,Khadis Ibragimov,Roman Dolidze,Favorite,1,2,0.93,0.1,0.9,-0.04,-0.33,-0.1,0.47,-1,-6,0.77
UFC Fight Island 2,Nad Narimani,Grant Dawson,Favorite,2,2,-0.36,0.09,-0.73,-0.13,1.76,-0.05,-0.3,1.5,-7,-2.27
UFC Fight Island 2,Joel Alvarez,Joseph Duffy,Underdog,-5,-4,-0.97,-0.12,0.41,0.04,0.96,0.66,0.53,-0.6,5,-1.88
UFC Fight Island 2,Brett Johns,Montel Jackson,Underdog,-3,-4,-0.5,-0.04,2.43,-0.11,1.5,-0.22,-0.11,0.7,0,2.01
UFC Fight Island 2,Malcolm Gordon,Amir Albazi,Favorite,-2,-3,0.3,-0.06,1.07,0.2,-0.01,-0.02,0.14,-0.3,-4,-0.58
UFC Fight Island 2,Davi Ramos,Arman Tsarukyan,Favorite,-1,-2,-1.15,-0.11,1.6,0.03,-1.3,0.03,0.08,0.6,10,1.81
UFC Fight Island 2,Carlos Felipe,Sergey Spivak,Favorite,3,3,-1.34,0.04,-1.81,-0.01,4.56,0.64,-0.02,0.5,0,1.18
UFC Fight Island 3,Darren Till,Robert Whittaker,Favorite,0,-1,2.27,-0.04,0.14,0.03,0.26,-0.08,0.13,0,2,-0.36
UFC Fight Island 3,Rogerio Nogueira,Mauricio Rua,Favorite,-1,1,1.14,0.15,0.45,-0.05,1.37,0.04,-0.13,-0.1,-5,-1.14
UFC Fight Island 3,Fabricio Werdum,Alexander Gustafsson,Underdog,1,2,0.44,-0.12,0.89,-0.04,-0.22,0.08,0.52,-0.8,-9,-2.64
UFC Fight Island 3,Carla Esparza,Marina Alcalde Rodriguez,Underdog,5,2,2.66,0.07,0.43,0,-2.99,0.07,0.18,-0.1,1,-0.99
UFC Fight Island 3,Gadzhimurad Antigulov,Paul Craig,Favorite,4,6,0.37,-0.09,-1.24,0.04,-3.4,-0.16,0.37,0.2,-1,-0.38
UFC Fight Island 3,Peter Sobotta,Alex Oliveira,Favorite,1,-1,-0.85,-0.11,0.35,0.12,-0.82,-0.06,0.14,-0.1,1,0.86
UFC Fight Island 3,Rhys McKee,Khamzat Chimaev,Favorite,0,-3,0.92,0.13,-4.39,0,3.99,0.46,0.59,2.7,2,-8.91
UFC Fight Island 3,Jai Herbert,Francisco Trinaldo,Favorite,-4,-7,0.44,0.04,-0.48,0.15,0.78,0.32,0.03,0.5,9,-0.51
UFC Fight Island 3,Jesse Ronson,Nicolas Dalby,Underdog,1,4,0.49,-0.04,0.04,-0.05,0.65,0.02,0.03,-0.4,1,-1.82
UFC Fight Island 3,Jake Collier,Tom Aspinall,Favorite,-2,0,-1.92,-0.22,2.31,-0.16,-2.75,-0.67,-0.33,-1.1,4,1.61
UFC Fight Island 3,Mike Grundy,Movsar Evloev,Favorite,0,0,-2.34,-0.03,1.56,-0.05,-0.69,-0.18,-0.21,0.2,7,1.18
UFC Fight Island 3,Raphael Pessoa,Tanner Boser,Favorite,-1,-3,2.54,0.26,-0.68,0.16,0,0,-0.37,0,-3,-1.96
UFC Fight Island 3,Bethe Correia,Pannie Kianzad,Favorite,-2,-2,-0.37,-0.06,1.26,0.03,-0.07,-0.15,0.19,-0.1,8,0.74
UFC Fight Island 3,John Castaneda,Nathaniel Wood,Favorite,0,-2,1.12,0,-0.77,0,-0.18,0.11,-0.01,0.3,-1,-3.38
UFC Fight Island 3,Niklas Stolze,Ramazan Emeev,Favorite,-3,2,0.41,-0.03,-0.11,0.16,1.71,-0.71,0.11,0,6,-3.22
UFC Vegas 5,Derek Brunson,Edmen Shahbazyan,Underdog,1,-2,0.09,0.05,1.04,-0.06,-0.9,0.05,-0.22,0,-14,-2.86
UFC Vegas 5,Jennifer Maia,Joanne Wood,Underdog,-2,-1,-2.75,-0.13,-0.37,0.04,-1.1,-0.28,0,-0.2,-3,1.27
UFC Vegas 5,Randy Brown,Vicente Luque,Favorite,-4,-3,0.7,0.06,1.88,-0.02,0.22,0.14,-0.12,0.1,-1,-1.26
UFC Vegas 5,Bobby Green,Lando Vannata,Underdog,-1,0,-1.93,-0.07,1.01,-0.07,-0.1,-0.01,-0.05,0,-5,-0.59
UFC Vegas 5,Frankie Saenz,Jonathan Martinez,Favorite,2,4,0.6,0.02,0.37,0.05,-1.33,0.04,0.07,0,-13,-1.73
UFC Vegas 5,Johnny Munoz,Nathan Maness,Favorite,1,1,-0.11,0.12,1.63,-0.15,-1.53,0.5,0.33,-1.5,1,0.07
UFC Vegas 5,Vince Cachero,Jamall Emmers,Favorite,4,6,2.01,0.03,-2.46,0.14,1.83,0.4,0.72,-0.3,0,-3.93
UFC Vegas 6,Aleksei Oleinik,Derrick Lewis,Favorite,1,-1,-0.81,0.02,-1.32,-0.04,-1.25,-0.2,0.15,-1.9,-7,-1.28
UFC Vegas 6,Omari Akhmedov,Chris Weidman,Favorite,2,5,0.21,0.11,0.38,-0.04,0.86,-0.03,0,0.6,3,-0.67
UFC Vegas 6,Maki Pitolo,Darren Stewart,Favorite,2,-1,-1.05,0.01,-0.64,-0.07,-0.49,-0.07,0.17,-0.7,0,-1.12
UFC Vegas 6,Julija Stoliarenko,Yana Santos,Favorite,-1,2,1.67,0.17,-1.51,0.04,0.18,0.26,-0.12,-1.6,3,-0.8
UFC Vegas 6,Scott Holtzman,Beneil Dariush,Favorite,1,3,-0.54,0.01,-1.01,0.02,0.02,-0.22,0.13,0.7,-5,-1.59
UFC Vegas 6,Tim Means,Laureano Staropoli,Underdog,-1,-4,-1.77,-0.15,0.09,-0.06,-0.33,-0.14,-0.17,-0.2,-9,-0.7
UFC Vegas 6,Joaquin Buckley,Kevin Holland,Favorite,5,5,-0.01,0.13,0.07,-0.08,-0.84,-0.06,-0.15,0.6,1,-3.71
UFC Vegas 6,Alex Munoz,Nasrat Haqparast,Favorite,1,0,2.08,0.02,0.52,0.09,-2.69,-0.2,-0.22,0,-6,-1.93
UFC Vegas 6,Andrew Sanchez,Wellington Turman,Underdog,-1,-2,-1.07,0.08,-0.93,-0.05,-1,-0.16,-0.58,0.8,-9,-0.33
UFC Vegas 6,Justin Jaynes,Gavin Tucker,Favorite,1,2,-0.95,0,1.15,0.05,-2.38,-0.04,-0.33,-0.4,-3,0.23
UFC Vegas 6,Peter Barrett,Youssef Zalal,Favorite,0,1,1.3,0.12,2.59,-0.23,-0.89,-0.12,0.06,-1.3,10,4.25
UFC Vegas 6,Ali Al Qaisi,Irwin Rivera,Favorite,0,-1,0.93,0.02,3.1,0.01,-2.5,-0.13,0.1,-1,2,-0.83
UFC 252,Stipe Miocic,Daniel Cormier,Underdog,5,8,0.57,0.01,0.9,0,0.03,-0.1,-0.12,-0.4,-4,0.19
UFC 252,Marlon Vera,Sean O'Malley,Underdog,3,2,3.32,0.12,-1.96,0.12,-0.18,0.03,-0.08,-0.6,-2,-2.14
UFC 252,Junior dos Santos,Jairzinho Rozenstruik,Favorite,-2,1,-1.05,0.02,-0.55,-0.09,-0.3,-0.5,-0.06,-0.1,-4,0.48
UFC 252,Daniel Pineda,Herbert Burns,Underdog,2,4,-1.36,-0.09,1.42,-0.05,1.29,0.17,0.18,0.8,-2,-2.14
UFC 252,John Dodson,Merab Dvalishvili,Favorite,-3,-2,-1.3,-0.01,1.21,0.04,-5.72,-0.08,0.02,-0.3,6,2.08
UFC 252,Jim Miller,Vinc Pichel,Favorite,-2,-1,-0.63,-0.04,0.45,0.01,-1.25,-0.1,0.22,1.5,-1,0.3
UFC 252,Felice Herrig,Virna Jandiroba,Favorite,1,1,1.54,-0.01,2.23,-0.09,-1.28,-0.08,0.02,-0.4,4,2.4
UFC 252,Danny Chavez,T.J. Brown,Underdog,1,5,0.51,0.06,-0.94,-0.01,1.46,-0.03,-0.51,1.3,-3,-0.54
UFC 252,Ashley Yoder,Livia Renata Souza,Favorite,-4,-6,-1.67,0.06,-0.53,0.09,1.45,0.18,-0.26,0.8,-3,-1.25
UFC 252,Parker Porter,Chris Daukaus,Favorite,3,1,-0.5,0,-1.68,0.04,-1.35,-0.26,0.34,-0.5,-5,-0.13
UFC 252,Tony Kelley,Kai Kamaka,Favorite,-2,-1,-0.59,0.1,0.44,0.1,1.93,0.58,0,-1.1,-8,-1.88
UFC Vegas 7,Frankie Edgar,Pedro Munhoz,Underdog,0,-3,1.55,0.03,3.41,-0.09,-1.78,-0.13,0.17,0.2,-5,-1.89
UFC Vegas 7,Marcin Prachnio,Mike Rodriguez,Favorite,1,8,-1.26,-0.02,0.94,-0.13,-0.17,-0.2,-0.21,0,0,-1.58
UFC Vegas 7,Joe Solecki,Austin Hubbard,Underdog,1,1,1.9,-0.11,2.21,0.04,-0.9,0,0.15,-1.5,2,-0.23
UFC Vegas 7,Shana Dobson,Mariya Agapova,Underdog,0,-1,1.33,0.18,-1.38,0.02,-0.25,0.16,0.33,0.9,-8,-9.61
UFC Vegas 7,Dwight Grant,Daniel Rodriguez,Favorite,0,2,-4.01,-0.14,-2.62,0.04,-0.01,0.5,0.03,-0.1,2,1.2
UFC Vegas 7,Amanda Lemos,Mizuki Inoue,Underdog,-1,0,1.13,-0.04,1.41,0.04,-0.65,-0.49,0.28,-0.7,-8,-0.73
UFC Vegas 7,Ike Villanueva,Jordan Wright,Favorite,-1,-4,-0.44,-0.18,1.21,0.05,-1.49,0.05,0,-0.4,8,0.12
UFC Vegas 7,Trevin Jones,Timur Valiev,Underdog,-1,-3,3.06,0.16,-0.96,0.06,1.11,0.25,-0.05,0.1,1,-9.06
UFC Fight Night 182,Anthony Smith,Aleksandar Rakic,Favorite,0,-2,-1.03,-0.02,1.67,-0.04,-0.27,0.01,-0.36,0.6,3,1.82
UFC Fight Night 182,Robbie Lawler,Neil Magny,Favorite,-4,-6,0.38,0.01,2.25,0.07,-1.52,0.24,0.11,-0.3,6,1.68
UFC Fight Night 182,Ji Yeon Kim,Alexa Grasso,Favorite,-2,-6,-0.7,0.07,-1.46,0.02,0.41,0.45,0.09,0.5,-4,-1.99
UFC Fight Night 182,Bill Algeo,Ricardo Lamas,Favorite,4,2,3.03,0.05,1.65,-0.1,-0.98,0.13,0.1,-0.8,-8,1.99
UFC Fight Night 182,Maki Pitolo,Impa Kasanganay,Favorite,1,0,0.86,0.04,-0.27,0.03,-0.49,0.06,0.16,-0.6,-3,-0.63
UFC Fight Night 182,Zak Cummings,Alessio Di Chirico,Underdog,0,1,-0.36,-0.04,-0.53,-0.06,-0.84,-0.11,-0.17,0.6,5,0.41
UFC Fight Night 182,Austin Springer,Alex Caceres,Favorite,-2,-2,-0.67,0.08,0.06,-0.21,2.83,-0.28,0.36,0.1,2,1.26
UFC Fight Night 182,Christian Aguilera,Sean Brady,Favorite,1,0,1.23,0.16,-0.49,0.13,3.29,0.57,0.27,1.2,-1,-3.49
UFC Fight Night 182,Polyana Viana,Emily Whitmire,Underdog,0,4,0.49,0.09,-0.33,-0.01,-1.08,-0.33,-0.32,1.4,-2,0.46
UFC Fight Night 182,Hannah Cifers,Mallory Martin,Favorite,3,1,-0.57,0.04,1.25,0.03,2.02,-0.57,-0.39,0,-1,-2.31
UFC Fight Night 183,Augusto Sakai,Alistair Overeem,Favorite,1,3,-0.93,0.15,-1.39,0.09,1.19,0.15,0.17,0.8,11,-0.86
UFC Fight Night 183,Ovince St Preux,Alonzo Menifield,Underdog,-3,-4,0.89,0.1,0.25,0.02,-0.43,-0.03,0.08,-0.2,-5,0.69
UFC Fight Night 183,Zelim Imadaev,Michel Pereira,Favorite,1,-3,2.25,0.18,-0.65,0.15,1.15,0.05,0.34,0.8,1,-0.64
UFC Fight Night 183,Andre Muniz,Bartosz Fabinski,Underdog,-1,-3,0.26,0.18,-0.53,-0.03,2.87,0.2,0.45,-1.2,4,-0.63
UFC Fight Night 183,Ray Rodriguez,Brian Kelleher,Favorite,-1,-4,2.49,0.14,0.75,0.14,0.32,-0.09,0.16,0.7,1,-2.97
UFC Fight Night 183,Montana De La Rosa,Viviane Araujo,Favorite,3,0,-1.41,-0.11,-1.75,-0.12,-0.05,-0.09,-0.14,0.2,-8,1.21
UFC Fight Night 183,Cole Smith,Hunter Azure,Favorite,3,-2,-2.14,-0.18,-0.12,-0.09,-0.3,-0.01,-0.22,0.4,3,1.95
UFC FN - Covington vs Woodley,Tyron Woodley,Colby Covington,Favorite,2,-2,1.52,-0.1,0.22,0.01,2.73,0.04,-0.2,-0.2,-6,-2.55
UFC FN - Covington vs Woodley,Gerald Meerschaert,Khamzat Chimaev,Favorite,1,-2,2.54,0.13,0.09,-0.11,1.82,0.08,0.66,1.1,-6,-3.3
UFC FN - Covington vs Woodley,Ryan Spann,Johnny Walker,Favorite,1,3,0.56,0.13,-1.06,0,-0.88,0.65,0.1,-0.6,0,-0.32
UFC FN - Covington vs Woodley,Randa Markos,Mackenzie Dern,Favorite,0,0,0.34,-0.03,0.99,-0.07,-0.33,-0.13,-0.24,1.1,-7,-0.82
UFC FN - Covington vs Woodley,Darren Stewart,Kevin Holland,Favorite,3,7,1.19,0.04,-0.1,0.02,-0.9,-0.07,-0.13,0.5,-2,-2.02
UFC FN - Covington vs Woodley,Jordan Espinosa,David Dvorak,Favorite,1,1,0.74,0.09,-0.35,-0.02,0.17,-0.02,0,0,3,0.02
UFC FN - Covington vs Woodley,Damon Jackson,Mirsad Bektic,Underdog,-3,-1,-0.57,0,-1.49,0.06,1.47,0.17,0.52,-1,-2,-2.75
UFC FN - Covington vs Woodley,Mara Romero Borella,Mayra Bueno Silva,Favorite,0,-3,1.3,0.2,2.38,-0.18,-1.15,-0.06,0.02,1.4,-5,-2.02
UFC FN - Covington vs Woodley,Sarah Alpar,Jessica-Rose Clark,Favorite,1,1,1.37,0.07,-2.55,0.2,0.05,0.16,0.42,-0.1,4,-1.38
UFC FN - Covington vs Woodley,Randy Costa,Journey Newson,Underdog,-4,-6,-3.89,-0.14,-5.01,0.06,0.56,0.16,-0.07,0.3,6,-0.36
UFC FN - Covington vs Woodley,Irwin Rivera,Andre Ewell,Favorite,2,8,0.92,-0.04,-0.2,-0.06,-0.64,0.59,0.02,0.1,1,-1.57
UFC FN - Covington vs Woodley,Jerome Rivera,Tyson Nam,Favorite,-3,-4,0.66,0,2.37,0.14,0,0,0.47,0,11,-1.13
UFC 253,Paulo Costa,Israel Adesanya,Favorite,3,8,-2.27,-0.1,-3.27,0.09,-0.4,-0.61,-0.03,0.1,1,-1.06
UFC 253,Jan Blachowicz,Dominick Reyes,Underdog,2,-1,1.34,0,0.86,-0.05,-0.73,-0.22,0.12,0.1,-7,-1.88
UFC 253,Brandon Royval,Kai Kara-France,Underdog,-5,1,0.24,0.03,-0.18,0.19,0.16,-0.27,0.48,-1.1,0,-1.42
UFC 253,Sijara Eubanks,Ketlen Vieira,Favorite,4,1,-1.26,-0.02,0.49,-0.06,-0.39,0,0.26,0.3,-7,-1.27
UFC 253,Hakeem Dawodu,Zubaira Tukhugov,Underdog,0,5,2.28,0.11,0.3,-0.07,-2.13,-0.39,-0.35,0,-1,0.45
UFC 253,Alex da Silva,Brad Riddell,Favorite,-1,-2,2.57,0.07,1.01,-0.03,-0.2,-0.07,-0.13,-0.3,4,-2.26
UFC 253,Diego Sanchez,Jake Matthews,Favorite,-1,-1,-0.61,-0.08,0.46,-0.04,-0.08,-0.16,-0.16,0.2,13,5.59
UFC 253,Shane Young,Ludovit Klein,Favorite,-1,0,-1.23,0.15,-1.72,0.01,1.14,0.29,0.19,0,-1,-0.27
UFC 253,William Knight,Aleksa Camur,Underdog,-3,-1,-2.11,-0.01,-0.96,-0.19,1.32,0.18,-0.02,0.4,8,0.82
UFC 253,Jeff Hughes,Juan Espino,Favorite,1,3,-1.57,0.19,-1.72,-0.2,8.22,0.28,0.05,2.4,7,-2.31
UFC 253,Danilo Marques,Khadis Ibragimov,Underdog,-3,1,2.11,-0.3,1.74,-0.05,-2.96,0.02,0.8,-0.5,-9,-1.04
UFC FN - Holm vs Aldana,Irene Aldana,Holly Holm,Favorite,-1,1,-2.11,0,-3.41,-0.02,0.71,-0.2,0,-0.1,6,-0.23
UFC FN - Holm vs Aldana,Carlos Felipe,Yorgan De Castro,Underdog,0,-1,-2.42,-0.02,-1.75,0.03,0,0,0.05,0,8,-1.6
UFC FN - Holm vs Aldana,Julianna Pena,Germaine de Randamie,Favorite,3,2,-0.59,-0.01,-0.3,0.15,-1.94,-0.55,0.42,-0.4,6,-0.66
UFC FN - Holm vs Aldana,Cameron Else,Kyler Phillips,Favorite,1,-1,-3.73,-0.05,4.71,-0.1,-2.41,-0.46,-0.75,-0.5,9,3.88
UFC FN - Holm vs Aldana,Dequan Townsend,Dusko Todorovic,Favorite,2,5,-4.31,-0.23,-0.63,-0.08,-0.96,-0.12,0.01,0,8,2.8
UFC FN - Holm vs Aldana,Carlos Condit,Court McGee,Underdog,3,0,-0.94,0.02,-0.95,-0.06,-1.25,0.21,-0.31,0.6,1,0.27
UFC FN - Holm vs Aldana,Nassourdine Imavov,Jordan Williams,Underdog,-2,0,1.3,-0.04,2.2,-0.26,0.24,0.19,0.09,-1.5,4,-0.35
UFC FN - Holm vs Aldana,Jinh Yu Frey,Loma Lookboonmee,Favorite,2,4,-1.13,-0.14,1.75,-0.01,-0.88,-0.14,0.18,0.2,11,0.73
UFC FN - Holm vs Aldana,Heili Alateng,Casey Kenney,Favorite,2,2,2.21,0.1,0,0.01,-0.9,-0.1,-0.14,0.4,1,-2.68
UFC FN - Holm vs Aldana,Luigi Vendramini,Jessin Ayari,Underdog,4,0,0.71,-0.03,-0.23,0.01,-1.11,-0.15,-0.5,-0.3,3,-0.12
UFC FN - Ortega vs Zombie,Brian Ortega,Chan Sung Jung,Underdog,-1,3,-0.14,0.03,-2.02,0.03,-0.47,0.17,0.15,-0.6,4,-1.21
UFC FN - Ortega vs Zombie,Katlyn Chookagian,Jessica Andrade,Favorite,-8,-6,2.04,0.16,0.89,-0.07,2.06,0.4,0.22,0,-3,0.79
UFC FN - Ortega vs Zombie,Modestas Bukauskas,Jim Crute,Favorite,-1,-4,0.4,0.13,-0.83,-0.06,4.84,0.57,-0.11,2,-2,2.24
UFC FN - Ortega vs Zombie,Claudio Silva,James Krause,Favorite,-3,-2,-2.31,-0.07,-1.11,-0.15,1.89,0.08,-0.15,0.2,4,0.61
UFC FN - Ortega vs Zombie,Jonathan Martinez,Thomas Almeida,Underdog,-1,0,0.3,-0.06,1.06,0.04,-0.24,-0.21,0.07,-0.1,2,-0.42
UFC FN - Ortega vs Zombie,Guram Kutateladze,Mateusz Gamrot,Underdog,-1,-2,-1.53,0.06,-1.46,0.03,4.59,0.17,0.15,0.1,1,-2.26
UFC FN - Ortega vs Zombie,Poliana Botelho,Gillian Robertson,Favorite,-3,-4,-0.29,-0.12,0.32,0.02,1.68,-0.14,-0.33,1,-6,-1.35
UFC FN - Ortega vs Zombie,John Phillips,Jun Yong Park,Favorite,-1,-2,2.81,0.16,-0.73,0.04,1.83,0.5,0.5,1.1,-5,-2.02
UFC FN - Ortega vs Zombie,Fares Ziam,Jamie Mullarkey,Underdog,-1,-1,1.69,-0.02,2.81,-0.12,1.5,0.11,0.11,-0.1,2,-0.44
UFC FN - Ortega vs Zombie,Gadzhimurad Antigulov,Maxim Grishin,Favorite,-4,-8,-1.18,0.03,1.94,-0.18,4.87,0.2,-0.66,1.4,-3,2.8
UFC FN - Ortega vs Zombie,Mark Striegl,Said Nurmagomedov,Favorite,0,0,-2.15,-0.02,1.94,-0.17,-1.01,-0.16,0,-1.4,3,3.08
UFC 254,Justin Gaethje,Khabib Nurmagomedov,Favorite,-1,0,-2.68,-0.11,-5.71,0.13,5.21,0.23,0.09,0.8,0,-2.45
UFC 254,Robert Whittaker,Jared Cannonier,Underdog,1,-4,-0.11,-0.1,-0.68,0,0.37,-0.04,0.19,0,-7,0.05
UFC 254,Walt Harris,Alexander Volkov,Favorite,2,3,2.05,0.18,-0.33,0,0.2,0.35,0.03,0.1,-5,-1.01
UFC 254,Jacob Malkoun,Phil Hawes,Favorite,3,4,1.47,0.03,1.24,0.03,-4.51,-0.08,0.7,-0.2,7,-1.63
UFC 254,Liliya Shakirova,Lauren Murphy,Favorite,-1,-2,-1.35,-0.09,-2.67,0.19,-1.03,-0.25,-0.69,-0.1,-8,1.28
UFC 254,Ion Cutelaba,Magomed Ankalaev,Favorite,2,0,-0.8,0.1,-1.18,0.12,-3.15,-0.26,0.1,0,1,-2.42
UFC 254,Stefan Struve,Tai Tuivasa,Favorite,9,9,-0.84,-0.02,-1.01,0.03,0.56,0.46,-0.02,1.7,5,0.1
UFC 254,Nathaniel Wood,Casey Kenney,Favorite,1,-1,-1.06,-0.08,0.45,0.02,-0.65,-0.13,-0.09,-0.1,2,-0.94
UFC 254,Alex Oliveira,Shavkat Rakhmonov,Favorite,-2,-1,-1.13,-0.1,0.14,-0.05,0.86,0.09,-0.37,-1.2,7,0.15
UFC 254,Liana Jojua,Miranda Maverick,Favorite,1,-3,-1.38,-0.17,2.72,-0.05,-0.78,0.2,0.1,0.9,3,3.22
UFC 254,Alexander Yakovlev,Joel Alvarez,Favorite,0,-3,-1.91,0.01,-0.96,0.08,1.66,0.35,0.61,-1.2,8,0.88
UFC Vegas 12,Anderson Silva,Urijah Hall,Favorite,-2,2,0.18,-0.13,1.8,-0.06,0.04,-0.39,-0.05,-0.7,-10,1.48
UFC Vegas 12,Andre Fili,Bryce Mitchell,Favorite,-1,-4,-1.55,0.21,-2.48,0.07,1.29,-0.06,-0.36,1.3,-4,-0.34
UFC Vegas 12,Maurice Greene,Greg Hardy,Favorite,-2,0,1.51,0.05,-0.3,0.1,0.2,0.33,0.37,-0.4,-2,-2.33
UFC Vegas 12,Charlie Ontiveros,Kevin Holland,Favorite,1,7,2.35,0.08,-2.67,0.19,0.85,0.38,0.24,0.6,-1,-5.35
UFC Vegas 12,Thiago Moises,Bobby Green,Underdog,1,1,3.98,0.12,-0.44,0.07,-0.45,-0.06,0.18,-1,8,-2.3
UFC Vegas 12,Chris Gruetzemacher,Alexander Hernandez,Favorite,-1,-4,1.85,0.16,0.3,-0.03,-0.85,0.19,0.06,-0.1,6,3.4
UFC Vegas 12,Victor Rodriguez,Adrian Yanez,Favorite,2,3,4.92,0.04,-0.36,0.07,0,0,1,0,-1,-3.8
UFC Vegas 12,Jack Marshman,Sean Strickland,Favorite,1,3,3.17,0.16,0.14,0.06,0.85,0.64,0.57,0.2,-1,-2.91
UFC Vegas 12,Cole Williams,Jason Witt,Favorite,-2,-3,1.84,0.17,-2.8,0.29,6.9,0.48,0.75,0.9,-3,-0.66
UFC Vegas 12,Justin Ledet,Dustin Jacoby,Favorite,-1,-4,2.18,0.08,-0.75,0.08,0.13,-0.25,0.18,-0.2,1,-2.9
UFC Vegas 12,Kevin Natividad,Miles Johns,Favorite,1,-4,0.6,0.13,-1.74,0.21,-2.51,-0.28,0.02,0,-1,-0.71
UFC Vegas 13,Glover Teixeira,Thiago Santos,Underdog,0,0,-0.01,-0.01,-1.86,0.02,-1.23,0,0.05,-0.8,-4,-1.63
UFC Vegas 13,Andrei Arlovski,Tanner Boser,Underdog,-1,-2,0.92,0.07,-0.45,0.01,-0.38,-0.36,-0.13,-0.2,-13,-2.42
UFC Vegas 13,Khalid Taha,Raoni Barcelos,Favorite,2,-2,2.58,0.19,0.67,0.15,1.86,0.32,0.24,0.4,5,-2.91
UFC Vegas 13,Jamey Simmons,Giga Chikadze,Favorite,6,4,3.29,0.22,1.52,-0.12,0.23,0.33,0.19,0.2,4,-5.84
UFC Vegas 13,Claudia Gadelha,Yan Xiaonan,Favorite,-1,0,-1.66,-0.03,0.91,-0.01,2.03,-0.31,-0.04,0.7,1,0.8
UFC Vegas 13,Trevin Giles,Bevon Lewis,Underdog,-3,-5,-0.46,0.12,-0.45,0.04,1.19,0.5,0.05,0.3,-2,0.15
UFC Vegas 13,Marcos Rogerio de Lima,Alexander Romanov,Favorite,1,0,0.36,-0.05,-0.7,-0.01,2.92,0.09,-0.39,0.4,-5,3.55
UFC Vegas 13,Luiz Garagorri,Darren Elkins,Favorite,1,1,0.02,-0.13,0.91,-0.06,2.37,-0.65,-0.05,1.1,6,-1.72
UFC Vegas 13,Ramiz Brahimaj,Max Griffin,Favorite,1,4,2.18,0.08,0.12,0.12,-0.16,0.06,0.24,-1.3,7,-0.43
UFC Vegas 13,Anthony Birchak,Gustavo Lopez,Favorite,-3,-2,-1.45,0.04,0.2,0.01,1.26,0.27,-0.3,0.2,-4,-0.21
UFC Vegas 14,Paul Felder,Rafael dos Anjos,Favorite,-3,0,-0.22,0.03,-0.23,0.12,1.66,0.07,-0.09,0.4,-1,-1.14
UFC Vegas 14,Kalinn Williams,Abdul Razak Alhassan,Underdog,-2,-4,-2.44,0.09,-1.43,0.13,0.89,0.38,-0.3,0.2,8,-1.41
UFC Vegas 14,Ashley Yoder,Miranda Granger,Underdog,0,1,0.63,-0.08,1.56,-0.1,1.09,0.27,0.33,0.6,4,0.73
UFC Vegas 14,Sean Strickland,Brendan Allen,Underdog,-1,1,1.93,-0.12,0.5,0.15,-0.89,0.17,0.19,-1.2,5,0.05
UFC Vegas 14,Cory McKenna,Kay Hansen,Underdog,-1,5,0.01,0.1,0,0.03,-0.39,-0.36,-0.34,0.4,0,-1.26
UFC Vegas 14,Randa Markos,Kanako Murata,Favorite,3,1,0.82,-0.13,0.7,0.05,-2.26,-0.28,-0.48,-0.6,8,1.13
UFC Vegas 14,Geraldo De Freitas Jr.,Tony Gravely,Favorite,-2,-3,0.15,-0.04,1.85,-0.06,2.4,-0.04,-0.07,0.3,0,-0.61
UFC Vegas 14,Rhys McKee,Alex Morono,Favorite,-3,-6,0.07,-0.05,-3.69,0.16,0.32,0.22,0.14,0.4,5,-1.01
UFC Vegas 14,Roque Martinez,Don'tale Mayes,Favorite,8,9,0.41,-0.1,-0.94,-0.09,0.33,-0.07,0.07,-0.4,-6,-1.66
UFC 255,Alex Perez,Deiveson Figueiredo,Favorite,-1,3,-1.09,0.1,0.25,-0.09,-0.41,-0.02,-0.24,0.8,4,-2.6
UFC 255,Jennifer Maia,Valentina Shevchenko,Favorite,1,2,-1.07,0.14,-2.41,0.07,2.14,0.36,0.13,0.3,1,-9.88
UFC 255,Tim Means,Mike Perry,Underdog,4,4,0.76,0.02,-1.52,0.08,0.35,0,-0.13,0,8,0.64
UFC 255,Katlyn Chookagian,Cynthia Calvillo,Underdog,-5,-4,-0.17,0.04,-0.36,0.02,1.49,0.29,0.27,0.5,1,1.86
UFC 255,Mauricio Rua,Paul Craig,Favorite,-2,0,1.12,0.04,-0.18,0.1,0.33,0.28,0.12,-0.9,6,0.88
UFC 255,Brandon Royval,Brandon Moreno,Favorite,2,-2,0.46,-0.08,-0.21,-0.13,-1.27,0.14,-0.23,0.6,1,1.15
UFC 255,Jordan Wright,Joaquin Buckley,Favorite,-4,-1,0.15,-0.2,-2.91,0.27,-0.4,-0.01,-0.31,-0.4,-2,-1.86
UFC 255,Ariane Lipski,Antonina Shevchenko,Favorite,2,0,-0.24,0.14,-1.03,-0.01,-0.13,-0.13,-0.18,0.1,9,-0.78
UFC 255,Nicolas Dalby,Daniel Rodriguez,Underdog,-2,0,-3.27,-0.07,-1.85,-0.04,0.49,-0.2,-0.03,0,2,2.3
UFC 255,Jared Gooden,Alan Jouban,Favorite,0,-4,0.59,0.01,-2.91,0.12,-0.16,-0.56,-0.07,0.1,12,-0.51
UFC 255,Dustin Stoltzfus,Kyle Daukaus,Favorite,3,1,-0.27,0.08,-0.35,-0.06,-0.28,-0.15,0.36,1.2,-1,-2.16
UFC 255,Sasha Palatnikov,Louis Cosce,Underdog,-4,-1,-2.38,-0.08,-0.09,-0.05,0.32,-0.8,-0.2,0.5,-7,-3.04
UFC Vegas 15,Devin Clark,Anthony Smith,Favorite,4,1,0.2,-0.06,1.23,0.02,-1.68,-0.06,-0.09,0.6,1,-0.51
UFC Vegas 15,Takashi Sato,Miguel Baeza,Favorite,4,1,2.67,0.08,1.37,0.09,-0.32,-0.09,0.4,1.8,-2,-1.17
UFC Vegas 15,Parker Porter,Josh Parisian,Underdog,-4,-4,2,0.02,1.44,0.1,0.37,-0.07,0.2,0.3,5,1.37
UFC Vegas 15,Bill Algeo,Spike Carlyle,Underdog,4,2,3.61,-0.02,0.67,0.17,-2.48,0.1,-0.01,-0.4,3,1.09
UFC Vegas 15,Norma Dumont,Ashlee Evans-Smith,Underdog,-1,0,-0.92,0.15,-2.7,0.13,0.96,0.46,0.22,0,-3,0.56
UFC Vegas 15,Jonathan Pearce,Kai Kamaka,Underdog,-5,-2,-0.36,0.03,1.86,0.01,-3.31,0.08,-0.06,-0.5,-3,-2.3
UFC Vegas 15,Anderson dos Santos,Martin Day,Underdog,5,3,1.27,0.2,-1.58,0.04,-0.26,0.46,-0.01,-0.2,-3,-0.8
UFC Vegas 15,Rachael Ostovich,Gina Mazany,Favorite,-3,-6,-1.19,-0.07,0.45,0.07,-2.31,0.31,0.33,0.6,-2,1.14
UFC Vegas 15,Malcolm Gordon,Su Mudaerji,Favorite,1,1,2.14,0.09,0.73,0.18,-1.43,0.65,0.4,-0.4,-6,-2.52
UFC Vegas 15,Nathan Maness,Luke Sanders,Underdog,-4,-5,4.28,0.04,0.08,0.1,-0.16,-0.45,-0.06,-0.1,6,-0.73
UFC Vegas 16,Jack Hermansson,Marvin Vettori,Favorite,1,3,0.53,-0.01,-0.55,0,-0.13,-0.15,0.11,-0.1,5,0.41
UFC Vegas 16,Ovince St Preux,Jamahal Hill,Favorite,1,-1,4.15,0.07,0.19,-0.01,-1.1,-0.36,0.06,-0.5,-8,1.05
UFC Vegas 16,Justin Jaynes,Gabriel Benitez,Favorite,1,3,1.92,-0.03,-0.84,0.01,-0.53,0.1,0.35,-0.2,1,-1.54
UFC Vegas 16,John Allan,Roman Dolidze,Favorite,1,1,-0.94,-0.03,-2.38,-0.01,-0.1,-0.31,-0.17,0.5,4,-1.3
UFC Vegas 16,Matt Wiman,Jordan Leavitt,Favorite,1,-3,0.62,-0.11,1.73,-0.06,-0.06,0.12,0.26,0.4,12,3.4
UFC Vegas 16,Jose Quinonez,Louis Smolka,Favorite,1,-1,1.07,0.02,1.11,-0.11,-1.01,-0.12,-0.1,1.2,-1,-0.48
UFC Vegas 16,Damon Jackson,Ilia Topuria,Favorite,4,2,-1.4,-0.05,-0.06,-0.14,0.59,-0.21,-0.52,0.1,8,1.9
UFC Vegas 16,Jake Collier,Gian Villante,Underdog,0,-2,-1.42,0,0.39,0.05,-0.26,-0.1,0.16,-0.6,3,-1.21
UFC 256,Brandon Moreno,Deiveson Figueiredo,Underdog,-2,-2,-0.86,0.11,-0.25,-0.09,-0.09,-0.04,-0.05,1.2,6,-0.82
UFC 256,Brandon Moreno,Deiveson Figueiredo,Underdog,-2,-2,-0.86,0.11,-0.25,-0.09,-0.09,-0.04,-0.05,1.2,6,-0.82
UFC 256,Brandon Moreno,Deiveson Figueiredo,Underdog,1,2,1.55,-0.08,1.21,0.04,-1.78,-0.05,0.12,-1.9,6,-0.82
UFC 256,Brandon Moreno,Deiveson Figueiredo,Underdog,1,2,1.55,-0.08,1.21,0.04,-1.78,-0.05,0.12,-1.9,6,-0.82
UFC 256,Virna Jandiroba,Mackenzie Dern,Favorite,1,-1,1.01,0.02,1.13,-0.06,-1.57,-0.21,-0.45,0.1,-4,-0.93
UFC 256,Kevin Holland,Ronaldo Souza,Underdog,-2,-9,-1.71,-0.02,-0.36,0.12,1.72,0.01,0.03,0.7,13,-0.13
UFC 256,Junior dos Santos,Ciryl Gane,Favorite,0,4,1,0.13,-1.14,0.07,0.28,-0.29,-0.31,0.4,-6,3.25
UFC 256,Cub Swanson,Daniel Pineda,Underdog,1,1,1.61,0.01,0.66,0.13,-0.62,0.27,0.13,-1.3,2,0.8
UFC 256,Renato Moicano,Rafael Fiziev,Favorite,3,1,-0.52,-0.03,-1.29,0.11,1.6,0.05,-0.17,0.6,4,0.35
UFC 256,Gavin Tucker,Billy Quarantillo,Underdog,4,4,3.07,0.12,1.39,-0.14,-1.89,-0.21,0.08,-0.4,-2,-1.01
UFC 256,Sam Hughes,Tecia Torres,Favorite,-4,-4,0.75,0.02,-0.92,0.05,-0.35,-0.16,0.08,0.1,3,-4.98
UFC 256,Peter Barrett,Chase Hooper,Favorite,3,1,0.9,-0.09,-0.99,-0.06,0.06,0.02,-0.11,2.3,-13,-2.25
UFC Vegas 17,Stephen Thompson,Geoff Neal,Underdog,1,0,-0.86,-0.04,-2.44,-0.03,-0.2,-0.03,-0.22,-0.1,8,0.05
UFC Vegas 17,Marlon Vera,Jose Aldo,Favorite,-1,0,-0.68,-0.03,-1.75,0.1,-0.02,0.14,0.21,-0.8,6,-0.55
UFC Vegas 17,Kalinn Williams,Michel Pereira,Favorite,1,-4,-0.65,0.15,-1.72,0.16,1.53,0.55,0.14,0.8,0,-0.13
UFC Vegas 17,Rob Font,Marlon Moraes,Underdog,-2,-4,-2.16,-0.05,0.88,-0.02,-0.02,0.06,0,0,0,-0.65
UFC Vegas 17,Marcin Tybura,Greg Hardy,Underdog,2,2,1.19,0.02,-0.04,0,-1.23,0,-0.15,-0.1,-3,-0.11
UFC Vegas 17,Alex Morono,Anthony Pettis,Favorite,-1,0,-1.82,0.07,-0.72,-0.04,0.29,0.28,0.05,0.7,4,-1.42
UFC Vegas 17,Pannie Kianzad,Sijara Eubanks,Underdog,3,-1,0.44,0.06,0.24,-0.04,-1.44,-0.11,0,-0.2,-7,0.69
UFC Vegas 17,Deron Winn,Antonio Arroyo,Underdog,-9,-3,1.73,-0.22,4.19,-0.04,3.14,0.11,-0.01,-0.2,0,0.88
UFC Vegas 17,Taila Santos,Gillian Robertson,Underdog,-1,-5,-0.78,-0.02,0.48,-0.02,0.53,-0.33,-0.43,-0.1,-1,-0.09
UFC Vegas 17,Jamie Pickett,Tafon Nchukwi,Favorite,2,3,-2.92,-0.05,-0.49,-0.04,0.5,-0.17,0.03,0.1,6,2.43
UFC Vegas 17,Cody Durden,Jimmy Flick,Favorite,0,1,-1.46,-0.01,2.31,-0.11,-3.05,-0.24,-0.66,5.1,0,-0.66
UFC Vegas 17,Carlton Minus,Christos Giagos,Favorite,0,-4,-0.47,0.01,-1.76,0,2.84,0.36,-0.06,0.4,3,-2.53
UFC FN,Calvin Kattar,Max Holloway,Favorite,0,-3,2.41,0.09,-2.03,0.05,-0.14,0.24,0.12,0.2,-4,-0.83
UFC FN,Matt Brown,Carlos Condit,Favorite,2,0,-0.1,-0.16,-0.25,0,-1.09,0,-0.25,-0.3,-3,-1.04
UFC FN,Li Jingliang,Santiago Ponzinibbio,Underdog,0,2,0.44,-0.01,0.83,0.04,-0.77,-0.11,0,0,1,-2.57
UFC FN,Alessio Di Chirico,Joaquin Buckley,Underdog,-2,2,0.93,-0.03,-0.32,-0.03,0.23,0.05,-0.14,0,-4,-1.98
UFC FN,Punahele Soriano,Dusko Todorovic,Underdog,-2,-2,-1.58,-0.12,0,0.02,-0.17,0.28,-0.12,0,1,0.69
UFC FN,Yanan Wu,Joselyne Edwards,Favorite,0,4,0.48,0.11,-1.59,0.01,0.38,0.03,0.01,0.1,0,0.01
UFC FN,Justin Tafa,Carlos Felipe,Favorite,0,1,0.79,-0.09,0.58,0.03,0,0,0.22,0,-1,-1.21
UFC FN,David Zawada,Ramazan Emeev,Favorite,2,-1,1.31,-0.04,2.4,-0.1,-1.4,0.04,-0.09,1,-4,1.75
UFC FN,Vanessa Melo,Sarah Moras,Underdog,2,2,-1.2,0.04,-2.55,-0.09,0.67,0.21,-0.38,0.8,0,-1.74
UFC FN,Jacob Kilburn,Austin Lingo,Favorite,1,-2,1.3,0.04,-1.92,0.22,-0.08,0.61,0.55,-0.5,1,-1.36
UFC 257,Dustin Poirier,Conor McGregor,Underdog,0,2,-0.13,-0.02,0.3,0.01,-0.66,0.19,0.03,-1.3,0,-2.35
UFC 257,Michael Chandler,Daniel Hooker,Underdog,4,4,0.19,0.02,0.18,0.05,-1.38,-0.04,0.09,-0.5,-4,-0.3
UFC 257,Jessica Eye,Joanne Wood,Favorite,0,1,-3.24,-0.14,-0.7,0.04,-0.94,-0.15,-0.01,0.2,-1,0.14
UFC 257,Andrew Sanchez,Makhmud Muradov,Favorite,1,1,-0.09,0,-2.53,0.11,0.48,0.3,-0.23,0.2,-2,-0.94
UFC 257,Marina Alcalde Rodriguez,Amanda Ribas,Underdog,-3,1,-0.19,-0.07,0.28,0.06,1.84,0.09,0.2,0.5,-7,2.25
UFC 257,Matt Frevola,Arman Tsarukyan,Favorite,2,-1,-0.08,-0.06,1.73,0.06,-0.66,0.03,-0.33,0.9,6,5.13
UFC 257,Antonio Carlos Junior,Brad Tavares,Favorite,-1,-5,1.43,0.01,1.01,0.03,-2.64,-0.13,0.28,-0.8,2,-0.44
UFC 257,Julianna Pena,Sara McMann,Underdog,0,-3,-0.9,-0.01,-0.38,-0.03,2.44,0.1,0.27,-0.3,9,-0.3
UFC 257,Marcin Prachnio,Khalil Rountree,Underdog,-2,2,-1.77,-0.16,0.88,-0.04,-0.17,-0.2,0,0.1,-1,-2.42
UFC 257,Nik Lentz,Movsar Evloev,Favorite,-1,4,0.99,0.01,-0.36,0.11,1.45,0.14,0.28,-1,-9,-5.27
UFC 257,Amir Albazi,Zhalgas Zhumagulov,Underdog,1,2,-2.44,-0.04,-2.79,0.11,0.41,0.14,-0.35,0.5,-5,0.16
UFC FN,Alistair Overeem,Alexander Volkov,Favorite,-3,0,-1.43,0.07,-0.56,0.03,0.93,-0.08,0,0.6,9,1.07
UFC FN,Frankie Edgar,Cory Sandhagen,Favorite,5,2,1.56,0.04,0.58,-0.07,-0.93,0.02,-0.01,0,-10,-3.22
UFC FN,Clay Guida,Michael Johnson,Underdog,3,3,1.63,0.06,0.82,-0.04,-2.51,0.05,0.14,-0.6,-5,-1.36
UFC FN,Manel Kape,Alexandre Pantoja,Favorite,0,-1,-0.71,-0.05,-0.54,-0.09,1.96,0.1,-0.09,0.4,4,-0.36
UFC FN,Beneil Dariush,Carlos Diego Ferreira,Underdog,-1,2,1.26,-0.09,0.78,-0.01,-0.94,-0.04,-0.2,-0.3,4,-0.19
UFC FN,Danilo Marques,Mike Rodriguez,Underdog,-2,5,2.91,-0.26,1.72,-0.11,-3.93,-0.28,0.37,-0.8,-3,-1.67
UFC FN,Justin Jaynes,Devonte Smith,Favorite,2,8,1.21,0.09,-1.42,-0.13,-0.4,-0.15,0.65,-0.8,-4,-2.58
UFC FN,Joselyne Edwards,Karol Rosa,Favorite,3,3,-1.63,-0.04,-1.42,0.01,-0.22,-0.12,-0.04,0.3,-1,1.69
UFC FN,Lara Fritzen Procopio,Molly McCann,Underdog,0,-5,0.15,-0.09,-1.56,0.16,-1.33,-0.09,-0.07,0.3,6,-0.75
UFC FN,Seung Woo Choi,Youssef Zalal,Underdog,-2,-2,-0.6,0.11,-1.29,0.18,1.41,-0.2,-0.09,1.3,-4,1.57
UFC FN,Martin Day,Timur Valiev,Favorite,4,6,-1.22,-0.08,0.46,0.08,-1.01,0.2,0.1,0.2,1,2.56
UFC FN,Jerome Rivera,Ode Osbourne,Favorite,-3,1,0.25,0.05,1.84,-0.07,1.27,0.27,0.24,0.2,3,-1.4
UFC Fight Night 185,Derrick Lewis,Curtis Blaydes,Underdog,1,1,1.05,0,-0.65,0.19,5.15,0.27,-0.21,0,-6,-3.1
UFC Fight Night 185,Yana Santos,Ketlen Vieira,Underdog,2,0,-1.12,-0.15,0.89,0.01,0.4,-0.09,0.5,0.5,-2,-1.92
UFC Fight Night 185,Darrick Minner,Charles Rosa,Underdog,2,0,0.45,-0.29,1.58,0.12,-0.73,-0.37,-0.28,-1.7,3,-1.13
UFC Fight Night 185,Aleksei Oleinik,Chris Daukaus,Favorite,-1,4,-2.76,-0.02,-0.84,-0.11,1.82,0.46,-0.63,1.9,12,0.9
UFC Fight Night 185,Nassourdine Imavov,Phil Hawes,Favorite,3,-2,-0.8,-0.05,-0.46,0.06,-1.24,-0.03,-0.14,1.3,-6,0.25
UFC Fight Night 185,Andrei Arlovski,Tom Aspinall,Favorite,-2,-1,-3.94,-0.21,0.43,-0.09,-3.08,-0.64,-0.24,-1.5,14,1.69
UFC Fight Night 185,Jared Gordon,Danny Chavez,Underdog,-1,-1,-2.53,-0.19,0.43,-0.07,0,0.2,0.25,0,2,-0.48
UFC Fight Night 185,Eddie Wineland,John Castaneda,Favorite,1,-2,-1.39,-0.21,-1.23,0.12,-1.58,-0.04,0.15,-0.1,7,0.3
UFC Fight Night 185,Nate Landwehr,Julian Erosa,Favorite,4,2,-0.11,0.02,0.54,-0.08,0.63,0.05,-0.28,-0.2,-1,-0.09
UFC Fight Night 185,Shana Dobson,Casey O'Neill,Favorite,0,0,-5.07,-0.17,-1.1,-0.06,-0.93,0.12,-0.52,-0.7,9,0.59
UFC Fight Night 185,Aiemann Zahabi,Drako Rodriguez,Underdog,0,-1,0.06,0.07,-0.79,0.13,-2.73,-0.5,0.04,-0.7,9,1
UFC Fight Night 185,Jared Vanderaa,Sergey Spivak,Favorite,-1,-2,-1.42,0.05,-1.88,0.04,4.38,0.14,0.5,0.5,-3,-1.63
UFC Fight Night 186,Jairzinho Rozenstruik,Ciryl Gane,Favorite,-2,-3,-2.05,-0.11,0.59,-0.16,-0.58,-0.21,0.25,-0.5,2,1.82
UFC Fight Night 186,Nikita Krylov,Magomed Ankalaev,Favorite,0,2,0.74,0.02,0.22,-0.15,1.27,0.07,-0.33,1.4,1,2.56
UFC Fight Night 186,Pedro Munhoz,Jimmie Rivera,Underdog,2,-3,1.29,0.03,2.33,-0.04,-0.37,-0.09,-0.1,0.4,3,0.59
UFC Fight Night 186,Kevin Croom,Alex Caceres,Favorite,-1,0,1.56,0.15,-0.01,0.21,0.06,0.63,0.34,0.2,-1,-1.07
UFC Fight Night 186,Thiago Moises,Alexander Hernandez,Underdog,0,2,1.86,0.01,0.47,0,-0.58,-0.13,0.03,-1.2,2,-1.5
UFC Fight Night 186,Alexis Davis,Sabina Mazo,Underdog,-1,-2,-1.47,0.06,0.1,-0.03,0.3,-0.36,-0.25,0.5,12,1.29
UFC Fight Night 186,Vince Cachero,Ronnie Lawrence,Favorite,-2,0,0.51,-0.11,4.76,-0.09,-6.75,-0.77,-0.27,0.3,3,0.85
UFC Fight Night 186,Maxim Grishin,Dustin Jacoby,Favorite,0,-2,2.27,-0.05,1.8,-0.01,0.15,0.09,-0.06,0,-4,-0.98
UFC 259,Jan Blachowicz,Israel Adesanya,Underdog,2,2,0.52,-0.02,0.2,0.03,-1.04,-0.36,0.09,-0.2,-7,-1.6
UFC 259,Megan Anderson,Amanda Nunes,Favorite,-4,-3,2.79,0.05,-0.73,0.2,2.21,0.29,0.29,0.2,1,-6.86
UFC 259,Aljamain Sterling,Petr Yan,Underdog,0,-4,0.53,0.01,2.06,0,-0.58,0.24,0.4,-0.6,-3,-0.07
UFC 259,Drew Dober,Islam Makhachev,Favorite,2,0,-1.88,0.2,-2.96,0.1,2.46,0.42,0.34,0.9,-3,-2.96
UFC 259,Thiago Santos,Aleksandar Rakic,Favorite,-2,-2,-0.54,-0.02,-0.23,0.03,0.12,0.08,-0.2,0,8,0.76
UFC 259,Dominick Cruz,Casey Kenney,Underdog,1,0,-0.94,-0.09,-2.06,0.12,1.73,0.07,0.22,-0.3,6,0.37
UFC 259,Kyler Phillips,Yadong Song,Underdog,0,-5,-1.23,-0.02,0.58,-0.06,-1.75,-0.06,-0.03,-0.3,-2,-0.76
UFC 259,Joseph Benavidez,Askar Askarov,Favorite,-2,-2,0.47,-0.2,-0.13,0.04,-1.19,0.06,-0.04,0.2,8,0.29
UFC 259,Rogerio Bontorin,Kai Kara-France,Favorite,1,-2,-1.94,0.13,0.03,-0.15,2.27,0.27,-0.37,1,1,0.42
UFC 259,Tim Elliott,Jordan Espinosa,Underdog,1,-3,-0.83,-0.08,-0.28,-0.01,2.98,0.19,-0.11,0.8,3,0.12
UFC 259,Kennedy Nzechukwu,Carlos Ulberg,Underdog,-1,-6,2.28,0.14,-1.3,0.02,0.35,0.3,-0.05,0.1,2,-1.74
UFC 259,Jake Matthews,Sean Brady,Favorite,-1,-1,0.47,0.08,0.99,0.01,1.7,0.17,0.25,0.6,2,-1.29
UFC 259,Livia Renata Souza,Amanda Lemos,Favorite,1,2,1.68,0.09,0.61,-0.12,-1.56,0.18,0.17,-0.7,4,1.57
UFC 259,Aalon Cruz,Uros Medic,Favorite,1,-7,-2.07,0.21,-5.7,0,0.38,0.5,0.55,0,-3,-0.82
UFC 259,Trevin Jones,Mario Bautista,Underdog,2,-1,3.56,0.11,-0.3,0.14,1.63,0.29,0.06,0.8,-3,-1.55
UFC 260,Stipe Miocic,Francis Ngannou,Favorite,0,-3,2.49,0.12,1.66,0.13,1.1,-0.28,-0.03,-0.3,4,0.48
UFC 260,Tyron Woodley,Vicente Luque,Favorite,-2,-1,-2.71,-0.04,-2.45,0.02,0.06,-0.13,0.25,-0.2,10,1.71
UFC 260,Thomas Almeida,Sean O'Malley,Favorite,-4,-2,-2.79,-0.18,1.41,-0.01,-0.18,-0.28,0.13,-0.3,3,2.42
UFC 260,Gillian Robertson,Miranda Maverick,Favorite,2,-2,-1.19,-0.01,0.52,-0.03,0.04,-0.03,0.03,0.6,3,0.83
UFC 260,Jamie Mullarkey,Khama Worthy,Underdog,1,0,0.21,-0.02,0.08,0.07,2.31,0.34,0.21,-0.6,-8,0.29
UFC 260,Fabio Cherant,Alonzo Menifield,Favorite,1,-2,-2.57,-0.17,1.32,-0.11,-0.67,-0.33,-0.75,-0.3,-7,2.34
UFC 260,Jared Gooden,Abubakar Nurmagomedov,Favorite,-1,-5,-2.3,0.04,-4.07,0.17,0.58,-0.78,0.23,-0.2,4,-1.62
UFC 260,Modestas Bukauskas,Michal Oleksiejczuk,Favorite,-3,-4,1.78,0.09,0.39,0.11,0.75,0.44,-0.23,0,-1,-0.94
UFC 260,Shane Young,Omar Morales,Favorite,3,1,-1.77,0,-2.28,0.06,-0.17,0.82,-0.01,0,8,-1.2
UFC 260,Abu Azaitar,Marc-Andre Barriault,Favorite,-4,2,-1.81,-0.04,-1.35,-0.01,0.78,0.12,-0.25,-0.1,4,0.26
UFC FN,Dominick Reyes,Jiri Prochazka,Favorite,1,-3,-1,-0.06,-1.66,0.07,-0.43,-0.32,0.12,0.1,3,0.34
UFC FN,Cub Swanson,Giga Chikadze,Favorite,-4,-4,0.62,0.07,0.4,-0.03,0.86,0.19,-0.08,0.2,5,0.89
UFC FN,Krzysztof Jotko,Sean Strickland,Favorite,0,-1,2.93,-0.01,2.1,0.05,-0.48,0.25,-0.05,0.1,-1,-1.73
UFC FN,Cody Stamann,Merab Dvalishvili,Favorite,0,4,0.11,-0.06,-1.26,-0.05,4.09,-0.03,0.04,0.3,-1,-1.71
UFC FN,Randa Markos,Luana Pinheiro,Favorite,2,1,-0.6,0.03,-1.07,-0.05,-1.12,-0.05,-0.14,0,7,0.94
UFC FN,T.J. Brown,Kai Kamaka,Underdog,-2,-3,1.59,0.13,2.4,0.06,-1.48,0.01,0.16,-1,-5,-0.77
UFC FN,Luana Carolina,Poliana Botelho,Underdog,2,-2,-1.73,0.09,-0.83,0.05,0.47,0.15,0,-0.6,5,-1.73
UFC FN,Sam Hughes,Loma Lookboonmee,Favorite,-4,-3,0.07,0.12,-2.03,-0.03,0.94,0.2,0.15,0.1,-3,-3
UFC FN,Felipe Colares,Luke Sanders,Underdog,2,2,-4.44,-0.07,0.28,-0.14,1.17,-0.06,-0.29,0.3,-8,0.66
UFC 262,Michael Chandler,Charles Oliveira,Favorite,2,3,-1.5,0.07,-1.38,0.05,0,0.02,-0.16,1.9,-4,-0.38
UFC 262,Tony Ferguson,Beneil Dariush,Favorite,1,4,1.16,-0.03,1.76,-0.02,-1.51,0.01,-0.13,0,5,1.03
UFC 262,Rogerio Bontorin,Matt Schnell,Underdog,-3,-3,-1.6,0.14,-1.29,-0.05,2.31,0.16,0.01,0,-2,0.79
UFC 262,Viviane Araujo,Katlyn Chookagian,Favorite,5,0,0.47,-0.13,-0.48,0.06,-1.45,-0.25,-0.28,-0.3,-2,-0.49
UFC 262,Edson Barboza,Shane Burgos,Underdog,0,0,3.29,0.08,2.13,0,-0.02,-0.06,0.19,0.3,-5,-0.41
UFC 262,Andre Muniz,Ronaldo Souza,Underdog,0,-6,0.56,-0.03,0.84,0.08,-1.66,-0.11,0.22,0.1,10,-0.07
UFC 262,Lando Vannata,Mike Grundy,Underdog,-2,1,-2.43,0,-0.31,0.01,2.97,-0.09,-0.19,0.1,5,-0.22
UFC 262,Jamie Pickett,Jordan Wright,Favorite,0,-3,1.45,0.09,2.41,-0.19,0.83,0.05,0.33,0.3,-3,-0.01
UFC 262,Andrea Lee,Antonina Shevchenko,Underdog,-2,2,0.83,-0.09,0.83,0.1,1.42,0.16,0.02,0.2,-4,0.28
UFC 262,Priscila Cachoeira,Gina Mazany,Underdog,-1,3,-0.03,0.06,-3.51,0.07,4.19,0.19,-0.32,0.2,0,-1.35
UFC 262,Kevin Aguilar,Tucker Lutz,Favorite,-1,1,0.22,-0.06,1.56,0.08,-1.83,-0.28,0.09,-0.2,6,0.17
UFC 262,Sean Soriano,Christos Giagos,Favorite,1,1,-0.15,-0.2,1.07,-0.06,1.51,-0.19,0,0.4,0,-1.41
UFC FN,Cody Garbrandt,Rob Font,Favorite,0,6,2.55,0.05,-0.11,-0.04,-0.14,0.01,-0.34,0.3,4,-0.03
UFC FN,Carla Esparza,Yan Xiaonan,Underdog,4,0,2.81,0.04,0.97,0.03,-2.22,0.38,0.15,-0.3,-2,-0.21
UFC FN,Jared Vanderaa,Justin Tafa,Underdog,-4,-6,-0.87,0.1,-0.65,0.02,-0.18,-0.5,0.3,0,-2,-1.02
UFC FN,Norma Dumont,Felicia Spencer,Underdog,-1,1,0.1,-0.01,2.65,-0.21,-0.73,-0.5,-0.45,0.2,0,-0.77
UFC FN,Ricardo Ramos,Bill Algeo,Underdog,-3,-1,-2.95,-0.15,-0.78,0.1,2.16,0.14,0.16,0.6,-6,0.24
UFC FN,Edmen Shahbazyan,Jack Hermansson,Favorite,-1,2,1.49,-0.08,-0.4,0.11,-0.71,-0.08,0.17,-0.2,9,-0.71
UFC FN,Chris Barnett,Ben Rothwell,Favorite,7,3,-0.7,-0.06,-1.24,0.07,0.68,0.34,0.37,0.4,5,-2.3
UFC FN,Claudio Silva,Court McGee,Favorite,0,-4,-2.12,0.05,-0.62,-0.15,1.01,0.01,-0.25,0.7,2,0.04
UFC FN,Victor Rodriguez,Bruno Silva,Favorite,-1,-2,1.46,0.09,-3.02,0.09,2.57,0.3,0.64,0.3,3,-2.53
UFC FN,Victor Rodriguez,Bruno Silva,Favorite,7,7,2.53,0.12,-0.66,-0.09,0.93,0.27,0.73,0,3,-2.53
UFC FN,Yilan Sha,Joshua Culibao,Favorite,2,4,0.92,-0.03,0.3,0.06,-2.9,-0.33,0.27,0.3,0,-1.75
UFC FN,Rafael Alves,Damir Ismagulov,Favorite,2,6,1.51,-0.06,-0.86,0.03,0.71,0.03,0.26,-1.5,0,-4.31
UFC 263,Marvin Vettori,Israel Adesanya,Favorite,4,6,-0.63,0.03,-1.13,0,-1.61,-0.31,0.08,-0.4,4,-1.85
UFC 263,Brandon Moreno,Deiveson Figueiredo,Underdog,-2,-2,-0.86,0.11,-0.25,-0.09,-0.09,-0.04,-0.05,1.2,6,-1.55
UFC 263,Nate Diaz,Leon Edwards,Favorite,-2,2,1.82,-0.08,1.43,-0.02,-0.2,-0.04,-0.29,0.9,7,4.5
UFC 263,Demian Maia,Belal Muhammad,Favorite,2,0,-2.75,0,-1.57,0.06,0.51,-0.11,-0.32,0.8,11,1.72
UFC 263,Paul Craig,Jamahal Hill,Underdog,-1,-3,-4.73,-0.08,-0.54,-0.02,1.68,0.2,-0.36,1.6,3,2.18
UFC 263,Brad Riddell,Drew Dober,Underdog,1,-1,-0.37,-0.13,0.7,-0.02,-1.06,-0.18,-0.07,0.1,3,-0.49
UFC 263,Darren Stewart,Eryk Anders,Favorite,-1,-1,-0.36,-0.02,-0.88,-0.02,-0.04,0.19,-0.12,0,-4,0.64
UFC 263,Lauren Murphy,Joanne Wood,Underdog,-1,2,-3.05,-0.12,0.36,0.04,-0.49,-0.3,0.11,-0.2,2,0.63
UFC 263,Hakeem Dawodu,Movsar Evloev,Favorite,1,1,1.02,0.02,0.48,-0.05,-4.75,-0.46,-0.06,-0.2,2,1.57
UFC 263,Alexis Davis,Pannie Kianzad,Favorite,1,-2,0.11,0,-0.78,-0.01,-0.49,-0.11,0.32,-0.6,-7,-1.26
UFC 263,Terrance McKinney,Matt Frevola,Underdog,-1,-2,-0.82,-0.08,0.94,0.14,-0.86,0.04,-0.43,-0.1,4,-1.87
UFC 263,Chase Hooper,Steven Peterson,Favorite,-3,-4,-0.32,-0.12,2.61,0.17,-0.03,0.02,0.09,-1.6,9,-0.13
UFC 263,Luigi Vendramini,Fares Ziam,Favorite,5,2,-0.12,0.08,-2.1,0.08,-0.3,0.08,-0.33,-0.4,-1,-0.42
UFC 263,Jake Collier,Carlos Felipe,Favorite,-3,-3,-0.92,0.01,0.52,0,-0.71,-0.33,0.05,-0.6,-6,-0.93
UFC FN,Thiago Moises,Islam Makhachev,Favorite,1,0,-0.01,0.2,-2.92,0.06,1.53,0.16,0.34,-0.3,3,-4.73
UFC FN,Marion Reneau,Miesha Tate,Favorite,0,-3,-0.58,0.04,-0.54,-0.08,1.4,-0.32,0.05,0.5,-9,-0.46
UFC FN,Jeremy Stephens,Mateusz Gamrot,Favorite,1,-1,-0.08,0.11,0.02,0.01,4.12,-0.03,0.25,-0.3,-4,-1.45
UFC FN,Dustin Stoltzfus,Rodolfo Vieira,Favorite,0,-2,-0.3,0.1,1.31,0.01,1.78,-0.1,0.54,0.9,2,-1.53
UFC FN,Billy Quarantillo,Gabriel Benitez,Underdog,2,-1,2.1,0.15,1.08,-0.2,1.02,-0.27,0.06,0.2,0,1.07
UFC FN,Preston Parsons,Daniel Rodriguez,Favorite,2,3,3.47,-0.05,2.1,0.05,-3.68,0.07,-0.17,-3,9,-1.85
UFC FN,Montserrat Ruiz,Amanda Lemos,Favorite,4,4,2.64,0.27,-0.75,0.07,-1.07,-0.2,0.24,-0.1,6,-3.93
UFC FN,Sergey Morozov,Khalid Taha,Underdog,-1,2,-0.37,-0.11,1.15,-0.15,-3.63,-0.31,-0.07,0.2,-2,-0.83
UFC FN,Malcolm Gordon,Francisco Figueiredo,Underdog,-1,-3,-0.46,0.16,0.59,0.18,0.79,0.4,0.5,-0.6,0,-2.32
UFC FN,Kelvin Gastelum,Jared Cannonier,Favorite,-2,-6,-1.13,-0.11,-0.9,-0.01,0.52,-0.12,-0.04,0.1,-8,0.48
UFC FN,Clay Guida,Mark O. Madsen,Favorite,1,2,0.92,0.16,0.96,-0.09,-0.27,0.3,-0.05,-0.6,-3,0.77
UFC FN,Parker Porter,Chase Sherman,Underdog,4,3,-0.51,-0.05,0.33,0.01,-1.26,0.24,0.08,-0.5,-5,-1.07
UFC FN,Saidyokub Kakhramonov,Trevin Jones,Underdog,1,-1,-0.08,0.14,-3.41,0.19,6.01,0.33,0.23,1.7,-5,0.68
UFC FN,Austin Hubbard,Vinc Pichel,Favorite,0,1,-0.49,0.01,-0.69,-0.01,1.03,0.04,-0.4,0.2,9,-0.34
UFC FN,Brandon Royval,Alexandre Pantoja,Favorite,-4,-1,0.08,0.13,0.55,0.04,2.14,-0.13,0.28,-0.3,3,-0.83
UFC FN,Austin Lingo,Luis Saldana,Underdog,1,3,1.3,0.13,-1.21,0.03,0.21,-0.49,-0.31,0.2,4,-0.13
UFC FN,Domingo Pilarte,Brian Kelleher,Favorite,-6,-7,2.08,-0.06,1.68,0.14,0.54,-0.01,0.06,-0.1,3,-0.88
UFC FN,Josiane Nunes,Bea Malecki,Underdog,7,7,0.85,0.02,1.71,0.09,0,0,0.2,1.1,2,-0.71
UFC FN,Fabio Cherant,William Knight,Favorite,-3,-1,1.27,0.16,-1.59,-0.03,1.78,0.4,0.48,0.4,7,-0.9
UFC FN,Ignacio Bahamondes,Roosevelt Roberts,Underdog,-1,-2,-4.1,-0.02,-1.26,-0.05,1.39,0.29,-0.33,0.5,4,-0.75
UFC FN,Sasha Palatnikov,Ramiz Brahimaj,Favorite,-3,0,-4.95,-0.12,-1.75,-0.07,0.89,-0.65,-0.26,1.6,-4,-0.81
UFC FN,Giga Chikadze,Edson Barboza,Underdog,-1,1,0.03,0.01,1.21,-0.06,0.22,0.17,0.03,-0.1,3,-0.24
UFC FN,Gilbert Urbina,Bryan Battle,Favorite,-2,2,-1.09,-0.06,-0.87,0,-1.89,-0.16,0.47,-0.2,1,-1.03
UFC FN,Brady Hiestand,Ricky Turcios,Favorite,1,0,2.15,-0.15,0.05,0.02,-3.06,-0.21,0.03,-0.1,5,-0.7
UFC FN,Daniel Rodriguez,Kevin Lee,Underdog,4,-3,3.42,0.08,1.68,0.06,-2.56,0.07,-0.12,-0.7,6,0.56
UFC FN,Micheal Gillmore,Andre Petroski,Favorite,1,1,1.46,-0.08,0.06,0.08,4.32,0.54,0.3,2.3,-5,-4.3
UFC FN,Gerald Meerschaert,Makhmud Muradov,Underdog,-1,2,-1.03,0.02,0.8,-0.08,-0.86,-0.28,-0.43,1.4,2,5.33
UFC FN,Abdul Razak Alhassan,Alessio Di Chirico,Underdog,-2,-1,0.05,0.09,0.55,-0.06,-0.57,-0.01,-0.33,0.2,4,1.67
UFC FN,Sam Alvey,Wellington Turman,Favorite,2,3,0.05,-0.07,-0.54,0.07,-1.49,-0.06,0.4,-0.7,11,0.29
UFC FN,Darren Stewart,Dustin Jacoby,Favorite,3,2,2.48,0.02,0.78,0.09,-1.39,-0.2,-0.07,-0.1,3,-1.24
UFC FN,Vanessa Demopoulos,J.J. Aldrich,Favorite,3,8,-0.1,0.05,-1.31,0.19,0.24,0.12,0.36,-0.6,-4,3.27
UFC FN,Pat Sabatini,Jamall Emmers,Underdog,-2,-4,-3.28,0.11,-2.51,-0.08,1.9,0.02,-0.4,1.7,-1,0.58
UFC FN,Guido Cannetti,Mana Martinez,Favorite,4,2,0.89,-0.07,2.1,-0.01,-1.55,-0.13,-0.39,0.1,-16,-2.02
UFC FN,Derek Brunson,Darren Till,Underdog,-1,-3,-1.21,-0.01,0.26,0.05,-2.59,0.13,-0.16,-0.6,-9,-0.95
UFC FN,Sergey Spivak,Tom Aspinall,Favorite,2,0,4.18,0.17,-1.02,0.17,-1.1,0.36,0.3,1.2,2,-1.72
UFC FN,David Zawada,Alex Morono,Favorite,1,3,-1.03,0.01,0.38,-0.03,0.65,0.11,0.02,1.3,0,0.68
UFC FN,Khalil Rountree,Modestas Bukauskas,Underdog,2,2,-0.56,0.02,-0.31,0,0,0,0.13,-0.1,-4,0.64
UFC FN,Luigi Vendramini,Paddy Pimblett,Favorite,-2,0,-2.31,-0.12,0.12,0.16,0.13,-0.1,0.44,-1,-1,0.51
UFC FN,Molly McCann,Ji Yeon Kim,Underdog,-3,-10,0.42,0.13,-0.47,0.07,1.82,0.38,-0.07,0.5,0,0.12
UFC FN,Liudvik Sholinian,Jack Shore,Favorite,-2,0,1.25,0.28,-3.35,0.01,3.1,0.38,0.1,0.7,-5,-3.78
UFC FN,Julian Erosa,Charles Jourdain,Underdog,-4,-5,-0.58,0,-1.98,0.1,-1.54,-0.36,-0.1,-0.2,-6,-1.07
UFC FN,Dalcha Lungiambula,Marc-Andre Barriault,Favorite,-5,2,-3.12,-0.02,-1.74,0,1.92,0.2,0.1,-0.1,2,0.8
UFC 266,Brian Ortega,Alex Volkanovski,Favorite,-2,2,2.09,0.18,-3.1,0.09,0.61,0.1,0.13,-1,2,-1.05
UFC 266,Lauren Murphy,Valentina Shevchenko,Favorite,0,-1,-0.77,0.13,-3.14,0.07,1.53,0.38,0.02,0.3,-4,-9.72
UFC 266,Nick Diaz,Robbie Lawler,Favorite,-2,-2,-1.86,0.05,0.83,0,-0.63,0.32,0.05,-1,2,-0.68
UFC 266,Jairzinho Rozenstruik,Curtis Blaydes,Favorite,2,2,0.09,0.01,-0.95,0.12,5.72,0.53,-0.44,0,-3,-2.42
UFC 266,Cynthia Calvillo,Jessica Andrade,Favorite,-3,-2,2.21,0.12,1.25,-0.09,0.57,0.11,-0.05,-0.5,-4,-1.82
UFC 266,Marlon Moraes,Merab Dvalishvili,Favorite,0,-1,-1.13,-0.01,2.16,-0.03,-5.56,0.05,-0.34,0,3,1.66
UFC 266,Nasrat Haqparast,Daniel Hooker,Favorite,2,3,-0.7,0.04,-0.49,-0.13,0.48,0.14,0.02,0.4,6,-0.62
UFC 266,Shamil Abdurakhimov,Chris Daukaus,Favorite,0,0,-3.64,-0.06,-1.62,0,1.01,0.23,-0.55,0.1,8,1.24
UFC 266,Roxanne Modafferi,Taila Santos,Favorite,1,1,-0.04,-0.18,3.06,-0.07,-0.65,-0.53,-0.56,-1,11,3.3
UFC 266,Jalin Turner,Uros Medic,Underdog,-2,-6,-0.09,0.12,-1.39,0.17,-0.41,-0.05,-0.19,-1.1,2,-0.19
UFC 266,Cody Brundage,Nick Maximov,Favorite,0,4,0.31,-0.09,0.34,0.03,1.83,-0.07,-0.33,-0.7,-4,-0.44
UFC 266,Martin Sano,Matt Semelsberger,Favorite,2,0,-0.22,0.1,-7.79,0.14,1.02,0.57,0.45,0.4,-1,-3.78
UFC 266,Jonathan Pearce,Omar Morales,Underdog,-1,2,-1.9,-0.14,-0.25,0.04,-4.78,0.5,0.05,-0.8,6,-0.8
UFC FN,Johnny Walker,Thiago Santos,Favorite,-4,-6,-0.09,-0.05,-0.26,0.09,0.42,-0.67,0.08,-0.8,8,-0.83
UFC FN,Alex Oliveira,Niko Price,Favorite,1,0,2.47,-0.09,3.05,0.02,-1.65,-0.18,0.01,0.1,-2,-0.73
UFC FN,Misha Cirkunov,Krzysztof Jotko,Favorite,2,0,0.88,0.09,0.83,0,2.82,0,-0.06,1.6,3,0.72
UFC FN,Jared Gordon,Joe Solecki,Underdog,0,2,-3.18,-0.01,-1.87,-0.05,0.7,0.1,-0.12,1.5,-5,-0.45
UFC FN,Antonina Shevchenko,Casey O'Neill,Favorite,2,-2,-4.55,0.01,-3.37,-0.04,-1.34,0.04,-0.13,-0.3,13,1.38
UFC FN,Bethe Correia,Karol Rosa,Favorite,0,3,1.97,0.13,-0.15,-0.07,0.83,0.27,-0.17,0,-11,-3.49
UFC FN,Jamie Mullarkey,Devonte Smith,Underdog,3,-2,-0.16,-0.07,0.62,0.04,1.96,0.09,-0.07,-0.2,-1,0.67
UFC FN,Shanna Young,Stephanie Egger,Favorite,1,-3,0.98,0.01,2.4,-0.09,-2.48,-0.42,0.03,0,-2,0.2
UFC FN,Johnny Eduardo,Alejandro Perez,Favorite,-1,-4,0.5,-0.04,-0.04,-0.02,0.32,0.02,0.12,-0.1,-11,-1.48
UFC FN,Paulo Costa,Marvin Vettori,Favorite,1,-2,1.64,0.13,2.14,-0.09,-1.21,0.3,0.11,-0.5,3,1.08
UFC FN,Joselyne Edwards,Jessica-Rose Clark,Favorite,-3,-6,-0.98,-0.01,0.15,0.08,0.66,0.09,-0.02,0,8,-0.76
UFC FN,Alex Caceres,Seung Woo Choi,Underdog,2,1,-0.73,-0.11,-0.07,-0.15,0.33,-0.14,0.05,-0.7,-4,2.07
UFC FN,Dwight Grant,Francisco Trinaldo,Favorite,-4,-6,-0.16,0.09,0.01,0,0.37,-0.58,-0.06,0.5,6,-0.45
UFC FN,Ike Villanueva,Nick Negumereanu,Favorite,-1,5,-0.08,0.03,-1.68,0.03,0.42,-0.22,-0.38,0,-11,-1.61
UFC FN,Jun Yong Park,Gregory Rodrigues,Favorite,5,2,1.55,0.05,2,-0.02,0.63,-0.05,0.43,-0.6,-1,0.39
UFC FN,David Onama,Mason Jones,Favorite,-1,0,0.57,-0.04,-0.16,-0.06,2.49,0.28,0.28,-0.5,0,-3.24
UFC FN,Maria Oliveira,Tabatha Ricci,Favorite,-5,-8,-0.75,-0.01,-0.82,0.16,2.04,-0.09,0.3,0.2,2,-1.88
UFC FN,Jamie Pickett,Laureano Staropoli,Underdog,-1,-9,0.66,-0.13,0.11,0.04,-0.43,-0.14,-0.19,-0.1,-4,-1.48
UFC FN,Khama Worthy,Jai Herbert,Favorite,-2,-3,1.49,0.07,1.3,0.01,-0.2,-0.1,0,0.7,1,0.99
UFC FN,Daniel Lacerda,Jeff Molina,Favorite,0,-1,3.3,0.03,-3.24,0.21,-2.32,-0.5,0.66,-1.2,-1,-0.83
UFC FN,Randa Markos,Livia Renata Souza,Underdog,-1,0,-1.22,0.02,0.5,-0.02,1.42,0.17,-0.12,1.2,-5,-0.38
UFC FN,Jonathan Martinez,Zviad Lazishvili,Underdog,-2,-1,-0.34,-0.1,2.26,-0.06,-0.41,-0.35,-0.68,-0.1,2,-0.15
UFC 267,Glover Teixeira,Jan Blachowicz,Underdog,0,2,-0.32,0.01,-1.52,0.02,-1.02,0.17,0.08,-0.6,-3,-2.32
UFC 267,Cory Sandhagen,Petr Yan,Favorite,4,3,0.19,-0.09,-0.96,0,-0.37,-0.18,-0.21,0.2,1,1.5
UFC 267,Daniel Hooker,Islam Makhachev,Favorite,-2,-5,-2.62,0.12,-3.49,0.1,2.38,0.26,0.1,0.6,-2,-4.8
UFC 267,Marcin Tybura,Alexander Volkov,Favorite,4,2,1.5,0.09,-0.35,-0.01,-0.94,0.3,-0.06,0.1,-3,-2.19
UFC 267,Li Jingliang,Khamzat Chimaev,Favorite,-2,-4,-1.26,-0.16,0.38,0.15,-2.74,-0.05,-0.4,-2.7,6,4.67
UFC 267,Volkan Oezdemir,Magomed Ankalaev,Favorite,1,0,-0.95,0.06,-1.67,0.04,0.45,-0.02,0.06,-0.1,-3,-2.31
UFC 267,Virna Jandiroba,Amanda Ribas,Favorite,0,2,2.33,0.02,0.44,0.04,-0.29,0.15,0.12,-0.5,-5,-0.79
UFC 267,Ricardo Ramos,Zubaira Tukhugov,Favorite,1,4,0.04,-0.02,0.67,-0.06,0.89,0.21,-0.28,0.7,-5,0.86
UFC 267,Roman Kopylov,Albert Duraev,Favorite,1,0,1.67,0.14,1.09,0.01,-1.55,0.21,0.21,-0.6,-2,3.21
UFC 267,Benoit Saint-Denis,Elizeu Zaleski dos Santos,Favorite,0,0,-1.18,-0.12,-1.65,0.15,-4.33,-0.24,-0.01,-1.1,9,-1.8
UFC 267,Michal Oleksiejczuk,Shamil Gamzatov,Underdog,-2,-2,-0.29,0.02,0.8,0.1,0.75,0.44,-0.02,0,-4,0.14
UFC 267,Makwan Amirkhani,Lerone Murphy,Favorite,1,-1,-3.68,-0.1,0.38,-0.14,2.37,-0.09,-0.11,0.5,3,2.19
UFC 267,Hu Yaozong,Andre Petroski,Favorite,3,-1,-0.15,-0.01,2.01,-0.16,-4.32,-0.54,-0.47,-1.9,-3,1.52
UFC 267,Allan Nascimento,Tagir Ulanbekov,Favorite,-1,1,0.01,-0.16,1.02,0.01,2.16,0.2,0.45,1.2,0,-2.92
UFC FN,Yair Rodriguez,Max Holloway,Favorite,0,-2,2.52,0.02,0.73,0.07,-0.44,0.26,0.26,-0.4,1,-4.82
UFC FN,Marcos Rogerio de Lima,Ben Rothwell,Underdog,3,3,0.01,-0.15,1.73,-0.04,-0.72,-0.11,0.11,-0.1,4,-0.85
UFC FN,Leah Letson,Felicia Spencer,Favorite,-1,-3,0.15,0.07,0.7,-0.07,0.67,-0.32,-0.49,0.2,2,-2.7
UFC FN,Kalinn Williams,Miguel Baeza,Underdog,2,-3,-0.93,0.1,-0.32,0.11,0.44,0.28,0.2,1.8,1,-0.68
UFC FN,Julio Arce,Yadong Song,Favorite,1,-3,0.13,0.07,0.91,-0.13,0.2,0.12,-0.24,-0.1,-8,-0.48
UFC FN,Joel Alvarez,Thiago Moises,Underdog,-6,-7,-1.18,-0.06,0.82,0.05,1.64,0.44,0.45,0,-2,-1.93
UFC FN,Andrea Lee,Cynthia Calvillo,Underdog,-2,-5,-0.28,-0.08,0.36,0.02,-0.05,-0.14,0.22,0.2,1,-0.23
UFC FN,Collin Anglin,Sean Woodson,Favorite,5,7,0.99,-0.02,-1.35,0.07,-1.62,-0.04,-0.16,0.4,0,-2.82
UFC FN,Liana Jojua,Cortney Casey,Favorite,3,5,1.87,0.09,-1.32,0.01,-1.32,-0.35,-0.11,-0.8,8,-2.54
UFC FN,Rafael Alves,Marc Diakiese,Underdog,2,5,0.69,-0.08,-0.66,-0.06,3,0.18,0.22,-1.5,-2,-2.01
UFC FN,Kennedy Nzechukwu,Da Un Jung,Favorite,-1,5,-1.64,-0.02,-1.01,0.01,1.3,0.05,-0.03,0,-1,-0.21
UFC FN,Ketlen Vieira,Miesha Tate,Underdog,-2,-3,-0.42,0.04,-0.94,0,0.51,-0.13,-0.37,0.7,5,-0.02
UFC FN,Michael Chiesa,Sean Brady,Favorite,3,3,-1.9,-0.13,-1.85,-0.07,0.04,-0.07,-0.27,-0.2,5,1.13
UFC FN,Joanne Wood,Taila Santos,Favorite,0,-3,3.71,0.03,2.25,-0.07,-0.48,-0.21,-0.28,-0.8,8,3.32
UFC FN,Rani Yahya,Kyung Ho Kang,Underdog,-3,-6,-1.64,-0.1,-1.25,-0.05,0.86,-0.27,-0.39,1,3,0.18
UFC FN,Davey Grant,Adrian Yanez,Favorite,-1,1,1.74,-0.01,1.93,0.02,-1.26,-0.41,0.39,-0.2,-8,-2.07
UFC FN,Pat Sabatini,Tucker Lutz,Underdog,0,-2,-1.72,0.13,-1.71,0.05,1.74,-0.02,-0.19,1.7,4,0.15
UFC FN,Natan Levy,Rafa Garcia,Favorite,-2,-1,0.49,-0.1,1.02,0.03,-1.42,-0.14,0.38,-0.2,-3,-0.09
UFC FN,Loma Lookboonmee,Lupita Godinez,Favorite,1,0,0.03,-0.09,1.1,0.1,1.14,-0.04,0.12,0.9,2,0.67
UFC FN,Qileng Aori,Cody Durden,Favorite,0,0,-2.15,0.01,-3.14,0.04,3.39,0.04,0.08,0.3,3,-0.8
UFC FN,Yilan Sha,Sean Soriano,Underdog,1,1,0.9,0.16,-0.8,0.06,-1.57,0.22,0.12,0,4,2.07
UFC FN,Sam Hughes,Luana Pinheiro,Favorite,3,2,0.46,0.05,0.34,-0.07,-1.28,-0.03,-0.09,-0.2,0,3.22
UFC Fight Night: Kattar vs. Chikadze,Calvin Kattar,Giga Chikadze,Underdog,-1,-2,0.68,-0.04,3.31,-0.08,0.16,-0.04,0.03,-0.1,1,1.35
UFC Fight Night: Kattar vs. Chikadze,Chase Sherman,Jake Collier,Favorite,1,0,0.24,0.01,1.57,0.02,-0.62,0.17,0.07,-0.6,-1,0.51
UFC Fight Night: Kattar vs. Chikadze,Rogerio Bontorin,Brandon Royval,Favorite,4,1,1.7,-0.16,0.15,-0.04,-2.43,0,-0.11,0.1,-1,-0.84
UFC Fight Night: Kattar vs. Chikadze,Jennifer Maia,Katlyn Chookagian,Favorite,5,4,0.23,-0.04,-0.04,0.07,-0.11,-0.12,-0.08,0.2,0,-1.5
UFC Fight Night: Kattar vs. Chikadze,Dakota Bush,Viacheslav Borshchev,Favorite,-1,4,-2.41,-0.2,-0.07,-0.13,2.4,0.33,-0.35,0,-3,1.32
UFC Fight Night: Kattar vs. Chikadze,Bill Algeo,Joanderson Brito,Underdog,-4,-1,-2.81,-0.01,-1.87,-0.01,2.25,0.3,0.06,0.5,-5,-0.76
UFC Fight Night: Kattar vs. Chikadze,Jamie Pickett,Joseph Holmes,Underdog,2,0,0.23,0.06,-0.54,0.04,0.23,0,-0.17,0.7,-7,-0.87
UFC Fight Night: Kattar vs. Chikadze,Court McGee,Ramiz Brahimaj,Underdog,1,3,2.86,-0.04,-0.07,0.16,0.23,-0.1,0.25,-1.2,8,0.17
UFC Fight Night: Kattar vs. Chikadze,Kevin Croom,Brian Kelleher,Favorite,-5,-7,0.74,0.07,1.54,0.13,1.26,0.36,0.3,0.2,1,-3.55
UFC Fight Night: Kattar vs. Chikadze,Charles Rosa,T.J. Brown,Favorite,0,3,0.29,0.08,-0.97,0.02,1.74,0.22,-0.02,0.3,-3,1.5
UFC 270,Francis Ngannou,Ciryl Gane,Underdog,0,2,-3.16,-0.19,-0.03,-0.22,0.18,0.41,0.21,-0.2,3,0.6
UFC 270,Deiveson Figueiredo,Brandon Moreno,Underdog,2,2,0.86,-0.11,0.25,0.09,0.09,0.04,0.05,-1.2,-6,-1.09
UFC 270,Andre Fialho,Michel Pereira,Favorite,1,-1,1.86,0.13,-2.56,0.13,1.28,-0.45,0.28,0.8,0,-2.14
UFC 270,Cody Stamann,Said Nurmagomedov,Favorite,-2,-6,0.84,0,1.5,0.05,1.33,0.23,0.1,-1.4,2,1.11
UFC 270,Michael Morales,Trevin Giles,Underdog,0,5,2.01,-0.09,1.38,-0.06,0.05,-0.09,0.2,-0.3,-7,0.09
UFC 270,Victor Henry,Raoni Barcelos,Underdog,0,1,3.12,0.03,0.83,-0.14,-1.86,-0.32,-0.02,-0.1,0,4.03
UFC 270,Pete Rodriguez,Jack Della Maddalena,Favorite,2,2,-2.54,0.1,-8.56,0.24,0.21,0.16,-0.3,0.2,0,-2.65
UFC 270,Saimon Oliveira,Tony Gravely,Favorite,1,-3,1,0.07,0.56,-0.04,4.19,0.16,0.17,-1.3,-1,-1.95
UFC 270,Genaro Valdez,Matt Frevola,Favorite,0,-1,-0.37,0.12,-3.59,0.11,1.05,-0.04,0.06,0.5,1,-1.38
UFC 270,Silvana Gomez Juarez,Vanessa Demopoulos,Favorite,-1,-6,-0.28,0.09,1.65,-0.2,0.42,0.11,0,0.6,-4,-0.53
UFC 270,Jasmine Jasudavicius,Kay Hansen,Underdog,-5,-5,-0.94,0.05,-0.84,0,-0.33,-0.15,-0.43,0.4,-11,-1.18
UFC 271,Robert Whittaker,Israel Adesanya,Favorite,4,7,-0.64,0.06,-0.34,-0.03,-0.76,-0.24,-0.05,0.1,1,-2.29
UFC 271,Tai Tuivasa,Derrick Lewis,Underdog,1,4,-1.48,0.01,-2.57,-0.03,0.57,0.26,-0.05,0,8,-1.03
UFC 271,Derek Brunson,Jared Cannonier,Favorite,2,0,-1.17,-0.05,-1.08,-0.08,2.7,-0.09,0.22,0.6,0,0.85
UFC 271,Alexander Hernandez,Renato Moicano,Favorite,-2,0,-0.05,-0.07,0.98,-0.05,-0.83,-0.14,-0.13,-0.5,-4,0.83
UFC 271,Nasrat Haqparast,Bobby Green,Favorite,0,-1,0.67,0.08,-1.5,-0.02,0.88,0.18,-0.04,0.3,9,-0.69
UFC 271,Jared Vanderaa,Andrei Arlovski,Favorite,-1,-3,-1.18,0.01,-2.47,0.12,0.2,-0.14,0.56,0.2,13,-0.81
UFC 271,Roxanne Modafferi,Casey O'Neill,Favorite,1,0,-5.06,-0.24,-0.6,-0.05,-0.42,-0.15,-0.36,-0.6,15,3.01
UFC 271,Marcelo Rojo,Kyler Phillips,Favorite,0,1,0.8,0.06,-3.04,0.06,1.95,-0.04,0.09,0.5,-7,-3.71
UFC 271,Fabio Cherant,Carlos Ulberg,Favorite,3,3,6.06,0.19,-1.29,0.14,0.95,0.75,0.75,0.3,4,-1.9
UFC 271,Mana Martinez,Ronnie Lawrence,Favorite,-2,-2,-1.55,0.08,-3.19,0.02,6.03,0.35,0.2,-0.3,3,-2.42
UFC 271,Jacob Malkoun,AJ Dobson,Underdog,4,3,0.43,-0.1,2.83,-0.06,-4.95,0.33,0.45,-0.1,4,-0.32
UFC 271,Douglas Silva de Andrade,Sergey Morozov,Underdog,1,1,0.65,-0.05,1.02,-0.03,-3.02,0.15,0.02,0.2,4,1.52
UFC 271,Mike Mathetha,Jeremiah Wells,Favorite,-2,-2,-0.71,-0.12,-0.86,0,3.08,0.44,0.07,0.8,2,1.55
UFC 271,William Knight,Maxim Grishin,Favorite,-5,-5,-0.64,0.04,1.03,-0.23,1.57,0.24,-0.18,0.4,-4,0.88
UFC Fight Night: Green vs. Makhachev,Bobby Green,Islam Makhachev,Favorite,0,1,3.99,-0.08,2.48,0.01,-1.98,-0.22,-0.16,-0.7,5,6.47
UFC Fight Night: Green vs. Makhachev,Wellington Turman,Misha Cirkunov,Underdog,-3,-5,-0.63,0,1.11,-0.12,-2.6,-0.19,-0.34,-0.9,-10,0.51
UFC Fight Night: Green vs. Makhachev,Priscila Cachoeira,Ji Yeon Kim,Underdog,0,7,1.61,-0.08,-1.62,0.13,-0.15,-0.33,-0.15,0.1,-1,-1.38
UFC Fight Night: Green vs. Makhachev,Joel Alvarez,Arman Tsarukyan,Favorite,-8,-5,0.14,0.02,-1.53,0.03,3.25,0.37,0.64,-1.3,-4,-1.55
UFC Fight Night: Green vs. Makhachev,Armen Petrosyan,Gregory Rodrigues,Underdog,0,4,0.39,0.03,2.4,-0.05,2.24,0.12,0.69,0.5,-1,-0.94
UFC Fight Night: Green vs. Makhachev,Zhu Rong,Ignacio Bahamondes,Favorite,6,3,1.68,-0.04,-1.22,0.12,-2.09,-0.62,0,0.2,2,-1.75
UFC Fight Night: Green vs. Makhachev,Ramona Pascual,Josiane Nunes,Favorite,-5,1,2.12,-0.13,-3.18,0.07,-1.81,-0.19,-0.42,0,-5,-1.47
UFC Fight Night: Green vs. Makhachev,Terrance McKinney,Fares Ziam,Underdog,-3,-2,1.83,0.02,0.91,-0.2,2.64,0.13,0.18,0.8,2,0.31
UFC Fight Night: Green vs. Makhachev,Alejandro Perez,Jonathan Martinez,Favorite,-2,-3,-1.09,-0.14,-0.69,0.04,0.13,-0.13,0.02,0.2,4,2.19
UFC Fight Night: Green vs. Makhachev,Micheal Gillmore,Ramiz Brahimaj,Favorite,-1,0,-0.3,-0.16,0.67,0.02,1.61,0.35,-0.06,1.6,-6,-3.01
UFC Fight Night: Green vs. Makhachev,Victor Altamirano,Carlos Hernandez,Favorite,0,3,-0.4,0.11,-0.84,0.08,2.32,0.24,-0.02,-0.3,3,0.58
UFC 272,Jorge Masvidal,Colby Covington,Favorite,0,-2,-0.17,-0.09,-0.07,-0.09,2.41,-0.15,-0.05,-0.1,-3,-2.42
UFC 272,Renato Moicano,Rafael dos Anjos,Favorite,-3,-2,-0.9,-0.01,-0.47,0,0.06,-0.1,-0.17,0,4,1.08
UFC 272,Edson Barboza,Bryce Mitchell,Favorite,1,5,1.81,-0.14,3.02,-0.02,-3,0.09,0.39,-1.5,9,0.93
UFC 272,Alex Oliveira,Kevin Holland,Favorite,4,5,1.25,-0.02,0.64,0.04,-1.5,0,-0.09,0,-5,-3.99
UFC 272,Greg Hardy,Sergey Spivak,Favorite,-2,-2,-1.25,-0.01,0.48,-0.06,4.36,0.31,0.06,0.5,-6,1.05
UFC 272,Jamie Mullarkey,Jalin Turner,Favorite,3,3,1.21,0.02,0.04,-0.12,-1.52,0.21,-0.04,1,0,-0.75
UFC 272,Yan Xiaonan,Marina Alcalde Rodriguez,Favorite,1,2,-0.15,0.03,-0.54,-0.03,-0.77,-0.31,0.03,0.2,3,-2.24
UFC 272,Nick Negumereanu,Kennedy Nzechukwu,Underdog,5,5,1.55,0.04,-0.66,0.11,-0.42,0.17,0.18,0.2,2,0.45
UFC 272,Maryna Moroz,Mariya Agapova,Underdog,-1,1,0.25,0.22,-1.07,0.01,-0.11,0.42,0.05,0.3,-5,-0.94
UFC 272,Brian Kelleher,Umar Nurmagomedov,Favorite,-2,-3,-1.36,-0.28,4.08,-0.22,-2.77,-0.15,-0.4,0.1,9,7.39
UFC 272,Tim Elliott,Tagir Ulanbekov,Underdog,0,-4,0.17,-0.01,-0.64,0.05,0.02,0.01,-0.02,-1.1,5,1.56
UFC 272,Ludovit Klein,Devonte Smith,Underdog,2,4,0.59,-0.02,0.17,-0.04,-1.42,-0.22,0.02,0.3,1,-0.63
UFC 272,Michal Oleksiejczuk,Dustin Jacoby,Favorite,3,2,0.47,-0.03,-0.19,-0.04,-0.39,-0.19,0.12,0,7,-1.29
UFC Fight Night: Santos vs. Ankalaev,Thiago Santos,Magomed Ankalaev,Favorite,-1,1,0.08,-0.05,0.32,-0.06,-0.14,0.02,-0.21,0.1,9,5.04
UFC Fight Night: Santos vs. Ankalaev,Marlon Moraes,Yadong Song,Favorite,2,0,1.12,0.03,-0.57,0.01,-0.21,-0.01,0.26,-0.1,-10,2.13
UFC Fight Night: Santos vs. Ankalaev,Alex Caceres,Sodiq Yusuff,Favorite,-1,-2,1.45,0,1.42,-0.09,-0.26,-0.48,-0.02,-0.3,-4,-2
UFC Fight Night: Santos vs. Ankalaev,Khalil Rountree,Karl Roberson,Underdog,0,-2,-1.27,0.12,-1.76,0.07,0.72,0.4,-0.16,0.4,-1,0.66
UFC Fight Night: Santos vs. Ankalaev,Terrance McKinney,Drew Dober,Favorite,-2,-3,-0.19,-0.1,1.6,0.06,-2.74,-0.18,-0.29,-0.9,6,-0.73
UFC Fight Night: Santos vs. Ankalaev,Bruno Silva,Alex Pereira,Favorite,-12,-14,-2.05,-0.16,-0.56,0.09,2.39,-0.7,-0.06,-0.1,-2,1.35
UFC Fight Night: Santos vs. Ankalaev,Bruno Silva,Alex Pereira,Favorite,-4,-5,-0.98,-0.13,1.8,-0.09,0.75,-0.73,0.03,-0.4,-2,1.35
UFC Fight Night: Santos vs. Ankalaev,A.J. Fletcher,Matt Semelsberger,Favorite,3,8,0.42,-0.06,-0.4,0.08,-0.52,0.22,0.12,-0.5,4,-1.12
UFC Fight Night: Santos vs. Ankalaev,J.J. Aldrich,Gillian Robertson,Underdog,0,-4,-1.27,0,-1.26,-0.04,1.87,0.2,-0.23,1,-2,0.28
UFC Fight Night: Santos vs. Ankalaev,Trevin Jones,Javid Basharat,Favorite,-2,1,-3.29,-0.16,1.32,-0.23,-1.08,-0.25,-0.25,0,5,1.02
UFC Fight Night: Santos vs. Ankalaev,Kamuela Kirk,Damon Jackson,Favorite,1,-4,-0.22,-0.09,-2.58,0.11,1.01,0.09,-0.07,0.2,5,-0.3
UFC Fight Night: Santos vs. Ankalaev,Sabina Mazo,Miranda Maverick,Favorite,4,5,2.3,-0.04,1.75,-0.02,-1.84,0.34,0.19,-0.2,1,2.74
UFC Fight Night: Santos vs. Ankalaev,Cody Brundage,Dalcha Lungiambula,Underdog,-4,4,1.45,-0.09,1.63,0.09,-0.19,-0.07,0.09,-0.9,6,-0.5
UFC Fight Night: Santos vs. Ankalaev,Guido Cannetti,Kris Moutinho,Underdog,-1,0,-1.42,0.23,-12.64,0.23,2.27,0.55,0.64,0.4,13,0.78
UFC Fight Night: Santos vs. Ankalaev,Tafon Nchukwi,Azamat Murzakanov,Favorite,2,6,1,-0.05,0.99,-0.03,0.01,0.41,-0.19,0,-6,1.31
UFC Fight Night: Volkov vs. Aspinall,Alexander Volkov,Tom Aspinall,Favorite,-2,-2,2.62,0.09,-0.23,0.12,2.97,0.37,0.27,1.5,-4,-0.35
UFC Fight Night: Volkov vs. Aspinall,Daniel Hooker,Arnold Allen,Favorite,-4,-5,-1.69,-0.08,-1.85,0.1,0.23,0.16,-0.05,0,-4,0.03
UFC Fight Night: Volkov vs. Aspinall,Rodrigo Vargas,Paddy Pimblett,Favorite,2,2,1.48,-0.01,1.93,-0.16,0.58,0,0.26,1.2,-9,-5.07
UFC Fight Night: Volkov vs. Aspinall,Takashi Sato,Gunnar Nelson,Favorite,1,-1,-0.37,0.2,-0.73,0.05,1.14,0.22,0.06,1,2,-4.8
UFC Fight Night: Volkov vs. Aspinall,Luana Carolina,Molly McCann,Favorite,-2,-7,1.16,0,1.31,0.14,1.44,-0.04,-0.33,0,4,-0.73
UFC Fight Night: Volkov vs. Aspinall,Jai Herbert,Ilia Topuria,Favorite,6,8,-1.71,-0.05,-0.2,-0.2,-1.72,-0.46,-0.35,-1.3,9,4.32
UFC Fight Night: Volkov vs. Aspinall,Makwan Amirkhani,Mike Grundy,Underdog,-3,0,0.76,0.01,1.47,0.1,0.1,-0.15,0.15,-0.7,2,-2.11
UFC Fight Night: Volkov vs. Aspinall,Shamil Abdurakhimov,Sergey Pavlovich,Favorite,0,8,5.8,0.04,1.59,0,-1.01,-0.23,0.3,-0.1,-10,2.64
UFC Fight Night: Volkov vs. Aspinall,Paul Craig,Nikita Krylov,Underdog,0,1,1.93,0.09,-0.5,0,0.61,0.18,0.16,-0.2,-4,-1.38
UFC Fight Night: Volkov vs. Aspinall,Timur Valiev,Jack Shore,Favorite,2,4,-1.44,0.05,-1.01,0.11,1.37,-0.02,0.21,0.4,-5,-0.3
UFC Fight Night: Volkov vs. Aspinall,Elise Reed,Cory McKenna,Underdog,0,5,-0.34,0.09,-0.13,0.04,-1.64,0.02,-0.29,-0.4,7,2.49
UFC Fight Night: Volkov vs. Aspinall,Cody Durden,Muhammad Mokaev,Favorite,0,3,-1.63,-0.03,-1.53,0.06,0.91,-0.09,-0.66,0.7,-10,-4.3
UFC 273,Chan Sung Jung,Alex Volkanovski,Favorite,-1,-1,2.23,0.15,-1.08,0.06,1.08,-0.07,-0.02,-0.4,-2,-4.82
UFC 273,Aljamain Sterling,Petr Yan,Underdog,0,4,-0.53,-0.01,-2.06,0,0.58,-0.24,-0.4,0.6,3,3.23
UFC 273,Gilbert Burns,Khamzat Chimaev,Favorite,-4,-4,-2.43,-0.1,-0.04,0.12,-1.75,-0.08,-0.5,-2.2,7,4.05
UFC 273,Tecia Torres,Mackenzie Dern,Favorite,3,3,-1.47,-0.07,0.5,-0.1,0.18,0.01,-0.37,1.2,-3,-0.23
UFC 273,Mark O. Madsen,Vinc Pichel,Underdog,2,0,0.06,-0.03,-0.92,0.03,-0.08,-0.12,-0.37,0.2,2,-0.17
UFC 273,Darian Weeks,Ian Garry,Favorite,4,2,1.78,0.04,-1.07,0.02,-1.45,0.45,-0.31,0,-4,-3.47
UFC 273,Josh Fremd,Anthony Hernandez,Favorite,4,1,-1.37,-0.16,-0.83,0.02,-5.78,-0.24,-0.32,-1.6,0,1.07
UFC 273,Aspen Ladd,Raquel Pennington,Favorite,1,1,0.36,0.05,-1.36,0.13,-0.66,-0.2,0.01,0.1,6,-0.85
UFC 273,Mickey Gall,Mike Malott,Favorite,1,1,-0.89,0,0.92,-0.03,-1.83,-0.3,0.2,0.9,0,0.85
UFC 273,Aleksei Oleinik,Jared Vanderaa,Underdog,2,0,1.67,-0.04,1.87,0.01,-1.64,0.04,-0.17,-1.9,-14,-0.58
UFC 273,Kay Hansen,Piera Rodriguez,Favorite,-1,0,-0.63,0.03,0.35,-0.07,-1.28,-0.19,-0.29,0.8,-7,0.24
UFC 273,Daniel Santos,Julio Arce,Favorite,0,3,0.1,-0.01,-2.07,0.18,-1.44,-0.22,0.23,0.3,5,-1.33
UFC Fight Night: Luque vs. Muhammad II,Belal Muhammad,Vicente Luque,Underdog,0,3,0.52,0.09,1.57,-0.05,-0.98,0.18,-0.31,0.4,-3,-1.08
UFC Fight Night: Luque vs. Muhammad II,Caio Borralho,Gadzhi Omargadzhiev,Underdog,0,4,1.11,0.21,-0.14,0.21,0.64,0.33,0.16,0,0,0.27
UFC Fight Night: Luque vs. Muhammad II,Andre Fialho,Miguel Baeza,Underdog,2,0,1.58,0.08,-1.16,0.08,0.19,-0.72,0.34,1.8,1,-1
UFC Fight Night: Luque vs. Muhammad II,Yanan Wu,Mayra Bueno Silva,Favorite,-2,0,-0.39,0.16,-0.09,0.04,0.06,0.08,0.05,1.4,4,-4.79
UFC Fight Night: Luque vs. Muhammad II,T.J. Laramie,Pat Sabatini,Favorite,2,4,0.53,0.09,-1.1,0.11,2.29,0.09,0.1,1.9,7,-4.55
UFC Fight Night: Luque vs. Muhammad II,Ange Loosa,Mounir Lazzez,Favorite,-3,-2,-1.4,-0.09,1.25,-0.01,0.25,-0.15,0.19,0.2,-5,1.27
UFC Fight Night: Luque vs. Muhammad II,William Knight,Devin Clark,Favorite,2,2,0.41,-0.02,-0.06,0.09,0.39,-0.08,0.1,-0.3,-2,-0.99
UFC Fight Night: Luque vs. Muhammad II,Lina Lansberg,Pannie Kianzad,Favorite,0,-1,-2.05,0.06,0.2,-0.09,0.06,-0.06,-0.19,0,10,4.26
UFC Fight Night: Luque vs. Muhammad II,Brandon Jenkins,Drakkar Klose,Favorite,-3,-1,1.44,0.14,-4.59,0.18,1.58,0.26,0.42,0,4,-4.81
UFC Fight Night: Luque vs. Muhammad II,Rafa Garcia,Jesse Ronson,Underdog,3,0,-0.65,0.05,-0.82,-0.04,-3.15,-0.16,-0.22,0.2,9,-0.59
UFC Fight Night: Luque vs. Muhammad II,Chris Barnett,Martin Buday,Favorite,-7,-2,-0.76,-0.04,0.17,-0.14,-0.26,-0.25,-0.67,-0.3,5,2.4
UFC Fight Night: Luque vs. Muhammad II,Sam Hughes,Istela Nunes,Underdog,1,-2,-0.99,0,-0.33,-0.04,0.96,0.3,0.07,0,0,1.76
UFC Fight Night: Luque vs. Muhammad II,Kevin Croom,Heili Alateng,Favorite,-6,-7,-0.01,-0.02,1.57,0.16,1.51,0.4,0.45,-0.5,-4,-0.94
UFC Fight Night: Błachowicz vs. Rakić,Jan Blachowicz,Aleksandar Rakic,Underdog,-2,0,-0.85,0,0.11,0.03,0.33,0.25,-0.17,0.2,9,1.26
UFC Fight Night: Błachowicz vs. Rakić,Ryan Spann,Ion Cutelaba,Underdog,4,4,-1.19,-0.03,0.46,-0.03,-2.83,-0.22,-0.29,1.5,2,1.76
UFC Fight Night: Błachowicz vs. Rakić,Louis Smolka,Davey Grant,Favorite,1,-1,-0.1,0.05,0.29,-0.02,0.43,-0.06,-0.29,1.6,-6,2.09
UFC Fight Night: Błachowicz vs. Rakić,Amanda Ribas,Katlyn Chookagian,Favorite,6,2,-0.05,-0.06,1.08,0.01,-1.76,-0.36,-0.35,-0.4,5,-1.07
UFC Fight Night: Błachowicz vs. Rakić,Frank Camacho,Manuel Torres,Favorite,0,0,-1.58,-0.12,4.29,-0.05,-2.15,-0.35,-0.15,-1.6,6,0.35
UFC Fight Night: Błachowicz vs. Rakić,Allan Nascimento,Jake Hadley,Underdog,-1,1,0.15,-0.19,1.28,0.1,-1.31,-0.2,0.19,0.8,-5,-1.3
UFC Fight Night: Błachowicz vs. Rakić,Viviane Araujo,Andrea Lee,Underdog,-2,-1,-0.58,0.01,1.2,-0.06,-0.09,-0.18,0.23,0,2,0.33
UFC Fight Night: Błachowicz vs. Rakić,Alan Patrick,Michael Johnson,Favorite,-1,-1,2.45,-0.01,0.88,0.14,-2.39,0.08,0.38,-0.3,-3,-0.75
UFC Fight Night: Błachowicz vs. Rakić,Angela Hill,Virna Jandiroba,Favorite,0,0,-3.08,-0.11,-1.9,-0.04,1.56,0.03,-0.03,1.1,-4,-1.32
UFC Fight Night: Błachowicz vs. Rakić,Carlos Candelario,Tatsuro Taira,Favorite,-1,2,-0.46,0.25,-4.02,0.03,-0.16,0.05,0.18,2.1,-8,-2.47
UFC Fight Night: Błachowicz vs. Rakić,Andre Petroski,Nick Maximov,Underdog,0,3,-1.57,-0.04,-0.44,-0.05,-0.16,-0.09,-0.45,-2.1,-6,-3.41
UFC Fight Night: Holm vs. Vieira,Ketlen Vieira,Holly Holm,Underdog,0,1,0.09,-0.01,-1,0.04,-0.64,-0.14,-0.16,-0.5,10,-1.55
UFC Fight Night: Holm vs. Vieira,Santiago Ponzinibbio,Michel Pereira,Favorite,-1,0,-0.26,-0.13,0.97,0.03,-1.05,-0.25,-0.34,-0.8,7,0.48
UFC Fight Night: Holm vs. Vieira,Polyana Viana,Tabatha Ricci,Favorite,4,6,-1.29,0.03,-2.29,-0.07,-2.17,-0.02,-0.39,1.7,2,0.36
UFC Fight Night: Holm vs. Vieira,Eryk Anders,Jun Yong Park,Favorite,-3,-2,1.12,0.03,-0.87,0.03,0.04,0.24,-0.22,1,-4,1.21
UFC Fight Night: Holm vs. Vieira,Alen Amedovski,Joseph Holmes,Favorite,-6,-6,-1.89,-0.23,0.77,-0.08,-1.49,-0.4,-0.5,-0.8,8,1.31
UFC Fight Night: Holm vs. Vieira,Uros Medic,Omar Morales,Underdog,-2,2,-2.09,-0.2,0,0,0.08,0.5,0.08,0,7,-0.45
UFC Fight Night: Holm vs. Vieira,Vincent Morales,Jonathan Martinez,Favorite,-1,0,0.37,0.12,-0.37,0.04,0.27,0.1,0.04,0.1,-3,-1.89
UFC Fight Night: Holm vs. Vieira,Chase Hooper,Felipe Colares,Underdog,5,5,2.91,0.07,-1.32,0,-0.43,0,0.12,1.8,-6,0.91
UFC Fight Night: Holm vs. Vieira,Sam Hughes,Elise Reed,Underdog,-2,-1,-1.37,0.04,-1.45,-0.04,-0.38,0.3,-0.15,0,0,-0.53
UFC 275,Glover Teixeira,Jiri Prochazka,Favorite,-1,-4,-2.02,-0.07,-1,0.1,1.32,-0.27,-0.08,0.6,13,1.37
UFC 275,Taila Santos,Valentina Shevchenko,Favorite,-1,-2,-0.11,0.04,-0.53,0.04,0.56,-0.13,-0.15,-0.7,6,-5.3
UFC 275,Joanna Jedrzejczyk,Weili Zhang,Favorite,-2,-2,-0.62,0.05,-0.1,-0.09,2.24,-0.16,-0.3,0.4,-2,-0.85
UFC 275,Andre Fialho,Jake Matthews,Favorite,1,1,0,-0.04,3.7,-0.15,-1.34,0.6,0.04,-0.6,1,0.02
UFC 275,Ramazan Emeev,Jack Della Maddalena,Favorite,1,-3,4.21,0.08,2.13,0.01,-2.16,-0.13,0.04,-0.5,-10,-1.03
UFC 275,Joshua Culibao,Seung Woo Choi,Underdog,2,1,0.28,-0.04,-0.22,-0.09,0.87,0.54,0.02,-0.3,1,-1.46
UFC 275,Hayisaer Maheshate,Steve Garcia,Underdog,0,4,0.95,0.28,-3.36,-0.07,1.31,0.44,0.43,0.7,8,-1.28
UFC 275,Jacob Malkoun,Brendan Allen,Favorite,5,2,0.12,-0.03,1.35,-0.05,-4.88,0.05,0.38,1,0,-2.23
UFC 275,Kyung Ho Kang,Danaa Batgerel,Underdog,-2,-3,2.03,-0.12,0.88,-0.08,-1.35,-0.07,-0.06,-0.8,-2,0.05
UFC 275,Silvana Gomez Juarez,Na Liang,Underdog,2,2,-2.27,0.1,-0.09,-0.25,3.6,0.58,-0.05,0.5,-12,0.2
UFC 275,Ramona Pascual,Joselyne Edwards,Favorite,1,4,0.84,-0.05,-5.07,0.04,-0.81,0.14,-0.36,0.3,-7,-0.89
UFC Fight Night: Kattar vs. Emmett,Josh Emmett,Calvin Kattar,Underdog,5,2,0.72,0.03,2.14,-0.07,-0.52,-0.08,0.26,0,-3,-1.93
UFC Fight Night: Kattar vs. Emmett,Tim Means,Kevin Holland,Favorite,-1,-6,0.84,0,0.45,0.1,0.31,0.02,0.11,-0.4,9,2.53
UFC Fight Night: Kattar vs. Emmett,Joaquin Buckley,Albert Duraev,Underdog,-1,1,1.26,-0.04,0.11,-0.01,-0.28,0.15,0.03,-0.6,-5,1.45
UFC Fight Night: Kattar vs. Emmett,Guram Kutateladze,Damir Ismagulov,Favorite,-1,2,-1.26,-0.03,-2.09,0.05,0.31,0.1,-0.05,0,1,-1.39
UFC Fight Night: Kattar vs. Emmett,Julian Marquez,Gregory Rodrigues,Favorite,-1,-3,-1.22,-0.11,-0.31,0,-2.46,-0.45,-0.47,2.1,2,0.85
UFC Fight Night: Kattar vs. Emmett,Tony Kelley,Adrian Yanez,Favorite,-2,0,0.96,-0.06,0.9,0.12,0,0,0.48,-1.4,-7,-2.34
UFC Fight Night: Kattar vs. Emmett,Natalia Cristina da Silva,Jasmine Jasudavicius,Underdog,3,3,-0.58,0.01,1.93,-0.14,1.66,0.09,-0.11,0.4,8,-1.78
UFC Fight Night: Kattar vs. Emmett,Court McGee,Jeremiah Wells,Favorite,-2,-1,-2.19,0.06,-2.31,-0.13,1.24,0.19,0.11,0.4,-2,-1.05
UFC Fight Night: Kattar vs. Emmett,Danny Chavez,Ricardo Ramos,Favorite,1,5,0.35,-0.01,-0.09,0.07,1.07,0,-0.15,0.7,-9,-2.51
UFC Fight Night: Kattar vs. Emmett,Maria Oliveira,Gloria de Paula,Underdog,-1,-2,-0.14,0.15,-1.99,0.22,-0.21,-0.07,0.18,0.5,1,-2.21
UFC Fight Night: Kattar vs. Emmett,Eddie Wineland,Cody Stamann,Favorite,-1,-5,0.99,0.18,-0.13,-0.06,2,0.06,-0.1,-0.1,-5,-5.83
UFC Fight Night: Kattar vs. Emmett,Deron Winn,Phil Hawes,Favorite,6,7,0.78,0.15,-2.49,0.09,-2.17,-0.18,0.5,0.2,1,-1.9
UFC Fight Night: Kattar vs. Emmett,Roman Dolidze,Kyle Daukaus,Underdog,1,0,0.6,0.13,-0.42,-0.09,0.82,-0.15,0.49,0.6,-4,-1.98
UFC Fight Night: Tsarukyan vs. Gamrot,Mateusz Gamrot,Arman Tsarukyan,Underdog,-3,2,0.7,-0.03,-1.23,-0.06,-2.03,0.02,-0.15,-0.1,-6,-1.82
UFC Fight Night: Tsarukyan vs. Gamrot,Neil Magny,Shavkat Rakhmonov,Favorite,2,3,-0.65,-0.15,0.01,0.01,0.68,0.11,-0.46,-1.5,7,3.77
UFC Fight Night: Tsarukyan vs. Gamrot,Alan Baudot,Josh Parisian,Favorite,1,0,-0.81,-0.1,0.06,-0.05,0.98,0.33,-0.16,0.2,-2,-0.26
UFC Fight Night: Tsarukyan vs. Gamrot,Christos Giagos,Thiago Moises,Favorite,-1,-1,-0.56,-0.01,0.98,0.05,-1.2,0.08,0.04,0.9,-5,-1.76
UFC Fight Night: Tsarukyan vs. Gamrot,Nathan Maness,Umar Nurmagomedov,Favorite,-2,-3,2.42,0.21,-3.73,0.36,3.64,-0.19,0.22,0.3,-4,-6.89
UFC Fight Night: Tsarukyan vs. Gamrot,Rodolfo Vieira,Chris Curtis,Favorite,-2,2,2.57,-0.03,1.56,0.03,-4.18,-0.3,-0.18,-1.6,2,-0.17
UFC Fight Night: Tsarukyan vs. Gamrot,Carlos Ulberg,Tafon Nchukwi,Underdog,-4,0,-1.84,-0.07,0.51,0.02,-0.19,-0.18,-0.11,-0.3,-4,-0.61
UFC Fight Night: Tsarukyan vs. Gamrot,Yilan Sha,T.J. Brown,Underdog,1,3,1.09,-0.01,-0.05,-0.01,0.51,0.24,-0.04,0.9,4,-1.37
UFC Fight Night: Tsarukyan vs. Gamrot,Raulian Paiva,Sergey Morozov,Favorite,2,2,1.13,-0.01,2.04,-0.13,-2.98,-0.08,0.09,0.2,-6,0.8
UFC Fight Night: Tsarukyan vs. Gamrot,Cody Durden,J.P. Buys,Underdog,-2,0,-1.28,-0.12,0.13,-0.11,-3.29,-0.25,-0.41,2,-5,0.07
UFC Fight Night: Tsarukyan vs. Gamrot,Brian Kelleher,Mario Bautista,Favorite,-3,-3,-2.3,-0.07,0.65,0.01,-0.51,-0.03,-0.06,-0.3,7,1.18
UFC Fight Night: Tsarukyan vs. Gamrot,Vanessa Demopoulos,Jinh Yu Frey,Underdog,1,6,-1.01,0.02,-1.46,0.11,0.6,0.25,0.6,-0.3,4,-1.55
UFC 276,Jared Cannonier,Israel Adesanya,Favorite,5,3,-0.75,-0.04,-1.02,-0.03,-0.39,-0.28,0.14,0.1,-6,-4.4
UFC 276,Max Holloway,Alex Volkanovski,Favorite,-5,2,-1.01,0.08,-1.28,-0.01,1.53,-0.16,-0.14,-0.1,3,-1.15
UFC 276,Alex Pereira,Sean Strickland,Underdog,-3,-3,0.81,-0.21,0.68,0.12,0.67,-0.36,0.07,-0.2,-3,-0.29
UFC 276,Robbie Lawler,Bryan Barberena,Favorite,-1,2,-1.5,-0.01,0.08,0.15,0.52,0.42,0.15,-0.3,7,0.02
UFC 276,Brad Riddell,Jalin Turner,Favorite,-8,-6,-0.89,0.05,-1.04,0.12,0.98,-0.19,-0.11,-1.1,3,0.73
UFC 276,Donald Cerrone,Jim Miller,Favorite,5,2,1.42,0.04,0.98,-0.03,-0.37,-0.11,0.26,-0.5,1,1.08
UFC 276,Brad Tavares,Dricus Du Plessis,Favorite,0,-2,-3.11,-0.07,-1.62,0,-2.22,-0.25,0.41,-0.8,6,0.98
UFC 276,Jessica Eye,Maycee Barber,Favorite,1,1,-0.84,-0.16,1.29,0.01,-0.86,-0.03,0.04,0.4,11,2.42
UFC 276,Julija Stoliarenko,Jessica-Rose Clark,Underdog,-2,-2,1.24,0.12,-1.03,0.12,0.73,0.15,0.08,-1.4,5,-0.66
UFC Fight Night: Dos Anjos vs. Fiziev,Rafael dos Anjos,Rafael Fiziev,Favorite,0,1,1.42,0.04,1.76,-0.11,-1.66,0.05,0.34,-0.6,-8,1.34
UFC Fight Night: Dos Anjos vs. Fiziev,Armen Petrosyan,Caio Borralho,Favorite,-2,4,-2.78,0.08,-0.84,0.04,1.77,0.3,0.45,0.5,-2,-1.86
UFC Fight Night: Dos Anjos vs. Fiziev,Douglas Silva de Andrade,Said Nurmagomedov,Favorite,1,2,-0.11,0.09,-1.86,-0.01,0.4,-0.3,-0.04,1.2,-6,-3.58
UFC Fight Night: Dos Anjos vs. Fiziev,Chase Sherman,Jared Vanderaa,Underdog,0,-2,1.08,0.01,0.98,0.07,-0.09,0,0.54,0,2,1.5
UFC Fight Night: Dos Anjos vs. Fiziev,Aiemann Zahabi,Ricky Turcios,Underdog,-1,-3,-1.65,0.06,-0.09,0.16,-0.8,-0.09,0.34,-0.2,6,1.59
UFC Fight Night: Dos Anjos vs. Fiziev,Michael Johnson,Jamie Mullarkey,Favorite,-2,-1,-0.12,-0.07,-0.7,0.04,-1.69,0.07,0.03,-0.1,8,1.51
UFC Fight Night: Dos Anjos vs. Fiziev,Cody Brundage,Tresean Gore,Underdog,0,3,1.42,-0.01,3.83,0.04,0.71,0.19,0.13,0.3,-1,-0.6
UFC Fight Night: Dos Anjos vs. Fiziev,Cortney Casey,Antonina Shevchenko,Favorite,1,0,-0.43,0.16,-1.07,-0.03,0.04,0.11,0.14,-0.1,2,-0.99
UFC Fight Night: Dos Anjos vs. Fiziev,Garrett Armfield,David Onama,Favorite,-5,-4,1.18,0.05,-1.17,0.06,-0.67,-0.17,0.12,-0.5,-2,5.97
UFC Fight Night: Dos Anjos vs. Fiziev,Karl Roberson,Kennedy Nzechukwu,Favorite,-4,-9,-2.56,0.06,-2.48,0.07,0.12,-0.05,-0.38,0.3,2,0.83
UFC Fight Night: Dos Anjos vs. Fiziev,Saidyokub Kakhramonov,Ronnie Lawrence,Underdog,0,-1,0.73,0.05,0.87,-0.06,0.12,0.29,-0.38,-1.7,3,-0.29
UFC Fight Night: Ortega vs. Rodriguez,Yair Rodriguez,Brian Ortega,Underdog,-3,-2,-0.58,-0.08,2.55,-0.03,0.48,0,-0.01,0.5,2,-1.13
UFC Fight Night: Ortega vs. Rodriguez,Michelle Waterson,Amanda Lemos,Favorite,1,3,-0.13,0.08,0.02,-0.05,-0.44,0.31,-0.13,0,-1,2.32
UFC Fight Night: Ortega vs. Rodriguez,Li Jingliang,Muslim Salikhov,Underdog,1,1,1.1,-0.09,0.9,-0.05,-0.02,0.01,-0.13,0,-3,0.66
UFC Fight Night: Ortega vs. Rodriguez,Matt Schnell,Su Mudaerji,Underdog,0,2,0.41,0.16,-1.83,0.06,-0.3,0.56,0.16,-0.4,-6,1.87
UFC Fight Night: Ortega vs. Rodriguez,Charles Jourdain,Shane Burgos,Favorite,2,6,1.84,0.04,2.47,-0.01,0.34,0.34,0.43,-0.2,5,-1
UFC Fight Night: Ortega vs. Rodriguez,Lauren Murphy,Miesha Tate,Underdog,-1,2,1.43,-0.06,2.27,0.04,-0.99,-0.06,0.14,-1.2,3,1.3
UFC Fight Night: Ortega vs. Rodriguez,Dalcha Lungiambula,Punahele Soriano,Favorite,3,-4,0.89,0,0.62,-0.04,-1.35,-0.05,-0.44,0,-5,-1.86
UFC Fight Night: Ortega vs. Rodriguez,Ricky Simon,Jack Shore,Underdog,-2,-2,-0.74,-0.15,1.29,0.05,2.39,0.08,0,-0.3,2,1.05
UFC Fight Night: Ortega vs. Rodriguez,Herbert Burns,Bill Algeo,Favorite,-3,0,-4.43,-0.12,0.08,-0.06,2.14,-0.04,0.1,2.4,2,1.35
UFC Fight Night: Ortega vs. Rodriguez,Dustin Jacoby,Da Un Jung,Underdog,1,2,-2.04,-0.04,-0.18,-0.06,1.54,0.25,0.17,0.2,-6,0.37
UFC Fight Night: Ortega vs. Rodriguez,Dwight Grant,Dustin Stoltzfus,Favorite,1,1,-0.2,-0.08,-0.63,0.12,-1.79,0.6,0.2,-0.7,7,0.42
UFC Fight Night: Ortega vs. Rodriguez,Jessica Penne,Emily Ducote,Favorite,3,4,-4.93,-0.21,-3.09,-0.11,1.12,0.07,-0.58,0.6,11,0.89
UFC Fight Night: Blaydes vs. Aspinall,Curtis Blaydes,Tom Aspinall,Underdog,-1,2,-4.19,-0.16,-0.94,-0.07,2.26,-0.47,-0.69,-1.7,2,0.61
UFC Fight Night: Blaydes vs. Aspinall,Chris Curtis,Jack Hermansson,Favorite,-3,-2,0.67,0.07,2.47,-0.04,-1.53,-0.3,0.02,-0.4,1,0.01
UFC Fight Night: Blaydes vs. Aspinall,Jordan Leavitt,Paddy Pimblett,Favorite,1,2,2.58,-0.09,1.86,-0.16,-1.21,0,0.26,0.5,1,-2.09
UFC Fight Night: Blaydes vs. Aspinall,Alexander Gustafsson,Nikita Krylov,Favorite,2,2,-0.35,-0.15,1.06,0.07,-0.76,0.01,0.3,-1,5,1.27
UFC Fight Night: Blaydes vs. Aspinall,Hannah Goldy,Molly McCann,Favorite,0,1,0.6,0.02,0.27,0.13,1.16,0.26,-0.11,0.4,2,-3.75
UFC Fight Night: Blaydes vs. Aspinall,Paul Craig,Volkan Oezdemir,Favorite,1,1,-2.14,-0.01,-0.95,-0.11,1.11,-0.13,-0.43,1.5,2,0.57
UFC Fight Night: Blaydes vs. Aspinall,Ludovit Klein,Mason Jones,Underdog,3,2,1.65,-0.11,1.2,-0.07,1.39,-0.02,-0.03,0,0,-3.44
UFC Fight Night: Blaydes vs. Aspinall,Damir Hadzovic,Marc Diakiese,Favorite,1,3,-0.82,-0.08,-0.62,-0.1,2.51,-0.12,0.32,-0.2,-6,-3.21
UFC Fight Night: Blaydes vs. Aspinall,Charles Rosa,Nathaniel Wood,Favorite,-3,0,2.83,0.14,0.36,0.09,0.07,0.13,0.32,-0.5,-6,-4.31
UFC Fight Night: Blaydes vs. Aspinall,Makwan Amirkhani,Jonathan Pearce,Favorite,-2,1,-3.99,-0.1,-0.45,-0.08,-1.28,-0.07,-0.23,0.3,3,0.96
UFC Fight Night: Blaydes vs. Aspinall,Charles Johnson,Muhammad Mokaev,Favorite,-2,0,-2.95,-0.04,-1.8,-0.02,5.34,0.18,-0.67,0.4,-10,-3.86
UFC Fight Night: Blaydes vs. Aspinall,Kyle Nelson,Jai Herbert,Favorite,2,6,-0.96,-0.04,-1.54,-0.07,-0.9,-0.1,-0.16,-0.6,3,-2.11
UFC Fight Night: Blaydes vs. Aspinall,Victoria Leonardo,Mandy Bohm,Underdog,2,7,-0.76,0.06,-1.46,0.14,-0.88,-0.09,0.04,0.7,0,-0.09
UFC Fight Night: Blaydes vs. Aspinall,Claudio Silva,Nicolas Dalby,Favorite,0,3,1.55,0.01,0.43,0.06,-1.74,0.04,0.16,-1,-2,-1.56
UFC 277,Julianna Pena,Amanda Nunes,Favorite,2,0,1.39,0.04,0.32,0.07,0.79,-0.01,0.59,-0.1,1,-1.89
UFC 277,Kai Kara-France,Brandon Moreno,Favorite,3,1,-0.7,0.05,0.39,-0.06,1.11,0.13,-0.25,0.5,-1,-1.3
UFC 277,Derrick Lewis,Sergey Pavlovich,Favorite,0,5,5.73,-0.02,2.13,0.15,-0.57,-0.26,0.23,0,-7,0.33
UFC 277,Alex Perez,Alexandre Pantoja,Favorite,1,-2,-0.31,-0.04,-0.84,0.09,-0.55,-0.03,0.14,0.1,-2,1.06
UFC 277,Anthony Smith,Magomed Ankalaev,Favorite,-1,-1,0.41,0.05,-2.22,0.13,0.53,0.05,0.37,-0.7,-4,-4.39
UFC 277,Alex Morono,Matt Semelsberger,Underdog,2,3,-1.09,0.03,0.05,-0.04,0.7,0.35,-0.1,0,-2,1.03
UFC 277,Rafael Alves,Drew Dober,Favorite,0,2,2.49,-0.08,0.93,-0.07,0.42,-0.07,0.12,-1.4,2,-1.29
UFC 277,Hamdy Abdelwahab,Don'tale Mayes,Underdog,4,9,-0.18,-0.09,0.83,-0.12,-2.29,-0.32,0.6,0,1,1.08
UFC 277,Rafa Garcia,Drakkar Klose,Favorite,-2,0,-0.18,-0.13,0.75,0.1,2.03,0.18,0.1,0.3,-7,1.37
UFC 277,Adam Fugitt,Michael Morales,Favorite,1,-2,-0.98,0.08,1.53,-0.04,2.19,-0.08,-0.41,0,11,4.83
UFC 277,Ji Yeon Kim,Joselyne Edwards,Favorite,1,-2,-0.66,0.16,-2.05,-0.06,1,0.33,0.14,0.2,-6,-0.32
UFC 277,Nick Negumereanu,Ihor Potieria,Underdog,3,-3,1.55,0.09,-0.52,0.12,-1.02,-0.28,-0.05,0,-2,0.17
UFC 277,Mike Mathetha,Orion Cosce,Favorite,0,-5,-0.35,-0.02,1.85,-0.04,1.92,0.4,-0.12,0,-6,-1.25
UFC Fight Night: Santos vs. Hill,Thiago Santos,Jamahal Hill,Favorite,-2,-3,-3.46,-0.06,-0.94,0.07,0.88,0.33,-0.08,0.1,7,2.47
UFC Fight Night: Santos vs. Hill,Geoff Neal,Vicente Luque,Underdog,0,0,0.1,0.02,-0.26,-0.05,0.54,0.09,-0.25,0.5,-1,-1.18
UFC Fight Night: Santos vs. Hill,Mohammed Usman,Zac Pauga,Underdog,0,3,-1.28,-0.25,1.48,-0.06,0.51,0.11,-1,0,-1,2.04
UFC Fight Night: Santos vs. Hill,Brogan Walker,Juliana Miller,Favorite,-3,1,-1.27,-0.15,-1.05,0.15,-1.84,-0.44,0.11,-1.8,7,0.46
UFC Fight Night: Santos vs. Hill,Augusto Sakai,Sergey Spivak,Favorite,0,1,-1.06,0,-0.04,0.01,4.33,0.24,0.14,0.5,-4,2.35
UFC Fight Night: Santos vs. Hill,Erick Gonzalez,Terrance McKinney,Favorite,-1,-2,2.13,0.14,-5.45,0.05,-2.55,-0.19,0.35,1,-3,-7.38
UFC Fight Night: Santos vs. Hill,Sam Alvey,Michal Oleksiejczuk,Favorite,-2,-1,1.78,0.06,0.63,0.09,0.69,0.3,-0.34,-0.1,-9,-4.95
UFC Fight Night: Santos vs. Hill,Takashi Sato,Bryan Battle,Favorite,-3,-4,-2.31,-0.1,-0.01,0,-0.36,0.09,0.13,-0.6,4,2.25
UFC Fight Night: Santos vs. Hill,Miranda Granger,Cory McKenna,Favorite,-4,-10,0.21,-0.07,0.62,-0.09,2.22,0.58,0.38,0.4,-8,-1.23
UFC Fight Night: Santos vs. Hill,Stephanie Egger,Mayra Bueno Silva,Favorite,0,-2,1.64,0.11,2.38,0.01,-1.8,-0.04,0.18,1,-3,-0.35
UFC 278,Leon Edwards,Kamaru Usman,Underdog,-2,2,1.61,-0.01,0.4,0,1.57,0.11,0.19,-0.3,5,-2.68
UFC 278,Luke Rockhold,Paulo Costa,Favorite,-2,-5,2.1,0.09,3.7,-0.06,-0.25,0.46,0.15,-1,-6,-2.8
UFC 278,Jose Aldo,Merab Dvalishvili,Favorite,1,2,-0.87,0.05,1.36,0.03,-5.92,0.17,0.11,-0.2,4,0.65
UFC 278,Yanan Wu,Lucie Pudilova,Favorite,0,1,-0.55,-0.04,-1.12,0.02,-0.07,-0.03,0.03,0.5,1,-0.63
UFC 278,Harry Hunsucker,Tyson Pedro,Favorite,1,4,-0.64,0.07,-4.14,0.14,0.76,0.3,0.5,-1.2,-3,-6.47
UFC 278,Marcin Tybura,Alexander Romanov,Underdog,-1,-3,0.46,0.04,-1.15,-0.05,2.89,0.21,-0.59,0.8,-5,-2.68
UFC 278,Leonardo Santos,Jared Gordon,Favorite,-3,-7,2.57,0.11,0,0.03,1.07,0.15,-0.24,-0.2,-9,-2.02
UFC 278,Ange Loosa,A.J. Fletcher,Underdog,0,-7,-2.73,0.03,-2.06,-0.06,-0.51,-0.07,-0.57,0.7,-4,-0.81
UFC 278,Francisco Figueiredo,Amir Albazi,Favorite,-1,0,0.76,-0.22,0.48,0.02,-0.8,-0.42,-0.36,0.3,-4,-3.88
UFC 278,Jay Perrin,Qileng Aori,Favorite,0,2,1.6,0.04,2.13,0.03,-1.38,-0.06,0,0,0,-0.41
UFC 278,Daniel Lacerda,Victor Altamirano,Favorite,2,0,0.6,0.12,-4.58,0.2,1.11,-0.11,0.63,-1.2,6,-0.8
UFC Fight Night: Gane vs. Tuivasa,Tai Tuivasa,Ciryl Gane,Favorite,2,6,1.53,0.11,-2.86,0.2,0.58,0.21,-0.07,0.5,3,-4.04
UFC Fight Night: Gane vs. Tuivasa,Marvin Vettori,Robert Whittaker,Favorite,0,-1,0.01,-0.03,-0.79,0.03,-0.85,-0.07,0.13,-0.5,3,-1.4
UFC Fight Night: Gane vs. Tuivasa,Joaquin Buckley,Nassourdine Imavov,Favorite,-5,1,-0.28,-0.18,-0.14,-0.03,0.82,0.13,-0.07,-1.5,1,1.73
UFC Fight Night: Gane vs. Tuivasa,Alessio Di Chirico,Roman Kopylov,Favorite,0,-1,-1.34,-0.15,-0.66,0.01,1.04,-0.11,-0.04,0,1,0.07
UFC Fight Night: Gane vs. Tuivasa,Jarno Errens,William Gomis,Favorite,-1,0,0.82,0,1.87,-0.12,-1.06,-0.6,-0.53,-0.4,3,1.53
UFC Fight Night: Gane vs. Tuivasa,Nathaniel Wood,Charles Jourdain,Underdog,3,0,-0.35,-0.02,0.09,0.01,-1.65,-0.38,-0.22,0.1,-3,-0.59
UFC Fight Night: Gane vs. Tuivasa,Dustin Stoltzfus,Abusupiyan Magomedov,Favorite,-1,-3,-0.71,0.09,-0.68,0.17,-1.15,-0.18,0.42,-0.7,2,2.19
UFC Fight Night: Gane vs. Tuivasa,John Makdessi,Nasrat Haqparast,Favorite,2,4,0.26,-0.05,1.1,-0.04,0.31,0.2,-0.08,0,-11,-1.76
UFC Fight Night: Gane vs. Tuivasa,Fares Ziam,Michal Figlak,Underdog,3,5,-1.3,0.09,-3.21,0.13,0.31,0.11,0.1,0.2,0,1.29
UFC Fight Night: Gane vs. Tuivasa,Gabriel Miranda,Benoit Saint-Denis,Favorite,0,2,2.18,0.03,-1.9,0.03,-0.04,-0.03,0.69,-0.9,-6,2.46
UFC Fight Night: Gane vs. Tuivasa,Christian Quinonez,Khalid Taha,Underdog,-3,-1,-1.55,-0.08,-0.43,-0.09,-1.37,-0.37,-0.23,0.2,4,0.15
UFC Fight Night: Gane vs. Tuivasa,Ailin Perez,Stephanie Egger,Favorite,1,2,-0.76,-0.09,1.3,-0.05,-2.41,-0.08,-0.25,0.6,6,-1.85
UFC Fight Night: Sandhagen vs. Song,Yadong Song,Cory Sandhagen,Favorite,3,3,0.84,0.01,-0.56,0.03,0.7,-0.07,-0.08,0.1,6,-1.25
UFC Fight Night: Sandhagen vs. Song,Gregory Rodrigues,Chidi Njokuani,Underdog,0,-5,1.99,-0.06,2.36,-0.04,2.46,0.45,0.26,0.3,-3,0.31
UFC Fight Night: Sandhagen vs. Song,Bill Algeo,Andre Fili,Favorite,-1,1,-2.31,-0.15,-0.41,0.04,1.3,0.01,0.13,0.2,-1,-0.35
UFC Fight Night: Sandhagen vs. Song,Alen Amedovski,Joe Pyfer,Favorite,-4,-1,-2.67,-0.1,0.27,-0.05,-1.49,-0.41,-0.5,-0.9,9,4.3
UFC Fight Night: Sandhagen vs. Song,Marc-Andre Barriault,Anthony Hernandez,Favorite,-1,1,-1.89,0.12,-2.21,-0.07,6.4,0.24,-0.04,2.9,-4,-1.35
UFC Fight Night: Sandhagen vs. Song,Damon Jackson,Pat Sabatini,Underdog,3,1,0.98,-0.18,1.75,0.02,-1.22,-0.07,-0.1,-0.5,2,1.32
UFC Fight Night: Sandhagen vs. Song,Louis Cosce,Trevin Giles,Favorite,3,3,-1.04,0.1,-3.13,0.11,0.15,0.3,0.21,-0.2,3,-1.37
UFC Fight Night: Sandhagen vs. Song,Denise Gomes,Loma Lookboonmee,Favorite,1,2,0.71,-0.09,1.18,-0.04,-0.77,-0.17,-0.25,0.7,-4,1.35
UFC Fight Night: Sandhagen vs. Song,Trey Ogden,Daniel Zellhuber,Underdog,-2,-5,-2.48,0.06,-1.47,0.02,1.42,-0.1,0.06,0.4,10,3.46
UFC Fight Night: Sandhagen vs. Song,Mariya Agapova,Gillian Robertson,Favorite,1,5,2.06,0.09,0.7,-0.04,-1.94,0.23,0.04,-0.1,-2,0.67
UFC Fight Night: Sandhagen vs. Song,Tony Gravely,Javid Basharat,Favorite,4,0,1.6,0.05,-1.5,0.18,-3.7,-0.01,0.33,-0.1,-4,-0.86
UFC Fight Night: Sandhagen vs. Song,Cameron VanCamp,Nikolas Motta,Favorite,-5,-4,-2.23,-0.14,-1.63,0.11,0,0,0.82,0,0,-0.64
UFC Fight Night: Dern vs. Yan,Yan Xiaonan,Mackenzie Dern,Underdog,-1,0,-1.66,-0.04,0.43,-0.07,-0.21,-0.58,-0.34,1.3,-3,-1.2
UFC Fight Night: Dern vs. Yan,Francisco Trinaldo,Randy Brown,Favorite,6,8,1.24,0.01,0.66,-0.06,-0.2,-0.03,0.14,0,-12,-2.49
UFC Fight Night: Dern vs. Yan,Trevin Jones,Raoni Barcelos,Favorite,0,-3,3.09,0.14,0.5,0.22,1.24,0.17,0.25,0.4,4,-1.8
UFC Fight Night: Dern vs. Yan,Don Shainis,Sodiq Yusuff,Favorite,3,4,2.24,-0.01,-1.36,0.22,-0.69,-0.05,0.42,-1.5,-2,-7.39
UFC Fight Night: Dern vs. Yan,Viacheslav Borshchev,Mike Davis,Favorite,1,3,0.17,-0.06,1.27,0.01,2.77,0.53,0.29,0.4,-1,-1.04
UFC Fight Night: Dern vs. Yan,Daniel Santos,John Castaneda,Underdog,-1,4,0.53,0.13,-0.13,0.06,0.02,-0.13,-0.02,0.2,3,-1.11
UFC Fight Night: Dern vs. Yan,Aleksei Oleinik,Ilir Latifi,Favorite,4,7,1.24,0.03,0.87,-0.12,-0.29,0.11,-0.63,1.6,5,1.24
UFC Fight Night: Dern vs. Yan,Jesse Ronson,Joaquim Silva,Favorite,-2,-1,0.12,-0.04,1.14,-0.04,-0.07,0.22,0.12,0.3,-3,-0.39
UFC Fight Night: Dern vs. Yan,Brendan Allen,Krzysztof Jotko,Underdog,1,-2,1,0.11,1.6,-0.1,0.41,0.08,-0.24,1.3,-6,0.15
UFC Fight Night: Dern vs. Yan,Chelsea Chandler,Julija Stoliarenko,Underdog,-1,-2,-0.96,-0.06,1.45,-0.03,-0.38,-0.33,0.21,1.7,-2,-0.33
UFC Fight Night: Dern vs. Yan,Guido Cannetti,Randy Costa,Underdog,3,5,3.09,-0.09,4.74,0.07,-2.27,-0.55,-0.14,-0.4,-15,-2.29
UFC Fight Night: Grasso vs. Araujo,Viviane Araujo,Alexa Grasso,Favorite,1,-2,0.56,-0.04,-1.01,0.02,-1.35,0.05,-0.19,0,-7,-1.42
UFC Fight Night: Grasso vs. Araujo,Cub Swanson,Jonathan Martinez,Favorite,0,0,0.16,0.01,-0.03,0.02,0.68,0.17,-0.07,0.3,10,1.41
UFC Fight Night: Grasso vs. Araujo,Jordan Wright,Dusko Todorovic,Favorite,-1,-3,1.44,0.01,-1.48,0.15,-1.13,-0.33,-0.55,-0.4,-2,-1.42
UFC Fight Night: Grasso vs. Araujo,Raphael Assuncao,Victor Henry,Underdog,-2,-2,-5.12,-0.12,-3.12,0.19,1.65,0.39,-0.05,-0.3,4,3.24
UFC Fight Night: Grasso vs. Araujo,Misha Cirkunov,Alonzo Menifield,Favorite,3,1,-0.06,-0.06,-0.51,0.08,3.48,0.06,0.01,1.4,1,1.27
UFC Fight Night: Grasso vs. Araujo,Brandon Davis,Mana Martinez,Favorite,0,-2,-0.35,0.13,0.32,-0.08,-0.02,0,-0.32,0.4,-6,-0.67
UFC Fight Night: Grasso vs. Araujo,Jacob Malkoun,Nick Maximov,Underdog,-3,-3,1.93,0.11,-0.16,0.06,2.46,-0.03,-0.15,0.2,2,0.43
UFC Fight Night: Grasso vs. Araujo,Lucas Alexander,Joanderson Brito,Favorite,3,1,1.88,0.04,-0.82,0.25,-3.11,-0.76,-0.05,-0.6,-1,3.37
UFC Fight Night: Grasso vs. Araujo,Sam Hughes,Piera Rodriguez,Favorite,-2,-1,-0.39,0.02,-1.67,0.02,2.15,0.11,0.09,0,0,-0.95
UFC Fight Night: Grasso vs. Araujo,Carlos Vergara,Tatsuro Taira,Favorite,1,2,-1.73,0.14,-3.47,-0.05,2.12,0.41,0.11,2.2,-8,2.13
UFC Fight Night: Grasso vs. Araujo,Mike Jackson,Pete Rodriguez,Favorite,5,3,-4.79,0.14,-9.1,0.2,0.71,0.33,-0.12,0,12,5.1
UFC Fight Night: Kattar vs. Allen,Calvin Kattar,Arnold Allen,Favorite,3,2,1.37,-0.01,3.84,-0.07,-0.63,-0.21,-0.03,-0.3,6,0.27
UFC Fight Night: Kattar vs. Allen,Tim Means,Max Griffin,Favorite,-3,1,-1.16,0,0.17,-0.03,0.29,0.01,0.03,0.1,-2,-1.12
UFC Fight Night: Kattar vs. Allen,Jared Vanderaa,Waldo Cortes-Acosta,Favorite,0,2,-0.68,-0.04,2.07,-0.07,-0.37,-0.1,-0.4,-0.2,0,1.39
UFC Fight Night: Kattar vs. Allen,Tresean Gore,Josh Fremd,Underdog,-4,-1,0.11,0.1,3.5,0,2.2,0.46,0.5,-0.2,-1,0.75
UFC Fight Night: Kattar vs. Allen,Khalil Rountree,Dustin Jacoby,Underdog,2,0,1.69,0.08,-0.11,0.07,0.36,0.25,0.02,-0.1,2,-1.05
UFC Fight Night: Kattar vs. Allen,Roman Dolidze,Phil Hawes,Underdog,2,-1,-2.71,-0.2,-0.36,-0.04,-0.81,0.06,-0.57,1.1,0,1.06
UFC Fight Night: Kattar vs. Allen,Andrei Arlovski,Marcos Rogerio de Lima,Favorite,2,2,0.08,-0.12,0.3,0.06,-1.02,-0.09,0.17,-0.3,7,1.75
UFC Fight Night: Kattar vs. Allen,Joseph Holmes,Jun Yong Park,Favorite,-6,-7,1.65,-0.03,0.22,-0.01,0.34,0.1,0.07,0.3,5,1.44
UFC Fight Night: Kattar vs. Allen,Steve Garcia,Chase Hooper,Underdog,1,-1,0.23,-0.04,0.93,-0.1,0.14,-0.2,-0.33,1.6,-8,-2.42
UFC Fight Night: Kattar vs. Allen,Cody Durden,Carlos Mota,Underdog,3,-2,2.36,0.1,1.76,-0.03,4.84,0.5,0.16,-0.7,4,0.8
UFC Fight Night: Kattar vs. Allen,Joshua Weems,Christian Rodriguez,Favorite,-1,2,-1.8,-0.16,-1.06,-0.04,-3.63,0.14,-0.34,1.1,-4,-3.25
UFC Fight Night: Rodriguez vs. Lemos,Amanda Lemos,Marina Alcalde Rodriguez,Underdog,2,0,1.39,-0.07,-1.09,0.11,-0.75,-0.21,0.08,-0.5,0,-1.78
UFC Fight Night: Rodriguez vs. Lemos,Daniel Rodriguez,Neil Magny,Favorite,2,6,-3.83,-0.04,-2.86,-0.04,1.55,-0.1,-0.09,0.2,-1,-0.09
UFC Fight Night: Rodriguez vs. Lemos,Darrick Minner,Yilan Sha,Favorite,1,0,-0.35,-0.2,0.66,0.15,0.5,-0.39,-0.26,-2.7,-4,2.97
UFC Fight Night: Rodriguez vs. Lemos,Nathan Maness,Tagir Ulanbekov,Favorite,-3,-2,0.89,-0.03,-0.99,0.11,2.84,-0.29,-0.17,1.8,0,-1.67
UFC Fight Night: Rodriguez vs. Lemos,Mark O. Madsen,Grant Dawson,Favorite,2,0,-0.59,0.02,-1.7,-0.07,0.82,-0.3,-0.22,1.5,-9,-1.4
UFC Fight Night: Rodriguez vs. Lemos,Shanna Young,Miranda Maverick,Favorite,-4,0,0.62,0,-2.28,0.16,2.49,0.46,-0.13,-0.2,-7,-7.11
UFC Fight Night: Rodriguez vs. Lemos,Benito Lopez,Mario Bautista,Favorite,-1,-4,1.3,0.03,-1.19,-0.03,2.25,0.44,-0.07,0.7,0,-3.2
UFC Fight Night: Rodriguez vs. Lemos,Jinh Yu Frey,Polyana Viana,Favorite,-2,-2,-0.02,0.03,1.58,-0.01,0.2,0.03,0.52,-1.6,8,0.51
UFC Fight Night: Rodriguez vs. Lemos,Liudvik Sholinian,Johnny Munoz,Favorite,-1,0,-0.06,0.06,-3.01,0,2.4,0.25,-0.21,1.8,-3,-1.6
UFC Fight Night: Rodriguez vs. Lemos,Carlos Candelario,Jake Hadley,Favorite,1,-2,0.61,0.04,1.61,-0.16,2.04,0.3,0.18,-1.4,5,1.97
UFC Fight Night: Rodriguez vs. Lemos,Ramona Pascual,Tamires Vidal,Favorite,1,-2,0.67,0.02,4.53,-0.08,1.81,0.19,0.72,-1,10,0.15
UFC Fight Night: Nzechukwu vs. Cutelaba,Ion Cutelaba,Kennedy Nzechukwu,Favorite,-4,-8,-0.69,-0.02,-1.47,-0.03,3.57,0.12,-0.04,-0.2,-1,1.12
UFC Fight Night: Nzechukwu vs. Cutelaba,Chase Sherman,Waldo Cortes-Acosta,Favorite,0,0,-0.4,0.03,-3.05,0,0.46,0.1,-0.14,0.2,-2,-1.66
UFC Fight Night: Nzechukwu vs. Cutelaba,Andre Fialho,Muslim Salikhov,Favorite,1,4,-0.06,-0.1,3.32,-0.17,-1.02,0.6,-0.07,0,-9,0.05
UFC Fight Night: Nzechukwu vs. Cutelaba,Danny Roberts,Jack Della Maddalena,Favorite,-2,-1,3.56,0.14,0.54,0.16,-0.03,0.07,0.13,0,-9,-7.83
UFC Fight Night: Nzechukwu vs. Cutelaba,Zhalgas Zhumagulov,Charles Johnson,Favorite,-5,-4,0.76,-0.09,2.7,-0.07,0.89,-0.04,0.08,-0.4,2,0.91
UFC Fight Night: Nzechukwu vs. Cutelaba,Jennifer Maia,Maryna Moroz,Underdog,-3,-3,-0.07,0.05,-0.37,0.04,-0.28,0.03,0.16,-0.5,3,0.96
UFC Fight Night: Nzechukwu vs. Cutelaba,Vincent Morales,Miles Johns,Favorite,-2,-4,-0.89,0.1,-1.69,0.15,1.01,-0.03,0.21,0,-3,-0.91
UFC Fight Night: Nzechukwu vs. Cutelaba,Kevin Natividad,Ricky Turcios,Favorite,3,1,2.4,0.03,-0.59,0.08,-2.66,-0.25,-0.38,0.2,-1,-1.09
UFC Fight Night: Nzechukwu vs. Cutelaba,Maria Oliveira,Vanessa Demopoulos,Favorite,4,10,1.05,-0.03,0.07,0.03,0.53,0.33,0.17,-0.6,-8,0.03
UFC Fight Night: Nzechukwu vs. Cutelaba,Fernando Garcia,Brady Hiestand,Favorite,1,4,0.89,0.18,-0.14,0.05,3.78,-0.04,-0.08,-0.3,-7,1.05
UFC Fight Night: Nzechukwu vs. Cutelaba,Tereza Bleda,Natalia Cristina da Silva,Favorite,-5,-6,1.51,-0.09,0.24,0.19,-1.31,0.01,0.08,-0.7,5,-0.82
UFC Fight Night: Thompson vs. Holland,Stephen Thompson,Kevin Holland,Underdog,-3,-6,-0.13,-0.03,-0.16,0.04,-0.59,0.03,0.11,-0.6,10,1.07
UFC Fight Night: Thompson vs. Holland,Bryan Barberena,Rafael dos Anjos,Favorite,-4,-2,-1.87,-0.01,-1.38,0.16,1.82,0.13,0.05,0.3,4,-3.55
UFC Fight Night: Thompson vs. Holland,Matt Schnell,Matheus Nicolau,Favorite,-2,-4,-0.61,0.14,-1.37,0.11,0.79,0.01,0.43,-0.2,-3,-2.94
UFC Fight Night: Thompson vs. Holland,Tai Tuivasa,Sergey Pavlovich,Favorite,1,9,4.25,-0.01,-0.44,0.12,0,0,0.18,0,1,1.11
UFC Fight Night: Thompson vs. Holland,Roman Dolidze,Jack Hermansson,Underdog,1,-1,-2.47,-0.05,-0.33,-0.05,-0.23,0.1,-0.47,0.9,0,1.45
UFC Fight Night: Thompson vs. Holland,Eryk Anders,Kyle Daukaus,Underdog,-2,-1,0.19,-0.05,1.23,0.08,-0.33,0.01,-0.03,-1.8,6,1.76
UFC Fight Night: Thompson vs. Holland,Niko Price,Phil Rowe,Favorite,-3,-4,1.52,-0.1,1.28,-0.06,-0.15,-0.2,0.05,0.3,1,0.05
UFC Fight Night: Thompson vs. Holland,Angela Hill,Emily Ducote,Underdog,1,1,-2.07,-0.03,-2.98,0.04,0.6,0.19,-0.18,0.1,9,0.63
UFC Fight Night: Thompson vs. Holland,Clay Guida,Scott Holtzman,Underdog,-2,1,-1.68,-0.14,-0.65,0.06,1.25,-0.2,0,0.4,2,1.42
UFC Fight Night: Thompson vs. Holland,Michael Johnson,Marc Diakiese,Underdog,0,0,1.73,-0.01,1.19,0.05,-2.67,-0.02,0.15,0,6,2.9
UFC Fight Night: Thompson vs. Holland,Darren Elkins,Jonathan Pearce,Favorite,-2,0,-1.88,-0.16,-0.16,-0.02,-2.39,-0.15,-0.02,0.3,8,4.39
UFC Fight Night: Thompson vs. Holland,Marcelo Rojo,Francis Marshall,Favorite,1,1,-1.26,-0.06,-2.35,-0.02,2.83,0,-0.66,0.7,-10,-1.02
UFC Fight Night: Thompson vs. Holland,Istela Nunes,Yazmin Jauregui,Favorite,1,2,-1.24,0.07,-0.28,0.05,0,0,-0.5,0,6,2.53
UFC 282,Jan Blachowicz,Magomed Ankalaev,Favorite,1,-3,0.23,0.03,-0.66,0.06,-0.07,-0.19,0.18,-0.3,-10,-1.82
UFC 282,Jan Blachowicz,Magomed Ankalaev,Favorite,1,-3,0.23,0.03,-0.66,0.06,-0.07,-0.19,0.18,-0.3,-10,-1.82
UFC 282,Jan Blachowicz,Magomed Ankalaev,Underdog,1,5,-0.26,-0.05,0.3,-0.16,-0.97,-0.15,-0.06,1.6,-6,-1.82
UFC 282,Jan Blachowicz,Magomed Ankalaev,Underdog,1,5,-0.26,-0.05,0.3,-0.16,-0.97,-0.15,-0.06,1.6,-6,-1.82
UFC 282,Alex Morono,Santiago Ponzinibbio,Favorite,1,1,0.03,0.01,0.51,0.03,0.16,0.08,0.05,-0.4,4,-0.8
UFC 282,Darren Till,Dricus Du Plessis,Favorite,1,2,4.19,0.04,1.46,-0.01,2.45,0.05,-0.29,0.8,-1,-1.25
UFC 282,Bryce Mitchell,Ilia Topuria,Favorite,-3,-1,2.1,-0.12,1.72,0.07,-1.53,0.15,0.59,-0.3,-2,-0.5
UFC 282,Jay Perrin,Raul Rosas Jr,Favorite,2,0,-2.43,-0.02,-2.38,0.02,0.74,-0.19,-0.58,1.8,-11,-1.5
UFC 282,Chris Daukaus,Jairzinho Rozenstruik,Favorite,-1,2,-2.61,-0.01,-1.86,-0.08,0,0,-0.25,0,2,-0.94
UFC 282,Dalcha Lungiambula,Edmen Shahbazyan,Favorite,6,-1,0.53,0.07,0.16,-0.07,0.1,-0.07,-0.14,0.6,-10,-2.46
UFC 282,Chris Curtis,Joaquin Buckley,Underdog,0,-1,1.51,0.15,3.04,-0.06,-1.69,-0.44,0.13,0,6,0.99
UFC 282,Alexander Hernandez,Billy Quarantillo,Favorite,-1,2,-3.03,-0.15,-0.91,0.12,-0.18,0.08,-0.02,-1,-4,0.99
UFC 282,Erik Silva,T.J. Brown,Favorite,0,1,1.3,-0.26,1.32,0.09,-0.35,-0.23,-0.26,1.3,-3,0
UFC 282,Steven Koslow,Cameron Saaiman,Favorite,1,-2,4.55,0.09,0.45,0.11,-4.37,-0.27,0.47,-0.4,-4,-2.39
UFC Fight Night: Cannonier vs. Strickland,Sean Strickland,Jared Cannonier,Favorite,-2,1,-1.23,0.11,-0.2,-0.03,-0.41,-0.22,-0.14,-0.2,7,-0.13
UFC Fight Night: Cannonier vs. Strickland,Damir Ismagulov,Arman Tsarukyan,Favorite,3,2,-0.43,-0.06,0.6,0.08,-2.25,-0.09,-0.05,0,6,1.27
UFC Fight Night: Cannonier vs. Strickland,Alessandro Costa,Amir Albazi,Favorite,-1,-1,1.34,0.08,0.43,-0.06,-1.44,-0.21,0.5,-0.7,-2,3.76
UFC Fight Night: Cannonier vs. Strickland,Alex Caceres,Julian Erosa,Underdog,-3,-1,-1.93,0.01,-3.2,0.15,-1.09,0.22,0.06,-0.1,1,1.01
UFC Fight Night: Cannonier vs. Strickland,Bobby Green,Drew Dober,Favorite,-2,-1,-2.11,-0.12,0.48,-0.11,-0.48,-0.2,-0.18,-0.2,-2,-0.88
UFC Fight Night: Cannonier vs. Strickland,Cody Brundage,Michal Oleksiejczuk,Favorite,0,-2,-3.44,0.04,-1.96,-0.18,1.58,0.08,0.2,0.9,1,1.92
UFC Fight Night: Cannonier vs. Strickland,Cory McKenna,Cheyanne Buys,Underdog,0,5,1.93,0.1,-0.62,0.16,-1.97,-0.25,-0.05,-0.2,4,-0.93
UFC Fight Night: Cannonier vs. Strickland,Matt Semelsberger,Jake Matthews,Underdog,-2,-2,-0.48,0.02,-1.65,0.06,0.57,-0.17,0.17,0.2,-2,-2.26
UFC Fight Night: Cannonier vs. Strickland,Said Nurmagomedov,Saidyokub Kakhramonov,Underdog,0,1,1.5,-0.04,1.25,-0.01,-5.62,-0.32,-0.17,-0.5,4,0.07
UFC Fight Night: Cannonier vs. Strickland,Hayisaer Maheshate,Rafa Garcia,Favorite,-5,-1,0.29,0.14,-1.55,0.08,3.61,0.44,0.34,0.3,5,0.7
UFC Fight Night: Cannonier vs. Strickland,Bryan Battle,Rinat Fakhretdinov,Favorite,1,3,0.47,-0.05,1.58,-0.08,-3.13,-0.18,-0.53,0.3,-3,0.67
UFC Fight Night: Cannonier vs. Strickland,David Dvorak,Manel Kape,Favorite,0,0,1.64,0.11,1.22,0,0.07,0.07,0.07,0.2,-1,-1.5
UFC Fight Night: Cannonier vs. Strickland,Journey Newson,Sergey Morozov,Favorite,1,0,0.37,0.11,0.4,-0.03,3.07,0.15,0.25,-0.3,-1,-2.41
UFC Fight Night: Muniz vs. Allen,Brendan Allen,Andre Muniz,Underdog,1,-3,2.01,0.03,1.84,-0.07,-2.49,-0.03,0.23,0.2,-6,1.51
UFC Fight Night: Muniz vs. Allen,Don'tale Mayes,Augusto Sakai,Favorite,-3,-4,0.91,0.06,-0.13,0.01,-0.48,-0.03,-0.04,0,1,-0.19
UFC Fight Night: Muniz vs. Allen,Montana De La Rosa,Tatiana Suarez,Favorite,2,2,-1.57,-0.27,1.83,-0.07,-4.49,-0.3,-0.36,-0.1,-4,5.07
UFC Fight Night: Muniz vs. Allen,Yohan Lainesse,Mike Malott,Favorite,0,-3,1.61,0.05,-0.05,-0.06,2.1,0.32,-0.56,0.5,1,-1.53
UFC Fight Night: Muniz vs. Allen,Erick Gonzalez,Trevor Peek,Favorite,2,5,-2.18,-0.18,3.91,-0.04,4.18,0.02,-0.04,0,3,1.92
UFC Fight Night: Muniz vs. Allen,Jasmine Jasudavicius,Gabriella Fernandes,Underdog,-1,-2,-2.32,0.02,-1.33,-0.04,-2.16,-0.37,-0.19,-0.4,-5,-0.29
UFC Fight Night: Muniz vs. Allen,Victor Martinez,Jordan Leavitt,Favorite,1,1,-5.39,0.1,-5.82,0.04,1.49,-0.08,-0.5,1.1,-4,-0.2
UFC Fight Night: Muniz vs. Allen,Ode Osbourne,Charles Johnson,Underdog,-2,3,-1.02,-0.14,1.28,-0.15,0.86,0.04,-0.03,-0.4,-1,0.69
UFC Fight Night: Muniz vs. Allen,Carl Deaton,Joe Solecki,Favorite,2,1,0.68,0.25,-0.32,-0.09,2.65,0.5,0,1.5,-4,-6.31
UFC Fight Night: Muniz vs. Allen,Rafael Alves,Nurullo Aliev,Favorite,-2,-4,-0.65,-0.03,2.84,-0.01,-2.77,-0.19,0.44,1.5,10,1.14
UFC 285,Ciryl Gane,Jon Jones,Favorite,0,3,-1.2,-0.03,0.03,0.01,1.35,0.24,0.45,0,2,-0.85
UFC 285,Alexa Grasso,Valentina Shevchenko,Underdog,0,0,-1.39,0.09,-1.84,0.04,2.15,0.18,0.12,-0.2,6,-7.33
UFC 285,Geoff Neal,Shavkat Rakhmonov,Favorite,-2,-2,0.85,-0.11,3.06,0.06,-1.03,0.15,-0.13,-1.7,4,3.98
UFC 285,Jalin Turner,Mateusz Gamrot,Favorite,-5,-7,-2.51,0.03,-1.5,0.18,4.49,-0.2,0.16,-1,4,-1.23
UFC 285,Jamie Pickett,Bo Nickal,Favorite,-1,-4,-1.01,0.15,-3.12,0.2,6.2,0.1,-0.67,7.4,-7,-11.93
UFC 285,Trevin Jones,Cody Garbrandt,Favorite,1,-5,0.85,0.03,-0.53,0.21,0.41,0.19,0.2,-0.2,-1,-0.94
UFC 285,Derek Brunson,Dricus Du Plessis,Favorite,0,1,-2.98,-0.03,-1.72,-0.04,0.14,-0.18,0.45,-0.2,10,1.55
UFC 285,Viviane Araujo,Amanda Ribas,Favorite,-1,-2,0.52,-0.07,-1.56,0.05,0.31,0.11,0.07,0.1,-7,-0.15
UFC 285,Julian Marquez,Marc-Andre Barriault,Favorite,-1,2,1.33,0.03,0.68,0.01,0.22,0.25,0.14,-2.5,0,-0.6
UFC 285,Kenan Song,Ian Garry,Favorite,3,3,1.91,0.09,-2.89,0.03,0.21,0.25,0.08,0,-8,-6.37
UFC 285,Mana Martinez,Cameron Saaiman,Favorite,2,3,-0.99,0.02,0.76,-0.01,-0.19,0.14,-0.22,-0.2,5,2.01
UFC 285,Jessica Penne,Tabatha Ricci,Favorite,-4,-6,1.76,0.06,0.19,0.14,1.67,0.14,0.41,-0.4,-12,-2.82
UFC 285,DaMon Blackshear,Farid Basharat,Favorite,-2,-1,0.19,0.11,-1.65,0.09,1.62,0.04,0.17,-0.2,-3,-3.29
UFC 285,Esteban Ribovics,Loik Radzhabov,Favorite,1,0,-3.27,-0.1,1.24,-0.08,5.8,-0.09,-0.05,-0.5,5,-1.56
UFC Fight Night: Yan vs. Dvalishvili,Merab Dvalishvili,Petr Yan,Underdog,1,-1,0.64,0.12,1.99,0.01,-4.7,0.15,0.05,-0.2,-2,-1.78
UFC Fight Night: Yan vs. Dvalishvili,Alexander Volkov,Alexander Romanov,Underdog,5,5,1.04,0.05,0.8,0.04,-3.83,0.09,0.53,-0.7,2,0.69
UFC Fight Night: Yan vs. Dvalishvili,Ryan Spann,Nikita Krylov,Favorite,-2,-2,1.13,0.15,-1.42,0,0.95,0.03,0.06,-0.1,0,-0.84
UFC Fight Night: Yan vs. Dvalishvili,Jonathan Martinez,Said Nurmagomedov,Underdog,0,0,-0.99,-0.02,-1.74,0,0.6,-0.19,-0.02,1.3,2,-1.66
UFC Fight Night: Yan vs. Dvalishvili,Guido Cannetti,Mario Bautista,Favorite,3,1,2.25,-0.07,1.15,0.02,-0.02,-0.11,0.02,0.6,-14,-7.4
UFC Fight Night: Yan vs. Dvalishvili,Anton Turkalj,Vitor Petrino,Favorite,-2,-1,0.37,0.03,-0.84,-0.09,-1,0.25,0.55,0.8,-1,-0.07
UFC Fight Night: Yan vs. Dvalishvili,Lukasz Brzeski,Karl Williams,Favorite,1,-1,1.91,-0.03,1.45,-0.04,-4.27,0,-0.64,0.3,-2,1.06
UFC Fight Night: Yan vs. Dvalishvili,Raphael Assuncao,Davey Grant,Favorite,-3,-3,-1.55,0,-1.32,0.11,0.39,-0.02,0.17,0,3,0.51
UFC Fight Night: Yan vs. Dvalishvili,Josh Fremd,Sedriques Dumas,Underdog,-2,3,-1.17,0.02,-0.49,0.1,-0.13,0.25,0.09,-1,-2,-1.51
UFC Fight Night: Yan vs. Dvalishvili,Tony Gravely,Victor Henry,Favorite,-2,1,-4.52,-0.06,-1.15,-0.03,5.4,0.41,-0.31,-0.2,-5,0.6
UFC Fight Night: Yan vs. Dvalishvili,Ariane Lipski,J.J. Aldrich,Underdog,-1,0,-0.22,0.05,0.42,0.07,0.1,-0.32,-0.05,-0.3,1,3.11
UFC Fight Night: Yan vs. Dvalishvili,Tyson Nam,Bruno Silva,Favorite,-3,-3,-0.82,0.13,-1.88,-0.06,2.57,0.3,-0.23,0.3,-6,-1.06
UFC Fight Night: Yan vs. Dvalishvili,Tyson Nam,Bruno Silva,Favorite,5,6,0.25,0.16,0.48,-0.24,0.93,0.27,-0.14,0,-6,-1.06
UFC Fight Night: Yan vs. Dvalishvili,Jared Gooden,Carlston Harris,Favorite,0,-1,-1.9,0,-4.02,0.04,1.3,-0.71,-0.1,0.6,6,-2.67
UFC 286,Leon Edwards,Kamaru Usman,Underdog,-2,2,1.61,-0.01,0.4,0,1.57,0.11,0.19,-0.3,5,-1.87
UFC 286,Justin Gaethje,Rafael Fiziev,Underdog,3,-1,1.88,0.08,2.49,0.03,-0.18,-0.15,-0.14,0,4,1.78
UFC 286,Bryan Barberena,Gunnar Nelson,Favorite,1,0,3.51,-0.13,1.59,-0.05,-1.77,-0.37,-0.16,-0.7,0,2.83
UFC 286,Jennifer Maia,Casey O'Neill,Underdog,-2,-5,-4.06,-0.16,-1.78,-0.01,-1.35,-0.11,-0.08,-0.6,9,0.93
UFC 286,Roman Dolidze,Marvin Vettori,Favorite,-2,-2,1.94,0.06,0.88,0.05,0.36,0.05,0.36,-0.8,-5,-4.17
UFC 286,Makwan Amirkhani,Jack Shore,Favorite,-2,-1,2.42,0.14,-0.66,0.1,-0.86,-0.05,0.41,-0.4,-6,-4.65
UFC 286,Omar Morales,Chris Duncan ,Favorite,-1,-2,1.46,0.06,0.47,-0.09,3.39,-0.62,-0.3,0,-7,0
UFC 286,Yanal Ashmoz,Sam Patterson,Underdog,6,10,-0.54,-0.04,-1.94,-0.1,0.27,0.5,-0.17,3.6,-1,-2.04
UFC 286,Jafel Filho,Muhammad Mokaev,Favorite,0,2,-0.83,0.07,-0.64,0.1,3.98,0.08,-0.55,-1.6,-8,-6.38
UFC 286,Gabriel Santos,Lerone Murphy,Favorite,0,3,0.55,-0.01,-3.43,0.16,-2.75,0.06,-0.2,-0.6,5,-1.23
UFC 286,Dusko Todorovic,Christian Duncan,Favorite,1,5,0.42,0.05,-0.73,0.04,-0.51,0.02,0.05,0,-2,1.77
UFC 286,Malcolm Gordon,Jake Hadley,Favorite,0,-1,0.86,-0.03,1.56,0.17,-1.48,-0.29,0.09,0.7,-7,-3.43
UFC 286,Luana Carolina,Joanne Wood,Favorite,0,-4,2.47,0.02,1.26,0.02,1.14,0.13,-0.18,-0.3,8,-1.27
UFC 286,Veronica Macedo,Juliana Miller,Underdog,3,2,0.18,0,1,-0.15,0.76,0.03,-0.6,1.5,0,3.21
UFC Fight Night: Vera vs. Sandhagen,Marlon Vera,Cory Sandhagen,Favorite,3,0,1.02,-0.05,-2.08,0.08,0.83,-0.06,-0.06,-0.6,1,-0.59
UFC Fight Night: Vera vs. Sandhagen,Yana Santos,Holly Holm,Favorite,2,1,-1.03,-0.16,-0.11,0.05,-0.24,-0.23,0.34,0,8,-1.67
UFC Fight Night: Vera vs. Sandhagen,Austin Lingo,Nate Landwehr,Favorite,1,-2,-2.39,-0.09,-0.89,0.02,-0.57,0.25,-0.11,-1,-6,1.34
UFC Fight Night: Vera vs. Sandhagen,Andrea Lee,Maycee Barber,Favorite,1,4,-0.01,-0.07,0.86,0.08,0.41,0.15,0.02,0.5,9,2.02
UFC Fight Night: Vera vs. Sandhagen,Albert Duraev,Chidi Njokuani,Underdog,4,5,1.1,0.21,-0.07,-0.04,-1.97,-0.29,0.08,-0.4,0,-0.84
UFC Fight Night: Vera vs. Sandhagen,Daniel Pineda,Tucker Lutz,Underdog,-1,-3,-0.65,0.03,-0.07,0.02,-0.28,-0.19,-0.21,1.5,9,2.13
UFC Fight Night: Vera vs. Sandhagen,Lucas Alexander,Steven Peterson,Underdog,-1,-3,-0.47,-0.15,4.11,-0.18,1.42,0.26,0.07,0.7,5,-0.73
UFC Fight Night: Vera vs. Sandhagen,Trevin Giles,Preston Parsons,Underdog,1,3,-0.56,0,-0.96,0.07,-3.11,0.07,-0.09,-2.8,3,0.19
UFC Fight Night: Vera vs. Sandhagen,Daniel Lacerda,Carlos Vergara,Favorite,-1,-3,0.72,0.13,-2.45,0.05,-1.26,-0.25,-0.15,-0.4,1,-1.83
UFC Fight Night: Vera vs. Sandhagen,Victor Altamirano,Vinicius Salvador,Underdog,-1,0,0.93,-0.14,2.8,-0.06,-3.07,-0.28,0.23,0,-6,-0.09
UFC 287,Alex Pereira,Israel Adesanya,Favorite,0,-1,1.17,0.14,0.54,-0.06,0.13,0.86,-0.07,0.3,2,0.41
UFC 287,Jorge Masvidal,Gilbert Burns,Favorite,-1,-3,-0.76,0.01,0.37,-0.1,0.86,-0.21,-0.22,0.2,-2,-3.55
UFC 287,Rob Font,Adrian Yanez,Underdog,1,1,-0.98,0.04,-2.1,-0.01,0.89,0.35,-0.54,0.3,6,0.98
UFC 287,Santiago Ponzinibbio,Kevin Holland,Favorite,3,8,-0.66,0.08,-1.48,-0.11,0.37,0.08,-0.06,0.6,-6,-1.75
UFC 287,Christian Rodriguez,Raul Rosas Jr,Underdog,2,-4,-2.17,-0.04,-0.76,-0.11,2.43,-0.21,-0.66,0.7,-7,-1.31
UFC 287,Chris Curtis,Kelvin Gastelum,Favorite,-1,-4,-2.21,-0.1,-2.93,0.06,0.96,0.3,-0.23,0.1,-4,-0.33
UFC 287,Michelle Waterson,Luana Pinheiro,Favorite,-1,0,0.01,-0.06,-0.02,0.14,0.82,0.01,-0.04,-0.5,-7,0.69
UFC 287,Gerald Meerschaert,Joe Pyfer,Favorite,1,-2,0.48,-0.05,0.21,-0.02,-0.68,0.03,0.16,-0.7,-9,-1.19
UFC 287,Cynthia Calvillo,Lupita Godinez,Favorite,-2,-3,-0.28,0.1,-0.54,-0.01,1.24,0.02,0.07,0.2,-6,1.99
UFC 287,Trey Ogden,Ignacio Bahamondes,Favorite,4,3,3.77,-0.01,0.79,-0.01,-1.64,-0.23,-0.15,-0.2,-8,-3.31
UFC 287,Steve Garcia,Yilan Sha,Underdog,-4,-6,-2.57,-0.11,0.54,0.04,1.59,-0.11,-0.48,-0.7,-2,1.04
UFC 287,Sam Hughes,Jaqueline Amorim,Underdog,2,-4,0.7,-0.07,2.66,-0.06,-0.52,0.07,0.57,-5.4,3,1.64
UFC Fight Night: Holloway vs. Allen,Arnold Allen,Max Holloway,Favorite,3,-1,3.78,0.08,1.81,-0.02,-0.77,0.03,0.09,-0.1,2,-0.89
UFC Fight Night: Holloway vs. Allen,Edson Barboza,Billy Quarantillo,Underdog,-1,-5,3.25,0.12,0.92,-0.13,0.79,-0.27,-0.11,1,-3,-0.9
UFC Fight Night: Holloway vs. Allen,Azamat Murzakanov,Dustin Jacoby,Underdog,5,5,0.96,-0.1,0.95,0,-0.39,0.09,-0.23,0,1,-0.69
UFC Fight Night: Holloway vs. Allen,Tanner Boser,Ion Cutelaba,Favorite,-1,0,-0.26,-0.09,0.68,-0.11,4.17,0.57,0.13,0,-2,-0.29
UFC Fight Night: Holloway vs. Allen,Pedro Munhoz,Chris Gutierrez,Underdog,-3,-2,0.52,-0.15,3.44,-0.07,0.23,-0.12,0.13,0.4,4,1.5
UFC Fight Night: Holloway vs. Allen,Clay Guida,Rafa Garcia,Favorite,0,0,-1.55,-0.09,-1.2,0,-0.48,-0.08,-0.12,0.3,13,2.34
UFC Fight Night: Holloway vs. Allen,T.J. Brown,Bill Algeo,Favorite,3,1,2.79,0.08,1.63,-0.02,-2.55,-0.11,0.2,-1.2,0,-1.4
UFC Fight Night: Holloway vs. Allen,Brandon Royval,Matheus Nicolau,Underdog,-3,-2,-0.71,0.16,-0.23,0.2,0.91,-0.15,0.53,-0.3,0,-1.24
UFC Fight Night: Holloway vs. Allen,Ed Herman,Zak Cummings,Favorite,1,2,0.35,0.13,0.8,-0.13,1.34,0.19,-0.07,0.4,4,1.38
UFC Fight Night: Holloway vs. Allen,Piera Rodriguez,Gillian Robertson,Favorite,2,0,-1.03,-0.01,0.28,-0.02,-0.58,0.02,-0.23,1,-2,-0.35
UFC Fight Night: Holloway vs. Allen,Lando Vannata,Daniel Zellhuber,Favorite,-4,-6,-1.34,0.04,-0.3,-0.01,0.87,0.04,-0.25,0.1,8,0.34
UFC Fight Night: Holloway vs. Allen,Denise Gomes,Bruna Brasil,Underdog,4,2,-1.87,0.14,0.26,0.02,0.46,0.29,0.06,-0.8,6,-0.63
UFC Fight Night: Holloway vs. Allen,Aaron Phillips,Gaston Bolanos,Favorite,-2,-2,2.37,-0.1,-0.17,0.06,-0.86,-0.5,0.06,-0.6,-3,-1.08
UFC Fight Night: Holloway vs. Allen,Joselyne Edwards,Lucie Pudilova,Underdog,0,3,1.03,0.15,-0.47,-0.01,0.45,0.06,-0.02,-0.4,-1,0.47
UFC Fight Night: Pavlovich vs. Blaydes,Sergey Pavlovich,Curtis Blaydes,Underdog,1,-4,-4.68,0.02,-2.78,0.04,5.72,0.53,-0.44,0,1,-0.47
UFC Fight Night: Pavlovich vs. Blaydes,Bruno Silva,Brad Tavares,Underdog,9,9,0.33,-0.03,0.06,-0.04,-1.79,-0.04,0.17,-0.3,2,-0.83
UFC Fight Night: Pavlovich vs. Blaydes,Bruno Silva,Brad Tavares,Underdog,1,0,-0.74,-0.06,-2.3,0.14,-0.15,-0.01,0.08,0,2,-0.83
UFC Fight Night: Pavlovich vs. Blaydes,Brogan Walker,Iasmin Lucindo,Favorite,-1,-1,1.91,0.16,-0.59,0.19,2.23,0.53,0.69,0.3,-13,-3.16
UFC Fight Night: Pavlovich vs. Blaydes,Jeremiah Wells,Matt Semelsberger,Underdog,4,1,1.37,0,2.9,0.06,-2.06,0.13,-0.35,-0.4,-6,0.24
UFC Fight Night: Pavlovich vs. Blaydes,Christos Giagos,Rick Glenn,Underdog,2,-1,0.91,0.02,0.89,0.01,-2.29,-0.23,0.16,0,1,-0.76
UFC Fight Night: Pavlovich vs. Blaydes,Rani Yahya,Montel Jackson,Favorite,4,8,1.65,0.15,-0.67,0.14,0.69,0.41,0.4,-1.5,-7,-5.07
UFC Fight Night: Pavlovich vs. Blaydes,Karol Rosa,Norma Dumont,Favorite,-2,0,3.23,0.07,2.89,-0.17,-0.69,-0.23,-0.04,0,-4,0.18
UFC Fight Night: Pavlovich vs. Blaydes,Mohammed Usman,Junior Tafa,Underdog,-1,4,1.37,-0.03,2.35,0.02,0.89,0.18,-0.81,0,8,0.23
UFC Fight Night: Pavlovich vs. Blaydes,William Gomis,Francis Marshall,Underdog,-3,-1,1.04,-0.13,2.58,-0.22,2.23,-0.1,-0.81,0,-1,-1.29
UFC Fight Night: Pavlovich vs. Blaydes,Brady Hiestand,Danaa Batgerel,Underdog,-1,-1,2.45,-0.16,0.56,-0.06,-3.54,0.04,0.2,-0.3,9,-0.63
UFC 288,Aljamain Sterling,Henry Cejudo,Underdog,3,7,0.84,0.06,-0.99,-0.02,0.32,-0.05,-0.3,0.5,-3,0.15
UFC 288,Belal Muhammad,Gilbert Burns,Underdog,-1,-1,-1.26,0.05,-0.22,-0.03,0.26,0.03,-0.43,0.3,2,-0.68
UFC 288,Yan Xiaonan,Jessica Andrade,Underdog,-4,-1,1.65,0.06,1.71,-0.03,1.37,-0.18,0.1,0.3,-2,-0.91
UFC 288,Diego Lopes,Movsar Evloev,Favorite,-4,0,1.21,-0.1,-1.84,0.24,4.75,0.46,0.29,-4.8,1,-6.64
UFC 288,Kron Gracie,Charles Jourdain,Favorite,0,1,-1.82,-0.04,2.51,-0.04,0.38,0.15,-0.48,-0.1,7,0.83
UFC 288,Matt Frevola,Drew Dober,Underdog,-1,-1,0.63,-0.02,0.66,-0.08,-1.88,-0.22,0.14,-0.8,2,-1.53
UFC 288,Devin Clark,Kennedy Nzechukwu,Favorite,5,8,2.1,-0.09,1.66,0.06,-1.57,0.13,0.22,0.1,-3,-1.04
UFC 288,Virna Jandiroba,Marina Alcalde Rodriguez,Underdog,3,1,2.52,0.09,0.16,-0.02,-2.13,0.06,-0.08,-1,2,-0.15
UFC 288,Braxton Smith,Parker Porter,Favorite,1,3,0.09,0.02,-5.22,0.19,1.35,0.26,-0.34,0.5,5,-0.94
UFC 288,Phil Hawes,Ikram Aliskerov,Favorite,0,-1,2.91,0.06,3.43,-0.19,0.22,-0.01,-0.9,2.1,-4,-1.14
UFC 288,Joseph Holmes,Claudio Ribeiro,Favorite,3,3,-0.71,0.02,-1.82,0.24,0.93,-0.1,-0.16,0.8,-3,0.84
UFC Fight Night: Hill vs. Dern,Angela Hill,Mackenzie Dern,Favorite,-1,1,2.07,0.09,0.77,0.1,0.01,0.18,0.48,-1.2,8,0.78
UFC Fight Night: Hill vs. Dern,Edmen Shahbazyan,Anthony Hernandez,Favorite,2,0,-0.7,-0.07,0.63,0,-4.38,-0.11,0,-2.4,-4,1.36
UFC Fight Night: Hill vs. Dern,Emily Ducote,Lupita Godinez,Favorite,0,-2,-3.32,-0.04,-4.26,0.06,2.84,0.32,-0.1,1,0,0.54
UFC Fight Night: Hill vs. Dern,Andre Fialho,Joaquin Buckley,Favorite,2,-2,-0.95,0.05,3.14,-0.13,-1.44,0.56,-0.03,0,0,1.46
UFC Fight Night: Hill vs. Dern,Michael Johnson,Carlos Diego Ferreira,Favorite,-1,1,0.77,0,-0.4,-0.01,0.34,-0.11,-0.21,0.6,2,0.46
UFC Fight Night: Hill vs. Dern,Hayisaer Maheshate,Viacheslav Borshchev,Favorite,-1,-2,1.28,0.3,-1.27,0.01,0,0,-0.1,0,8,0.78
UFC Fight Night: Hill vs. Dern,Vanessa Demopoulos,Karolina Kowalkiewicz,Favorite,1,5,1.73,0.02,-0.14,0.17,-0.08,0.12,0.43,-0.4,3,-0.45
UFC Fight Night: Hill vs. Dern,Orion Cosce,Gilbert Urbina,Favorite,-4,-4,-2.84,-0.04,-0.59,0,-1.09,-0.04,0.61,-0.8,1,0.12
UFC Fight Night: Hill vs. Dern,Ilir Latifi,Rodrigo Nascimento Ferreira,Favorite,4,7,2,0.04,1.69,-0.13,-0.88,0.02,-0.24,0.3,-10,1.09
UFC Fight Night: Hill vs. Dern,Chase Hooper,Nick Fiore,Underdog,3,2,2.25,0.06,-4.6,-0.06,-1.05,-0.21,-0.16,2.3,-2,0.37
UFC Fight Night: Hill vs. Dern,Victoria Leonardo,Natalia Cristina da Silva,Favorite,-1,1,1.26,0.05,-2.6,0.19,-1.1,0.01,0.2,0,-7,-4.89
UFC Fight Night: Hill vs. Dern,Takashi Sato,Themba Gorimbo,Favorite,-3,-4,-0.32,-0.28,2.65,-0.02,-3.28,-0.21,-0.18,0,0,0.3
UFC Fight Night: Kara-France vs. Albazi,Kai Kara-France,Amir Albazi,Favorite,-1,1,1.77,0,0.17,0.02,-1.08,0,0.48,-0.7,1,0.28
UFC Fight Night: Kara-France vs. Albazi,Daniel Pineda,Alex Caceres,Favorite,3,4,1.12,0,-0.09,0.16,-1.17,0.43,0.16,-1,-3,-1.24
UFC Fight Night: Kara-France vs. Albazi,Jesse Butler,Jim Miller,Favorite,-2,-2,0.38,0.28,-4.33,0.16,1.53,0.44,0.47,1.7,8,-1.78
UFC Fight Night: Kara-France vs. Albazi,Victor Altamirano,Tim Elliott,Favorite,-1,-4,-1.16,-0.13,-1.04,0.02,0.3,0.08,-0.04,1,4,-1.03
UFC Fight Night: Kara-France vs. Albazi,Ketlen Souza,Karine Silva,Favorite,2,4,-2.11,-0.33,1.09,-0.11,2.69,0.22,-0.5,2.2,1,-1.37
UFC Fight Night: Kara-France vs. Albazi,Elizeu Zaleski dos Santos,Abubakar Nurmagomedov,Underdog,0,-1,-1.74,0.11,-0.72,0.08,0.82,0.09,0.2,-0.4,-3,-0.32
UFC Fight Night: Kara-France vs. Albazi,Johnny Munoz,Daniel Santos,Favorite,2,4,-1.82,-0.01,-2.46,0.05,0.5,-0.25,-0.28,1.8,2,1.47
UFC Fight Night: Kara-France vs. Albazi,Andrei Arlovski,Don'tale Mayes,Favorite,3,4,-0.09,-0.02,0.76,-0.1,0.33,0.07,-0.16,-0.2,-13,0.45
UFC Fight Night: Kara-France vs. Albazi,Muin Gafurov,John Castaneda,Favorite,-1,3,1.81,0.09,2.04,0.08,-0.48,0.11,0.09,0.2,4,-0.25
UFC Fight Night: Kara-France vs. Albazi,Muhammadjon Naimov,Jamie Mullarkey,Underdog,3,4,1.06,0,-0.04,0.12,0.37,0.01,0.21,0.1,0,-3.58
UFC Fight Night: Kara-France vs. Albazi,Jinh Yu Frey,Elise Reed,Favorite,0,2,0.31,-0.06,1.17,0,0.44,-0.24,0.48,0.3,8,0.42
UFC Fight Night: Kara-France vs. Albazi,DaMon Blackshear,Luan Lacerda,Underdog,-3,-1,0.24,-0.03,2.98,-0.01,-1.08,-0.12,0.09,-0.2,2,0.63
UFC Fight Night: Kara-France vs. Albazi,Philipe Lins,Maxim Grishin,Underdog,1,0,-0.54,0.03,-1.32,0.12,-1.44,-0.17,-0.34,0,2,-0.42
UFC 289,Irene Aldana,Amanda Nunes,Favorite,-1,1,-0.69,0.11,-3.71,0,2.57,0.04,0.06,0.5,-1,-2.22
UFC 289,Charles Oliveira,Beneil Dariush,Underdog,0,2,-0.39,0.05,0.55,-0.06,0.27,0.06,-0.25,1.9,-1,0.58
UFC 289,Adam Fugitt,Mike Malott,Favorite,0,-4,-0.47,-0.08,-1.8,0.04,-0.39,0.27,-0.34,1,-3,-1.35
UFC 289,Nate Landwehr,Dan Ige,Favorite,-2,-1,-2.49,-0.01,-2.23,0.02,0.06,-0.15,-0.28,-0.7,-3,-1.85
UFC 289,Eryk Anders,Marc-Andre Barriault,Favorite,0,1,-2.78,0,-1.5,-0.02,1.57,0.01,0.12,0,3,0.69
UFC 289,Jasmine Jasudavicius,Miranda Maverick,Underdog,-4,-3,-0.15,0.02,-1.43,0.08,0.33,0.09,-0.4,0,-9,-1.92
UFC 289,Aiemann Zahabi,Qileng Aori,Underdog,-1,1,1.88,0.07,2.42,-0.24,1.25,0.3,-0.21,0,-6,0.19
UFC 289,Kyle Nelson,Blake Bilder,Underdog,3,3,-0.16,-0.03,0.54,-0.01,0.79,0.13,0.02,0,0,1.9
UFC 289,Steve Erceg,David Dvorak,Underdog,3,0,1.04,0.06,0.91,-0.07,0.66,-0.04,-0.1,0.3,-3,2.03
UFC 289,Maria Oliveira,Diana Belbita,Favorite,1,-1,1.51,0.04,0.79,0.07,-0.04,0.18,0.18,0,0,-0.43
UFC Fight Night: Vettori vs. Cannonier,Jared Cannonier,Marvin Vettori,Underdog,1,-3,-0.12,-0.07,0.11,-0.03,1.22,0.03,0.06,0.5,-10,-0.39
UFC Fight Night: Vettori vs. Cannonier,Joaquim Silva,Arman Tsarukyan,Favorite,-1,3,0.13,0.05,-2.69,0,2.86,-0.13,0.06,-0.8,-8,-8.9
UFC Fight Night: Vettori vs. Cannonier,Armen Petrosyan,Christian Duncan,Underdog,-1,8,0.27,0.1,0.92,-0.06,0.23,-0.19,0.19,0,-5,-0.85
UFC Fight Night: Vettori vs. Cannonier,Lucas Almeida,Pat Sabatini,Favorite,-3,-1,-3.03,0.12,-3.78,0.04,3.73,0.42,0.1,1.9,0,-1.07
UFC Fight Night: Vettori vs. Cannonier,Nikolas Motta,Manuel Torres,Favorite,-1,-3,-5.06,-0.25,1.63,-0.05,-3.26,-0.66,-0.06,-1.6,2,1.21
UFC Fight Night: Vettori vs. Cannonier,Nicolas Dalby,Muslim Salikhov,Underdog,0,-4,-0.67,0.08,-0.49,0.1,0.16,0.1,0.13,-0.1,0,-1.06
UFC Fight Night: Vettori vs. Cannonier,Jimmy Flick,Alessandro Costa,Favorite,3,1,-2.44,0.03,1.7,-0.17,1.52,0.14,-0.9,5.4,5,2.24
UFC Fight Night: Vettori vs. Cannonier,Kyung Ho Kang,Christian Quinonez,Underdog,-1,-3,0.84,-0.08,1.22,0,-0.5,-0.2,0.16,-0.8,-8,0.56
UFC Fight Night: Vettori vs. Cannonier,Carlos Hernandez,Denys Bondar,Underdog,2,-2,0.36,-0.04,-0.62,-0.1,-2.88,-0.43,0.03,0.3,-1,0.68
UFC Fight Night: Vettori vs. Cannonier,Gabriella Fernandes,Tereza Bleda,Favorite,3,5,1.39,0.06,-0.84,-0.01,1.81,0.27,0.22,0.7,-8,-1.66
UFC Fight Night: Vettori vs. Cannonier,Zac Pauga,Modestas Bukauskas,Favorite,1,2,-1.18,-0.21,1.14,-0.08,-0.38,-0.07,-0.29,0,-6,-1.22
UFC Fight Night: Emmett vs. Topuria,Josh Emmett,Ilia Topuria,Favorite,1,-1,0.36,0.1,-1.26,0.04,1.01,0.19,0.46,1.2,-12,-2.8
UFC Fight Night: Emmett vs. Topuria,Maycee Barber,Amanda Ribas,Underdog,-2,1,-0.07,-0.13,0.5,0.07,0.63,0.08,0.32,0.6,4,-1.17
UFC Fight Night: Emmett vs. Topuria,David Onama,Gabriel Santos,Underdog,2,4,0.58,-0.07,-0.93,0.08,-3.67,-0.29,-0.14,-0.7,2,1.4
UFC Fight Night: Emmett vs. Topuria,Bruno Silva,Brendan Allen,Favorite,10,10,0.93,0.07,0.74,-0.12,-0.83,0.17,-0.06,1.1,-6,-1.37
UFC Fight Night: Emmett vs. Topuria,Bruno Silva,Brendan Allen,Favorite,2,1,-0.14,0.04,-1.62,0.06,0.81,0.2,-0.15,1.4,-6,-1.37
UFC Fight Night: Emmett vs. Topuria,Phil Rowe,Neil Magny,Favorite,0,0,-0.47,-0.06,-1.9,-0.02,1.32,0,-0.05,-0.1,3,-0.96
UFC Fight Night: Emmett vs. Topuria,Wellington Turman,Randy Brown,Favorite,3,6,1.14,-0.05,-0.84,0.09,-0.77,0.19,0.32,-0.3,6,-1.78
UFC Fight Night: Emmett vs. Topuria,Loik Radzhabov,Mateusz Rebecki,Favorite,-4,-3,1.76,0.06,-0.58,0.09,-2.61,0.18,-0.22,1,-2,-0.33
UFC Fight Night: Emmett vs. Topuria,Gillian Robertson,Tabatha Ricci,Favorite,-4,-2,1.67,-0.09,1.82,0.04,0.46,-0.08,0.34,-0.8,0,-0.29
UFC Fight Night: Emmett vs. Topuria,Joshua Van,Zhalgas Zhumagulov,Underdog,-1,1,-3.84,-0.1,0.09,-0.08,0.16,-0.23,-0.03,0.2,13,-1.4
UFC Fight Night: Emmett vs. Topuria,Jose Mariscal,Trevor Peek,Underdog,2,1,-0.12,0.02,0.49,-0.08,-0.53,0.25,-0.12,-0.4,-2,-0.52
UFC Fight Night: Emmett vs. Topuria,Jack Jenkins,Jamall Emmers,Underdog,3,6,0.87,-0.13,0.98,-0.02,-0.73,-0.29,0.15,0.2,4,-1.22
UFC Fight Night: Emmett vs. Topuria,Sedriques Dumas,Cody Brundage,Underdog,-2,-7,-0.14,0.09,0.16,-0.14,1.62,0.02,0.28,0.5,2,-0.79
UFC Fight Night: Strickland vs. Magomedov,Abusupiyan Magomedov,Sean Strickland,Favorite,-1,-2,3.03,-0.03,0.6,0.07,-1.8,-0.13,-0.23,0.2,0,-0.69
UFC Fight Night: Strickland vs. Magomedov,Grant Dawson,Damir Ismagulov,Underdog,0,-2,-0.39,0.09,-0.17,-0.16,2.68,0.08,-0.3,1.5,-3,0.34
UFC Fight Night: Strickland vs. Magomedov,Max Griffin,Michael Morales,Favorite,-1,-3,-1.36,0.03,0.21,0.05,0.21,0,-0.23,0.3,14,1.8
UFC Fight Night: Strickland vs. Magomedov,Ariane Lipski,Melissa Gatto,Underdog,-1,2,-0.32,0.08,-1.12,0.01,0.91,-0.27,-0.08,0.2,-2,1.62
UFC Fight Night: Strickland vs. Magomedov,Benoit Saint-Denis,Ismael Bonfim,Underdog,-3,-2,0.1,0,-1.82,0.28,-3.69,0.04,0.07,-1.5,0,-1.98
UFC Fight Night: Strickland vs. Magomedov,Nursulton Ruziboev,Brunno Ferreira,Underdog,7,4,-2.5,-0.07,0.43,0.01,-0.48,0.84,-0.66,0,-1,1.55
UFC Fight Night: Strickland vs. Magomedov,Kevin Lee,Rinat Fakhretdinov,Favorite,-3,3,-0.17,-0.14,1.44,-0.02,-1.07,-0.03,-0.25,0.5,-1,1.32
UFC Fight Night: Strickland vs. Magomedov,Westin Wilson,Joanderson Brito,Favorite,-5,-1,1.24,0.17,-3.97,0.18,3.11,0.76,0.62,-3.6,-6,-8.92
UFC Fight Night: Strickland vs. Magomedov,Yana Santos,Karol Rosa,Favorite,1,1,-2.18,0,-1.75,0.01,-0.11,0.08,-0.26,0.1,5,1.13
UFC Fight Night: Strickland vs. Magomedov,Elves Brenner,Guram Kutateladze,Underdog,1,0,0.43,-0.02,-0.29,0.04,-0.9,-0.13,0,0,6,-5.35
UFC Fight Night: Strickland vs. Magomedov,Luana Carolina,Ivana Petrovic,Underdog,2,1,-2.44,-0.07,-1.18,0.04,2.45,0.08,-0.16,1.1,-1,-1.09
UFC Fight Night: Strickland vs. Magomedov,Blagoy Ivanov,Alexander Romanov,Favorite,3,2,0.81,0.12,-2,-0.03,3.63,0.14,-0.41,0.8,-4,-0.5
UFC 290,Yair Rodriguez,Alex Volkanovski,Favorite,-5,0,1.51,0.1,-0.55,0.06,1.09,0.1,0.12,-0.5,4,-2.63
UFC 290,Alexandre Pantoja,Brandon Moreno,Underdog,2,3,-0.54,-0.05,-0.34,0.09,-0.87,-0.01,-0.05,-0.3,-4,-1.13
UFC 290,Dricus Du Plessis,Robert Whittaker,Underdog,-1,-3,-1.92,-0.08,-1.32,0.04,-2.19,-0.13,0.42,-0.8,3,-2.7
UFC 290,Daniel Hooker,Jalin Turner,Underdog,3,2,0.52,0,-0.19,-0.1,0,0.21,-0.06,0.7,-5,-2.12
UFC 290,Valentine Woodburn,Bo Nickal,Favorite,5,2,0.04,0.27,-4.43,0.34,5.54,-0.5,-0.5,7.5,-2,-12.93
UFC 290,Robbie Lawler,Niko Price,Underdog,-1,-2,-1.61,0.05,-0.93,0.11,-0.05,0.44,0.01,-0.7,8,1.35
UFC 290,Edgar Chairez,Tatsuro Taira,Favorite,0,-1,0.82,0.23,-2.95,0.04,2.12,0.41,0.3,0.7,-4,-9.88
UFC 290,Denise Gomes,Yazmin Jauregui,Underdog,1,1,1.45,-0.1,1.46,0.06,-1.13,-0.33,0.53,-0.8,1,-2.83
UFC 290,Alonzo Menifield,Jim Crute,Underdog,2,-2,-0.24,-0.03,-0.53,-0.05,4.17,0.24,-0.15,1.7,-8,-0.63
UFC 290,Marcin Prachnio,Vitor Petrino,Favorite,-1,3,-2.79,-0.1,-0.72,-0.09,3.81,0.46,0.13,0.8,-9,-1.82
UFC 290,Terrence Mitchell,Cameron Saaiman,Favorite,-2,-7,3.11,0.12,-4.67,0.1,-2.78,-0.22,0.47,0.7,-11,-4.32
UFC 290,Shannon Ross,Jesus Santos Aguilar,Favorite,-3,-3,-1.03,0.11,-0.2,-0.02,0.94,0.25,-0.5,0.2,7,0.56
UFC 290,Kamuela Kirk,Esteban Ribovics,Favorite,0,6,-2.98,-0.02,2.38,-0.13,0.57,-0.4,-0.13,0.7,2,0.78
UFC Fight Night: Holm vs. Bueno Silva,Mayra Bueno Silva,Holly Holm,Underdog,2,3,-0.71,-0.17,-1.94,0.02,0.19,-0.08,0.08,-1.5,10,-0.9
UFC Fight Night: Holm vs. Bueno Silva,Bassil Hafez,Jack Della Maddalena,Favorite,0,1,4.61,0.28,-1.26,0.27,-2.79,0.01,0.2,0.2,-5,-4.82
UFC Fight Night: Holm vs. Bueno Silva,Ottman Azaitar,Francisco Prado,Favorite,-2,2,1.15,0.1,-0.7,-0.04,0,0,0.75,-0.4,13,0.09
UFC Fight Night: Holm vs. Bueno Silva,Albert Duraev,Jun Yong Park,Favorite,-1,-2,1.54,0.1,0.29,-0.06,-0.14,0.21,-0.09,0.5,-2,0.59
UFC Fight Night: Holm vs. Bueno Silva,Chelsea Chandler,Norma Dumont,Favorite,-1,-1,-0.34,0.04,-1.2,0.17,0.6,0.08,0.39,0,0,-0.58
UFC Fight Night: Holm vs. Bueno Silva,Terrance McKinney,Nazim Sadykhov,Favorite,0,4,-0.41,0.02,-3.09,-0.03,1.74,-0.26,0.1,0.7,-1,0.78
UFC Fight Night: Holm vs. Bueno Silva,Tucker Lutz,Melsik Bagdasaryan,Favorite,1,-2,1.54,0.15,-0.19,0.14,-1.99,0.28,-0.69,-0.2,3,0.72
UFC Fight Night: Holm vs. Bueno Silva,Istela Nunes,Viktoriya Dudakova,Favorite,1,1,-1.88,0.07,-2.39,-0.1,2.45,0.41,0,0,-6,1.27
UFC Fight Night: Holm vs. Bueno Silva,Austin Lingo,Melquizael Costa,Favorite,0,-1,-0.43,-0.09,1.87,-0.02,-2.06,0.39,0.33,-0.5,2,1.5
UFC Fight Night: Holm vs. Bueno Silva,Genaro Valdez,Evan Elder,Favorite,1,0,0.67,0.18,-2.16,0.09,-0.8,-0.22,-0.08,0,-5,-2.17
UFC Fight Night: Holm vs. Bueno Silva,Tyson Nam,Azat Maksum,Favorite,0,-2,1.07,0.1,-0.26,0.1,-2,-0.22,0.21,-0.5,11,3.24
UFC Fight Night: Holm vs. Bueno Silva,Carl Deaton,Alex Munoz,Favorite,2,3,2.17,0.11,2.88,-0.06,3,0.4,0.5,0,0,1.52
UFC Fight Night: Holm vs. Bueno Silva,Ashlee Evans-Smith,Ailin Perez,Favorite,3,1,1.07,-0.21,3.41,-0.04,-3.94,-0.28,-0.25,0,7,1.85
UFC Fight Night: Aspinall vs. Tybura,Marcin Tybura,Tom Aspinall,Favorite,2,0,4.12,0.18,-0.58,0.11,2.03,0.67,0.21,1.6,-7,-3.98
UFC Fight Night: Aspinall vs. Tybura,Julija Stoliarenko,Molly McCann,Underdog,-3,-4,3.3,0.1,0.4,0.17,0.89,0.11,-0.11,-1.1,3,-1.38
UFC Fight Night: Aspinall vs. Tybura,Andre Fili,Nathaniel Wood,Favorite,5,5,-2.06,-0.13,-0.11,-0.05,0.42,-0.01,-0.01,-0.2,2,1.37
UFC Fight Night: Aspinall vs. Tybura,Paul Craig,Andre Muniz,Underdog,2,-2,0.48,-0.04,0.98,-0.1,-2.55,-0.3,0.02,0.4,2,1.55
UFC Fight Night: Aspinall vs. Tybura,Jai Herbert,Fares Ziam,Favorite,0,2,-0.01,-0.07,1.43,-0.2,-0.61,-0.13,-0.1,-0.2,9,0.83
UFC Fight Night: Aspinall vs. Tybura,Joshua Culibao,Lerone Murphy,Favorite,-1,0,1.81,0.12,-0.64,0.04,1.59,0.52,-0.21,0.3,2,-0.64
UFC Fight Night: Aspinall vs. Tybura,Davey Grant,Daniel Marcos,Favorite,1,0,-0.98,-0.08,-0.18,-0.11,0.93,-0.09,-0.28,0.2,7,0.56
UFC Fight Night: Aspinall vs. Tybura,Jonny Parsons,Danny Roberts,Underdog,4,5,-1.47,-0.05,-1.16,-0.1,0.24,0.09,-0.09,0.2,4,-0.55
UFC Fight Night: Aspinall vs. Tybura,Marc Diakiese,Joel Alvarez,Favorite,-5,-4,-1.11,-0.06,-0.73,0.02,3.29,0.43,0.55,-1.3,0,1.32
UFC Fight Night: Aspinall vs. Tybura,Michael Parkin,Jamal Pogues,Underdog,-1,-2,-1.18,-0.07,0.23,-0.09,0.8,0.07,0.27,-0.3,0,0.6
UFC Fight Night: Aspinall vs. Tybura,Bryan Barberena,Makhmud Muradov,Favorite,2,3,-1.14,-0.05,-2.02,0.17,2.9,0.44,0.27,-0.1,-1,-2.69
UFC Fight Night: Aspinall vs. Tybura,Pannie Kianzad,Ketlen Vieira,Favorite,1,2,-1.7,-0.08,0.25,-0.02,1.05,0.11,0.26,0.5,0,-0.72
UFC Fight Night: Aspinall vs. Tybura,Yanal Ashmoz,Chris Duncan,Favorite,1,3,1.8,0.04,-1.7,-0.1,2.93,-0.12,-0.17,0,2,-0.49
UFC Fight Night: Aspinall vs. Tybura,Shauna Bannon,Bruna Brasil,Favorite,1,0,-0.66,0.25,0.19,0.14,1.59,0.62,0.2,0,0,-0.55
UFC Fight Night: Aspinall vs. Tybura,Daniel Barez,Jafel Filho,Favorite,1,2,-1.44,-0.12,-3.32,-0.08,-2.3,0.02,-0.36,1,-4,-0.05
UFC 291,Justin Gaethje,Dustin Poirier,Underdog,-2,2,-1.33,-0.08,-3.1,0.01,1.22,0.11,-0.12,1.4,0,-0.68
UFC 291,Alex Pereira,Jan Blachowicz,Underdog,2,1,1.69,0.12,0.74,-0.03,-0.91,0.5,0.02,0.1,-5,0.1
UFC 291,Derrick Lewis,Marcos Rogerio de Lima,Underdog,2,4,-1.22,-0.07,-0.42,-0.11,-0.83,-0.19,-0.07,-0.5,1,1.35
UFC 291,Tony Ferguson,Bobby Green,Favorite,1,5,-1.51,-0.07,0.66,-0.07,-0.8,-0.03,-0.07,0.6,3,2.71
UFC 291,Michael Chiesa,Kevin Holland,Favorite,-2,-6,-2.37,-0.09,-1.49,0.04,2.48,0.12,0.06,0.4,5,0.56
UFC 291,Trevin Giles,Gabriel Bonfim,Favorite,-1,2,-1.6,0.15,-3.03,-0.01,-3.56,-0.21,-0.29,-3.5,5,2.65
UFC 291,Vinicius Salvador,Carlos Vergara,Favorite,-3,-1,0.9,0.2,-6.95,0.06,0,0.6,0.2,0,1,-0.83
UFC 291,Claudio Ribeiro,Roman Kopylov,Favorite,1,2,-1.07,-0.03,0.8,-0.3,0.14,0,-0.21,0,-2,1.52
UFC 291,Darrius Flowers,Jake Matthews,Favorite,2,2,0.36,-0.09,-2.6,0.17,0.96,0.2,0.02,0.6,0,-2
UFC 291,Uros Medic,Matt Semelsberger,Underdog,0,4,-1.73,-0.17,1.03,-0.04,0.64,0.07,0.4,0.4,0,-1.35
UFC 291,Priscila Cachoeira,Miranda Maverick,Favorite,-4,0,0.04,0.03,-4.43,0.16,2.34,0.13,-0.25,0.4,-9,-2.14
UFC Fight Night: Luque vs. Dos Anjos,Vicente Luque,Rafael dos Anjos,Underdog,-3,-5,-1.59,-0.05,-2,0.08,0.95,-0.18,-0.07,0,7,0.18
UFC Fight Night: Luque vs. Dos Anjos,Cub Swanson,Hakeem Dawodu,Underdog,0,-3,-0.75,0,0.47,0.03,1.09,0.52,-0.04,0.4,8,1.46
UFC Fight Night: Luque vs. Dos Anjos,Chris Daukaus,Khalil Rountree,Favorite,-2,0,-2.21,-0.11,-0.46,0.5,0,-0.42,0.1,0,0,-1.06
UFC Fight Night: Luque vs. Dos Anjos,Polyana Viana,Iasmin Lucindo,Favorite,2,1,-0.96,-0.06,-0.46,-0.13,-1.41,-0.2,-0.42,1.6,9,1.09
UFC Fight Night: Luque vs. Dos Anjos,AJ Dobson,Tafon Nchukwi,Underdog,-1,1,1.28,0.06,-1.2,0.08,-0.91,-0.18,-0.01,-0.3,-3,-0.55
UFC Fight Night: Luque vs. Dos Anjos,Jamie Pickett,Josh Fremd,Favorite,2,-4,0.28,-0.04,-0.99,-0.03,-0.42,-0.15,-0.36,1.3,-5,-2.55
UFC Fight Night: Luque vs. Dos Anjos,J.P. Buys,Marcus McGhee,Favorite,3,2,3.55,0.12,-0.5,0.31,-0.71,0.08,0.75,-1.5,6,-2.71
UFC Fight Night: Luque vs. Dos Anjos,Mike Breeden,Terrance McKinney,Favorite,0,3,-1.22,0.05,-4.65,0.03,2.47,0.06,0.18,1,-6,-2.03
UFC Fight Night: Luque vs. Dos Anjos,Isaac Dulgarian,Francis Marshall,Underdog,2,1,0.78,-0.25,1.54,0.14,-2.77,0.03,0,-0.8,-2,-0.78
UFC Fight Night: Luque vs. Dos Anjos,Josh Parisian,Martin Buday,Favorite,0,-2,0.62,0.04,0.82,0.13,-0.72,-0.08,0.54,0.1,-2,-1.34
UFC Fight Night: Luque vs. Dos Anjos,Montserrat Ruiz,Jaqueline Amorim,Favorite,3,7,2.54,0.25,-3.11,0.25,-0.57,-0.6,5.07,0,-3,1.65
UFC Fight Night: Luque vs. Dos Anjos,Juliana Miller,Luana Santos,Favorite,1,-1,-2.9,-0.1,1.11,-0.32,0.23,-0.06,-0.66,1.8,4,0.6
UFC Fight Night: Holloway vs. Jung,Chan Sung Jung,Max Holloway,Favorite,4,-3,3.24,0.07,0.2,0.07,-0.45,0.09,0.12,-0.3,-5,-5.35
UFC Fight Night: Holloway vs. Jung,Anthony Smith,Ryan Spann,Underdog,-1,-3,-0.02,0.08,0.58,0.02,-0.85,-0.09,0.02,-0.8,3,0.58
UFC Fight Night: Holloway vs. Jung,Alex Caceres,Giga Chikadze,Favorite,2,1,-0.13,-0.06,0.35,0,-0.31,-0.35,0.05,-0.5,0,-1.46
UFC Fight Night: Holloway vs. Jung,Fernando Garcia,Rinya Nakamura,Favorite,0,1,1.49,0.2,-2.41,0.19,3.44,0.4,1,0.5,-3,-4.86
UFC Fight Night: Holloway vs. Jung,Taila Santos,Erin Blanchfield,Favorite,-2,-2,2.08,-0.03,1.7,0,0.05,-0.43,-0.05,-0.1,-5,-0.38
UFC Fight Night: Holloway vs. Jung,Toshiomi Kazama,Garrett Armfield,Favorite,1,-1,-4,0.01,0.01,-0.13,1.51,0.13,0.02,0,0,0.88
UFC Fight Night: Holloway vs. Jung,Chidi Njokuani,Michal Oleksiejczuk,Favorite,3,6,-0.97,0.11,-1.32,-0.06,-0.75,-0.44,0.26,0.2,6,0.17
UFC Fight Night: Holloway vs. Jung,Kenan Song,Rolando Bedoya,Underdog,-1,3,4.34,0.09,0.45,0.02,-0.34,0,-0.61,0,-7,1.62
UFC Fight Night: Holloway vs. Jung,Billy Goff,Yusaku Kinoshita,Underdog,2,-1,-3.91,0.04,-0.59,-0.08,-2.01,-0.17,-0.5,0,-2,-0.73
UFC Fight Night: Holloway vs. Jung,Na Liang,J.J. Aldrich,Favorite,0,0,1.89,0.04,0.43,0.24,-2.94,-0.35,0.41,0.41,4,4.63
UFC Fight Night: Holloway vs. Jung,Jarno Errens,Seung Woo Choi,Favorite,1,1,0.04,-0.08,-0.34,-0.16,0.87,0.54,0.41,-0.3,2,-1.58
UFC 293,Sean Strickland,Israel Adesanya,Underdog,3,4,-1.98,0.07,-1.22,-0.06,-0.8,-0.5,0,-0.1,1,-4.58
UFC 293,Tai Tuivasa,Alexander Volkov,Favorite,-5,-5,-1.14,-0.08,2.05,-0.11,-0.49,-0.63,-0.16,-0.2,-4,1.64
UFC 293,Felipe Dos Santos,Manel Kape,Favorite,-2,-2,0.59,0.2,-0.56,0.19,0.65,0.37,0.61,-0.1,7,-2.99
UFC 293,Austen Lane,Justin Tafa,Favorite,-6,-6,0.66,0.08,2.21,0.03,-1.03,-0.2,0.5,0,-6,-1.42
UFC 293,Tyson Pedro,Anton Turkalj,Underdog,-1,1,0.45,0.17,-1.03,0.02,-4.22,-0.11,0.34,0.8,5,0.05
UFC 293,Da Un Jung,Carlos Ulberg,Favorite,0,-1,3.92,0.16,-0.29,0.01,-0.95,0.25,-0.02,0.1,3,-1.85
UFC 293,Jose Mariscal,Jack Jenkins,Underdog,0,-1,-0.27,0.09,-0.61,0.07,0.21,0.41,0.09,-0.4,-1,-1.21
UFC 293,John Makdessi,Jamie Mullarkey,Favorite,4,6,-1.13,-0.03,0.38,-0.15,2.31,0.34,-0.08,0.1,-10,-1.75
UFC 293,Landon Quiñones,Nasrat Haqparast,Favorite,1,2,-0.99,0.04,-2.45,0.09,-0.19,-0.13,-0.22,0,0,-3.55
UFC 293,Mike Mathetha,Charlie Radtke,Favorite,-2,-4,0.17,-0.03,0.86,0.06,0.76,0.16,0.27,0,-2,2.3
UFC 293,Gabriel Miranda,Shane Young,Underdog,-3,1,1.67,-0.11,-1.42,0.13,-4.17,-0.22,0.64,-2.4,-4,-0.83
UFC 293,Kiefer Crosbie,Kevin Jousset,Favorite,3,5,0.13,-0.11,-0.92,0.03,1.51,0.66,1,0.8,-3,-0.8
UFC Fight Night: Grasso vs. Shevchenko II,Alexa Grasso,Valentina Shevchenko,Favorite,0,0,1.39,-0.09,1.84,-0.04,-2.15,-0.18,-0.12,0.2,-6,0.02
UFC Fight Night: Grasso vs. Shevchenko II,Alexa Grasso,Valentina Shevchenko,Favorite,0,0,1.39,-0.09,1.84,-0.04,-2.15,-0.18,-0.12,0.2,-6,0.02
UFC Fight Night: Grasso vs. Shevchenko II,Alexa Grasso,Valentina Shevchenko,Underdog,4,8,-2.5,-0.04,-1.08,-0.16,0.64,0.22,-0.16,0.4,4,0.02
UFC Fight Night: Grasso vs. Shevchenko II,Alexa Grasso,Valentina Shevchenko,Underdog,4,8,-2.5,-0.04,-1.08,-0.16,0.64,0.22,-0.16,0.4,4,0.02
UFC Fight Night: Grasso vs. Shevchenko II,Terrence Mitchell,Raul Rosas Jr,Favorite,-1,-7,-0.93,0.1,-7.33,0.05,-0.12,-0.17,0,1.8,-15,-5.37
UFC Fight Night: Grasso vs. Shevchenko II,Christos Giagos,Daniel Zellhuber,Favorite,3,6,2.83,0,1.85,0.06,-2.62,-0.03,0.42,-0.2,-10,-1.7
UFC Fight Night: Grasso vs. Shevchenko II,Kyle Nelson,Fernando Padilla,Underdog,2,5,2.83,-0.03,0.56,0.01,-1.1,-0.2,0.27,0.2,-6,-1.75
UFC Fight Night: Grasso vs. Shevchenko II,Elise Reed,Lupita Godinez,Favorite,-1,-2,1.47,-0.01,0.52,0.11,2.46,-0.14,0.42,1,-1,-3.16
UFC Fight Night: Grasso vs. Shevchenko II,Josh Fremd,Roman Kopylov,Favorite,4,1,-1.73,-0.11,-1.47,-0.13,0.42,-0.25,-0.56,1.4,-3,2.76
UFC Fight Night: Grasso vs. Shevchenko II,Jasmine Jasudavicius,Tracy Cortez,Favorite,-2,-3,0.16,0.08,-1.24,0.09,0.17,0.09,-0.05,-0.1,-5,-0.17
UFC Fight Night: Grasso vs. Shevchenko II,Alex Reyes,Charlie Campbell,Favorite,-1,1,-1.51,-0.15,7.18,-0.15,-2.95,-0.4,-0.71,0,9,3.82
UFC Fight Night: Grasso vs. Shevchenko II,Marnic Mann,Josefine Knutsson,Favorite,-3,4,-2.26,-0.11,3.75,-0.33,-0.77,-0.39,-0.75,0.4,3,4.86
UFC Fight Night: Fiziev vs. Gamrot,Mateusz Gamrot,Rafael Fiziev,Underdog,-2,1,1.81,0,1.9,-0.1,-4.99,0.05,-0.01,-0.1,-2,-0.78
UFC Fight Night: Fiziev vs. Gamrot,Dan Ige,Bryce Mitchell,Favorite,3,-1,-1.46,0.13,-1.89,0.01,2.39,0.15,-0.25,1.3,-3,-1.2
UFC Fight Night: Fiziev vs. Gamrot,Michelle Waterson,Marina Alcalde Rodriguez,Favorite,3,3,1.26,0.01,-1.07,0.06,-1.19,0.1,-0.05,-0.5,-1,-2.22
UFC Fight Night: Fiziev vs. Gamrot,A.J. Fletcher,Bryan Battle,Favorite,3,10,1.16,0.02,-0.87,-0.02,-0.42,-0.07,0.14,-0.3,2,-0.94
UFC Fight Night: Fiziev vs. Gamrot,Ricardo Ramos,Charles Jourdain,Favorite,0,-3,2.35,0.11,0.57,0,-2.93,-0.5,-0.24,-0.1,0,-0.5
UFC Fight Night: Fiziev vs. Gamrot,Miles Johns,Dan Argueta,Underdog,0,-2,1.1,0.02,0.65,0.17,-3.3,-0.26,0.28,-1.6,0,0.88
UFC Fight Night: Fiziev vs. Gamrot,Tim Means,Andre Fialho,Underdog,2,1,1.78,0.08,-2.62,0.15,0.91,-0.6,-0.01,0.2,10,0.93
UFC Fight Night: Fiziev vs. Gamrot,Cody Brundage,Jacob Malkoun,Underdog,-3,1,2.24,0.02,0.18,0.09,4.29,-0.1,-0.48,-0.5,-2,-4.08
UFC Fight Night: Fiziev vs. Gamrot,Jake Collier,Mohammed Usman,Favorite,1,-1,2.62,0.07,0.87,-0.02,-0.18,0.15,0.67,0.6,0,0.2
UFC Fight Night: Fiziev vs. Gamrot,Hannah Goldy,Mizuki Inoue,Favorite,-1,4,-0.63,0.03,0.95,-0.02,-0.33,0.02,0.31,-0.2,-3,-2.4
UFC Fight Night: Fiziev vs. Gamrot,Montserrat Rendon,Tamires Vidal,Underdog,2,0,-0.07,-0.27,0,0,3,0.54,0.72,-1,10,1.36
UFC Fight Night: Dawson vs. Green,Bobby Green,Grant Dawson,Underdog,0,1,-3.48,-0.01,-1.48,-0.17,2.49,-0.02,-0.34,1.2,-7,-3.46
UFC Fight Night: Dawson vs. Green,Abdul Razak Alhassan,Joe Pyfer,Favorite,-4,-2,-0.29,0.08,0.41,0.04,-0.6,-0.03,0,-0.7,11,3.41
UFC Fight Night: Dawson vs. Green,Alex Morono,Joaquin Buckley,Favorite,1,-4,0.62,0.04,1.04,0,-1.37,-0.22,-0.14,0.4,3,1.07
UFC Fight Night: Dawson vs. Green,Rick Glenn,Drew Dober,Favorite,-4,0,0.4,-0.03,0.13,0,0.16,0.05,-0.12,-0.3,0,-3.25
UFC Fight Night: Dawson vs. Green,Bill Algeo,Alexander Hernandez,Underdog,-3,-1,-1.83,-0.11,0.14,0.08,0.2,-0.15,0.03,0,-3,-0.2
UFC Fight Night: Dawson vs. Green,Diana Belbita,Karolina Kowalkiewicz,Favorite,-4,-4,-0.83,0.01,-1,0.07,-0.57,-0.39,0.08,0.2,11,-0.47
UFC Fight Night: Dawson vs. Green,Nathan Maness,Mateus Mendonca,Underdog,-4,-1,-0.67,-0.08,-0.15,-0.1,1.67,-0.48,-0.23,0.1,-7,1.8
UFC Fight Night: Dawson vs. Green,Vanessa Demopoulos,Kanako Murata,Underdog,1,-3,1.83,-0.15,3.29,-0.12,-2.96,-0.45,-0.7,-0.2,5,2.7
UFC Fight Night: Dawson vs. Green,Johnny Munoz,Qileng Aori,Favorite,-2,-2,2.87,0.14,3.37,-0.08,-0.95,0.21,0.13,-1.8,-1,-0.04
UFC Fight Night: Dawson vs. Green,J.J. Aldrich,Montana De La Rosa,Underdog,2,1,-1.18,-0.1,-1.17,-0.16,1.05,0.08,-0.02,0.8,-2,-0.73
UFC Fight Night: Yusuff vs. Barboza,Edson Barboza,Sodiq Yusuff,Underdog,-2,-4,1.55,0.05,-0.14,-0.03,-0.17,-0.3,-0.1,0.3,-7,-0.79
UFC Fight Night: Yusuff vs. Barboza,Viviane Araujo,Jennifer Maia,Underdog,0,-4,0.24,-0.09,-0.44,-0.01,-1.34,-0.13,-0.2,-0.5,-2,-0.58
UFC Fight Night: Yusuff vs. Barboza,Jonathan Martinez,Adrian Yanez,Underdog,-1,0,1.97,-0.08,1.88,0,-0.41,-0.35,0.32,-0.1,0,-0.06
UFC Fight Night: Yusuff vs. Barboza,Andre Petroski,Michel Pereira,Favorite,1,0,1.66,0.05,0.62,0.07,-2.79,0.01,0.14,-1.5,-2,-1.12
UFC Fight Night: Yusuff vs. Barboza,Cameron Saaiman,Christian Rodriguez,Favorite,-1,4,-1.87,0.02,-1.9,0.06,0.23,0.26,0.19,0.4,3,-0.77
UFC Fight Night: Yusuff vs. Barboza,Darren Elkins,T.J. Brown,Underdog,-1,1,-0.07,0.06,-0.38,-0.03,0.56,0.22,-0.2,0.2,-6,1.2
UFC Fight Night: Yusuff vs. Barboza,Ravena Oliveira,Tainara Lisboa,Favorite,2,2,1.05,0.02,0.2,0.06,0.05,-0.26,0.08,0.5,6,-2.07
UFC Fight Night: Yusuff vs. Barboza,Brendon Marotte,Terrance McKinney,Favorite,1,3,1.53,-0.5,-39.37,0.12,3.45,0.36,0.85,1,1,-4.02
UFC Fight Night: Yusuff vs. Barboza,Irina Alekseeva,Melissa Dixon,Favorite,-1,1,-1.11,0.09,0.09,-0.01,-0.22,0,-0.25,-0.9,-1,0.43
UFC Fight Night: Yusuff vs. Barboza,Heili Alateng,Chris Gutierrez,Favorite,4,1,2.16,0.26,-1.88,0.06,-1.71,-0.15,-0.06,0.1,1,-1.99
UFC Fight Night: Yusuff vs. Barboza,Ashley Yoder,Emily Ducote,Favorite,5,6,-4.03,-0.13,-3.71,-0.1,0.89,0.13,-0.28,0.6,6,2.45
UFC 294,Alex Volkanovski,Islam Makhachev,Favorite,4,-1,-3.7,0.04,-2.17,0.03,1.39,0.23,0.2,0.8,-3,-1.77
UFC 294,Kamaru Usman,Khamzat Chimaev,Favorite,-2,1,-1.36,-0.06,-0.72,0.12,-1.17,-0.01,-0.11,-2.6,7,2.87
UFC 294,Warlley Alves,Ikram Aliskerov,Favorite,-1,-4,-5.2,-0.17,-3.2,0.14,-1.11,0.17,0.62,-1.5,2,4.83
UFC 294,Muin Gafurov,Said Nurmagomedov,Favorite,1,2,0.57,0.06,-0.82,0.09,-1.39,-0.1,0.04,1.4,4,-2.37
UFC 294,Tim Elliott,Muhammad Mokaev,Favorite,0,-4,1.86,-0.04,1.3,-0.01,-2.02,0.06,0.59,0,14,3.37
UFC 294,Mohammad Yahya,Trevor Peek,Favorite,0,-3,1.71,0.08,0.1,0.07,0.82,-0.47,0.12,-1,-1,-1.14
UFC 294,Abu Azaitar,Sedriques Dumas,Favorite,5,3,-2.62,0.02,-2.18,0.06,-0.29,0.13,-0.02,0.4,-10,-1.62
UFC 294,Mike Breeden,Anshul Jubli,Underdog,2,-1,0.73,0.01,-1.67,0.09,-0.16,-0.12,-0.04,0.4,-6,-1.86
UFC 294,Muhammadjon Naimov,Nathaniel Wood,Underdog,-3,-1,2.58,0.04,-0.35,0.15,-0.2,0.15,0.13,0.5,2,-2.02
UFC 294,Jinh Yu Frey,Viktoriya Dudakova,Favorite,2,2,0.17,0.09,-1.78,-0.02,1.43,0.05,-0.4,-0.3,-14,4.1
UFC 294,Bruno Silva,Sharabutdin Magomedov,Favorite,4,5,0.5,0.01,-0.96,-0.02,-1.56,-0.14,0.02,1.1,-2,2.08
UFC 295,Jiri Prochazka,Alex Pereira,Favorite,-1,1,0.65,-0.06,1.78,-0.09,0.61,-0.4,-0.02,-0.1,-5,0.12
UFC 295,Sergey Pavlovich,Tom Aspinall,Favorite,2,-6,-0.49,0.18,-1.84,0.11,3.46,1,0.25,1.7,-1,-0.1
UFC 295,Jessica Andrade,Mackenzie Dern,Underdog,-3,-1,3.31,0.1,1.28,0.04,1.58,0.4,0.44,-1,1,1.55
UFC 295,Matt Frevola,Benoit Saint-Denis,Favorite,2,2,1.99,0.12,1.41,-0.17,2.17,-0.03,0.27,0.6,-5,1.51
UFC 295,Diego Lopes,Pat Sabatini,Underdog,-3,-2,-1.2,0.01,-3.19,0.12,3.73,0.42,0.08,-3.1,4,-0.18
UFC 295,Tabatha Ricci,Lupita Godinez,Favorite,1,0,-0.15,0.11,-1.36,0.03,0.05,0.11,0.07,0.8,1,1.21
UFC 295,Alessandro Costa,Steve Erceg,Favorite,-4,-1,-0.38,-0.02,-0.7,0.05,-0.97,-0.14,0.3,-0.5,0,1.47
UFC 295,Roosevelt Roberts,Mateusz Rebecki,Favorite,-7,-7,1.64,0.04,1.03,0.02,2.73,0.46,-0.19,0.1,1,-5.56
UFC 295,Mark O. Madsen,Jared Gordon,Favorite,1,-4,1.83,0.08,-0.57,0.05,-0.91,-0.26,0,0,-4,-1.37
UFC 295,Kyung Ho Kang,John Castaneda,Favorite,3,2,-1.44,-0.02,-1.66,-0.01,-0.05,0.2,-0.03,0.6,4,0.29
UFC 295,Kevin Borjas,Joshua Van,Favorite,0,-3,4.16,0.13,-0.93,0.11,1.14,0.42,0.17,0,-4,-1.61
UFC 295,Dennis Buzukja,Jamall Emmers,Favorite,1,4,1.14,0.06,-1.04,0.12,1.03,0.1,0.18,-0.1,8,-1.68
UFC Fight Night: Allen vs. Craig,Paul Craig,Brendan Allen,Favorite,-1,-1,1.53,0.07,0.86,0.03,0.06,0.27,0.21,-0.2,-8,-3.37
UFC Fight Night: Allen vs. Craig,Jake Matthews,Michael Morales,Favorite,-1,-6,-1.98,-0.01,-1.04,0.08,0.35,-0.01,-0.29,0.6,5,2.42
UFC Fight Night: Allen vs. Craig,Jordan Leavitt,Chase Hooper,Favorite,-4,-3,-2.53,0.09,-1.49,0.21,0.74,0.01,-0.25,-1.2,4,1.21
UFC Fight Night: Allen vs. Craig,Nick Aguirre,Payton Talbott,Favorite,1,-4,7.32,0.21,0.69,0.06,-1.16,-0.2,0.57,-0.1,-3,-5.86
UFC Fight Night: Allen vs. Craig,Luana Pinheiro,Amanda Ribas,Favorite,1,4,1.06,0,-0.77,-0.02,-0.17,0.18,0.19,0.5,-1,-1.46
UFC Fight Night: Allen vs. Craig,Uros Medic,Myktybek Orolbai,Favorite,3,-3,2.49,0.08,0.62,0.11,-7.06,0.06,0.05,-0.6,5,0.04
UFC Fight Night: Allen vs. Craig,Joanderson Brito,Jonathan Pearce,Underdog,4,-1,1.97,0.03,0.78,0.08,2.13,-0.26,-0.04,0.2,3,-0.45
UFC Fight Night: Allen vs. Craig,Chad Anheliger,Jose Johnson,Favorite,-6,-7,0.8,-0.15,1.38,-0.02,0.2,-0.2,0.06,0,8,1.37
UFC Fight Night: Allen vs. Craig,Denis Tiuliulin,Christian Duncan,Favorite,1,2,1.46,0.21,-2.33,0.14,0.45,0.14,-0.23,0,-8,-4.42
UFC Fight Night: Allen vs. Craig,Caio Machado,Michael Parkin,Favorite,0,1,-1.53,-0.07,1.21,-0.04,1.6,0.41,-0.32,0.3,-1,-2.91
UFC Fight Night: Allen vs. Craig,Jeka Asparido Saragih,Lucas Alexander,Underdog,3,4,2.47,0.05,-1.01,0.31,-2.37,-1,-0.09,-0.6,-1,4.08
UFC Fight Night: Allen vs. Craig,Lucie Pudilova,Ailin Perez,Favorite,3,1,0.72,-0.18,2.65,-0.06,-4.34,-0.23,-0.09,0.7,0,1.03
UFC Fight Night: Allen vs. Craig,Charles Johnson,Rafael Estevam,Favorite,1,1,1.54,-0.12,-0.19,0.25,-2.94,0.04,0.67,-0.1,6,0.57
UFC Fight Night: Dariush vs. Tsarukyan,Beneil Dariush,Arman Tsarukyan,Favorite,3,0,-0.01,0,0.81,0.04,-1.35,-0.03,0.05,0.9,8,2.17
UFC Fight Night: Dariush vs. Tsarukyan,Bobby Green,Jalin Turner,Favorite,-5,-6,0.85,0.04,-0.82,0.21,0.4,-0.17,0,-0.8,8,0.93
UFC Fight Night: Dariush vs. Tsarukyan,Deiveson Figueiredo,Rob Font,Underdog,-3,-3,-2.52,0.1,-0.27,-0.06,0.76,0.07,0.12,1.4,0,0.37
UFC Fight Night: Dariush vs. Tsarukyan,Kelvin Gastelum,Sean Brady,Favorite,1,1,0.22,0.12,0.32,0.03,2.33,0.27,0.28,1.1,-1,-0.14
UFC Fight Night: Dariush vs. Tsarukyan,Clay Guida,Joaquim Silva,Favorite,-1,1,-1.02,-0.1,-1.52,0.08,2.74,-0.14,-0.02,-0.2,7,2.44
UFC Fight Night: Dariush vs. Tsarukyan,Dustin Stoltzfus,Punahele Soriano,Underdog,-1,-3,0.47,0.01,1.26,0,-1.61,0,-0.13,-0.7,-1,-2.52
UFC Fight Night: Dariush vs. Tsarukyan,Miesha Tate,Julia Avila,Underdog,-1,-3,0.03,0.02,0.12,0.01,1.48,-0.02,0.05,1,1,0.51
UFC Fight Night: Dariush vs. Tsarukyan,Cody Brundage,Zachary Reese,Underdog,4,5,2.31,0.12,4.26,-0.15,-2.33,-0.52,-0.68,8.9,0,-1.81
UFC Fight Night: Dariush vs. Tsarukyan,Joe Solecki,Drakkar Klose,Favorite,0,0,-2.16,0.01,-1.93,0.01,1.07,0.24,-0.19,1.5,-6,0.35
UFC Fight Night: Dariush vs. Tsarukyan,Ihor Potieria,Rodolfo Bellato,Favorite,0,-2,-1.34,-0.11,-0.86,0.07,-1.09,-0.25,-0.43,-0.5,-1,3.25
UFC Fight Night: Dariush vs. Tsarukyan,Jared Gooden,Wellington Turman,Underdog,0,-5,-1.85,0.02,-2.51,-0.03,0.88,-0.8,-0.23,0.6,-3,-1.27
UFC Fight Night: Dariush vs. Tsarukyan,Veronica Macedo,Jamey Lyn-Horth,Underdog,3,2,0.84,0.17,-0.22,0.1,-0.58,-0.16,0.1,-0.3,6,-1.13
UFC Fight Night: Song vs. Gutierrez,Chris Gutierrez,Yadong Song,Favorite,-1,0,-0.31,-0.15,1.17,-0.08,0.38,0.1,0.03,0.1,-7,-2.81
UFC Fight Night: Song vs. Gutierrez,Anthony Smith,Khalil Rountree,Favorite,-3,0,0.61,-0.09,-0.29,0.04,-0.49,-0.26,0.09,-0.6,-1,-1.32
UFC Fight Night: Song vs. Gutierrez,Jamie Mullarkey,Nasrat Haqparast,Favorite,-2,-2,1.39,-0.02,0.72,0.11,-2,-0.14,0,-0.1,-1,-1.16
UFC Fight Night: Song vs. Gutierrez,Su Mudaerji,Tim Elliott,Favorite,-1,-6,-1.25,-0.1,-0.07,-0.05,3.44,-0.53,-0.07,0.4,9,0.78
UFC Fight Night: Song vs. Gutierrez,Andre Muniz,Jun Yong Park,Underdog,-3,-5,2.56,0,1.31,-0.01,-2.4,0,0.22,-0.1,-1,1.15
UFC Fight Night: Song vs. Gutierrez,Kenan Song,Kevin Jousset,Favorite,2,4,3.87,0.09,-1.28,0.03,1.17,0.16,0.39,0.8,-3,0.69
UFC Fight Night: Song vs. Gutierrez,Shannon Ross,Hyun Sung Park,Favorite,1,0,-1.81,0.05,-3.96,0.04,1.54,0.27,0,2.6,-7,-4.8
UFC Fight Night: Song vs. Gutierrez,Steve Garcia,Melquizael Costa,Underdog,2,4,0.56,0.1,-0.59,-0.13,-1.18,0.17,0.46,0.2,5,1.73
UFC Fight Night: Song vs. Gutierrez,Stephanie Egger,Luana Santos,Favorite,0,1,-4.01,-0.09,-1.16,-0.12,0.87,-0.08,-0.16,0.6,11,0.78
UFC Fight Night: Song vs. Gutierrez,Carlos Hernandez,Tatsuro Taira,Favorite,-1,3,-1.44,0.25,-3.39,0.01,1.01,0.26,0.06,2.1,-6,-4.42
UFC Fight Night: Song vs. Gutierrez,Talita Alencar,Rayanne Amanda,Underdog,1,4,1.36,0.08,-0.17,0.17,-2,0.05,0.38,0,-5,-0.71
UFC 296,Colby Covington,Leon Edwards,Favorite,3,2,-1.13,0.15,-0.64,-0.01,-2.54,-0.1,0.03,0.2,-4,-0.75
UFC 296,Brandon Royval,Alexandre Pantoja,Favorite,-4,-1,0.08,0.13,0.55,0.04,2.14,-0.13,0.28,-0.3,3,-1.37
UFC 296,Stephen Thompson,Shavkat Rakhmonov,Favorite,1,2,0.01,0.15,-0.62,-0.03,1.23,-0.12,0.35,1.8,-12,-4.83
UFC 296,Tony Ferguson,Paddy Pimblett,Favorite,-1,-3,0.19,0.07,-0.71,-0.14,0.59,-0.1,-0.11,0.7,-11,-2.62
UFC 296,Josh Emmett,Bryce Mitchell,Underdog,4,0,-1.74,0.22,-2.98,-0.03,2.54,0.04,-0.13,1.5,-10,-1.9
UFC 296,Alonzo Menifield,Dustin Jacoby,Underdog,-3,0,-1.61,0.1,-0.5,-0.08,0.31,0.08,0.15,0.3,0,2.02
UFC 296,Karol Rosa,Irene Aldana,Favorite,4,1,-1.1,-0.16,1.55,0.08,-1.06,0.05,0.08,0.2,7,-0.99
UFC 296,Brian Kelleher,Cody Garbrandt,Favorite,2,-1,-0.41,-0.01,-0.88,0.06,-0.71,-0.07,0.2,-0.7,-5,-1.08
UFC 296,Ariane Lipski,Casey O'Neill,Underdog,0,2,4.31,0.13,2.34,0.03,1.21,-0.17,-0.05,0.4,-4,-1.06
UFC 296,Cody Durden,Tagir Ulanbekov,Favorite,0,3,0.06,-0.06,0.41,0,-1.13,-0.04,-0.05,1.8,-1,-0.94
UFC 296,Lucas Almeida,Andre Fili,Favorite,0,3,-1.2,-0.1,-1.21,0.06,2.16,0.47,0.29,0.3,0,-0.85
UFC 296,Shamil Gaziev,Martin Buday,Underdog,0,1,-2.54,-0.08,-0.97,-0.12,0.27,-0.11,0,0.2,2,0.33
UFC 297,Sean Strickland,Dricus Du Plessis,Favorite,0,0,-0.58,-0.09,-0.44,0.07,-2.15,0.13,0.37,-0.6,3,0.04
UFC 297,Raquel Pennington,Mayra Bueno Silva,Underdog,1,1,0.3,-0.05,-1.57,0.07,0.22,-0.11,-0.05,-0.9,3,0.93
UFC 297,Neil Magny,Mike Malott,Underdog,2,7,-0.36,0,-0.91,0,-0.87,-0.2,0.38,-0.7,4,2.9
UFC 297,Marc-Andre Barriault,Chris Curtis,Favorite,-3,1,-0.43,0.04,0.49,0,-0.22,-0.25,0.15,-0.1,2,-1.01
UFC 297,Arnold Allen,Movsar Evloev,Favorite,1,-2,-1.04,-0.08,0.02,0,-3.73,0.04,0.04,0.2,0,1.26
UFC 297,Garrett Armfield,Brad Katona,Underdog,0,-6,-1.51,-0.04,1.05,-0.1,1.5,0.27,-0.12,0,5,-1.43
UFC 297,Sean Woodson,Charles Jourdain,Underdog,-5,-9,-0.02,0.02,0.12,-0.01,-0.57,-0.52,-0.36,0.2,-3,-1.28
UFC 297,Ramon Taveras,Serhiy Sidey,Underdog,3,2,0.53,-0.1,-1.22,-0.09,0,0,-1,0,-3,-1.24
UFC 297,Polyana Viana,Gillian Robertson,Favorite,0,-4,-0.38,0.06,0.47,0.03,1.71,0.1,0.05,-0.9,-2,-2.16
UFC 297,Sam Patterson,Yohan Lainesse,Underdog,-2,-2,-0.32,0.03,-0.03,0.09,-0.25,-0.72,0.39,-3.1,3,-0.52
UFC 297,Priscila Cachoeira,Jasmine Jasudavicius,Favorite,0,3,0.19,0.01,-3,0.08,2.01,0.04,0.15,0.4,0,-3.13
UFC 297,Jimmy Flick,Malcolm Gordon,Underdog,0,3,0.8,-0.05,-3.2,0.03,-0.07,0.09,0.26,-4.4,1,-1.29
UFC Fight Night: Dolidze vs. Imavov,Roman Dolidze,Nassourdine Imavov,Favorite,-1,1,-1.91,-0.15,0.1,-0.1,0.43,0.09,-0.43,-0.2,6,0.88
UFC Fight Night: Dolidze vs. Imavov,Drew Dober,Renato Moicano,Favorite,3,2,0.04,0.08,-0.55,0.09,1.18,0.27,0.16,0.5,0,-1.17
UFC Fight Night: Dolidze vs. Imavov,Muslim Salikhov,Randy Brown,Favorite,4,8,1.01,-0.05,0.39,-0.08,-0.49,-0.01,0.01,0.5,-6,-1.92
UFC Fight Night: Dolidze vs. Imavov,Viviane Araujo,Natalia Cristina da Silva,Favorite,3,2,1.83,0.14,-2.38,0.07,0.25,-0.72,0.63,-0.2,-3,2.44
UFC Fight Night: Dolidze vs. Imavov,Charlie Radtke,Gilbert Urbina,Underdog,6,3,2.32,0.05,1.58,-0.1,2.25,0.28,-1,0.8,-5,-1.28
UFC Fight Night: Dolidze vs. Imavov,Diana Belbita,Molly McCann,Favorite,3,6,0.75,-0.07,1.61,-0.12,-0.91,0.24,0.22,-0.6,-7,1.78
UFC Fight Night: Dolidze vs. Imavov,Charles Johnson,Azat Maksum,Underdog,2,0,1.68,0.29,-2.07,0.04,-1.59,0.01,0.01,0.1,4,2.06
UFC Fight Night: Dolidze vs. Imavov,Pete Rodriguez,Themba Gorimbo,Favorite,4,6,-6.75,0.26,-11.75,0.04,4.04,0.58,-0.22,0,6,-1.49
UFC Fight Night: Dolidze vs. Imavov,Blake Bilder,Jung Young Lee,Favorite,2,5,-1,0.05,-2.58,0.06,0.65,0.59,0.05,-0.1,-5,1.01
UFC Fight Night: Dolidze vs. Imavov,Luana Carolina,Julija Stoliarenko,Underdog,1,-3,-2.14,-0.1,0.91,-0.03,0.55,-0.15,-0.22,1.1,1,-0.66
UFC Fight Night: Dolidze vs. Imavov,Landon Quiñones,Marquel Mederos,Favorite,1,-1,-2.38,0.05,-4.41,0.08,-0.5,-0.33,-0.1,0,-1,-0.48
UFC Fight Night: Dolidze vs. Imavov,Jamal Pogues,Thomas Petersen,Underdog,-2,-3,0.43,0.24,-0.38,-0.04,0.44,-0.04,0.23,0.7,1,-0.93
UFC Fight Night: Hermansson vs. Pyfer,Jack Hermansson,Joe Pyfer,Underdog,-1,2,1.43,0.04,0.11,0.05,0.04,-0.11,0.3,-0.5,8,1.84
UFC Fight Night: Hermansson vs. Pyfer,Andre Fili,Dan Ige,Favorite,-4,-3,-0.09,0.08,-0.59,0.06,-1.1,-0.21,-0.11,0,-1,-1.16
UFC Fight Night: Hermansson vs. Pyfer,Ihor Potieria,Robert Bryczek,Underdog,3,0,3,0.26,0.57,-0.09,0,0,-0.43,0,-6,1.23
UFC Fight Night: Hermansson vs. Pyfer,Brad Tavares,Gregory Rodrigues,Favorite,2,1,2.7,0.12,2.15,-0.04,1.68,0.19,0.19,0.5,-4,-1.67
UFC Fight Night: Hermansson vs. Pyfer,Darrius Flowers,Michael Johnson,Favorite,-1,-2,-1.33,0.15,1.33,-0.14,0.01,-0.21,-0.21,0,-8,0.56
UFC Fight Night: Hermansson vs. Pyfer,Armen Petrosyan,Rodolfo Vieira,Favorite,3,-2,2.5,-0.02,-1.7,0.07,-3.96,0.03,-0.69,-1.6,-1,0
UFC Fight Night: Hermansson vs. Pyfer,Trevin Giles,Carlos Prates,Favorite,1,4,1.11,0.01,3.73,-0.21,-1.19,-0.5,-0.05,-0.3,-1,-1.69
UFC Fight Night: Hermansson vs. Pyfer,Timothy Cuamba,Bolaji Oki,Favorite,1,2,2.65,0.09,-1.7,0.07,0.34,0.84,0.12,0,3,1.05
UFC Fight Night: Hermansson vs. Pyfer,Bruna Brasil,Loma Lookboonmee,Favorite,5,4,-1.16,0.05,1.44,-0.02,-0.31,0.12,-0.19,-0.1,2,2.24
UFC Fight Night: Hermansson vs. Pyfer,Marcin Prachnio,Devin Clark,Underdog,-3,1,-2.58,-0.01,-0.06,-0.1,2,0.12,0,0.1,-1,-1.36
UFC Fight Night: Hermansson vs. Pyfer,Max Griffin,Jeremiah Wells,Underdog,-2,-2,-1.51,-0.06,-2.5,-0.09,1.63,0.03,0.12,0.5,-1,-0.71
UFC Fight Night: Hermansson vs. Pyfer,Bogdan Guskov,Zac Pauga,Underdog,1,0,-1.33,-0.14,0.97,-0.11,-0.38,-0.07,-0.34,0,-5,0.25
UFC Fight Night: Hermansson vs. Pyfer,Fernando Garcia,Hyder Amil,Favorite,2,3,2.69,0.2,-1.63,0.13,0.4,-0.17,0.28,1.4,1,-1.37
UFC Fight Night: Moreno vs. Royval,Brandon Royval,Brandon Moreno,Underdog,-2,2,-0.46,0.08,0.21,0.13,1.27,-0.14,0.23,-0.6,-1,-2.43
UFC Fight Night: Moreno vs. Royval,Brian Ortega,Yair Rodriguez,Underdog,-3,-2,-0.58,-0.08,2.55,-0.03,0.48,0,-0.01,0.5,2,0.74
UFC Fight Night: Moreno vs. Royval,Francisco Prado,Daniel Zellhuber,Favorite,3,8,1.28,0,-0.6,0.04,0.22,0.33,0.69,-0.2,3,-2.38
UFC Fight Night: Moreno vs. Royval,Sam Hughes,Yazmin Jauregui,Favorite,2,0,-2.23,0.07,-0.61,0.01,0.96,0.3,-0.43,0,6,5.05
UFC Fight Night: Moreno vs. Royval,Chris Duncan ,Manuel Torres,Favorite,0,2,3.26,0.12,-0.5,0.07,-0.59,0.28,0.55,1.6,-2,-0.93
UFC Fight Night: Moreno vs. Royval,Christian Quinonez,Raoni Barcelos,Favorite,-1,-3,1.03,0.11,0.24,0.06,0.49,-0.05,0.01,0.6,9,0.93
UFC Fight Night: Moreno vs. Royval,Jesus Santos Aguilar,Mateus Mendonca,Underdog,2,9,0.17,-0.1,3.03,-0.29,0.64,-0.06,0.15,-1,-3,-0.35
UFC Fight Night: Moreno vs. Royval,Daniel Lacerda,Edgar Chairez,Favorite,-1,-1,1.26,-0.03,4.18,-0.09,2.32,0.5,-0.41,-0.5,-1,3.61
UFC Fight Night: Moreno vs. Royval,Claudio Puelles,Fares Ziam,Favorite,-3,-3,-1.14,0.01,1.06,-0.19,2.36,0.13,-0.07,1,1,1.31
UFC Fight Night: Moreno vs. Royval,Denys Bondar,Luis Rodriguez,Favorite,0,-4,-2.59,-0.09,-1.6,-0.09,-2.79,-0.08,0.01,1.8,-6,-0.15
UFC Fight Night: Moreno vs. Royval,Victor Altamirano,Felipe Dos Santos,Favorite,-1,0,-0.02,-0.23,1.37,-0.14,-3.43,-0.39,-0.47,0.5,-10,2.2
UFC Fight Night: Moreno vs. Royval,Erik Silva,Muhammadjon Naimov,Favorite,0,-1,1.26,-0.24,3,0.01,-1.82,-0.47,-0.05,0,-8,4.05
UFC Fight Night: Rozenstruik vs. Gaziev,Jairzinho Rozenstruik,Shamil Gaziev,Underdog,-2,0,0.81,0.05,-1.95,0.05,-0.53,-0.14,-0.25,-0.5,2,1.11
UFC Fight Night: Rozenstruik vs. Gaziev,Tyson Pedro,Vitor Petrino,Favorite,1,2,0.08,0.14,-0.19,0.11,-3.22,-0.36,-0.21,0,6,3.23
UFC Fight Night: Rozenstruik vs. Gaziev,Alex Perez,Muhammad Mokaev,Favorite,-1,-5,2.57,-0.03,1.77,0.02,-3.69,0.03,0.82,-0.1,9,2.81
UFC Fight Night: Rozenstruik vs. Gaziev,Bekzat Almakhan,Umar Nurmagomedov,Favorite,1,1,4.55,0.51,-3.97,0.46,4.51,0.56,1,0.6,2,-8.42
UFC Fight Night: Rozenstruik vs. Gaziev,Matt Schnell,Steve Erceg,Favorite,0,2,-0.29,-0.11,0.36,0.03,-0.65,0.18,-0.1,0.5,6,3.48
UFC Fight Night: Rozenstruik vs. Gaziev,Jamie Pickett,Eryk Anders,Favorite,-1,-5,0.76,0,0.55,0,0.53,-0.14,0.12,0,2,-3.88
UFC Fight Night: Rozenstruik vs. Gaziev,Bernardo Sopai,Vinicius  de Oliveira,Favorite,3,4,2.36,-0.05,-1.62,-0.03,-1.37,-0.25,-0.1,0,5,-0.2
UFC Fight Night: Rozenstruik vs. Gaziev,Aiemann Zahabi,Javid Basharat,Underdog,1,1,1.99,0.1,-0.64,-0.09,1.5,0.24,0.06,0.2,-8,-6.88
UFC Fight Night: Rozenstruik vs. Gaziev,Claudio Ribeiro,Christian Duncan,Favorite,1,2,2.37,0.11,-1.08,0.2,-0.11,-0.36,-0.16,0,-3,-2.82
UFC Fight Night: Rozenstruik vs. Gaziev,A.J. Cunningham,Ludovit Klein,Favorite,-3,1,-3.7,0.26,-8.16,0.05,1.77,0.47,0.5,0,0,-7.39
UFC Fight Night: Rozenstruik vs. Gaziev,Loik Radzhabov,Abdul-Kareem Al-Selwady,Underdog,3,0,-1.21,0.08,1.13,-0.14,4.41,0.27,0.35,0,4,0.58
UFC 299,Marlon Vera,Sean O'Malley,Favorite,3,2,3.32,0.12,-1.96,0.12,-0.18,0.03,-0.08,-0.6,-2,-1.95
UFC 299,Dustin Poirier,Benoit Saint-Denis,Underdog,2,1,0.25,0.03,0.62,-0.11,3.43,0.01,0.06,0.1,-7,1.37
UFC 299,Michael Page,Kevin Holland,Underdog,0,-2,-1.1,0.2,-1.59,0.05,-0.08,-0.13,0.12,-0.6,6,0.43
UFC 299,Gilbert Burns,Jack Della Maddalena,Favorite,-1,-2,-3.45,-0.05,-0.85,-0.12,2.03,0.22,-0.2,0.3,10,0.77
UFC 299,Yadong Song,Petr Yan,Favorite,-1,0,0.65,0.1,0.4,0.03,1.07,0.11,0.13,-0.1,5,-0.8
UFC 299,Curtis Blaydes,Jailton Junior,Underdog,-1,-1,-0.99,0.14,-1.09,-0.19,1.16,0.06,0.44,2.2,-1,-0.4
UFC 299,Katlyn Chookagian,Maycee Barber,Favorite,-4,-3,0.12,0.19,-1.58,-0.08,1.13,0.28,0.03,-0.2,-9,1.17
UFC 299,Rafael dos Anjos,Mateusz Gamrot,Favorite,2,0,-0.39,0.04,-0.14,-0.01,3.33,0,0.35,-0.5,-6,-3.53
UFC 299,Pedro Munhoz,Kyler Phillips,Favorite,-2,-7,-0.4,-0.02,2.85,-0.05,-1.9,-0.28,0.07,0,9,1.47
UFC 299,Philipe Lins,Ion Cutelaba,Underdog,-1,-3,0.64,-0.06,-0.16,0.01,2.52,0.24,-0.24,0,-8,-0.56
UFC 299,Michal Oleksiejczuk,Michel Pereira,Favorite,1,-1,0.1,0.04,-0.56,-0.03,0.78,0.11,0.46,0.8,1,-0.62
UFC 299,Josh Parisian,Robelis Despaigne,Favorite,-3,-5,2.39,-0.06,1.35,-0.08,0.98,0.33,0.21,0.2,-1,2.93
UFC 299,Carlos Vergara,Assu Almabaev,Favorite,-2,-3,-2.22,0.02,-3.2,0.01,7.12,0.57,-0.6,1.1,-2,4.12
UFC 299,Joanne Wood,Maryna Moroz,Underdog,-1,-2,2.68,0.18,0,0,0.82,0.31,0.16,-0.3,6,1.51
UFC Fight Night: Tuivasa vs. Tybura,Marcin Tybura,Tai Tuivasa,Underdog,-1,-3,0.36,0.01,1.7,-0.12,-1.43,-0.33,-0.22,-0.1,-7,-0.07
UFC Fight Night: Tuivasa vs. Tybura,Ovince St Preux,Kennedy Nzechukwu,Underdog,2,3,2.1,-0.02,1.58,0.03,-0.5,0.09,0.13,-0.3,-10,-5.04
UFC Fight Night: Tuivasa vs. Tybura,Christian Rodriguez,Isaac Dulgarian,Underdog,0,0,0.57,-0.1,-0.25,0.18,-4.92,0.07,0.66,-0.4,-1,1.27
UFC Fight Night: Tuivasa vs. Tybura,Pannie Kianzad,Macy Chiasson,Favorite,4,6,-1.21,-0.05,-1.14,-0.07,1.92,0.04,-0.04,0.4,0,-1.67
UFC Fight Night: Tuivasa vs. Tybura,Bryan Barberena,Gerald Meerschaert,Favorite,-1,-5,2.17,0.03,1.22,-0.09,-2.04,-0.16,0.16,-1.3,-1,1.88
UFC Fight Night: Tuivasa vs. Tybura,Natan Levy,Mike Davis,Favorite,-3,-1,-1.65,0,-2.57,0.03,2.26,0.05,-0.23,0.1,1,3.6
UFC Fight Night: Tuivasa vs. Tybura,Chelsea Chandler,Josiane Nunes,Underdog,-6,-1,2.54,-0.01,2.16,0.04,-1.31,-0.6,0.25,0,-3,-0.71
UFC Fight Night: Tuivasa vs. Tybura,Ode Osbourne,Jafel Filho,Favorite,0,-5,-1.1,0.03,-2.44,0.03,0.5,0.06,-0.09,2.4,-1,-0.98
UFC Fight Night: Tuivasa vs. Tybura,Danny Silva,Joshua Culibao,Underdog,-1,3,-5.1,-0.16,-6.23,-0.03,-3,-0.5,-0.33,-0.2,3,-1.14
UFC Fight Night: Tuivasa vs. Tybura,Jaqueline Amorim,Cory McKenna,Underdog,0,-10,-0.33,-0.12,1.34,-0.14,0.74,0.35,0.71,-5,-4,-0.77
UFC Fight Night: Tuivasa vs. Tybura,Mitch Ramirez,Thiago Moises,Favorite,-2,-1,0.1,-0.02,0.85,0.19,0.73,-0.56,0.56,1.3,-2,-2.68
UFC Fight Night: Tuivasa vs. Tybura,Chad Anheliger,Charalampos Grigoriou,Underdog,1,3,-1.47,-0.05,2.45,-0.07,2.93,0.5,0.58,-0.6,-5,-0.94
UFC Fight Night: Ribas vs. Namajunas,Amanda Ribas,Rose Namajunas,Favorite,-2,1,0.94,-0.01,-0.11,-0.02,0.69,0.04,0.26,0.2,-1,1.37
UFC Fight Night: Ribas vs. Namajunas,Justin Tafa,Karl Williams,Favorite,-3,-5,1.22,0.02,3.32,-0.13,-4.75,-0.5,-0.5,-0.2,-4,1.19
UFC Fight Night: Ribas vs. Namajunas,AJ Dobson,Edmen Shahbazyan,Favorite,1,-1,-0.69,0.06,-1.22,-0.01,0.57,-0.37,-0.02,0.3,-6,-1.12
UFC Fight Night: Ribas vs. Namajunas,Cameron Saaiman,Payton Talbott,Favorite,2,3,2.73,0.08,-0.6,0,-0.91,-0.28,0.43,-0.2,2,-0.8
UFC Fight Night: Ribas vs. Namajunas,Billy Quarantillo,Youssef Zalal,Favorite,0,-2,4.48,0.07,3.84,-0.22,-1.04,-0.11,0.01,-0.2,8,0.25
UFC Fight Night: Ribas vs. Namajunas,Luis Pajuelo,Fernando Padilla,Favorite,-3,-7,-0.45,0.15,2.95,-0.01,0,0,-0.34,-0.8,2,0.89
UFC Fight Night: Ribas vs. Namajunas,Kurt Holobaugh,Trey Ogden,Favorite,0,-2,0.99,-0.04,0.48,-0.1,-0.93,0.13,-0.54,0.3,3,0.48
UFC Fight Night: Ribas vs. Namajunas,Julian Erosa,Ricardo Ramos,Underdog,-4,-2,-2.93,-0.11,-2.55,0.1,1.39,0.14,0.14,-0.1,-6,-0.96
UFC Fight Night: Ribas vs. Namajunas,Cody Gibson,Miles Johns,Favorite,-3,-5,-0.72,0.04,-1.53,0.11,-0.13,-0.06,0.17,-0.2,-6,-0.51
UFC Fight Night: Ribas vs. Namajunas,Jarno Errens,Steven Nguyen,Underdog,0,0,3.71,-0.06,4,-0.03,0.28,1,0.56,-0.3,2,-0.81
UFC Fight Night: Ribas vs. Namajunas,Montserrat Rendon,Dariya Zheleznyakova,Favorite,1,0,0.67,0.1,-2.23,0.28,-3,0,-0.5,0,-7,2.05
UFC Fight Night: Ribas vs. Namajunas,Igor da Silva,Andre Lima,Favorite,0,-2,-3.19,0.08,-1.66,0.13,-8.38,-0.05,0.11,1.3,4,0.81
UFC Fight Night: Ribas vs. Namajunas,Mohammed Usman,Michael Parkin,Favorite,2,0,1.36,0.14,-0.27,0.07,0.71,0.23,0.5,0.3,-7,0.45
UFC Fight Night: Blanchfield vs. Fiorot,Manon Fiorot,Erin Blanchfield,Underdog,-3,1,-0.79,0.04,0.57,-0.1,0.88,-0.09,-0.12,1,-9,-1.14
UFC Fight Night: Blanchfield vs. Fiorot,Joaquin Buckley,Vicente Luque,Underdog,1,-1,0.82,0.16,2.09,-0.06,-0.69,0.09,-0.07,0.6,2,-0.18
UFC Fight Night: Blanchfield vs. Fiorot,Chris Weidman,Bruno Silva,Underdog,10,13,0.13,-0.01,0.13,-0.08,0.87,0.12,0.01,0.5,5,1.39
UFC Fight Night: Blanchfield vs. Fiorot,Chris Weidman,Bruno Silva,Underdog,2,4,-0.94,-0.04,-2.23,0.1,2.51,0.15,-0.08,0.8,5,1.39
UFC Fight Night: Blanchfield vs. Fiorot,Sedriques Dumas,Nursulton Ruziboev,Favorite,-3,3,-0.74,0.02,-2.46,0.08,-0.06,-0.5,0.4,0.4,-2,1.32
UFC Fight Night: Blanchfield vs. Fiorot,Kyle Nelson,Bill Algeo,Underdog,1,2,2.51,0.07,-0.17,-0.05,-0.24,0.26,-0.17,-0.5,1,-1.68
UFC Fight Night: Blanchfield vs. Fiorot,Rhys McKee,Chidi Njokuani,Favorite,1,2,-0.71,0.16,-4.91,0.13,0,0,0.33,0.2,7,-0.48
UFC Fight Night: Blanchfield vs. Fiorot,Nate Landwehr,Jamall Emmers,Underdog,-1,-2,0.95,-0.02,1.7,-0.02,-0.83,0.01,-0.04,0.8,1,1.01
UFC Fight Night: Blanchfield vs. Fiorot,Virna Jandiroba,Lupita Godinez,Underdog,-1,-3,1.83,0.1,0.62,0.06,0.68,0.1,0.11,-0.2,-5,-1.43
UFC Fight Night: Blanchfield vs. Fiorot,Herbert Burns,Julio Arce,Favorite,-2,-3,2.63,-0.04,-1.55,0.27,-2.54,-0.14,0.3,-2.2,-2,-2.82
UFC Fight Night: Blanchfield vs. Fiorot,Connor Matthews,Dennis Buzukja,Favorite,1,-1,-1.14,-0.02,-1.1,-0.11,-2.17,-0.23,0.22,-0.4,-5,-0.13
UFC Fight Night: Blanchfield vs. Fiorot,Anton Turkalj,Ibo Aslan,Favorite,-1,-1,4.38,0.03,1.11,0.1,-4.98,-0.41,0.84,0,1,-0.29
UFC Fight Night: Blanchfield vs. Fiorot,Andre Petroski,Jacob Malkoun,Favorite,3,0,-0.36,-0.07,0.6,-0.01,-2.3,0.12,0.6,1.9,4,1.63
UFC Fight Night: Blanchfield vs. Fiorot,Angel Pacheco,Caolan Loughran,Favorite,2,2,3.23,-0.08,5.74,-0.15,-2.5,-0.33,0.28,0,4,3.21
UFC Fight Night: Allen vs. Curtis II,Chris Curtis,Brendan Allen,Favorite,-4,0,1.78,-0.02,2.33,0.05,-1.74,-0.47,0.24,-1.4,8,1.42
UFC Fight Night: Allen vs. Curtis II,Damon Jackson,Alexander Hernandez,Underdog,-2,1,1.33,0,1.37,0.04,-1.45,-0.04,0.19,-1.3,-4,-1.09
UFC Fight Night: Allen vs. Curtis II,Jose Mariscal,Morgan Charriere,Underdog,1,0,-0.72,-0.03,0.56,0.03,-0.76,0.12,0.21,0.4,-3,-0.48
UFC Fight Night: Allen vs. Curtis II,Christos Giagos,Ignacio Bahamondes,Favorite,5,4,4.12,0.05,1.17,0.07,-2.84,-0.36,0.33,0,-8,-2.47
UFC Fight Night: Allen vs. Curtis II,Trevor Peek,Charlie Campbell,Favorite,-3,-2,-0.97,0,0.44,-0.11,-1.13,0.13,-0.17,0,1,0.77
UFC Fight Night: Allen vs. Curtis II,Court McGee,Alex Morono,Favorite,0,3,-0.27,-0.03,-0.54,0.03,1.52,0.03,0.14,0,6,2.56
UFC Fight Night: Allen vs. Curtis II,Lukasz Brzeski,Valter Walker,Underdog,-2,0,2.58,0,-0.72,0.13,-3.52,-0.3,0.36,0.5,6,1.66
UFC Fight Night: Allen vs. Curtis II,Germaine de Randamie,Norma Dumont,Favorite,2,4,-0.54,-0.03,0.11,-0.01,-1.91,-0.68,-0.07,0.4,7,0.1
UFC Fight Night: Allen vs. Curtis II,Pedro Falcao,Victor Hugo Silva,Favorite,1,5,0.56,0.03,-0.38,0.13,-1.4,0.28,0.04,1.4,0,0.64
UFC Fight Night: Allen vs. Curtis II,Dan Argueta,Jean Matsumoto,Favorite,1,0,-2.58,0.07,-2.62,0,3.25,-0.02,0.01,1,6,0.78
UFC Fight Night: Allen vs. Curtis II,César Almeida,Dylan Budka,Underdog,-1,1,-3.46,-0.04,0.49,-0.16,3.38,0.38,0.38,0.7,-12,-0.71
UFC Fight Night: Allen vs. Curtis II,Nora Cornolle,Melissa Dixon,Underdog,0,1,-0.56,-0.07,2.38,-0.09,0.65,0.2,0.25,0,-2,-2.36
UFC 300,Jamahal Hill,Alex Pereira,Favorite,0,0,-2.08,0.08,0.14,0.04,0.18,1,-0.03,0.4,3,-0.38
UFC 300,Yan Xiaonan,Weili Zhang,Favorite,-1,0,0.69,0.09,-0.51,-0.05,1.51,-0.27,-0.12,0.5,0,-4.08
UFC 300,Max Holloway,Justin Gaethje,Underdog,0,-1,0.39,-0.11,-2.74,0.07,0.14,0.28,0.09,0.3,-3,0.98
UFC 300,Charles Oliveira,Arman Tsarukyan,Favorite,3,2,-0.4,0.05,1.36,-0.02,-1.08,0.03,-0.2,2.8,7,1.27
UFC 300,Cody Brundage,Bo Nickal,Favorite,1,4,0.02,0.08,-1.8,0.27,5.13,-0.02,-0.68,6.6,-2,-8.93
UFC 300,Aleksandar Rakic,Jiri Prochazka,Favorite,1,-2,-1.49,-0.06,-2.63,0.09,-0.03,-0.35,0.17,-0.2,1,0
UFC 300,Calvin Kattar,Aljamain Sterling,Favorite,-4,-1,-0.15,0.13,-4.45,0.04,1.92,-0.02,-0.27,0.6,-2,-1.06
UFC 300,Holly Holm,Kayla Harrison,Favorite,0,3,-4.39,-0.31,2.63,-0.28,-3.55,-0.1,-0.24,-2.1,9,3.37
UFC 300,Sodiq Yusuff,Diego Lopes,Favorite,-2,-1,2.44,-0.09,-0.22,0.16,0.28,0.2,0.2,-4.6,2,0.66
UFC 300,Renato Moicano,Jalin Turner,Underdog,-4,-5,-1.22,0,-0.89,0.19,1.1,-0.1,-0.02,-0.5,6,1.81
UFC 300,Marina Alcalde Rodriguez,Jessica Andrade,Favorite,-5,-3,1.8,0.03,2.25,0,2.14,0.13,0.07,0.1,-5,-0.65
UFC 300,Jim Miller,Bobby Green,Favorite,2,0,3.46,0.1,0.25,0.06,-0.34,-0.06,0.27,-1.4,-3,-1.09
UFC 300,Cody Garbrandt,Deiveson Figueiredo,Favorite,-3,3,0.03,0.15,-0.38,-0.1,0.62,0.08,-0.22,1.7,4,-2.7
UFC Fight Night: Nicolau vs Perez,Alex Perez,Matheus Nicolau,Underdog,0,1,-0.48,0.07,0.06,0.07,-0.68,0.01,0.11,-0.1,-1,-0.98
UFC Fight Night: Nicolau vs Perez,Bogdan Guskov,Ryan Spann,Underdog,2,3,0.12,-0.08,0.19,-0.03,1.34,0.35,-0.19,1.5,1,-1.16
UFC Fight Night: Nicolau vs Perez,Ariane Lipski,Karine Silva,Favorite,-1,0,-1.43,-0.06,-0.84,-0.04,3.03,0.17,-0.71,1.9,0,-0.69
UFC Fight Night: Nicolau vs Perez,Austen Lane,Jhonata Diniz,Favorite,2,1,-0.88,-0.02,-1.11,-0.01,1.03,0.2,-0.8,0,4,2.3
UFC Fight Night: Nicolau vs Perez,David Onama,Jonathan Pearce,Underdog,1,-3,0.28,0.06,-1.67,0.02,4.57,0.33,0.06,0.3,3,-0.8
UFC Fight Night: Nicolau vs Perez,Tim Means,Uros Medic,Favorite,1,4,-0.43,-0.11,0.46,0.02,0.78,-0.1,0.1,0.2,9,2.17
UFC Fight Night: Nicolau vs Perez,Rani Yahya,Victor Henry,Favorite,-1,-1,-6.63,-0.16,-3.54,0.03,2.73,0.3,-0.54,1.3,2,3.16
UFC Fight Night: Nicolau vs Perez,Austin Hubbard,Michal Figlak,Underdog,0,1,0.11,0.06,-1.19,0.04,1.25,0.38,0.08,0,5,0.94
UFC Fight Night: Nicolau vs Perez,Don'tale Mayes,Caio Machado,Underdog,-2,-3,2.38,0.15,-1.23,0.16,-0.71,-0.43,0.22,0,-3,0.13
UFC Fight Night: Nicolau vs Perez,Marnic Mann,Ketlen Souza,Favorite,-3,1,-3.31,-0.27,3.05,-0.29,1,-0.17,-0.25,0.4,2,2.55
UFC Fight Night: Nicolau vs Perez,Chris Padilla,James Llontop,Underdog,3,-1,2.12,0.06,-2.08,0.18,-9.89,-1,0.5,-3.3,-4,-3.25
UFC Fight Night: Nicolau vs Perez,Na Liang,Ivana Petrovic,Favorite,3,3,0.2,0,-1.5,0.17,-0.77,-0.08,0.35,1.2,2,-3.79
UFC Fight Night: Nicolau vs Perez,Gabriel Benitez,Hayisaer Maheshate,Favorite,4,0,-1.36,-0.13,1.27,-0.63,0.23,-0.55,-0.9,0,2,1.46
UFC 301,Steve Erceg,Alexandre Pantoja,Favorite,-3,-1,-0.11,0,-0.23,-0.02,1.37,0.21,0.08,0.3,6,-1.09
UFC 301,Jose Aldo,Jonathan Martinez,Underdog,1,0,0.91,0.03,0.14,-0.03,-0.1,-0.18,-0.23,0,-7,-0.83
UFC 301,Anthony Smith,Vitor Petrino,Underdog,2,-1,0.41,0.03,1.89,0.01,-3.49,-0.4,-0.22,-0.1,9,3.76
UFC 301,Ihor Potieria,Michel Pereira,Favorite,2,2,-0.03,-0.04,1.34,-0.07,-1.53,-0.55,-0.37,-0.8,-3,4.54
UFC 301,Paul Craig,Caio Borralho,Favorite,-2,-1,0.46,0.14,-0.91,0.16,0.31,0.43,0.39,-1.1,-5,-4.56
UFC 301,Jack Shore,Joanderson Brito,Favorite,0,-1,0.4,0.07,-0.33,0.1,-0.01,-0.38,0.14,0.1,0,1.16
UFC 301,Karolina Kowalkiewicz,Iasmin Lucindo,Favorite,0,2,-1.76,0.03,-2.44,0.08,1.89,0.3,0.07,0.1,-16,-2.92
UFC 301,Elves Brenner,Myktybek Orolbai,Favorite,0,2,-1.17,0.05,-2.26,-0.05,5.85,0.13,0.25,0.6,0,-1.84
UFC 301,Joaquim Silva,Drakkar Klose,Favorite,1,1,0.71,0.12,-1.07,-0.02,1.19,-0.24,0,-0.8,1,-1.35
UFC 301,Jamie Mullarkey,Mauricio Ruffy,Favorite,1,-1,-0.49,-0.13,0.73,-0.06,2.31,0.34,-0.22,0.1,2,1.62
UFC 301,Ernesta Kareckaite,Dione Barbosa,Favorite,-3,-5,-5.7,0.12,-4.04,0.23,1.3,-0.41,-0.86,3.1,7,-1.56
UFC 301,Vinc Pichel,Ismael Bonfim,Favorite,-2,-1,2.18,0.08,0.11,0.15,-1.71,-0.21,0.51,-0.2,-13,-4.12
UFC 301,Kevin Borjas,Alessandro Costa,Favorite,-1,-1,-0.78,0.07,-3.2,0.08,0.27,0.12,0.29,0,2,-0.4
UFC Fight Night: Lewis vs. Nascimento,Rodrigo Nascimento Ferreira,Derrick Lewis,Favorite,1,-1,-1.57,0.01,-2.14,-0.03,-0.66,-0.11,-0.24,-0.6,8,-0.83
UFC Fight Night: Lewis vs. Nascimento,Nursulton Ruziboev,Joaquin Buckley,Favorite,-7,0,1.75,-0.07,-1.48,0.09,0.92,-0.56,0.69,0,0,-0.39
UFC Fight Night: Lewis vs. Nascimento,Alonzo Menifield,Carlos Ulberg,Favorite,-4,-1,-3.49,-0.02,-0.03,-0.03,-0.28,-0.42,0,0,3,1.85
UFC Fight Night: Lewis vs. Nascimento,Carlos Diego Ferreira,Mateusz Rebecki,Underdog,-2,-8,-0.35,0.09,0.72,-0.02,3.16,0.45,-0.27,0.4,-8,3.35
UFC Fight Night: Lewis vs. Nascimento,Alex Caceres,Sean Woodson,Favorite,-4,-5,-1.37,0.03,-1.1,0.04,-0.12,0.06,-0.2,0.3,4,1.77
UFC Fight Night: Lewis vs. Nascimento,Waldo Cortes-Acosta,Robelis Despaigne,Underdog,-3,-6,3.48,-0.06,0.07,0.03,0.55,0.6,0.35,0.2,-3,1.87
UFC Fight Night: Lewis vs. Nascimento,Chase Hooper,Viacheslav Borshchev,Underdog,2,5,-0.1,-0.06,-1.16,-0.18,1.45,0.24,0.2,2.3,-8,0.27
UFC Fight Night: Lewis vs. Nascimento,Terrance McKinney,Esteban Ribovics,Favorite,0,4,-1.67,-0.02,-0.86,-0.08,2.52,-0.3,0.25,0.5,1,0.7
UFC Fight Night: Lewis vs. Nascimento,Tecia Torres,Tabatha Ricci,Favorite,0,1,-0.5,-0.1,1.35,-0.01,2.38,0.21,0.12,0.1,5,-0.56
UFC Fight Night: Lewis vs. Nascimento,Billy Goff,Trey Waters,Favorite,7,5,-2.13,-0.02,-0.1,-0.03,-1.57,0.16,-0.15,0.9,4,-0.69
UFC Fight Night: Lewis vs. Nascimento,Charles Johnson,Jake Hadley,Underdog,2,0,1.12,0.1,-0.4,-0.01,0.17,0.17,0.32,-1.1,6,0.07
UFC Fight Night: Lewis vs. Nascimento,J.J. Aldrich,Veronica Macedo,Favorite,-1,-3,-0.75,-0.01,-0.63,-0.13,0.42,0.18,0.3,-0.06,-3,0.2
UFC Fight Night: Barboza vs. Murphy,Edson Barboza,Lerone Murphy,Favorite,2,2,-0.9,-0.1,2.05,-0.04,-1.14,-0.02,0.26,-0.5,6,0.8
UFC Fight Night: Barboza vs. Murphy,Carlston Harris,Kalinn Williams,Favorite,0,1,2.63,-0.1,2.76,-0.1,-1.97,-0.29,-0.8,0.25,-6,0.3
UFC Fight Night: Barboza vs. Murphy,Ramiz Brahimaj,Themba Gorimbo,Favorite,-3,-5,-0.79,-0.28,2.61,-0.01,-2.43,-0.23,-0.34,1.6,-2,0.43
UFC Fight Night: Barboza vs. Murphy,Vinicius Salvador,Adrian Yanez,Favorite,0,0,1.03,-0.02,-0.75,0.09,-0.36,-0.11,0.14,0,3,-3.55
UFC Fight Night: Barboza vs. Murphy,Luana Pinheiro,Angela Hill,Favorite,1,2,1.81,0.09,0.69,-0.02,-1.44,0,0.1,-0.1,8,-0.46
UFC Fight Night: Barboza vs. Murphy,Victor Martinez,Tom Nolan,Favorite,7,3,1.32,0.02,-1.12,-0.12,-0.7,-0.33,0.2,0,-8,-3.79
UFC Fight Night: Barboza vs. Murphy,George Tokkos,Oumar Sy,Favorite,0,7,-3.26,-0.43,-3.76,-0.2,6.11,-0.34,3.67,0,-5,-4.12
UFC Fight Night: Barboza vs. Murphy,Tamires Vidal,Melissa Gatto,Favorite,1,-1,-0.58,0.06,1.06,0,-1.47,-0.28,-0.35,0.5,-3,2.81
UFC Fight Night: Barboza vs. Murphy,Warlley Alves,Abusupiyan Magomedov,Favorite,3,6,-0.16,-0.04,-0.22,0.05,1.43,0.27,-0.8,0.38,0,-2.37
UFC Fight Night: Barboza vs. Murphy,Ariane Carnelossi,Piera Rodriguez,Underdog,-1,-2,-0.77,-0.08,1.9,-0.13,-1.74,0.14,-0.52,0.3,0,1.59
UFC Fight Night: Barboza vs. Murphy,Heili Alateng,Kleydson Rodrigues,Underdog,0,1,1.94,0.25,-2.38,-0.04,-1.39,-0.23,0.6,-0.22,-4,-0.76
UFC Fight Night: Barboza vs. Murphy,Vanessa Demopoulos,Emily Ducote,Underdog,0,4,3.47,0.11,2.15,0.16,-0.22,0.03,0.64,-0.6,-5,-2.93
