,Unnamed: 0,name,height,weight,reach,STANCE,SLPM,Str Acc,SApm,Str. Def,TD Avg,TD Acc,TD Def,Sub Avg,age
0,0,Ryuichi Murata,68.0,183,69.0, Orthodox,0.84,0.36,1.89,0.5,4.74,0.5,1.0,3.2,
1,1,Tom Aaron,68.0,155,69.0,,0.0,0.0,0.0,0.0,0.0,0.0,0.0,0.0,45.0
2,2,Ben Reiter,75.0,185,70.0,,1.8,0.46,1.53,0.54,7.0,0.43,0.0,0.0,36.0
3,3,Suman Mokhtarian,68.0,145,72.0, Orthodox,2.21,0.43,6.85,0.48,0.0,0.0,0.0,0.0,31.0
4,4,Augusto Sakai,75.0,265,77.0, Orthodox,4.6,0.49,3.83,0.48,0.23,0.4,0.56,0.0,33.0
5,5,Amber Tackett,64.0,115,60.0,,0.0,0.0,0.0,0.0,0.0,0.0,0.0,0.0,
6,6,Waylon Lowe,67.0,145,65.0, Southpaw,1.88,0.55,2.4,0.53,4.47,0.55,0.83,0.3,43.0
7,7,Oleksandr Doskalchuk,66.0,125,67.0, Southpaw,0.0,0.0,0.0,0.0,0.0,0.0,0.0,0.0,34.0
8,8,Cole Miller,73.0,145,73.0, Orthodox,3.0,0.33,3.88,0.59,0.6,0.36,0.38,1.8,40.0
9,9,Terry Martin,68.0,185,71.0, Orthodox,2.82,0.43,3.13,0.54,3.1,0.42,0.92,0.0,43.0
10,10,Micol Di Segni,63.0,115,60.0, Orthodox,7.47,0.4,5.87,0.33,0.0,0.0,0.37,0.0,36.0
11,11,Erick Wanderlei,73.0,205,70.0, Orthodox,0.63,0.41,2.66,0.4,3.8,0.66,0.0,1.9,
12,12,Renato Moicano,71.0,155,72.0, Orthodox,4.38,0.48,3.68,0.6,1.89,0.45,0.72,0.6,35.0
13,13,Claudio Mattos,66.0,185,66.0, Orthodox,0.0,0.0,3.53,0.0,0.0,0.0,0.0,0.0,
14,14,John Gunderson,69.0,155,69.0, Orthodox,1.04,0.27,1.71,0.58,1.67,0.33,0.11,2.0,45.0
15,15,Pedro Rizzo,73.0,241,70.0, Orthodox,1.93,0.34,3.02,0.5,0.26,0.28,0.78,0.0,50.0
16,16,Adrian Yanez,67.0,135,70.0, Orthodox,6.51,0.41,5.75,0.57,0.0,0.0,1.0,0.0,30.0
17,17,Luigi Fioravanti,68.0,170,70.0, Orthodox,2.23,0.42,2.21,0.69,3.76,0.63,0.67,0.9,43.0
18,18,Kai Kara-France,64.0,125,69.0, Orthodox,4.57,0.39,3.24,0.65,0.63,0.33,0.88,0.0,31.0
19,19,Young Sam Jung,68.0,139,68.0, Orthodox,0.53,0.09,2.79,0.63,0.0,0.0,0.0,2.0,38.0
20,20,Tommy Speer,70.0,170,71.0, Orthodox,2.56,0.51,5.12,0.35,2.02,0.33,0.33,0.0,39.0
21,21,Noah Thomas,69.0,135,69.0, Orthodox,0.44,0.13,4.99,0.33,0.0,0.0,0.0,1.3,43.0
22,22,Katlyn Cerminara,69.0,125,68.0, Orthodox,4.58,0.34,4.48,0.62,0.31,0.15,0.5,0.3,35.0
23,23,Hiroshi Izumi,68.0,205,68.0, Orthodox,1.95,0.37,2.65,0.66,3.35,0.7,1.0,0.5,41.0
24,24,Jeremy Jackson,70.0,170,70.0, Orthodox,0.71,0.27,2.03,0.25,1.52,0.4,0.58,0.0,41.0
25,25,Tom Murphy,74.0,227,74.0, Southpaw,2.5,0.71,0.17,0.84,7.51,0.85,0.0,2.5,49.0
26,26,Carlos Candelario,68.0,125,68.0, Southpaw,3.97,0.46,5.17,0.44,2.28,0.36,0.53,0.3,32.0
27,27,Pat Curran,69.0,145,71.0,,4.7,0.58,4.4,0.63,2.5,0.62,0.66,0.0,36.0
28,28,Song Kenan,72.0,170,71.0, Orthodox,4.36,0.46,6.38,0.5,0.34,0.5,0.61,0.0,34.0
29,29,Jeff Terry,74.0,205,74.0,,1.09,0.5,9.27,0.19,0.0,0.0,1.0,0.0,
30,30,Brandon Moreno,67.0,125,70.0, Orthodox,3.87,0.44,3.63,0.59,1.74,0.46,0.63,0.5,30.0
31,31,Daniel Barez,66.0,125,66.0, Orthodox,3.8,0.53,5.32,0.55,4.07,0.31,0.91,1.6,35.0
32,32,Edson Drago,76.0,220,74.0, Orthodox,1.16,0.4,2.39,0.36,0.0,0.0,0.55,0.0,46.0
33,33,Jose Johnson,72.0,125,71.0, Orthodox,2.8,0.6,1.73,0.55,0.62,0.5,0.36,0.6,29.0
34,34,Fedor Nikolov,, --,,,0.0,0.0,0.0,0.0,0.0,0.0,0.0,0.0,
35,35,Dylan Potter,74.0,225,77.0, Switch,3.1,0.48,5.78,0.46,0.0,0.0,0.33,1.1,29.0
36,36,Tucker Lutz,68.0,145,72.0, Orthodox,3.74,0.46,3.25,0.44,1.99,0.44,0.69,0.2,29.0
37,37,Jimmy Crute,74.0,205,74.0, Orthodox,3.68,0.54,3.04,0.44,4.84,0.57,0.6,2.0,28.0
38,38,Paige VanZant,64.0,115,65.0, Orthodox,3.35,0.52,2.62,0.42,1.27,0.33,0.34,1.0,30.0
39,39,Tom Blackledge,72.0,205,77.0, Orthodox,2.91,0.61,2.55,0.46,0.0,0.0,0.75,0.0,
40,40,Hacran Dias,68.0,155,69.0, Orthodox,2.08,0.41,3.31,0.55,2.5,0.39,0.76,0.5,39.0
41,41,Igor Vovchanchyn,68.0,205,69.0, Orthodox,1.59,0.49,0.97,0.63,1.19,0.66,0.5,0.5,50.0
42,42,Vince Cachero,66.0,145,68.0, Orthodox,3.29,0.45,6.51,0.43,0.0,0.0,0.18,0.5,34.0
43,43,Alex Higley,70.0,145,70.0,,0.29,1.0,1.74,0.6,0.0,0.0,0.0,0.0,
44,44,Justin Wilcox,66.0,155,68.0, Orthodox,3.82,0.28,2.63,0.71,1.43,0.16,1.0,0.0,45.0
45,45,Hugo Viana,66.0,135,67.0, Orthodox,3.05,0.38,3.2,0.57,0.22,0.06,0.5,0.0,41.0
46,46,KyuSung Kim,71.0,125,69.0, Orthodox,0.0,0.0,0.0,0.0,0.0,0.0,0.0,0.0,31.0
47,47,Pingyuan Liu,66.0,135,72.0, Orthodox,2.36,0.33,2.99,0.54,0.25,0.2,0.56,1.0,31.0
48,48,Mark Godbeer,76.0,240,77.0, Orthodox,3.97,0.53,3.3,0.54,0.0,0.0,0.28,0.0,40.0
49,49,Laureano Staropoli,73.0,185,71.0, Orthodox,3.31,0.34,3.73,0.54,0.83,0.26,0.48,0.0,31.0
50,50,Baru Harn,75.0,265,76.0,,0.0,0.0,0.0,0.0,0.0,0.0,0.0,0.0,
51,51,Joe Duffy,70.0,155,73.0, Orthodox,2.68,0.34,3.78,0.54,0.96,0.66,0.64,0.7,36.0
52,52,Branko Cikatic,73.0,215,76.0, Orthodox,0.0,0.0,0.0,0.0,0.0,0.0,0.0,0.0,69.0
53,53,Soichi Nishida,71.0,320,71.0, Orthodox,0.0,0.0,0.0,0.0,0.0,0.0,0.0,0.0,
54,54,Branden Lee Hinkle,75.0,235,75.0, Orthodox,2.61,0.69,3.91,0.26,4.34,0.57,0.66,4.3,50.0
55,55,Scott Adams,72.0,225,72.0, Southpaw,0.0,0.0,0.0,0.0,0.0,0.0,0.0,0.0,
56,56,Martin Bravo,68.0,145,71.0, Southpaw,7.66,0.39,5.72,0.51,2.6,0.35,0.85,0.0,30.0
57,57,An Tuan Ho,66.0,125,67.0,,0.0,0.0,0.0,0.0,0.0,0.0,0.0,0.0,23.0
58,58,Lee Kwan Bum,74.0,286,72.0, Orthodox,0.71,0.14,0.0,1.0,0.0,0.0,0.0,0.0,
59,59,William Knight,70.0,205,73.0, Orthodox,2.62,0.56,3.3,0.35,1.78,0.4,0.48,0.4,36.0
60,60,Balajin,69.0,145,72.0, Orthodox,1.4,0.33,2.73,0.5,2.0,0.2,0.66,0.0,32.0
61,61,Aliev Makhmud,66.0,195,67.0, Southpaw,1.12,0.3,2.24,0.36,2.1,0.5,0.0,0.0,54.0
62,62,Joe Warren,66.0,135,69.0, Orthodox,2.15,0.46,2.39,0.52,6.14,0.46,0.6,0.0,47.0
63,63,Sarah Payant,64.0,115,62.0,,0.29,0.16,2.06,0.3,0.0,0.0,0.0,0.0,
64,64,Turrell Galloway,63.0,145,67.0,,0.0,0.0,0.0,0.0,0.0,0.0,0.0,0.0,
65,65,Cristian Quinonez,68.0,135,70.0, Orthodox,4.19,0.4,4.55,0.55,1.37,0.37,0.84,0.0,28.0
66,66,Brendson Ribeiro,75.0,205,81.0, Orthodox,8.41,0.46,6.77,0.56,0.0,0.0,0.0,0.0,27.0
67,67,Keigo Kunihara,72.0,235,72.0, Orthodox,0.17,0.1,1.99,0.57,4.97,0.4,1.0,2.5,
68,68,Alonzo Menifield,72.0,205,76.0, Orthodox,3.92,0.57,3.57,0.49,0.67,0.33,0.75,0.3,36.0
69,69,Geza Kalman,73.0,200,70.0,,0.0,0.0,0.0,0.0,0.0,0.0,0.0,0.0,
70,70,Nam Phan,66.0,135,70.0, Orthodox,4.52,0.37,6.55,0.59,0.18,0.18,0.6,0.2,41.0
71,71,Maximo Blanco,68.0,145,71.0, Orthodox,4.11,0.44,3.19,0.66,1.85,0.36,0.63,0.3,40.0
72,72,Sarah D'alelio,67.0,145,67.0,,2.4,0.33,0.0,1.0,0.0,0.0,1.0,0.0,43.0
73,73,Antonio Banuelos,65.0,135,63.0, Orthodox,2.69,0.33,3.15,0.58,1.62,0.62,0.86,0.4,44.0
74,74,Sam Oropeza,74.0,170,73.0,,7.68,0.56,1.44,0.7,3.6,0.33,1.0,0.0,
75,75,Jared Cannonier,71.0,185,77.0, Switch,4.68,0.52,4.13,0.59,0.44,0.42,0.63,0.0,40.0
76,76,Waylon Kennell,72.0,185,72.0,,0.0,0.0,0.0,0.0,0.0,0.0,0.0,0.0,
77,77,Luis Ramos,68.0,170,67.0, Orthodox,2.4,0.35,5.6,0.42,1.5,0.2,1.0,0.0,43.0
78,78,Raphael Butler,75.0,261,77.0,,4.69,0.45,0.94,0.91,0.0,0.0,1.0,14.1,40.0
79,79,Germaine de Randamie,69.0,135,71.0, Orthodox,2.57,0.46,2.0,0.65,0.0,0.0,0.65,0.4,40.0
80,80,Michel Prazeres,66.0,170,67.0, Orthodox,2.38,0.47,2.51,0.57,3.94,0.36,0.47,0.6,42.0
81,81,Kiru Singh Sahota,70.0,125,73.0, Orthodox,0.0,0.0,0.0,0.0,0.0,0.0,0.0,0.0,28.0
82,82,Herman Renting,72.0,215,72.0, Switch,0.0,0.0,0.0,0.0,0.0,0.0,0.0,0.0,
83,83,Muin Gafurov,67.0,135,68.0, Southpaw,2.98,0.41,2.95,0.48,2.4,0.26,0.62,0.0,28.0
84,84,Brad Tavares,73.0,185,74.0, Orthodox,3.38,0.43,3.15,0.55,0.78,0.26,0.81,0.0,36.0
85,85,Hitomi Akano,64.0,135,, Southpaw,0.59,0.45,2.58,0.55,0.0,0.0,0.08,0.5,49.0
86,86,Chris Daukaus,75.0,205,76.0, Orthodox,6.05,0.5,4.64,0.55,0.0,0.0,1.0,0.0,34.0
87,87,Liliya Shakirova,64.0,125,65.0, Orthodox,2.7,0.3,2.58,0.74,0.0,0.0,0.0,0.0,32.0
88,88,Michelle Maher,,145,,,0.0,0.0,0.0,0.0,0.0,0.0,0.0,0.0,
89,89,Cory Walmsley,72.0,205,72.0, Orthodox,0.79,1.0,1.18,0.5,0.0,0.0,0.0,0.0,
90,90,Jesus Pinedo,70.0,155,74.0, Southpaw,3.23,0.38,4.37,0.52,2.5,1.0,1.0,0.0,27.0
91,91,Gabe Green,70.0,155,73.0, Switch,6.28,0.45,6.95,0.47,0.83,0.5,0.53,0.3,31.0
92,92,Lyman Good,72.0,170,74.0, Orthodox,5.34,0.48,4.01,0.63,0.27,1.0,0.75,0.0,38.0
93,93,Adam Wieczorek,77.0,250,81.0, Orthodox,1.68,0.38,1.87,0.48,0.41,0.33,0.58,0.4,32.0
94,94,John Polakowski,70.0,155,69.0, Orthodox,2.6,0.26,2.83,0.5,0.0,0.0,0.87,0.7,42.0
95,95,Da Woon Jung,76.0,205,78.0, Orthodox,3.49,0.43,3.89,0.51,1.9,0.5,0.77,0.2,30.0
96,96,Josh Quinlan,72.0,170,72.0, Orthodox,3.59,0.42,6.91,0.49,0.51,0.11,0.6,0.0,31.0
97,97,Vitor Belfort,72.0,185,74.0, Southpaw,1.59,0.46,2.83,0.5,1.02,0.6,0.53,0.6,47.0
98,98,Sean Salmon,70.0,185,70.0, Southpaw,1.49,0.33,2.03,0.65,4.06,0.5,0.0,0.0,46.0
99,99,Justin Robbins,65.0,135,65.0,,0.67,0.37,3.2,0.47,0.0,0.0,0.0,0.0,43.0
100,100,Nora Cornolle,67.0,135,67.0, Orthodox,3.29,0.59,1.26,0.56,0.0,0.0,0.5,0.0,34.0
101,101,Rolando Dy,68.0,145,69.0, Orthodox,3.04,0.37,4.47,0.52,0.3,0.2,0.68,0.0,33.0
102,102,Alan Patrick,71.0,155,74.0, Southpaw,1.82,0.4,2.95,0.43,3.01,0.33,0.43,0.3,40.0
103,103,Jason High,68.0,155,73.0, Southpaw,1.28,0.42,1.56,0.48,2.36,0.63,0.37,2.8,42.0
104,104,Natan Levy,69.0,155,71.0, Southpaw,3.7,0.52,3.19,0.58,5.03,0.58,0.41,0.5,32.0
105,105,Matt Hamill,73.0,205,76.0, Orthodox,3.69,0.42,3.8,0.61,3.0,0.34,0.91,0.0,47.0
106,106,Dakota Cochrane,68.0,155,72.0,,2.66,0.75,2.66,0.3,4.43,0.33,0.0,0.0,38.0
107,107,Shamar Bailey,69.0,155,75.0, Southpaw,1.56,0.2,3.91,0.69,1.5,0.33,0.37,0.0,41.0
108,108,Wes Combs,74.0,205,74.0, Orthodox,2.14,0.48,4.73,0.45,0.0,0.0,0.0,0.0,50.0
109,109,Takenori Sato,70.0,170,71.0, Southpaw,0.46,0.33,12.92,0.09,0.0,0.0,0.0,0.0,38.0
110,110,Johnny Walker,78.0,205,82.0, Orthodox,3.81,0.53,2.83,0.44,0.46,1.0,0.57,0.9,32.0
111,111,Dan Christison,80.0,265,77.0, Orthodox,4.23,0.51,3.88,0.54,0.0,0.0,0.37,1.1,52.0
112,112,Andre Ewell,68.0,145,75.0, Southpaw,4.28,0.4,4.87,0.51,0.36,0.75,0.72,0.1,36.0
113,113,Takeshi Inoue,68.0,145,68.0,,2.54,0.44,3.32,0.61,0.0,0.0,0.47,0.0,44.0
114,114,Michael Aswell Jr.,68.0,145,70.0,,0.0,0.0,0.0,0.0,0.0,0.0,0.0,0.0,23.0
115,115,Brendan O'Reilly,67.0,170,69.0, Orthodox,1.9,0.47,2.77,0.39,2.22,0.43,0.36,0.6,36.0
116,116,Marcelo Rojo,68.0,145,71.0, Orthodox,4.92,0.39,6.42,0.55,0.46,0.5,0.66,0.0,35.0
117,117,Amir Albazi,65.0,125,68.0, Orthodox,2.8,0.39,3.07,0.63,1.71,0.33,0.4,0.7,30.0
118,118,Luis Henrique,74.0,243,74.0, Orthodox,1.81,0.43,2.22,0.47,3.09,0.36,0.5,1.0,30.0
119,119,Molly McCann,64.0,115,62.0, Orthodox,5.79,0.49,4.94,0.63,1.82,0.38,0.43,0.6,34.0
120,120,Filip Pejic,68.0,135,72.0, Orthodox,0.0,0.0,0.88,0.33,0.0,0.0,0.0,0.0,31.0
121,121,Sokun Koh,73.0,205,72.0,,0.0,0.0,0.0,0.0,0.0,0.0,0.0,0.0,
122,122,John Dowdy,74.0, --,74.0,,0.0,0.0,0.0,0.0,0.0,0.0,0.0,0.0,
123,123,Joe Duarte,69.0,155,68.0,,2.27,0.38,4.0,0.53,3.0,0.5,0.69,1.0,47.0
124,124,Nick Garcia,64.0,125,64.0,,0.67,0.25,3.03,0.5,0.0,0.0,0.83,5.1,
125,125,Gabriel Salinas-Jones,73.0,245,75.0,,0.0,0.0,0.0,0.0,0.0,0.0,0.0,0.0,39.0
126,126,Sarah Moras,67.0,135,67.0, Orthodox,2.28,0.34,3.58,0.5,0.67,0.21,0.33,0.8,36.0
127,127,Greg McIntyre,70.0,155,70.0, Orthodox,0.79,0.3,1.36,0.41,5.09,0.5,0.0,0.0,44.0
128,128,Julio Paulino,72.0,170,71.0, Orthodox,0.97,0.27,1.87,0.48,0.0,0.0,0.37,0.5,48.0
129,129,Chase Sherman,76.0,250,78.0, Orthodox,6.04,0.45,6.65,0.52,0.09,0.5,0.74,0.0,34.0
130,130,Ryan Healy,73.0,155,72.0, Orthodox,1.67,0.35,3.0,0.38,3.0,0.5,0.4,1.0,40.0
131,131,Randa Markos,64.0,115,63.0, Orthodox,2.97,0.43,3.1,0.58,1.12,0.28,0.52,0.2,38.0
132,132,Mike Breeden,70.0,155,70.0, Orthodox,5.75,0.45,7.28,0.42,0.98,0.3,0.67,0.0,35.0
133,133,Dwight Grant,73.0,185,76.0, Switch,3.29,0.36,2.66,0.6,0.61,1.0,0.66,0.0,39.0
134,134,Billy Evangelista,68.0,155,68.0, Orthodox,4.51,0.4,3.96,0.61,1.6,0.19,0.61,0.2,43.0
135,135,Katsuhisa Fujii,72.0,205,72.0, Orthodox,4.0,0.5,4.43,0.64,2.14,0.25,0.5,2.1,51.0
136,136,Danny Henry,72.0,145,73.0, Orthodox,5.2,0.51,4.16,0.45,0.74,0.33,0.5,2.2,35.0
137,137,Rinya Nakamura,67.0,135,68.0, Southpaw,3.53,0.54,1.38,0.67,3.72,0.9,1.0,1.6,29.0
138,138,Carl Toomey,, --,,,0.0,0.0,0.0,0.0,0.0,0.0,0.0,0.0,
139,139,Jason Ireland,69.0,161,69.0, Southpaw,1.2,0.25,2.07,0.51,3.59,0.75,0.0,1.2,44.0
140,140,Issac DeJesus,,145,,,0.0,0.0,0.0,0.0,0.0,0.0,0.0,0.0,
141,141,Eddie Sanchez,74.0,230,74.0, Orthodox,3.45,0.43,3.3,0.43,1.13,0.26,0.42,0.0,41.0
142,142,Bazigit Atajev,73.0,230,74.0, Orthodox,0.87,0.41,3.14,0.49,1.0,0.33,0.0,0.0,
143,143,Jadson Costa,67.0,155,68.0, Orthodox,0.2,0.5,3.05,0.5,0.0,0.0,0.0,0.0,
144,144,Drew Fickett,70.0,155,70.0, Orthodox,2.33,0.41,2.29,0.57,1.3,0.35,0.3,2.2,44.0
145,145,George Bush,73.0,205,72.0,,6.35,0.64,2.31,0.55,17.31,0.66,0.0,0.0,
146,146,Dan O'Connor,64.0,115,63.0,,4.0,0.56,5.1,0.54,0.0,0.0,1.0,0.0,41.0
147,147,Ali Bagautinov,64.0,125,65.0, Orthodox,2.85,0.42,3.09,0.52,2.51,0.36,0.65,0.3,38.0
148,148,Pat Audinwood,72.0,155,74.0, Orthodox,1.17,0.12,4.31,0.41,0.8,0.5,0.0,0.0,38.0
149,149,Kerry Schall,74.0,265,74.0, Orthodox,0.94,0.11,4.84,0.63,0.0,0.0,0.0,0.0,52.0
150,150,Chris Indich,70.0,170,73.0,,1.31,0.3,4.32,0.43,0.75,0.5,0.5,1.5,37.0
151,151,Casey Huffman,75.0,185,74.0,,0.0,0.0,0.0,0.0,0.0,0.0,0.0,0.0,
152,152,Kiyoshi Tamura,71.0,185,71.0, Southpaw,2.44,0.53,1.44,0.6,0.58,0.6,0.45,0.2,54.0
153,153,Manuel Torres,70.0,155,73.0, Switch,8.14,0.58,3.15,0.56,3.26,0.66,0.88,1.6,29.0
154,154,Gasan Umalatov,71.0,170,71.0, Orthodox,2.23,0.39,4.1,0.59,0.75,0.17,0.9,0.0,41.0
155,155,Sheymon Moraes,68.0,145,72.0, Orthodox,3.0,0.42,3.64,0.63,0.0,0.0,0.53,0.0,33.0
156,156,Bryan Barberena,72.0,185,72.0, Southpaw,5.35,0.48,4.59,0.44,0.13,0.22,0.5,0.3,35.0
157,157,Scott Jorgensen,65.0,135,66.0, Orthodox,3.37,0.4,3.41,0.65,2.61,0.45,0.59,0.7,41.0
158,158,Felipe Pena,, --,,,0.0,0.0,0.0,0.0,0.0,0.0,0.0,0.0,32.0
159,159,Dan Barrera,69.0,170,69.0, Orthodox,0.8,0.7,1.2,0.28,1.0,0.08,0.0,0.0,43.0
160,160,Talita Alencar,61.0,115,58.0, Orthodox,2.37,0.28,4.8,0.48,2.5,0.15,0.5,0.0,33.0
161,161,Mark Madsen,68.0,155,72.0, Orthodox,3.56,0.49,3.97,0.52,2.86,0.66,0.62,0.0,39.0
162,162,Murtaza Talha,72.0,205,74.0, Orthodox,4.91,0.58,8.29,0.3,0.0,0.0,1.0,0.0,27.0
163,163,Luke Caudillo,67.0,155,67.0, Orthodox,1.97,0.28,5.07,0.55,0.44,0.2,0.85,0.0,43.0
164,164,Stanislav Nedkov,71.0,205,71.0, Orthodox,3.33,0.43,5.39,0.43,2.77,0.41,0.0,0.0,42.0
165,165,Troy Mandaloniz,69.0,170,69.0, Orthodox,3.52,0.56,4.71,0.63,3.1,0.66,0.57,0.0,44.0
166,166,Marion Reneau,66.0,135,68.0, Orthodox,3.2,0.41,3.52,0.59,0.62,0.63,0.5,0.8,46.0
167,167,Olivier Murad,70.0,145,72.0, Southpaw,2.6,0.36,2.2,0.61,1.0,1.0,0.55,0.0,30.0
168,168,Stefan Klever,,185,, Orthodox,0.82,0.5,3.84,0.58,0.0,0.0,0.0,0.0,
169,169,Gilbert Rael,68.0,155,68.0,,0.0,0.0,7.46,0.37,4.86,1.0,0.0,0.0,
170,170,Danny Roberts,73.0,170,74.0, Southpaw,3.18,0.39,3.73,0.5,0.24,0.09,0.57,0.2,36.0
171,171,Ronald Jhun,71.0,170,71.0, Orthodox,1.45,0.57,3.01,0.5,1.81,1.0,1.0,0.0,53.0
172,172,Cameron Olson,73.0,205,75.0, Orthodox,3.13,0.47,2.2,0.57,3.0,0.42,1.0,1.0,34.0
173,173,Cung Le,69.0,185,70.0, Southpaw,4.36,0.48,2.98,0.66,1.37,0.71,0.88,0.3,51.0
174,174,Rafael Freitas,,205,69.0, Orthodox,2.0,0.29,8.0,0.51,11.25,0.5,0.0,0.0,
175,175,Derrick Mehmen,76.0,205,78.0,,1.93,0.14,4.53,0.48,1.0,0.16,0.0,0.0,38.0
176,176,Carlo Pedersoli Jr.,71.0,170,75.0, Southpaw,4.17,0.37,4.12,0.61,2.91,0.44,0.0,0.0,30.0
177,177,Jaimelene Nievera,65.0,125,66.0, Orthodox,1.67,0.53,8.73,0.33,1.79,0.16,0.0,0.0,39.0
178,178,Mats Nilsson,73.0,170,75.0, Orthodox,2.99,0.39,5.62,0.63,3.87,0.83,0.44,2.3,40.0
179,179,Chris Liguori,69.0,185,70.0, Orthodox,0.29,0.33,1.44,0.0,0.0,0.0,0.5,0.0,
180,180,Landon Showalter,72.0,185,72.0,,0.0,0.0,0.0,0.0,0.0,0.0,0.0,0.0,47.0
181,181,TJ Cook,71.0,205,72.0,,2.3,0.47,3.18,0.54,1.01,0.5,0.0,0.0,41.0
182,182,Tiago dos Santos e Silva,69.0,145,70.0, Orthodox,3.69,0.35,4.23,0.59,0.63,0.11,0.33,0.3,37.0
183,183,Craig White,74.0,170,76.0, Orthodox,1.23,0.4,3.28,0.39,0.0,0.0,0.5,0.8,33.0
184,184,John Adajar,69.0,170,75.0, Orthodox,3.9,0.52,6.28,0.44,0.0,0.0,0.0,0.0,32.0
185,185,Donald Sanchez,70.0,145,70.0,,0.58,0.5,1.16,0.55,0.0,0.0,0.5,0.0,39.0
186,186,Derek Getzel,72.0,155,76.0,,0.0,0.0,0.0,0.0,0.0,0.0,0.0,0.0,
187,187,Nate Landwehr,69.0,145,72.0, Orthodox,6.25,0.46,5.75,0.55,1.0,0.41,0.86,1.0,35.0
188,188,Kyoji Horiguchi,65.0,125,66.0, Orthodox,3.6,0.45,2.45,0.62,2.0,0.44,0.55,0.0,33.0
189,189,Tony Sylvester,73.0,225,73.0, Southpaw,0.0,0.0,10.12,0.12,0.0,0.0,0.0,0.0,46.0
190,190,Jonathan Pearce,72.0,145,71.0, Switch,5.32,0.54,3.43,0.54,5.24,0.5,0.58,0.8,32.0
191,191,SangHoon Yoo,72.0,170,74.0, Orthodox,4.83,0.65,6.11,0.4,0.53,1.0,0.69,0.5,34.0
192,192,Brandon Melendez,71.0,155,70.0, Southpaw,0.84,0.26,0.56,0.63,0.0,0.0,0.25,0.0,41.0
193,193,Katsuaki Furuki,72.0,168,72.0,,0.27,0.1,2.67,0.39,0.0,0.0,0.0,3.0,43.0
194,194,George Stork,70.0,185,70.0,,0.0,0.0,0.0,0.0,0.0,0.0,0.0,0.0,
195,195,Brandon Sene,71.0,205,73.0,,0.0,0.0,0.0,0.0,0.0,0.0,0.0,0.0,43.0
196,196,Chris Barnett,69.0,265,75.0, Orthodox,4.41,0.48,5.87,0.4,0.0,0.0,0.33,0.0,37.0
197,197,Lucas Fernando,75.0,185,80.0,,1.87,0.51,4.73,0.38,3.0,0.3,0.0,1.0,27.0
198,198,Caio Borralho,73.0,185,75.0, Southpaw,2.91,0.6,2.06,0.6,1.99,0.63,0.76,0.5,31.0
199,199,Brett Tillis,,145,,,0.0,0.0,0.0,0.0,0.0,0.0,0.0,0.0,
200,200,Steven Ciaccio,72.0,170,72.0,,0.0,0.0,0.0,0.0,0.0,0.0,0.0,0.0,
201,201,Cody Pfister,70.0,155,73.0, Orthodox,1.41,0.25,2.8,0.51,2.82,0.3,0.0,0.0,33.0
202,202,Moise Rimbon,70.0,205,72.0, Orthodox,0.8,0.34,1.0,0.71,1.0,0.5,0.37,0.0,47.0
203,203,Constantinos Philippou,71.0,185,73.0, Orthodox,2.19,0.35,2.73,0.54,0.4,0.42,0.65,0.3,44.0
204,204,Brandon Wolff,69.0,170,69.0, Orthodox,0.47,0.33,10.91,0.19,0.0,0.0,0.0,0.0,48.0
205,205,Cristina Stanciu,63.0,115,64.0, Orthodox,2.5,0.5,3.07,0.52,0.85,1.0,0.4,1.7,30.0
206,206,Khadzhi Bestaev,78.0,185,76.0,,6.15,0.29,10.0,0.43,0.0,0.0,0.0,0.0,35.0
207,207,Joey Villasenor,72.0,185,72.0, Orthodox,2.05,0.38,3.26,0.52,0.71,0.4,0.53,1.1,48.0
208,208,Tom Duquesnoy,67.0,135,68.0, Orthodox,3.83,0.45,5.3,0.62,0.42,0.25,0.46,0.0,30.0
209,209,Jared Gordon,69.0,155,68.0, Orthodox,5.39,0.57,3.4,0.57,1.95,0.4,0.62,0.0,35.0
210,210,Gabriel Carrasco,66.0,135,70.0,,4.15,0.37,1.53,0.8,0.0,0.0,1.0,0.0,
211,211,Keith Mielke,68.0,185,68.0,,0.0,0.0,0.0,0.0,0.0,0.0,0.0,0.0,
212,212,Bob Cook,69.0,170,69.0, Orthodox,0.0,0.0,0.0,0.0,0.0,0.0,0.0,0.0,
213,213,Joachim Christensen,75.0,205,76.0, Orthodox,3.78,0.41,3.29,0.46,0.0,0.0,0.0,0.0,45.0
214,214,Ron Henderson,70.0,125,63.0,,2.53,0.25,3.6,0.48,1.0,0.2,0.0,0.0,
215,215,Renzo Gracie,70.0,185,70.0, Orthodox,1.71,0.41,1.67,0.55,1.13,0.2,0.4,0.8,57.0
216,216,Manolo Zecchini,68.0,145,68.0, Orthodox,2.34,0.21,6.75,0.46,0.0,0.0,0.0,0.0,27.0
217,217,Ahmad Hassanzada,73.0,155,75.0, Orthodox,2.59,0.34,4.42,0.4,2.5,0.22,0.0,0.0,27.0
218,218,Masakatsu Okuda,68.0, --,68.0,,0.0,0.0,4.27,0.34,0.0,0.0,0.0,4.3,
219,219,Mychal Clark,75.0,224,75.0, Orthodox,5.8,0.56,2.9,0.59,0.0,0.0,0.0,0.0,
220,220,Matt Horning,64.0,125,65.0,,0.0,0.0,0.0,0.0,0.0,0.0,0.0,0.0,
221,221,Phil Cardella,71.0,155,70.0,,2.47,0.5,2.0,0.57,0.0,0.0,0.11,2.5,47.0
222,222,Remco Pardoel,75.0,260,73.0, Southpaw,0.0,0.0,0.0,0.0,0.0,0.0,0.0,0.0,
223,223,Matt Mitrione,75.0,265,82.0, Switch,3.55,0.5,2.79,0.64,0.0,0.0,0.55,0.7,45.0
224,224,Masanori Tonooka,68.0,185,68.0, Orthodox,0.16,0.05,1.09,0.36,0.0,0.0,0.0,0.0,
225,225,Roy Nelson,72.0,263,73.0, Orthodox,2.18,0.36,4.79,0.46,1.14,0.27,0.65,0.1,47.0
226,226,Alex Crispin,67.0,155,68.0,,0.0,0.0,0.0,0.0,0.0,0.0,0.0,0.0,
227,227,Nick Nolte,72.0,170,73.0,,0.0,0.0,0.0,0.0,0.0,0.0,0.0,0.0,
228,228,Saidyokub Kakhramonov,68.0,135,69.0, Orthodox,2.05,0.51,0.88,0.58,6.63,0.48,0.83,1.9,28.0
229,229,Ricky Palacios,66.0,145,67.0, Orthodox,7.73,0.53,3.27,0.59,0.0,0.0,1.0,0.0,36.0
230,230,Jeff Curran,66.0,135,69.0, Orthodox,1.54,0.31,2.48,0.6,0.35,0.12,0.35,1.2,46.0
231,231,Sangwook Kim,72.0,155,72.0, Orthodox,5.57,0.51,7.94,0.48,1.65,0.18,0.66,0.8,30.0
232,232,Tim Credeur,75.0,185,75.0, Orthodox,3.59,0.3,3.13,0.57,0.41,1.0,0.5,3.3,46.0
233,233,Aji Susilo,70.0,155,70.0,,0.0,0.0,0.0,0.0,0.0,0.0,0.0,0.0,
234,234,Cody Donovan,75.0,205,74.0, Orthodox,5.61,0.59,5.44,0.45,1.67,0.28,0.0,1.7,43.0
235,235,John Elam,, --,,,0.0,0.0,0.0,0.0,0.0,0.0,0.0,0.0,
236,236,Gennaro Strangis,, --,,,0.0,0.0,0.0,0.0,0.0,0.0,0.0,0.0,
237,237,Lorenzo Hood,75.0,265,80.0, Southpaw,2.64,0.61,4.66,0.11,0.0,0.0,1.0,0.0,35.0
238,238,Edson Barboza,71.0,145,75.0, Orthodox,4.11,0.44,4.65,0.56,0.45,0.5,0.72,0.1,38.0
239,239,Lee Higgins,70.0,155,74.0,,1.02,0.26,3.68,0.4,0.0,0.0,0.0,0.0,43.0
240,240,Eli Aronov,70.0,185,72.0, Orthodox,8.92,0.68,6.49,0.38,12.16,1.0,0.0,0.0,27.0
241,241,Stevie Ray,70.0,155,70.0, Southpaw,3.73,0.44,2.93,0.54,0.75,0.46,0.55,0.6,34.0
242,242,Diego Rivas,68.0,145,69.0, Orthodox,1.37,0.4,2.14,0.52,1.79,0.6,0.64,0.9,32.0
243,243,Danillo Villefort,73.0,185,76.0, Orthodox,2.86,0.37,2.4,0.68,1.71,0.66,0.33,1.7,41.0
244,244,Takeshi Yamazaki,68.0,139,68.0, Southpaw,0.57,0.25,1.57,0.47,4.5,0.5,1.0,1.0,
245,245,Ruben Villareal,76.0,265,75.0, Orthodox,5.18,0.53,4.86,0.35,0.0,0.0,0.0,0.0,54.0
246,246,Arnold Allen,68.0,145,70.0, Southpaw,3.39,0.4,2.91,0.61,1.02,0.5,0.75,0.4,30.0
247,247,Cole Escovedo,67.0,135,72.0, Orthodox,1.77,0.43,4.32,0.49,0.43,0.33,0.13,0.0,42.0
248,248,Josh Stansbury,74.0,205,74.0, Orthodox,3.22,0.54,3.54,0.54,0.0,0.0,0.87,1.0,39.0
249,249,Mike Pyle,72.0,170,74.0, Orthodox,2.74,0.45,2.84,0.6,1.8,0.35,0.7,1.5,48.0
250,250,Joaquin Buckley,70.0,170,76.0, Southpaw,4.25,0.36,3.12,0.58,1.69,0.44,0.69,0.0,30.0
251,251,Andre Roberts,74.0,345,73.0, Orthodox,0.0,0.0,0.0,0.0,0.0,0.0,0.0,0.0,59.0
252,252,Alex Schoenauer,75.0,185,75.0, Orthodox,1.22,0.4,2.27,0.42,0.0,0.0,0.22,4.9,48.0
253,253,Michal Figlak,70.0,155,70.0, Orthodox,4.0,0.39,4.93,0.52,0.5,0.12,0.57,0.0,27.0
254,254,Robert Drysdale,75.0,205,79.0, Orthodox,0.0,0.0,0.0,0.0,7.32,1.0,0.0,21.9,42.0
255,255,Tommy Lee,67.0,145,68.0, Orthodox,0.0,0.0,0.3,0.75,4.57,0.33,0.0,0.0,47.0
256,256,Jalin Turner,75.0,155,77.0, Southpaw,5.6,0.48,4.57,0.41,0.79,0.55,0.74,1.1,29.0
257,257,Guram Kutateladze,71.0,155,72.0, Orthodox,4.62,0.45,4.53,0.56,0.69,0.18,0.75,0.0,32.0
258,258,Johnny Case,70.0,155,72.0, Orthodox,3.95,0.38,2.66,0.61,1.7,0.45,0.72,0.2,34.0
259,259,Herman Terrado,69.0,170,69.0,,0.0,0.0,0.0,0.0,0.0,0.0,0.0,0.0,
260,260,Collin Anglin,69.0,145,71.0, Orthodox,4.59,0.48,5.54,0.51,2.28,0.66,1.0,0.0,31.0
261,261,Mitch Ramirez,71.0,155,71.0, Orthodox,2.37,0.42,3.34,0.36,0.91,1.0,0.0,0.0,31.0
262,262,Jarrod Kwitty,68.0,185,68.0,,0.53,0.5,4.4,0.32,8.0,0.5,0.0,2.0,
263,263,Pauline Macias,64.0,115,64.0, Southpaw,0.8,0.29,4.6,0.42,2.0,0.18,0.0,0.0,35.0
264,264,Valesca Machado,64.0,115,63.0, Orthodox,2.4,0.32,2.87,0.64,0.0,0.0,0.76,0.0,28.0
265,265,Clay Mitchell,74.0,185,68.0,,1.63,0.85,0.0,0.0,0.0,0.0,1.0,4.1,
266,266,Rob MacDonald,75.0,205,78.0, Orthodox,1.8,0.5,2.04,0.46,7.19,0.8,0.8,5.4,45.0
267,267,Fares Ziam,73.0,155,75.0, Orthodox,2.7,0.48,1.72,0.65,0.81,0.23,0.67,0.2,27.0
268,268,Anthony Torres,68.0,170,68.0, Orthodox,3.54,0.48,7.52,0.45,0.0,0.0,1.0,2.2,45.0
269,269,Norifumi Yamamoto,64.0,135,66.0, Southpaw,2.09,0.45,2.01,0.57,0.41,0.22,0.45,0.0,47.0
270,270,Tim Elliott,67.0,125,66.0, Southpaw,3.39,0.44,2.66,0.56,3.73,0.47,0.59,1.0,37.0
271,271,Valentijn Overeem,75.0,230,76.0, Orthodox,0.93,0.34,1.49,0.58,1.86,0.5,0.0,4.7,47.0
272,272,Nate Diaz,72.0,170,76.0, Southpaw,4.57,0.45,3.77,0.52,1.05,0.3,0.41,1.3,39.0
273,273,Felipe Arantes,68.0,135,73.0, Orthodox,2.37,0.45,2.66,0.64,0.93,0.47,0.41,0.7,36.0
274,274,Scott Junk,73.0,265,73.0, Orthodox,5.13,0.6,1.81,0.45,0.0,0.0,0.0,0.0,45.0
275,275,Soa Palelei,76.0,265,81.0, Orthodox,2.47,0.57,2.68,0.48,2.2,0.47,0.66,0.0,46.0
276,276,Viviane Pereira,61.0,115,63.0, Orthodox,2.7,0.3,4.48,0.58,0.25,1.0,0.28,0.2,30.0
277,277,WonBin Ki,71.0,155,73.0, Orthodox,5.47,0.47,3.24,0.55,0.0,0.0,0.0,0.0,33.0
278,278,Lv Zhenhong,68.0,145,67.0, Switch,0.0,0.0,0.0,0.0,0.0,0.0,0.0,0.0,30.0
279,279,Greg Soto,71.0,170,73.0, Orthodox,3.21,0.63,2.61,0.52,1.49,0.27,0.44,1.0,37.0
280,280,Niko Price,72.0,170,76.0, Orthodox,5.46,0.42,5.6,0.48,0.7,0.2,0.64,0.7,34.0
281,281,Gan McGee,82.0,265,82.0, Orthodox,2.2,0.29,2.31,0.59,0.65,0.25,0.83,0.0,47.0
282,282,Thomas Gifford,73.0,155,75.0, Orthodox,3.97,0.37,6.45,0.37,0.5,0.33,0.33,0.0,31.0
283,283,Eric Bedard,74.0,239,75.0,,6.37,0.35,8.54,0.52,0.0,0.0,0.0,0.0,39.0
284,284,Rodrigo Lidio,71.0,155,73.0, Orthodox,0.97,0.5,0.0,1.0,0.0,0.0,0.5,0.0,34.0
285,285,Terrence Mitchell,70.0,135,74.0, Orthodox,2.21,0.34,8.85,0.41,3.69,0.5,0.0,0.0,34.0
286,286,Clayton MacFarlane,71.0,170,74.0,,1.33,0.52,1.82,0.55,1.05,0.33,0.37,0.0,
287,287,Junya Kudo,64.0,135,64.0, Orthodox,1.85,0.71,4.44,0.33,0.0,0.0,0.0,0.0,
288,288,Melissa Martinez,62.0,115,66.0, Southpaw,3.0,0.57,2.53,0.45,1.0,0.5,0.0,0.0,26.0
289,289,David Gardner,71.0,155,68.0, Orthodox,0.17,1.0,0.34,0.0,0.0,0.0,0.66,0.0,47.0
290,290,Anton Turkalj,76.0,205,78.0, Orthodox,2.45,0.42,3.42,0.54,4.98,0.41,0.16,0.0,27.0
291,291,Ketlen Vieira,68.0,135,68.0, Orthodox,3.04,0.41,3.92,0.51,1.51,0.44,0.92,0.6,32.0
292,292,Dave Rickels,71.0,155,73.0,,4.29,0.59,5.53,0.42,0.0,0.0,0.25,0.0,35.0
293,293,Travis Lutter,71.0,185,75.0, Orthodox,0.41,0.32,2.42,0.42,1.95,0.24,0.3,0.7,51.0
294,294,Denis Stojnic,72.0,245,73.0, Orthodox,1.51,0.23,6.06,0.36,0.0,0.0,0.8,1.0,44.0
295,295,Rob Font,68.0,135,71.0, Orthodox,5.53,0.45,3.65,0.56,0.89,0.35,0.46,0.3,36.0
296,296,Shane Carwin,74.0,265,80.0, Orthodox,4.38,0.47,3.53,0.53,1.42,0.33,0.42,0.0,49.0
297,297,Paddy Holohan,70.0,125,69.0, Orthodox,2.13,0.46,2.81,0.46,2.88,0.47,0.71,1.3,36.0
298,298,Calen Born,68.0,170,72.0, Switch,0.0,0.0,0.0,0.0,0.0,0.0,0.0,0.0,36.0
299,299,Roberta Rovel,68.0,145,68.0,,0.87,0.46,3.0,0.26,0.0,0.0,1.0,0.0,
300,300,Neil Magny,75.0,170,80.0, Orthodox,3.47,0.46,2.42,0.52,2.17,0.4,0.54,0.3,36.0
301,301,Gloria de Paula,65.0,115,67.0, Orthodox,4.89,0.53,3.77,0.66,0.74,0.37,0.65,0.5,28.0
302,302,Alton Cunningham,74.0,205,77.0, Orthodox,3.33,0.75,4.94,0.2,1.67,0.1,1.0,0.0,30.0
303,303,Dan Stittgen,73.0,170,71.0, Orthodox,2.97,0.46,4.42,0.37,0.78,1.0,1.0,0.0,43.0
304,304,Ernesta Kareckaite,69.0,125,71.0, Orthodox,7.9,0.42,6.9,0.43,1.0,0.66,0.86,0.0,25.0
305,305,Anthony Macias,69.0,185,70.0, Switch,0.0,0.0,0.0,0.0,0.0,0.0,0.0,0.0,
306,306,Stephan Bonnar,76.0,205,79.0, Orthodox,2.76,0.38,3.01,0.52,1.32,0.4,0.6,1.0,47.0
307,307,Abubakar Nurmagomedov,71.0,170,72.0, Orthodox,2.78,0.53,2.61,0.65,1.25,0.22,0.88,0.0,34.0
308,308,Brok Weaver,72.0,155,73.0, Southpaw,4.78,0.64,4.35,0.46,0.41,0.1,0.66,0.4,32.0
309,309,Asbel Cancio,70.0,225,70.0,,0.0,0.0,0.0,0.0,0.0,0.0,0.0,0.0,
310,310,Josh Neer,71.0,170,72.0, Orthodox,3.29,0.46,3.63,0.58,1.09,0.34,0.46,1.3,41.0
311,311,Marcus Jones,78.0,265,75.0, Orthodox,1.94,0.52,2.71,0.58,8.71,0.75,0.0,2.9,50.0
312,312,Erik Koch,70.0,170,71.0, Southpaw,2.33,0.42,2.82,0.47,1.02,0.42,0.81,1.0,35.0
313,313,Tommy McMillen,71.0,145,71.0,,0.0,0.0,0.0,0.0,0.0,0.0,0.0,0.0,26.0
314,314,Timmy Cuamba,69.0,145,71.0, Orthodox,2.53,0.34,4.23,0.57,0.5,0.16,0.71,0.0,25.0
315,315,Chris Yee,69.0,185,69.0,,0.0,0.0,0.0,0.0,0.0,0.0,0.0,0.0,
316,316,Rickson Zenidim,67.0,125,67.0, Orthodox,1.67,0.32,4.07,0.33,0.0,0.0,0.0,0.0,25.0
317,317,Jack Morrison,71.0,205,71.0,,0.0,0.0,19.31,0.4,0.0,0.0,0.0,0.0,
318,318,Curtis Blaydes,76.0,265,80.0, Orthodox,3.53,0.5,1.83,0.59,5.72,0.53,0.31,0.0,33.0
319,319,Yoislandy Izquierdo,71.0,155,73.0, Southpaw,2.93,0.52,1.4,0.26,0.0,0.0,0.5,0.0,40.0
320,320,Aaron Wetherspoon,67.0,170,67.0,,2.27,0.32,4.33,0.45,0.0,0.0,0.77,0.0,
321,321,Jared Gooden,72.0,170,77.0, Orthodox,5.08,0.49,6.68,0.48,0.67,1.0,0.65,0.2,30.0
322,322,Per Eklund,70.0,155,72.0, Orthodox,2.07,0.61,2.38,0.67,2.07,0.11,0.5,3.6,
323,323,Blake Bilder,68.0,145,68.0, Switch,3.81,0.48,4.15,0.53,0.31,0.07,0.71,0.6,33.0
324,324,Steve White,71.0,175,71.0,,0.0,0.0,0.0,0.0,0.0,0.0,0.0,0.0,
325,325,Alexandre Dantas,74.0,238,74.0, Orthodox,0.21,0.25,1.87,0.6,0.0,0.0,0.0,3.1,45.0
326,326,Max Rohskopf,73.0,155,71.0, Orthodox,1.7,0.31,5.8,0.42,3.0,0.33,0.0,1.5,29.0
327,327,Estevan Payan,70.0,145,72.0, Orthodox,4.25,0.42,3.58,0.57,0.36,1.0,0.6,0.4,42.0
328,328,Zhalgas Zhumagulov,64.0,125,66.0, Switch,5.24,0.43,5.86,0.52,1.3,0.19,0.75,0.2,35.0
329,329,Jeremie Holloway,72.0,170,72.0,,0.81,0.5,0.51,0.79,0.0,0.0,0.0,0.0,39.0
330,330,Raffael Cerqueira,76.0,205,76.0,,0.0,0.0,0.0,0.0,0.0,0.0,0.0,0.0,34.0
331,331,Abdul Razak Alhassan,70.0,185,73.0, Orthodox,3.37,0.48,3.99,0.55,0.89,0.38,0.5,0.2,38.0
332,332,Tony DeSouza,72.0,170,70.0, Southpaw,1.12,0.52,1.57,0.41,2.25,0.42,0.4,1.5,49.0
333,333,Alexander Gustafsson,77.0,205,79.0, Orthodox,4.03,0.4,3.53,0.51,1.53,0.39,0.83,0.4,37.0
334,334,Mike Hayes,76.0,230,76.0, Orthodox,4.87,0.55,1.47,0.77,0.0,0.0,0.75,4.0,
335,335,Derrick Lewis,75.0,260,79.0, Orthodox,2.48,0.5,2.48,0.4,0.57,0.26,0.52,0.0,39.0
336,336,Aisling Daly,62.0,115,64.0, Orthodox,2.92,0.52,1.4,0.55,2.15,0.41,0.33,0.9,36.0
337,337,Irwin Rivera,66.0,135,67.0, Southpaw,3.36,0.44,5.07,0.57,1.0,0.16,0.7,0.0,35.0
338,338,Jeremy  Freitag,73.0,205,73.0,,0.0,0.0,8.37,0.19,0.0,0.0,0.33,1.9,
339,339,Teemu Packalen,73.0,155,75.0, Orthodox,2.57,0.54,3.91,0.47,2.31,0.25,1.0,1.5,37.0
340,340,Joe Son,64.0,236,64.0, Orthodox,0.0,0.0,0.0,0.0,0.0,0.0,0.0,0.0,53.0
341,341,Eric Wray,72.0,170,70.0, Orthodox,1.76,0.48,3.12,0.28,4.07,0.66,0.0,2.0,
342,342,Justin Pennington,64.0, --,65.0,,0.0,0.0,0.0,0.0,0.0,0.0,0.0,0.0,
343,343,Patrick Cote,71.0,170,75.0, Orthodox,2.81,0.48,3.21,0.48,0.68,0.2,0.43,0.2,44.0
344,344,Amar Suloev,69.0,183,69.0, Orthodox,1.98,0.37,2.19,0.7,0.27,1.0,0.88,0.3,47.0
345,345,Alan Jouban,72.0,170,73.0, Southpaw,5.67,0.5,3.77,0.6,0.51,0.44,0.58,0.3,42.0
346,346,Rico Farrington,76.0,170,79.0, Southpaw,6.33,0.41,7.2,0.51,0.0,0.0,0.2,0.0,34.0
347,347,Eddie Wineland,67.0,135,69.0, Orthodox,3.4,0.29,3.76,0.68,0.34,0.33,0.86,0.1,39.0
348,348,Maurice Eazel,67.0,135,67.0,,0.0,0.0,0.0,0.0,0.0,0.0,0.0,0.0,
349,349,Macy Chiasson,71.0,135,72.0, Orthodox,3.53,0.44,2.53,0.46,2.38,0.37,0.62,0.5,32.0
350,350,Kevin Jordan,75.0,245,75.0, Orthodox,2.0,0.4,1.91,0.55,0.0,0.0,0.77,0.6,53.0
351,351,Jose Barreto,,185,, Southpaw,0.0,0.0,0.0,0.0,0.0,0.0,0.0,0.0,
352,352,Mizuto Hirota,67.0,155,67.0, Orthodox,3.36,0.4,3.5,0.54,1.36,0.5,0.58,0.1,43.0
353,353,Anthony Lapsley,69.0,170,73.0, Southpaw,0.53,0.34,0.58,0.66,0.0,0.0,0.2,0.0,44.0
354,354,Sam Spengler,71.0,185,67.0, Orthodox,3.27,0.62,3.27,0.54,1.75,0.11,0.75,1.8,
355,355,Ross Pearson,68.0,155,69.0, Orthodox,3.68,0.4,4.09,0.62,0.74,0.35,0.75,0.0,39.0
356,356,Koji Kitao,79.0,350,79.0, Southpaw,0.0,0.0,0.0,0.0,0.0,0.0,0.0,0.0,60.0
357,357,Stephanie Luciano,66.0,115,65.0, Orthodox,5.8,0.57,2.33,0.61,1.0,1.0,0.83,0.0,24.0
358,358,Sean O'Malley,71.0,135,72.0, Switch,7.63,0.61,3.52,0.62,0.35,0.42,0.62,0.3,29.0
359,359,Kyle Driscoll,71.0,145,74.0, Orthodox,2.73,0.32,2.6,0.58,2.0,0.18,0.0,0.0,29.0
360,360,Rubens Xavier,75.0,220,74.0, Orthodox,0.77,0.42,1.82,0.21,2.1,0.4,0.25,1.1,
361,361,Ignacio Bahamondes,75.0,155,75.0, Orthodox,7.15,0.46,4.38,0.57,0.0,0.0,0.85,0.4,26.0
362,362,Akira Kikuchi,68.0,155,69.0, Orthodox,3.67,0.56,0.4,0.14,2.0,0.4,1.0,0.0,45.0
363,363,Louis Lee Scott,68.0,135,70.0,,0.0,0.0,0.0,0.0,0.0,0.0,0.0,0.0,24.0
364,364,Johnny Munoz,69.0,135,71.0, Orthodox,2.44,0.36,2.66,0.55,2.4,0.25,0.45,1.8,31.0
365,365,Nad Narimani,68.0,145,70.0, Orthodox,3.33,0.42,3.0,0.58,1.92,0.41,0.7,0.0,37.0
366,366,Angelo Antonio,71.0,205,72.0, Orthodox,1.09,0.5,7.64,0.5,0.0,0.0,0.0,0.0,
367,367,Carl Seumanutafa,73.0,255,81.0, Orthodox,0.0,0.0,3.33,0.75,0.0,0.0,0.0,0.0,
368,368,John Clarke,75.0,170,75.0,,0.0,0.0,0.0,0.0,0.0,0.0,0.0,0.0,46.0
369,369,Julianna Pena,66.0,135,69.0, Orthodox,3.16,0.47,2.3,0.5,1.94,0.55,0.23,0.8,34.0
370,370,Tra Telligman,74.0,233,74.0, Orthodox,1.83,0.35,3.02,0.56,0.87,1.0,0.8,0.0,59.0
371,371,Makhmud Muradov,74.0,185,75.0, Orthodox,4.21,0.43,2.57,0.61,3.03,0.66,0.77,0.2,34.0
372,372,Tim Hague,76.0,260,76.0, Orthodox,2.79,0.47,4.14,0.46,1.72,0.33,0.85,0.9,41.0
373,373,Emanuel Newton,73.0,205,75.0,,1.92,0.49,1.35,0.51,2.02,1.0,0.0,0.0,40.0
374,374,Wes Sims,82.0,260,81.0, Orthodox,0.98,0.51,2.95,0.37,0.0,0.0,0.4,2.3,44.0
375,375,Giga Chikadze,72.0,145,74.0, Orthodox,4.08,0.43,3.44,0.62,0.23,0.33,0.69,0.2,35.0
376,376,Icaro Brito,70.0,145,70.0,,0.0,0.0,0.0,0.0,0.0,0.0,0.0,0.0,25.0
377,377,Joey Gomez,70.0,135,73.0, Orthodox,2.44,0.28,4.46,0.55,0.62,1.0,0.5,0.0,37.0
378,378,Daniel Rodriguez,73.0,170,74.0, Southpaw,7.3,0.5,5.28,0.56,0.62,0.5,0.63,0.1,37.0
379,379,Alexander Trevino,,170,,,0.0,0.0,0.0,0.0,0.0,0.0,0.0,0.0,
380,380,Frank Lester,71.0,170,71.0, Orthodox,2.18,0.36,3.82,0.53,0.0,0.0,0.0,0.0,39.0
381,381,Manel Kape,65.0,125,68.0, Southpaw,5.12,0.54,4.51,0.59,0.65,0.37,0.77,0.4,30.0
382,382,Ryan Bader,74.0,205,74.0, Orthodox,2.82,0.43,1.39,0.71,3.37,0.44,0.8,0.4,40.0
383,383,Thomas Campbell,, --,,,0.0,0.0,0.0,0.0,0.0,0.0,0.0,0.0,
384,384,Shawn Jordan,72.0,260,75.0, Southpaw,2.87,0.5,3.3,0.47,1.97,0.38,0.76,0.1,39.0
385,385,Maciej Jewtuszko,72.0,155,76.0, Southpaw,2.29,0.45,1.39,0.66,0.0,0.0,0.42,0.9,43.0
386,386,Henrique Da Silva Lopes,75.0,240,75.0,,0.0,0.0,0.0,0.0,0.0,0.0,0.0,0.0,39.0
387,387,Chase Gormley,75.0,265,77.0, Orthodox,3.6,0.42,6.03,0.44,3.12,0.42,0.0,1.0,
388,388,Phillip Miller,71.0,185,71.0, Orthodox,1.61,0.54,1.93,0.5,3.62,0.25,1.0,0.6,45.0
389,389,Maiquel Falcao,71.0,185,69.0, Orthodox,1.67,0.55,0.53,0.86,1.0,1.0,0.71,3.0,43.0
390,390,Todd Duffee,75.0,260,78.0, Orthodox,5.93,0.37,2.87,0.56,0.72,0.25,0.9,0.0,38.0
391,391,Marcus Hicks,66.0,155,64.0, Southpaw,1.42,0.43,3.06,0.61,2.7,0.53,0.25,4.0,48.0
392,392,Ode Osbourne,67.0,125,73.0, Southpaw,3.46,0.38,4.44,0.44,1.27,0.27,0.64,0.2,32.0
393,393,Josh Paiva,66.0,125,66.0,,0.0,0.0,0.0,0.0,0.0,0.0,0.0,0.0,33.0
394,394,Timo Feucht,75.0,205,79.0, Orthodox,0.0,0.0,0.0,0.0,0.0,0.0,0.0,0.0,28.0
395,395,Austen Lane,78.0,245,80.0, Orthodox,3.43,0.46,2.81,0.44,1.03,0.2,0.0,0.0,36.0
396,396,Maycee Barber,65.0,125,65.0, Switch,4.7,0.53,2.9,0.54,1.44,0.43,0.53,0.1,26.0
397,397,David Dodd,74.0,200,74.0, Orthodox,0.0,0.0,0.0,0.0,0.0,0.0,0.0,0.0,50.0
398,398,Taylor Johnson,72.0,185,74.0, Switch,5.09,0.6,1.13,0.33,8.49,1.0,1.0,0.0,33.0
399,399,Kevin Holland,75.0,185,81.0, Orthodox,4.24,0.49,3.19,0.5,0.85,0.38,0.54,0.6,31.0
400,400,Alex Reyes,71.0,155,73.0, Orthodox,4.04,0.39,10.91,0.4,0.0,0.0,0.0,0.0,37.0
401,401,Mike Swick,73.0,170,77.0, Orthodox,2.36,0.37,2.29,0.54,1.06,0.5,0.61,0.6,44.0
402,402,Dennis Siver,66.0,145,70.0, Orthodox,3.87,0.32,2.67,0.65,0.87,0.32,0.65,0.3,45.0
403,403,John Cofer,69.0,155,73.0, Southpaw,2.73,0.41,3.43,0.62,1.22,0.5,0.64,0.0,40.0
404,404,Koji Oishi,68.0,170,69.0, Orthodox,1.43,0.09,17.86,0.43,0.0,0.0,0.0,0.0,46.0
405,405,Martin Day,70.0,145,73.0, Orthodox,3.97,0.45,3.79,0.53,0.72,0.6,0.65,0.5,35.0
406,406,Justin Governale,,145,,,0.0,0.0,0.0,0.0,0.0,0.0,0.0,0.0,
407,407,Vanessa Melo,65.0,135,65.0, Orthodox,3.48,0.3,6.13,0.59,0.0,0.0,0.71,0.0,36.0
408,408,Hakeem Dawodu,68.0,145,73.0, Orthodox,5.45,0.5,3.37,0.56,0.0,0.0,0.65,0.0,32.0
409,409,Themba Gorimbo,73.0,170,77.0, Orthodox,2.53,0.69,1.08,0.46,4.04,0.58,0.78,0.0,33.0
410,410,Gerry Harris,80.0,270,, Orthodox,0.0,0.0,0.0,0.0,0.0,0.0,0.0,0.0,
411,411,Nassourdine Imavov,75.0,185,75.0, Orthodox,4.53,0.54,3.26,0.61,0.87,0.31,0.76,1.5,29.0
412,412,Michel Quinones,70.0,155,73.0, Orthodox,2.91,0.29,5.98,0.48,0.0,0.0,0.36,0.0,39.0
413,413,Melvin Manhoef,69.0,185,71.0, Orthodox,3.52,0.48,2.64,0.51,0.33,0.25,0.78,0.0,48.0
414,414,Ryuta Sakurai,67.0,183,70.0, Orthodox,1.8,0.48,3.44,0.58,0.52,1.0,0.36,1.6,
415,415,Mike Richman,68.0,135,69.0,,4.06,0.44,3.49,0.43,0.0,0.0,0.76,0.0,38.0
416,416,Pawan Maan,67.0,155,70.0, Orthodox,0.89,0.44,2.98,0.43,0.0,0.0,0.0,0.0,38.0
417,417,Jordan Johnson,74.0,205,79.0, Orthodox,3.45,0.47,2.64,0.53,3.25,0.42,1.0,1.2,35.0
418,418,Antonio Braga Neto,75.0,185,77.0, Orthodox,1.36,0.33,3.92,0.45,3.07,0.37,0.0,0.5,36.0
419,419,Courtney Turner,74.0,170,,,0.0,0.0,0.0,0.0,0.0,0.0,0.0,0.0,
420,420,Chandler Cole,70.0,264,72.0, Orthodox,2.45,0.6,3.59,0.26,0.0,0.0,0.0,0.0,29.0
421,421,Valmir Lazaro,72.0,155,73.0, Orthodox,4.87,0.37,4.09,0.61,1.33,0.4,0.96,0.0,38.0
422,422,Jong Man Kim,67.0,139,68.0, Orthodox,1.33,0.21,3.0,0.6,0.0,0.0,0.0,0.0,46.0
423,423,Terrell Brown,,185,,,0.0,0.0,0.0,0.0,0.0,0.0,0.0,0.0,41.0
424,424,Cesar Arzamendia,71.0,155,71.0, Orthodox,5.37,0.45,5.2,0.56,7.32,0.75,0.0,2.4,33.0
425,425,James Zikic,74.0,205,73.0, Orthodox,1.47,0.35,1.6,0.44,0.5,0.25,0.74,0.5,47.0
426,426,Daniel Pereira,70.0,185,,,0.0,0.0,0.0,0.0,0.0,0.0,0.0,0.0,33.0
427,427,Shingo Kohara,66.0,135,,,0.0,0.0,0.0,0.0,0.0,0.0,0.0,0.0,
428,428,Semmy Schilt,82.0,265,83.0, Orthodox,1.2,0.5,1.31,0.53,0.0,0.0,0.47,1.1,50.0
429,429,Carl Malenko,71.0,200,, Orthodox,0.0,0.0,0.0,0.0,0.0,0.0,0.0,0.0,
430,430,Alfonso Alcarez,63.0,145,,,0.0,0.0,0.0,0.0,0.0,0.0,0.0,0.0,53.0
431,431,Lionel Lanham,,205,,,0.0,0.0,0.0,0.0,0.0,0.0,0.0,0.0,43.0
432,432,Philip De Fries,77.0,250,79.0, Orthodox,2.3,0.47,3.0,0.37,3.29,0.42,1.0,0.6,38.0
433,433,Jean Matsumoto,66.0,135,68.0, Orthodox,4.76,0.38,4.52,0.51,1.2,0.5,0.56,0.6,24.0
434,434,Daniel Roberts,70.0,170,74.0, Southpaw,0.73,0.2,2.27,0.46,2.46,0.44,0.4,2.5,43.0
435,435,Hamdy Abdelwahab,74.0,264,72.0, Southpaw,3.87,0.52,3.13,0.59,3.0,0.75,0.0,0.0,31.0
436,436,Taylor Moore,70.0,135,70.0, Southpaw,0.2,0.75,2.07,0.42,0.0,0.0,0.25,0.0,30.0
437,437,Antony Rea,72.0,205,72.0, Orthodox,2.89,0.28,5.42,0.42,0.0,0.0,1.0,0.0,47.0
438,438,Gilbert Melendez,69.0,145,73.0, Orthodox,3.44,0.33,2.53,0.63,1.64,0.41,0.71,0.2,42.0
439,439,Chris Camozzi,74.0,185,75.0, Orthodox,3.57,0.44,2.96,0.56,0.27,0.19,0.57,0.5,37.0
440,440,Sabah Homasi,72.0,170,72.0, Orthodox,4.98,0.48,6.91,0.47,2.8,0.5,0.66,0.0,35.0
441,441,Isao Kobayashi,68.0,145,69.0,,1.01,0.33,1.66,0.45,2.17,1.0,1.0,0.0,35.0
442,442,Ray Rodriguez,67.0,135,70.0, Orthodox,0.9,0.27,3.89,0.4,1.42,0.5,0.44,0.0,36.0
443,443,Jay Hieron,72.0,170,75.0, Orthodox,1.66,0.32,1.89,0.61,4.05,0.6,0.66,1.0,47.0
444,444,Matheus Scheffel,74.0,205,75.0, Orthodox,1.33,0.36,3.0,0.47,0.0,0.0,1.0,0.0,31.0
445,445,AJ Dobson,73.0,185,76.0, Orthodox,4.29,0.46,5.31,0.46,1.67,0.75,0.65,0.3,32.0
446,446,Ikuhisa Minowa,69.0,181,71.0, Orthodox,0.88,0.4,1.66,0.49,1.82,0.41,0.05,1.9,48.0
447,447,Nair Melikyan,66.0,155,,,0.0,0.0,0.0,0.0,0.0,0.0,0.0,0.0,26.0
448,448,Frank Camacho,70.0,155,73.0, Orthodox,6.56,0.46,7.44,0.51,1.11,0.31,0.73,0.0,35.0
449,449,Shamil Gaziev,76.0,265,78.0, Orthodox,2.63,0.44,4.73,0.42,0.53,0.14,1.0,0.5,34.0
450,450,Chris Wade,70.0,155,70.0, Orthodox,1.7,0.53,1.75,0.51,2.6,0.51,0.55,1.1,36.0
451,451,Jessica Aguilar,63.0,115,63.0, Orthodox,4.93,0.5,7.19,0.53,0.94,0.25,0.5,0.2,42.0
452,452,Aaron Jeffery,74.0,185,73.0, Orthodox,3.1,0.45,4.46,0.34,0.0,0.0,0.5,0.0,31.0
453,453,Said Nurmagomedov,68.0,135,70.0, Orthodox,3.55,0.47,2.13,0.57,1.01,0.16,0.66,1.4,32.0
454,454,Jonatas Novaes,71.0,170,73.0,,0.0,0.0,0.0,0.0,0.0,0.0,0.0,0.0,43.0
455,455,Zhang Weili,64.0,115,63.0, Switch,5.66,0.53,3.15,0.53,2.51,0.46,0.5,0.5,34.0
456,456,Aaron Brink,75.0,205,75.0, Orthodox,3.49,0.42,5.71,0.57,0.0,0.0,0.0,0.0,49.0
457,457,James Head,73.0,170,73.0, Orthodox,2.75,0.48,3.11,0.49,0.41,1.0,0.66,0.8,40.0
458,458,Brian Ortega,68.0,145,69.0, Switch,4.07,0.38,6.54,0.49,1.17,0.27,0.57,1.2,33.0
459,459,Clay Harvison,73.0,170,74.0, Orthodox,3.29,0.48,3.91,0.58,0.66,1.0,0.68,1.3,43.0
460,460,Leonardo Guimaraes,72.0,185,73.0, Orthodox,2.35,0.56,2.99,0.44,0.0,0.0,0.52,1.0,42.0
461,461,Dustin Moore,64.0,125,,,0.0,0.0,0.0,0.0,0.0,0.0,0.0,0.0,
462,462,Chris Jones,69.0,149,,,0.0,0.0,0.0,0.0,0.0,0.0,0.0,0.0,42.0
463,463,Mike Rio,70.0,155,70.0, Orthodox,1.68,0.39,2.99,0.53,2.58,0.27,0.0,1.0,42.0
464,464,John Devine,80.0, --,78.0,,1.52,0.18,2.28,0.57,0.0,0.0,0.0,0.0,
465,465,Victor Martinez,68.0,155,70.0, Orthodox,7.94,0.51,7.66,0.53,0.7,0.33,0.8,0.0,32.0
466,466,Gillian Robertson,65.0,115,63.0, Orthodox,2.61,0.46,3.12,0.56,2.53,0.43,0.43,1.0,29.0
467,467,Braxton Smith,71.0,257,72.0, Orthodox,6.46,0.48,11.54,0.32,0.0,0.0,1.0,0.0,34.0
468,468,Byron Bloodworth,68.0,135,, Orthodox,1.82,0.28,5.18,0.5,0.0,0.0,0.0,0.0,40.0
469,469,Ricky Glenn,72.0,155,70.0, Southpaw,3.94,0.43,4.1,0.51,0.55,0.13,0.68,0.4,35.0
470,470,Josh Sampo,64.0,125,64.0, Orthodox,1.99,0.36,2.96,0.55,1.06,0.33,0.4,2.1,39.0
471,471,Kiril Sidelnikov,71.0,230,74.0,,2.87,0.28,4.48,0.61,0.0,0.0,0.0,0.0,35.0
472,472,Gabrielle Holloway,63.0,145,66.0,,0.7,0.42,3.07,0.34,3.0,0.35,0.16,1.0,34.0
473,473,Ren Ozaki,67.0,135,68.0, Orthodox,0.0,0.0,0.0,0.0,0.0,0.0,0.0,0.0,22.0
474,474,Jesse Gillespie,,185,,,0.0,0.0,0.0,0.0,0.0,0.0,0.0,0.0,
475,475,Bethe Correia,65.0,135,64.0, Orthodox,4.37,0.43,4.93,0.56,0.39,0.18,0.85,0.0,40.0
476,476,Yuele Huang,,145,,,0.0,0.0,0.0,0.0,0.0,0.0,0.0,0.0,23.0
477,477,Michihiro Omigawa,66.0,145,68.0, Orthodox,2.01,0.39,3.06,0.64,1.19,0.36,0.49,1.5,48.0
478,478,Steve Steinbeiss,75.0,185,75.0, Orthodox,3.92,0.55,1.86,0.49,0.44,0.5,0.58,0.0,43.0
479,479,Julija Stoliarenko,67.0,125,66.0, Orthodox,2.49,0.39,4.54,0.46,0.93,0.27,0.54,1.7,31.0
480,480,Cat Zingano,66.0,145,68.0, Southpaw,2.57,0.61,1.63,0.47,2.77,0.65,0.42,0.8,41.0
481,481,Waldo Cortes-Acosta,76.0,260,78.0, Orthodox,5.64,0.48,3.6,0.52,0.55,0.6,0.6,0.2,32.0
482,482,Alejandro Perez,66.0,135,67.0, Orthodox,3.45,0.35,3.18,0.61,0.54,0.22,0.7,0.3,34.0
483,483,Nikk Covert,68.0,185,,,0.0,0.0,0.0,0.0,0.0,0.0,0.0,0.0,54.0
484,484,Alvin Robinson,69.0,155,68.0, Southpaw,1.57,0.5,1.29,0.51,1.24,0.5,0.25,1.2,41.0
485,485,Joe Veres,67.0,155,67.0, Orthodox,0.0,0.0,5.55,0.27,0.0,0.0,0.0,0.0,46.0
486,486,Matt Helm,,155,,,0.0,0.0,0.0,0.0,0.0,0.0,0.0,0.0,
487,487,Eric Jacob,,155,,,0.0,0.0,0.0,0.0,0.0,0.0,0.0,0.0,
488,488,Johil de Oliveira,66.0,170,66.0, Orthodox,0.51,0.34,0.73,0.58,1.1,0.5,0.44,0.6,
489,489,Yamato Nishikawa,67.0,155,67.0, Orthodox,0.0,0.0,0.0,0.0,0.0,0.0,0.0,0.0,21.0
490,490,Josh Parisian,76.0,265,79.0, Orthodox,4.55,0.48,4.88,0.41,0.98,0.33,0.46,0.2,34.0
491,491,Andreas Michailidis,72.0,170,76.0, Orthodox,2.9,0.51,3.57,0.44,1.12,0.27,0.5,0.0,35.0
492,492,Marques Daniels,,155,,,0.0,0.0,0.0,0.0,0.0,0.0,0.0,0.0,
493,493,Will Kerr,70.0,155,69.0, Orthodox,1.91,0.42,6.22,0.33,0.0,0.0,0.0,14.3,41.0
494,494,Stefan Leko,74.0,215,74.0, Orthodox,2.4,0.43,6.17,0.68,0.0,0.0,0.0,0.0,49.0
495,495,Jason Lambert,75.0,185,75.0, Orthodox,3.21,0.58,1.84,0.5,1.35,0.36,0.28,2.4,48.0
496,496,Georges St-Pierre,71.0,185,76.0, Orthodox,3.78,0.53,1.4,0.72,4.16,0.74,0.83,1.1,43.0
497,497,Masakazu Imanari,64.0,139,67.0, Southpaw,0.55,0.3,1.74,0.57,0.0,0.0,0.0,2.1,48.0
498,498,Ernie Verdicia,71.0,199,, Orthodox,0.0,0.0,0.0,0.0,0.0,0.0,0.0,0.0,
499,499,Ciryl Gane,76.0,245,81.0, Orthodox,5.49,0.6,2.19,0.63,0.58,0.21,0.5,0.5,34.0
500,500,Cory McKenna,63.0,115,58.0, Orthodox,3.0,0.4,3.19,0.48,2.22,0.58,0.71,0.4,24.0
501,501,Kevin Roddy,71.0,145,73.0,,2.64,0.3,2.38,0.6,0.0,0.0,0.5,0.0,
502,502,Azat Maksum,67.0,125,70.0, Southpaw,2.8,0.23,5.23,0.55,2.0,0.22,0.66,0.5,29.0
503,503,Joao Zaiden,,205,,,0.0,0.0,0.0,0.0,0.0,0.0,0.0,0.0,31.0
504,504,Yasuhito Namekawa,69.0,205,70.0, Orthodox,0.14,0.5,3.65,0.38,2.11,0.25,0.0,4.2,49.0
505,505,Hussain Rasouli,66.0,135,,,0.0,0.0,0.0,0.0,0.0,0.0,0.0,0.0,
506,506,Michael Kuiper,72.0,185,73.0, Orthodox,3.28,0.54,3.62,0.54,2.3,0.55,0.79,0.0,34.0
507,507,Carlos Eduardo Rocha,70.0,170,73.0, Orthodox,1.24,0.34,1.85,0.55,0.0,0.0,0.52,1.4,42.0
508,508,Joao Roque,66.0,155,, Orthodox,0.0,0.0,0.0,0.0,0.0,0.0,0.0,0.0,52.0
509,509,Kevin Jackson,70.0,199,, Switch,0.0,0.0,0.0,0.0,0.0,0.0,0.0,0.0,
510,510,Garrett Mueller,69.0,135,,,0.0,0.0,0.0,0.0,0.0,0.0,0.0,0.0,35.0
511,511,Goiti Yamauchi,70.0,145,74.0,,1.66,0.54,1.01,0.66,0.0,0.0,0.0,4.3,31.0
512,512,Jessica Andrade,61.0,115,62.0, Orthodox,6.62,0.5,5.37,0.55,2.37,0.55,0.72,0.3,32.0
513,513,John Richard,,205,,,0.0,0.0,0.0,0.0,0.0,0.0,0.0,0.0,42.0
514,514,Goldman Butler,, --,,,0.0,0.0,0.0,0.0,0.0,0.0,0.0,0.0,
515,515,Javid Basharat,69.0,135,69.0, Orthodox,5.42,0.53,2.97,0.62,1.7,0.4,0.85,0.2,28.0
516,516,Tony Gravely,65.0,135,69.0, Orthodox,3.82,0.48,4.47,0.44,5.4,0.41,0.52,0.3,32.0
517,517,Mario Rivera,70.0,170,70.0,,0.0,0.0,8.41,0.2,0.0,0.0,0.0,0.0,
518,518,Rami Hamed,,170,,,0.0,0.0,0.0,0.0,0.0,0.0,0.0,0.0,33.0
519,519,Ray Routh,68.0,185,68.0, Orthodox,0.54,0.21,3.22,0.28,2.69,0.33,0.0,0.0,
520,520,Rich Franklin,73.0,185,76.0, Southpaw,4.1,0.44,2.07,0.62,1.31,0.66,0.63,0.7,49.0
521,521,Gregory Bouchelaghem,74.0,183,74.0, Switch,0.27,0.21,1.53,0.36,0.0,0.0,0.5,0.0,
522,522,Sako Chivitchian,71.0,155,71.0, Orthodox,2.4,0.27,4.8,0.46,0.0,0.0,1.0,0.0,40.0
523,523,Robert Densley,69.0,155,69.0,,1.81,0.47,0.4,0.6,0.0,0.0,0.5,0.0,
524,524,Minoki Ichihara,67.0,178,, Orthodox,0.0,0.0,0.0,0.0,0.0,0.0,0.0,0.0,
525,525,DaMarques Johnson,73.0,170,75.0, Orthodox,2.11,0.37,3.75,0.51,1.18,0.55,0.19,0.7,41.0
526,526,Jameel Massouh,70.0,145,72.0, Orthodox,1.91,0.54,2.62,0.55,0.67,0.15,0.5,0.7,39.0
527,527,Antwain Britt,73.0,205,77.0,,1.46,0.39,2.81,0.44,1.56,0.4,0.5,0.0,46.0
528,528,Kris Moutinho,67.0,135,68.0, Southpaw,4.86,0.32,15.48,0.28,0.0,0.0,0.0,0.0,31.0
529,529,Gregory Rodrigues,75.0,185,75.0, Orthodox,6.08,0.55,5.3,0.51,2.46,0.45,1.0,0.5,32.0
530,530,Jose Torres,64.0,125,65.0, Orthodox,4.37,0.36,9.84,0.5,1.28,0.33,0.75,0.0,31.0
531,531,Alan Hiro,65.0,135,, Orthodox,0.0,0.0,0.0,0.0,0.0,0.0,0.0,0.0,38.0
532,532,Phil Hawes,72.0,185,77.0, Orthodox,5.33,0.59,3.72,0.55,2.11,0.34,0.9,0.2,35.0
533,533,Sumit Kumar,65.0,125,66.0, Orthodox,2.8,0.24,4.67,0.46,6.0,0.3,0.6,0.0,23.0
534,534,Jonny Carson,70.0,155,,,0.0,0.0,0.0,0.0,0.0,0.0,0.0,0.0,
535,535,Julian Sanchez,75.0,300,, Orthodox,0.0,0.0,0.0,0.0,0.0,0.0,0.0,0.0,
536,536,Jansey Silva,74.0,185,67.0, Orthodox,0.46,0.4,2.32,0.33,0.0,0.0,0.0,0.0,28.0
537,537,Yoshiyuki Yoshida,71.0,170,70.0, Southpaw,0.85,0.36,3.67,0.36,1.41,0.28,0.25,2.8,50.0
538,538,David Blanco,67.0,145,,,0.0,0.0,0.0,0.0,0.0,0.0,0.0,0.0,
539,539,Keith Berry,73.0,185,73.0,,0.27,0.12,6.27,0.28,0.0,0.0,0.0,0.0,36.0
540,540,Rich Bouphanouvong,67.0,170,,,0.0,0.0,0.0,0.0,0.0,0.0,0.0,0.0,
541,541,Mike Davis,, --,,,0.0,0.0,0.0,0.0,0.0,0.0,0.0,0.0,
542,542,CJ Hamilton,67.0,125,68.0, Switch,2.47,0.31,3.93,0.58,0.0,0.0,0.62,0.0,37.0
543,543,Jesse Jones,69.0,170,,,0.0,0.0,0.0,0.0,0.0,0.0,0.0,0.0,
544,544,Jason Riley,78.0,245,,,0.0,0.0,9.68,0.33,0.0,0.0,0.5,0.0,48.0
545,545,Melchor Manibusan,65.0,154,67.0, Southpaw,1.58,0.54,5.79,0.15,0.0,0.0,0.0,0.0,47.0
546,546,Niklas Stolze,73.0,155,74.0, Switch,2.12,0.48,2.25,0.49,0.66,1.0,0.55,0.7,31.0
547,547,Sam Hoger,74.0,205,75.0, Orthodox,1.07,0.25,2.25,0.57,1.12,0.38,0.29,1.3,43.0
548,548,Marc Stevens,69.0,155,70.0,,0.45,0.26,1.79,0.46,0.0,0.0,0.0,0.0,
549,549,Jacob Silva,65.0,125,67.0, Orthodox,4.17,0.44,4.92,0.56,1.51,1.0,0.66,0.0,36.0
550,550,Danielle Taylor,60.0,115,60.0, Orthodox,2.75,0.29,3.31,0.71,0.2,0.2,0.7,0.2,34.0
551,551,James Irvin,74.0,205,75.0, Orthodox,2.03,0.48,3.86,0.35,0.0,0.0,0.36,0.5,45.0
552,552,Paul Jones,69.0,199,, Orthodox,0.0,0.0,0.0,0.0,0.0,0.0,0.0,0.0,60.0
553,553,Nobuhiko Takada,72.0,220,73.0, Southpaw,0.31,0.24,1.92,0.39,1.15,0.2,0.0,0.0,62.0
554,554,Jason Brilz,71.0,205,71.0, Orthodox,2.66,0.4,1.78,0.65,2.37,0.25,0.25,1.3,48.0
555,555,Viviane Araujo,64.0,125,68.0, Orthodox,4.11,0.47,4.96,0.56,1.76,0.4,0.78,0.6,37.0
556,556,Canaan Kawaihae,72.0,145,71.0, Southpaw,2.83,0.51,4.59,0.36,0.0,0.0,1.0,0.0,26.0
557,557,Jonathan  Mix,72.0,168,,,0.0,0.0,0.0,0.0,0.0,0.0,0.0,0.0,43.0
558,558,Lukasz Brzeski,76.0,236,78.0, Orthodox,4.78,0.49,3.15,0.56,0.48,0.5,0.36,0.5,32.0
559,559,Ryan Benoit,65.0,125,68.0, Orthodox,2.88,0.39,3.65,0.58,0.28,0.22,0.72,0.4,34.0
560,560,Travis Fulton,72.0,240,, Orthodox,0.0,0.0,0.0,0.0,0.0,0.0,0.0,0.0,46.0
561,561,Maria Silva,63.0,115,64.0, Orthodox,3.0,0.57,1.13,0.62,2.0,1.0,0.55,0.5,28.0
562,562,Ryan Diaz,,145,,,0.0,0.0,0.0,0.0,0.0,0.0,0.0,0.0,
563,563,Rolando Delgado,75.0,155,77.0, Orthodox,1.56,0.4,1.83,0.62,1.17,0.22,0.0,3.5,42.0
564,564,David Avellan,69.0,185,69.0, Orthodox,3.33,0.25,10.0,0.57,0.0,0.0,0.0,0.0,
565,565,Damien Brown,70.0,155,68.0, Orthodox,3.66,0.38,4.86,0.5,0.68,0.27,0.53,0.7,39.0
566,566,Khama Worthy,71.0,155,74.0, Orthodox,4.18,0.48,4.45,0.46,0.0,0.0,0.57,0.7,37.0
567,567,Zach Skinner,66.0,145,66.0, Orthodox,0.53,0.5,2.4,0.32,5.0,0.27,1.0,1.0,
568,568,Drew Pendleton,,145,,,0.0,0.0,0.0,0.0,0.0,0.0,0.0,0.0,40.0
569,569,Jose Aldo,67.0,135,70.0, Orthodox,3.63,0.46,3.73,0.6,0.51,0.53,0.91,0.1,37.0
570,570,Felice Herrig,64.0,115,65.0, Orthodox,3.84,0.37,5.19,0.48,1.08,0.28,0.75,0.8,39.0
571,571,Angel De Anda,69.0,225,70.0, Orthodox,5.68,0.46,6.32,0.47,0.0,0.0,0.0,0.0,38.0
572,572,Alex Stiebling,74.0,205,74.0, Southpaw,1.77,0.42,1.45,0.52,0.35,0.66,0.66,0.7,
573,573,Tetsuji Kato,67.0,155,67.0, Orthodox,1.2,0.29,2.1,0.7,2.0,0.57,0.8,0.5,
574,574,Taiei Kin,71.0,185,71.0, Orthodox,2.71,0.6,1.33,0.52,0.0,0.0,0.55,0.0,53.0
575,575,Santo Curatolo,63.0,125,62.0, Southpaw,1.4,0.39,6.07,0.34,2.0,0.33,1.0,0.0,29.0
576,576,Kazuo Misaki,68.0,183,70.0, Orthodox,2.85,0.4,2.74,0.63,0.72,0.38,0.51,0.6,48.0
577,577,Cub Swanson,68.0,145,70.0, Orthodox,4.7,0.5,3.84,0.59,1.09,0.52,0.61,0.4,40.0
578,578,Greg Wilson,,155,,,0.0,0.0,0.0,0.0,0.0,0.0,0.0,0.0,35.0
579,579,Felipe Colares,68.0,145,69.0, Orthodox,2.17,0.45,4.65,0.36,1.88,0.24,0.43,0.5,30.0
580,580,Tetsuya Seki,70.0,155,,,0.0,0.0,0.0,0.0,0.0,0.0,0.0,0.0,30.0
581,581,Andreas Gustafsson,,185,,,0.0,0.0,0.0,0.0,0.0,0.0,0.0,0.0,33.0
582,582,Michiyoshi Ohara,70.0,205,72.0, Orthodox,0.28,0.29,3.13,0.48,0.0,0.0,0.33,0.0,
583,583,Eric Martin,, --,,,0.0,0.0,0.0,0.0,0.0,0.0,0.0,0.0,
584,584,Trenell Young,66.0,145,67.0, Orthodox,1.43,0.22,5.13,0.5,1.13,0.2,0.0,1.1,47.0
585,585,Alice Ardelean,,115,,,0.0,0.0,0.0,0.0,0.0,0.0,0.0,0.0,32.0
586,586,Jason Gilliam,72.0,170,72.0, Orthodox,0.79,0.33,3.14,0.42,0.0,0.0,0.0,0.0,
587,587,Will Campuzano,69.0,125,70.0, Orthodox,2.43,0.31,3.82,0.57,0.88,0.45,0.48,0.2,37.0
588,588,Chel Erwin-Davis,72.0,170,76.0,,4.06,0.54,1.13,0.61,4.25,1.0,0.5,1.4,
589,589,Ian McCall,65.0,125,64.0, Orthodox,3.59,0.39,3.25,0.67,2.08,0.3,0.88,0.0,40.0
590,590,Pascal Krauss,73.0,170,72.0, Orthodox,5.45,0.47,3.88,0.59,1.53,0.5,0.6,0.9,37.0
591,591,Luke Flores,72.0,155,73.0, Southpaw,1.56,0.44,1.88,0.6,0.0,0.0,0.4,1.2,36.0
592,592,Chris Holdsworth,71.0,135,71.0,,1.85,0.29,1.94,0.58,3.38,0.62,1.0,2.0,36.0
593,593,Edimilson Souza,72.0,145,74.0, Orthodox,4.65,0.44,2.91,0.58,0.0,0.0,0.5,0.0,39.0
594,594,Ewerton Teixeira,73.0,242,73.0,,2.0,0.39,3.22,0.35,0.0,0.0,0.33,0.0,42.0
595,595,John Doyle,71.0,205,71.0, Orthodox,3.5,0.44,10.51,0.27,0.0,0.0,0.0,0.0,47.0
596,596,Nick Ertl,69.0,155,69.0,,1.34,0.69,1.59,0.41,1.88,0.5,0.0,0.0,
597,597,Andrew Montanez,,185,,,0.0,0.0,0.0,0.0,0.0,0.0,0.0,0.0,
598,598,Danyelle Wolf,71.0,145,70.0, Orthodox,2.37,0.25,4.57,0.47,0.0,0.0,0.77,0.5,40.0
599,599,Jesse Butler,70.0,135,73.0, Orthodox,2.61,0.14,7.83,0.4,0.0,0.0,0.0,0.0,32.0
600,600,Andy Murad,69.0,185,69.0,,2.6,0.76,2.87,0.32,1.0,0.2,0.42,0.0,
601,601,Herdem Alacabek,74.0,205,75.0, Orthodox,3.84,0.65,6.66,0.23,2.06,0.5,0.42,0.0,32.0
602,602,Lee Murray,75.0,185,73.0, Orthodox,0.36,0.15,3.28,0.32,0.9,1.0,0.42,1.8,46.0
603,603,Taila Santos,66.0,125,68.0, Orthodox,3.39,0.48,2.64,0.58,2.0,0.76,0.86,1.1,30.0
604,604,Maia Stevenson,64.0,115,62.0, Orthodox,1.57,0.54,3.13,0.33,3.91,1.0,0.5,0.0,42.0
605,605,Dave Terrel,68.0,170,68.0, Southpaw,2.62,0.43,2.8,0.48,3.28,0.38,1.0,0.0,46.0
606,606,Rico Altamirano,70.0,170,,,0.0,0.0,0.0,0.0,0.0,0.0,0.0,0.0,
607,607,Miles McDonald,67.0,115,67.0,,5.1,0.45,4.0,0.43,0.0,0.0,1.0,1.0,32.0
608,608,Al Matavao,68.0,205,67.0, Orthodox,7.84,0.46,6.7,0.58,0.0,0.0,0.0,0.0,30.0
609,609,Josh Pulsifer,70.0,145,,,0.0,0.0,0.0,0.0,0.0,0.0,0.0,0.0,41.0
610,610,Jhonata Silva,65.0,125,66.0, Orthodox,4.86,0.52,9.85,0.44,0.0,0.0,0.0,0.0,27.0
611,611,Tae Hyun Lee,78.0,295,77.0, Orthodox,1.37,0.31,3.89,0.54,5.15,1.0,0.0,0.0,49.0
612,612,Kevin Casey,71.0,185,77.0, Southpaw,2.27,0.53,3.76,0.46,0.79,0.22,0.27,0.4,42.0
613,613,Edgar Chairez,67.0,125,71.0, Orthodox,2.69,0.48,4.1,0.43,0.0,0.0,0.41,1.7,28.0
614,614,Kotetsu Boku,69.0,154,70.0, Orthodox,2.47,0.42,2.8,0.53,0.0,0.0,0.0,0.0,46.0
615,615,Dalcha Lungiambula,68.0,185,76.0, Orthodox,3.07,0.45,3.93,0.52,2.14,0.45,0.77,0.0,36.0
616,616,RJ Clifford,,160,,,0.0,0.0,0.0,0.0,0.0,0.0,0.0,0.0,
617,617,Louis Smolka,69.0,135,68.0, Orthodox,4.67,0.47,4.11,0.53,1.69,0.35,0.32,1.8,32.0
618,618,Alex Caceres,70.0,145,73.0, Southpaw,4.21,0.49,3.09,0.62,0.54,0.68,0.64,0.7,35.0
619,619,Seth Kleinbeck,74.0,185,74.0,,2.55,0.33,2.42,0.4,0.98,0.25,0.9,0.0,50.0
620,620,Dan Moret,72.0,155,73.0, Southpaw,2.67,0.43,3.56,0.43,1.25,0.27,0.45,0.4,37.0
621,621,Shana Olsen,67.0,145,,,0.0,0.0,0.0,0.0,0.0,0.0,0.0,0.0,43.0
622,622,Yusuke Kasuya,67.0,155,67.0, Southpaw,2.17,0.44,4.34,0.48,1.36,0.33,0.0,0.0,34.0
623,623,Yusaku Kinoshita,72.0,170,71.0, Southpaw,4.65,0.5,5.12,0.51,0.0,0.0,0.5,0.0,23.0
624,624,Jerry Bohlander,71.0,199,, Orthodox,0.0,0.0,0.0,0.0,0.0,0.0,0.0,0.0,50.0
625,625,Bob Gilstrap,75.0,200,, Orthodox,0.0,0.0,0.0,0.0,0.0,0.0,0.0,0.0,
626,626,Tom Egan,71.0,170,71.0, Orthodox,0.0,0.0,3.91,0.5,0.0,0.0,0.28,0.0,
627,627,Gideon Ray,70.0,185,71.0, Southpaw,2.08,0.4,2.58,0.53,1.49,1.0,0.0,0.0,50.0
628,628,Josh Appelt,70.0,255,70.0, Southpaw,1.35,0.4,11.5,0.32,0.0,0.0,0.33,0.0,40.0
629,629,Jonas Bilharinho,71.0,145,75.0, Switch,3.71,0.6,3.36,0.57,0.0,0.0,1.0,0.0,34.0
630,630,Joao Elias,63.0,125,64.0, Southpaw,0.4,0.5,6.47,0.2,0.0,0.0,0.5,0.0,29.0
631,631,Lodune Sincaid,69.0,185,69.0, Orthodox,2.72,0.42,6.17,0.57,0.0,0.0,0.75,0.0,51.0
632,632,Tim Kennedy,71.0,185,74.0, Orthodox,2.78,0.47,1.84,0.62,2.58,0.35,0.7,0.7,44.0
633,633,Mike Kyle,76.0,205,77.0, Orthodox,3.93,0.51,3.35,0.49,1.33,0.62,0.5,0.8,44.0
634,634,Claudio Ribeiro,73.0,185,77.0, Orthodox,3.59,0.51,4.9,0.3,0.56,0.5,0.66,0.0,31.0
635,635,Arman Tsarukyan,67.0,155,72.0, Orthodox,3.79,0.48,1.84,0.53,3.25,0.37,0.75,0.0,27.0
636,636,Royston Wee,67.0,135,67.0, Orthodox,1.1,0.6,2.45,0.49,3.38,0.81,0.0,0.0,37.0
637,637,Deron Winn,66.0,185,70.0, Orthodox,4.55,0.44,6.21,0.46,4.28,0.52,0.4,0.0,34.0
638,638,Brock Larson,71.0,170,71.0, Southpaw,1.39,0.46,1.5,0.55,2.67,0.34,0.43,2.0,46.0
639,639,Gleidson Cutis,69.0,155,70.0, Orthodox,2.99,0.52,8.28,0.59,0.0,0.0,0.0,0.0,35.0
640,640,Daisuke Sugie,66.0,160,67.0, Orthodox,0.0,0.0,0.22,0.8,3.27,0.5,0.0,3.3,
641,641,Masaaki Satake,73.0,220,73.0, Orthodox,1.4,0.35,3.76,0.41,0.0,0.0,0.58,0.0,58.0
642,642,Jason Thacker,70.0,185,72.0, Orthodox,0.63,0.33,17.05,0.32,0.0,0.0,0.0,0.0,48.0
643,643,Magomed Gadzhiyasulov,74.0,205,75.0, Orthodox,4.87,0.46,1.6,0.73,6.0,0.85,1.0,0.0,30.0
644,644,Corey Hill,76.0,155,80.0, Orthodox,3.57,0.46,1.61,0.7,3.02,0.8,1.0,0.0,45.0
645,645,Nikita Krylov,75.0,205,77.0, Orthodox,4.38,0.55,2.47,0.44,2.29,0.38,0.53,1.4,32.0
646,646,Hector Ramirez,72.0,205,73.0, Orthodox,2.27,0.41,4.6,0.56,2.3,0.55,0.66,0.5,48.0
647,647,Rich Clementi,69.0,155,72.0, Southpaw,1.43,0.37,2.29,0.6,1.72,0.42,0.25,1.1,48.0
648,648,Yanal Ashmouz,69.0,155,68.0, Orthodox,3.08,0.42,5.35,0.59,0.92,0.5,0.5,0.0,29.0
649,649,Darrion Caldwell,70.0,135,73.0,,0.85,0.34,0.57,0.6,3.41,0.66,1.0,0.8,36.0
650,650,Casey Ryan,,185,,,0.0,0.0,0.0,0.0,0.0,0.0,0.0,0.0,
651,651,Jesse Fujarczyk,76.0,225,76.0, Southpaw,1.03,0.33,4.91,0.38,0.0,0.0,0.25,0.0,41.0
652,652,Lucas Almeida,71.0,145,71.0, Orthodox,5.05,0.47,5.32,0.45,0.0,0.0,0.4,0.0,33.0
653,653,Adrienna Jenkins,68.0,145,,,0.0,0.0,0.0,0.0,0.0,0.0,0.0,0.0,42.0
654,654,Eric Smith,, --,, Southpaw,0.0,0.0,0.0,0.0,0.0,0.0,0.0,0.0,
655,655,Jesse Taylor,72.0,170,73.0, Orthodox,1.94,0.65,0.55,0.38,7.28,0.5,1.0,3.1,41.0
656,656,Duda Santana,67.0,145,73.0, Orthodox,6.01,0.39,2.72,0.73,6.44,0.6,0.0,0.0,28.0
657,657,Kurt Osiander,,185,,,0.0,0.0,0.0,0.0,0.0,0.0,0.0,0.0,
658,658,Daniel Allen,72.0,155,75.0, Southpaw,7.6,0.51,5.87,0.53,2.0,0.66,1.0,0.0,31.0
659,659,Mando Gutierrez,66.0,135,70.0, Southpaw,0.8,0.75,1.33,0.5,1.0,1.0,0.4,1.0,27.0
660,660,Dewey Cooper,,205,,,0.0,0.0,0.0,0.0,0.0,0.0,0.0,0.0,
661,661,David Terrell,73.0,185,73.0, Southpaw,2.34,0.63,2.71,0.37,5.54,0.5,0.0,5.5,46.0
662,662,Efrain Escudero,69.0,155,71.0, Orthodox,2.92,0.44,2.3,0.63,1.31,0.4,0.66,0.8,38.0
663,663,Ken Kaneko,72.0,161,72.0, Orthodox,0.0,0.0,0.94,0.42,0.0,0.0,0.0,3.5,
664,664,Charon Spain,69.0,155,,,0.0,0.0,0.0,0.0,0.0,0.0,0.0,0.0,36.0
665,665,Jon Olav Einemo,78.0,253,81.0, Orthodox,2.15,0.52,3.05,0.52,1.73,0.55,0.43,0.0,48.0
666,666,Max Griffin,71.0,170,76.0, Orthodox,3.92,0.49,3.81,0.57,1.45,0.41,0.68,0.3,38.0
667,667,Michael Imperato,,145,,,0.0,0.0,0.0,0.0,0.0,0.0,0.0,0.0,
668,668,Mickael Lebout,71.0,155,73.0, Orthodox,2.6,0.34,2.98,0.54,0.0,0.0,0.6,0.0,36.0
669,669,Jiri Prochazka,75.0,205,80.0, Orthodox,5.75,0.56,5.43,0.41,0.79,0.6,0.68,0.3,31.0
670,670,Lukasz Sajewski,68.0,155,71.0, Orthodox,2.06,0.35,3.88,0.57,1.01,0.25,0.66,0.0,33.0
671,671,Bruna Brasil,66.0,115,65.0, Orthodox,2.94,0.62,3.92,0.51,1.59,0.62,0.53,0.0,30.0
672,672,Lissette Neri,62.0,145,,,0.0,0.0,0.0,0.0,0.0,0.0,0.0,0.0,36.0
673,673,Kendall Grove,78.0,185,79.0, Orthodox,2.31,0.41,2.4,0.54,0.49,0.45,0.56,1.7,41.0
674,674,Tokimitsu Ishizawa,72.0,185,72.0, Orthodox,1.34,0.3,2.99,0.59,2.74,0.18,0.0,0.0,55.0
675,675,Adam Smith,, --,,,0.0,0.0,0.0,0.0,0.0,0.0,0.0,0.0,
676,676,Art Santore,74.0,185,74.0,,1.4,0.12,7.31,0.52,0.0,0.0,1.0,0.0,51.0
677,677,Damir Mirenic,72.0,185,72.0, Orthodox,0.84,0.5,9.86,0.35,0.0,0.0,0.0,0.0,49.0
678,678,Bentley Syler,64.0,125,68.0, Orthodox,1.3,0.18,1.73,0.79,0.0,0.0,0.75,0.0,41.0
679,679,Kaleo Kwan,67.0,155,,,0.0,0.0,0.0,0.0,0.0,0.0,0.0,0.0,53.0
680,680,Buck Meredith,74.0,185,,,0.0,0.0,0.0,0.0,0.0,0.0,0.0,0.0,42.0
681,681,Luis Santos,73.0,170,73.0, Southpaw,4.4,0.57,4.0,0.64,0.0,0.0,0.0,0.0,
682,682,Hector Aldana,71.0,170,72.0, Orthodox,3.59,0.38,5.08,0.59,0.93,1.0,0.0,0.0,35.0
683,683,Shane Burgos,71.0,145,75.0, Orthodox,7.4,0.52,6.78,0.56,0.43,0.44,0.91,0.4,33.0
684,684,Anshul Jubli,72.0,155,69.0, Switch,6.48,0.46,5.61,0.51,0.82,0.18,0.63,0.4,29.0
685,685,Lerone Murphy,69.0,145,73.0, Orthodox,5.01,0.54,2.6,0.6,1.59,0.52,0.46,0.6,32.0
686,686,Kevin Szaflarski,77.0,260,77.0, Orthodox,1.13,0.28,8.07,0.3,0.0,0.0,0.0,0.0,29.0
687,687,Li Yunfeng,68.0,135,68.0, Orthodox,0.0,0.0,0.0,0.0,0.0,0.0,0.0,0.0,25.0
688,688,Kyron Bowen,75.0,185,73.0, Orthodox,2.73,0.57,2.05,0.4,0.0,0.0,0.0,0.0,30.0
689,689,Kevin Knabjian,70.0,170,71.0, Orthodox,0.0,0.0,15.56,0.22,0.0,0.0,1.0,0.0,39.0
690,690,Josias Musasa,,145,,,0.0,0.0,0.0,0.0,0.0,0.0,0.0,0.0,24.0
691,691,Ron Stallings,74.0,170,75.0, Southpaw,3.22,0.6,3.26,0.51,0.0,0.0,0.71,0.0,41.0
692,692,Ludovit Klein,67.0,155,72.0, Southpaw,3.96,0.55,3.74,0.53,1.77,0.47,0.83,0.0,29.0
693,693,Frank Shamrock,70.0,185,71.0, Orthodox,4.75,0.53,4.66,0.57,0.35,0.5,0.37,1.1,51.0
694,694,Carter Williams,73.0,265,74.0, Orthodox,1.55,0.36,2.32,0.58,2.9,0.33,1.0,0.0,
695,695,Erik Perez,68.0,135,68.0, Orthodox,3.16,0.4,2.09,0.66,3.16,0.55,0.69,0.2,34.0
696,696,Albert Rios,68.0,145,,,0.0,0.0,0.0,0.0,0.0,0.0,0.0,0.0,
697,697,Puja Tomar,,115,,,0.0,0.0,0.0,0.0,0.0,0.0,0.0,0.0,30.0
698,698,Jason Gonzalez,74.0,155,74.0, Southpaw,3.06,0.39,3.13,0.58,0.0,0.0,0.3,1.0,34.0
699,699,Christian Rodriguez,67.0,145,71.0, Orthodox,3.45,0.48,2.28,0.57,1.14,0.54,0.66,1.1,26.0
700,700,Da'Mon Blackshear,70.0,135,72.0, Switch,4.28,0.47,4.09,0.48,2.34,0.37,0.66,0.8,29.0
701,701,Jonathan Santa Maria,69.0,125,65.0,,3.6,0.51,2.53,0.74,0.0,0.0,0.8,0.0,
702,702,Mansur Abdul-Malik,,185,,,0.0,0.0,0.0,0.0,0.0,0.0,0.0,0.0,26.0
703,703,Carlos Barreto,76.0,230,, Orthodox,0.0,0.0,0.0,0.0,0.0,0.0,0.0,0.0,
704,704,Dwayne Cason,70.0,212,, Orthodox,0.0,0.0,0.0,0.0,0.0,0.0,0.0,0.0,
705,705,Joe Slick,72.0,199,, Orthodox,0.0,0.0,0.0,0.0,0.0,0.0,0.0,0.0,46.0
706,706,Tyler Toner,68.0,145,70.0, Orthodox,2.95,0.52,2.13,0.62,0.0,0.0,0.54,0.4,41.0
707,707,Raquel Pa'aluhi,67.0,135,68.0,,1.71,0.56,3.42,0.46,0.0,0.0,0.18,0.0,
708,708,Dennis Hallman,69.0,155,72.0, Orthodox,1.12,0.44,1.96,0.43,1.79,0.3,0.25,2.1,48.0
709,709,Stephen Ledbetter,69.0,145,69.0, Orthodox,1.2,0.38,1.6,0.57,5.0,0.45,1.0,0.0,41.0
710,710,Eric Castile,68.0,145,68.0,,0.0,0.0,0.0,0.0,0.0,0.0,0.0,0.0,
711,711,Piera Rodriguez,63.0,115,63.0, Orthodox,3.64,0.47,2.84,0.58,3.11,0.41,0.66,0.0,31.0
712,712,Chris Coggins,, --,,,0.0,0.0,0.0,0.0,0.0,0.0,0.0,0.0,
713,713,Lyoto Machida,73.0,185,74.0, Southpaw,2.59,0.53,1.57,0.61,1.21,0.65,0.75,0.4,45.0
714,714,Jesse Finney,72.0,170,,,0.0,0.0,0.0,0.0,0.0,0.0,0.0,0.0,49.0
715,715,Rafael Cavalcante,73.0,205,74.0, Orthodox,2.71,0.53,3.62,0.49,0.6,0.4,0.63,0.1,44.0
716,716,Gilbert Smith,69.0,185,76.0, Southpaw,1.09,0.41,2.73,0.35,3.51,0.6,0.0,1.2,42.0
717,717,Claudia Leite,63.0,135,64.0, Orthodox,1.27,0.47,1.73,0.57,1.0,0.25,0.0,1.0,27.0
718,718,Matt Dwyer,76.0,170,76.0, Orthodox,2.57,0.34,3.24,0.54,0.44,0.1,0.6,0.0,34.0
719,719,Robert Lucarelli,74.0,245,,,0.0,0.0,0.0,0.0,0.0,0.0,0.0,0.0,
720,720,Harris Sarmiento,69.0,155,70.0, Orthodox,0.84,0.25,3.46,0.36,2.36,0.6,0.57,0.0,40.0
721,721,Brogan Walker,64.0,125,67.0, Switch,2.04,0.3,3.7,0.47,0.0,0.0,0.11,0.0,35.0
722,722,Cameron Church,71.0,155,72.0, Orthodox,4.0,0.4,4.93,0.5,0.0,0.0,0.6,1.0,33.0
723,723,Shinsho Anzai,67.0,170,70.0, Orthodox,3.23,0.58,3.75,0.45,1.83,0.16,0.75,0.0,38.0
724,724,Pearl Gonzalez,64.0,115,68.0, Orthodox,2.23,0.37,4.07,0.57,1.04,0.11,0.0,0.5,37.0
725,725,Alexa Grasso,65.0,125,66.0, Orthodox,4.67,0.43,3.95,0.58,0.41,0.45,0.59,0.6,30.0
726,726,Jakob Lovstad,75.0,205,75.0, Orthodox,0.0,0.0,9.43,0.35,0.0,0.0,0.0,0.0,
727,727,Brian Houston,74.0,185,78.0, Orthodox,1.9,0.35,3.67,0.53,0.95,1.0,0.87,0.0,43.0
728,728,Joe Martin,69.0,170,71.0,,0.73,0.4,2.4,0.45,0.0,0.0,0.16,0.0,
729,729,Ariel Beck,66.0,125,66.0, Southpaw,4.44,0.34,4.31,0.64,0.0,0.0,0.0,0.0,33.0
730,730,Juan Espino,75.0,255,80.0, Orthodox,2.38,0.7,1.95,0.4,8.93,0.78,0.5,2.4,43.0
731,731,Toshiomi Kazama,67.0,135,69.0, Orthodox,2.22,0.54,3.94,0.45,1.51,0.13,0.66,0.0,27.0
732,732,Steve Judson,71.0,230,, Orthodox,0.0,0.0,0.0,0.0,0.0,0.0,0.0,0.0,
733,733,James McSweeney,76.0,230,77.0, Switch,3.94,0.55,4.33,0.42,0.52,0.33,1.0,1.1,43.0
734,734,Eddy Millis,73.0,185,73.0,,0.0,0.0,3.36,0.22,0.0,0.0,0.0,7.2,
735,735,Jose Landi-Jons,71.0,170,74.0, Orthodox,0.99,0.4,0.77,0.43,2.2,0.8,0.4,2.2,50.0
736,736,Dylan Budka,72.0,185,75.0, Switch,1.04,0.6,1.8,0.34,3.38,0.38,1.0,0.7,24.0
737,737,Tulio Palhares,,180,,,0.0,0.0,0.0,0.0,0.0,0.0,0.0,0.0,
738,738,MarQuel Mederos,70.0,155,69.0, Orthodox,4.39,0.45,3.29,0.63,0.0,0.0,0.9,0.0,27.0
739,739,Doug Marshall,70.0,205,, Orthodox,6.99,0.46,4.02,0.6,0.0,0.0,0.66,2.4,48.0
740,740,Yohan Banks,, --,,,0.0,0.0,0.0,0.0,0.0,0.0,0.0,0.0,
741,741,Jose Quinonez,68.0,135,69.0, Southpaw,3.6,0.45,3.0,0.64,2.7,0.47,0.42,0.6,33.0
742,742,Kazuma Maruyama,71.0,155,72.0, Orthodox,3.83,0.41,2.23,0.53,4.79,0.33,1.0,0.0,31.0
743,743,Bekzat Almakhan,67.0,135,68.0, Orthodox,0.2,0.18,4.53,0.3,0.0,0.0,0.0,0.0,26.0
744,744,Rosi Sexton,63.0,135,68.0, Orthodox,3.31,0.39,7.42,0.41,0.75,0.1,0.8,0.0,46.0
745,745,Tai Bowden,71.0,230,,,0.0,0.0,0.0,0.0,0.0,0.0,0.0,0.0,
746,746,Geronimo dos Santos,75.0,264,77.0, Orthodox,1.09,0.33,8.73,0.41,0.0,0.0,0.33,0.0,43.0
747,747,Dave Phillips,72.0,185,72.0, Orthodox,0.0,0.0,2.0,0.25,0.0,0.0,0.0,10.0,44.0
748,748,Ilir Latifi,70.0,230,73.0, Orthodox,2.05,0.45,2.93,0.56,2.11,0.35,1.0,0.3,41.0
749,749,Kelly Kobold,66.0,135,64.0, Orthodox,2.33,0.21,4.11,0.59,1.67,0.11,0.0,0.0,41.0
750,750,Nick Meregali,, --,,,0.0,0.0,0.0,0.0,0.0,0.0,0.0,0.0,
751,751,Adam Meredith,74.0,170,74.0,,2.63,0.5,2.11,0.55,7.89,1.0,1.0,7.9,
752,752,Joe Riggs,72.0,185,70.0, Southpaw,2.41,0.51,1.69,0.57,2.45,0.55,0.62,0.6,41.0
753,753,Luana Santos,66.0,135,67.0, Orthodox,6.21,0.55,3.64,0.64,1.61,0.5,0.66,0.0,24.0
754,754,Gilbert Yvel,74.0,225,77.0, Orthodox,1.05,0.47,1.78,0.5,0.0,0.0,0.25,1.0,47.0
755,755,Kenichi Yamamoto,72.0,170,72.0, Orthodox,0.3,0.46,1.93,0.38,0.0,0.0,0.1,0.3,47.0
756,756,David Gomez,,155,,,0.0,0.0,0.0,0.0,0.0,0.0,0.0,0.0,40.0
757,757,Ho Bae Myeon,71.0,168,72.0, Orthodox,3.16,0.16,3.16,0.83,0.0,0.0,0.0,0.0,
758,758,Anthony Hamilton,77.0,260,76.0, Orthodox,3.91,0.65,3.02,0.45,2.62,0.42,0.78,0.0,44.0
759,759,Sean McCorkle,79.0,265,81.0, Orthodox,0.85,0.44,2.48,0.52,2.12,0.4,0.33,4.2,47.0
760,760,Rob McCullough,69.0,155,69.0, Orthodox,2.47,0.36,2.84,0.59,0.46,1.0,0.68,0.0,46.0
761,761,Hermes Franca,66.0,155,71.0, Orthodox,1.78,0.39,2.85,0.55,1.53,0.36,0.37,2.4,49.0
762,762,Ryan Roberts,66.0,155,65.0, Orthodox,0.0,0.0,22.5,0.45,0.0,0.0,0.0,0.0,45.0
763,763,Dave Galera,71.0,135,72.0, Orthodox,1.67,0.69,0.53,0.33,0.0,0.0,0.14,2.0,46.0
764,764,Jamie Colleen,63.0,115,65.0, Orthodox,3.11,0.61,5.66,0.33,0.52,0.33,0.5,1.6,38.0
765,765,Olivier Aubin-Mercier,69.0,155,70.0, Southpaw,2.48,0.51,2.97,0.55,2.36,0.33,0.7,0.5,35.0
766,766,Jerrod Sanders,68.0,135,72.0, Orthodox,0.88,0.64,1.14,0.46,2.2,0.33,0.5,1.6,44.0
767,767,Chas Skelly,71.0,145,72.0, Orthodox,2.01,0.4,3.21,0.49,1.74,0.34,0.39,2.3,39.0
768,768,Eric Steenberg,,155,,,0.0,0.0,0.0,0.0,0.0,0.0,0.0,0.0,40.0
769,769,Ernie Juarez,,145,,,0.0,0.0,0.0,0.0,0.0,0.0,0.0,0.0,
770,770,Kaue Fernandes,69.0,155,73.0, Orthodox,1.53,0.54,0.87,0.59,1.0,1.0,0.62,0.0,29.0
771,771,Bruno Assis,74.0,185,77.0, Orthodox,1.27,0.43,3.2,0.36,2.0,0.5,0.66,1.0,32.0
772,772,Manny Tapia,65.0,135,67.0, Orthodox,2.69,0.21,4.74,0.58,0.49,0.4,0.66,0.2,43.0
773,773,John Reedy,68.0,155,,,0.0,0.0,0.0,0.0,0.0,0.0,0.0,0.0,
774,774,Mark De La Rosa,66.0,135,65.0, Orthodox,3.13,0.35,5.0,0.48,0.54,0.13,0.4,0.2,29.0
775,775,Sheila Gaff,65.0,135,64.0, Orthodox,1.6,0.5,2.89,0.28,0.0,0.0,0.2,0.0,34.0
776,776,Jordan Wright,74.0,205,77.0, Orthodox,4.1,0.56,6.03,0.31,2.09,0.45,1.0,0.4,32.0
777,777,Allan Nascimento,68.0,125,69.0, Orthodox,3.21,0.61,2.28,0.5,1.55,0.26,0.16,0.9,32.0
778,778,Rameau Thierry Sokoudjou,70.0,205,78.0, Orthodox,2.26,0.45,2.61,0.56,1.93,0.47,0.78,0.9,40.0
779,779,Yohan Lainesse,73.0,170,76.0, Orthodox,2.22,0.41,3.38,0.58,0.94,0.28,0.72,0.5,31.0
780,780,Alex Oliveira,71.0,170,76.0, Orthodox,2.99,0.51,2.55,0.46,2.35,0.38,0.63,0.6,36.0
781,781,Artenus Young,,205,,,0.0,0.0,0.0,0.0,0.0,0.0,0.0,0.0,43.0
782,782,Tom Gallicchio,70.0,170,75.0, Southpaw,3.53,0.26,7.07,0.43,1.0,0.11,0.0,0.0,37.0
783,783,Won Sik Park,71.0,154,71.0, Orthodox,2.6,0.43,2.2,0.47,0.0,0.0,0.0,0.0,
784,784,Loik Radzhabov,71.0,155,69.0, Orthodox,2.93,0.42,4.73,0.45,6.73,0.57,0.55,0.0,33.0
785,785,Mike Moreno,72.0,185,72.0,,1.27,0.51,1.07,0.58,0.0,0.0,0.44,0.0,
786,786,Shayilan Nuerdanbieke,68.0,145,69.0, Orthodox,2.28,0.45,2.94,0.5,2.9,0.33,0.4,0.0,30.0
787,787,Lara Procopio,64.0,125,67.0, Orthodox,5.64,0.58,6.5,0.47,3.15,0.47,0.5,0.3,28.0
788,788,Eduardo Torres Caut,67.0,135,70.0, Orthodox,1.1,0.34,1.24,0.65,2.06,0.33,0.5,0.0,29.0
789,789,Rodolfo Vieira,72.0,185,73.0, Orthodox,3.19,0.54,4.6,0.49,4.18,0.3,1.0,1.6,34.0
790,790,Desmond Torres,66.0,135,69.0, Orthodox,4.8,0.64,11.78,0.48,0.0,0.0,1.0,0.0,27.0
791,791,Clayton Carpenter,66.0,125,66.0, Orthodox,4.5,0.51,2.85,0.6,2.47,0.5,0.0,2.5,27.0
792,792,Garrett Armfield,66.0,135,70.0, Orthodox,6.22,0.53,3.93,0.58,0.0,0.0,0.64,0.0,27.0
793,793,Phil Caracappa,68.0,135,70.0, Orthodox,2.93,0.5,4.07,0.29,1.0,0.08,1.0,1.0,31.0
794,794,Yuki Kondo,71.0,183,71.0, Southpaw,1.14,0.42,2.57,0.51,0.76,0.41,0.37,0.5,48.0
795,795,Tom Niinimaki,69.0,145,69.0, Orthodox,1.91,0.54,2.31,0.58,2.97,0.46,0.33,0.5,41.0
796,796,Cheyanne Vlismas,63.0,115,63.0, Switch,4.93,0.5,2.57,0.64,0.25,0.33,0.66,0.2,28.0
797,797,Dong Hyun Kim,74.0,170,76.0, Southpaw,2.12,0.49,1.89,0.58,2.93,0.43,0.71,0.6,42.0
798,798,Dmitry Sosnovskiy,75.0,240,77.0, Orthodox,2.95,0.7,2.53,0.35,3.16,0.66,1.0,3.2,34.0
799,799,Dongi Yang,70.0,185,73.0, Southpaw,3.55,0.51,3.21,0.63,1.7,0.41,0.61,0.5,39.0
800,800,Quinton Jackson,73.0,205,73.0, Orthodox,3.25,0.54,2.51,0.55,1.52,0.56,0.73,0.1,45.0
801,801,Brian Geraghty,67.0,155,68.0, Orthodox,0.47,0.25,9.77,0.36,0.0,0.0,0.5,0.0,43.0
802,802,Fred Ettish,72.0,180,, Southpaw,0.0,0.0,0.0,0.0,0.0,0.0,0.0,0.0,
803,803,Paul Georgieff,74.0,170,74.0, Orthodox,2.55,0.4,2.34,0.35,0.0,0.0,0.0,0.0,41.0
804,804,Andy Ologun,72.0,154,73.0, Orthodox,2.36,0.57,0.32,0.85,0.68,1.0,0.8,0.0,40.0
805,805,Alberto Montes,67.0,135,,,0.0,0.0,0.0,0.0,0.0,0.0,0.0,0.0,29.0
806,806,Dion Staring,73.0,235,76.0, Orthodox,1.09,0.37,5.0,0.47,0.0,0.0,0.33,0.0,45.0
807,807,Christina Marks,67.0,125,69.0, Orthodox,5.0,0.58,3.0,0.64,7.5,1.0,0.0,0.0,38.0
808,808,Xiao Long,68.0,135,70.0, Orthodox,5.13,0.49,3.49,0.54,0.67,0.25,0.78,0.0,26.0
809,809,Francis Ngannou,76.0,250,83.0, Orthodox,2.33,0.41,2.16,0.41,0.76,0.62,0.71,0.3,37.0
810,810,Matt Van Buren,77.0,205,77.0,,7.73,0.45,6.82,0.49,0.0,0.0,0.5,0.0,37.0
811,811,Daichi Abe,71.0,170,71.0, Orthodox,3.8,0.33,4.49,0.56,0.33,0.5,0.0,0.0,32.0
812,812,Dong Huaxiang,63.0,115,61.0, Switch,0.0,0.0,0.0,0.0,0.0,0.0,0.0,0.0,25.0
813,813,Kelly Faszholz,68.0,135,67.0, Orthodox,4.01,0.48,3.61,0.52,0.0,0.0,0.44,0.0,39.0
814,814,Jeff Newton,74.0,205,73.0, Sideways,0.28,0.2,1.41,0.52,0.0,0.0,0.0,8.5,57.0
815,815,Daniel Spitz,79.0,245,82.0, Orthodox,2.6,0.35,5.3,0.46,0.74,0.66,0.0,0.0,33.0
816,816,Jack Jenkins,67.0,145,68.0, Switch,4.43,0.61,3.07,0.59,2.56,0.69,0.75,0.0,30.0
817,817,Kazunari Murakami,73.0,220,, Orthodox,0.0,0.0,0.0,0.0,0.0,0.0,0.0,0.0,50.0
818,818,Michael McDonald,71.0,205,72.0, Orthodox,0.0,0.0,0.4,0.5,0.0,0.0,0.0,0.0,59.0
819,819,Mara Romero Borella,66.0,125,69.0, Orthodox,2.54,0.37,2.48,0.71,1.83,0.44,0.66,0.2,37.0
820,820,Matt Kovacs,72.0,244,72.0, Orthodox,1.47,0.22,4.87,0.44,1.0,0.25,0.0,0.0,
821,821,Dileno Lopes,65.0,135,66.0,,2.37,0.36,3.33,0.53,2.5,0.31,1.0,1.5,39.0
822,822,Derrick Burnsed,,155,,,0.0,0.0,0.0,0.0,0.0,0.0,0.0,0.0,
823,823,Pedro Falcao,66.0,135,66.0, Orthodox,2.9,0.48,2.63,0.48,2.07,0.22,0.83,0.0,31.0
824,824,Kyle Daukaus,75.0,185,76.0, Southpaw,3.22,0.52,2.94,0.42,2.12,0.25,0.82,1.9,31.0
825,825,Katsuya Inoue,69.0,168,70.0, Southpaw,3.41,0.24,12.89,0.51,0.0,0.0,0.66,0.0,44.0
826,826,Seichi Ikemoto,71.0,168,72.0, Orthodox,2.59,0.32,3.74,0.57,1.23,0.26,0.6,0.0,48.0
827,827,Jason Sharp,,205,,,0.0,0.0,0.0,0.0,0.0,0.0,0.0,0.0,
828,828,Enson Inoue,70.0,210,70.0, Orthodox,1.7,0.63,1.88,0.3,0.0,0.0,0.33,0.0,57.0
829,829,Ben Nguyen,65.0,125,65.0, Switch,3.51,0.4,3.01,0.59,0.25,0.33,0.63,1.0,35.0
830,830,Yuta Sasaki,70.0,125,71.0, Southpaw,2.16,0.41,2.5,0.5,3.03,0.43,0.41,1.2,34.0
831,831,Collin Hart,73.0,185,76.0, Orthodox,6.33,0.44,7.53,0.51,2.0,0.16,0.5,0.0,34.0
832,832,Roger Hollett,71.0,205,73.0, Orthodox,1.83,0.47,6.47,0.34,1.0,0.28,0.3,0.0,45.0
833,833,Benson Henderson,69.0,170,70.0, Southpaw,2.93,0.45,1.79,0.63,2.4,0.45,0.63,0.8,40.0
834,834,Larry Cureton,74.0,240,, Orthodox,0.0,0.0,0.0,0.0,0.0,0.0,0.0,0.0,
835,835,Brandon Michaels,69.0,185,,,0.0,0.0,0.0,0.0,0.0,0.0,0.0,0.0,
836,836,Don'Tale Mayes,78.0,260,81.0, Orthodox,3.69,0.43,3.96,0.47,0.71,0.43,0.6,0.0,32.0
837,837,Satoshi Honma,73.0,205,, Orthodox,0.0,0.0,0.0,0.0,0.0,0.0,0.0,0.0,56.0
838,838,Kyle Reyes,68.0,145,,,0.0,0.0,0.0,0.0,0.0,0.0,0.0,0.0,
839,839,Salvador Becerra,69.0,155,74.0,,4.57,0.31,3.83,0.58,0.0,0.0,0.66,0.0,
840,840,Ricardo Morais,80.0,270,82.0, Orthodox,2.86,0.37,2.39,0.53,0.0,0.0,0.0,0.0,57.0
841,841,Jesse Murray,75.0,205,78.0, Orthodox,2.38,0.28,7.72,0.43,0.0,0.0,0.0,0.0,31.0
842,842,Roger Narvaez,75.0,185,79.0, Southpaw,2.12,0.37,3.32,0.64,0.0,0.0,0.5,0.9,40.0
843,843,Matt Hobar,70.0,135,70.0, Southpaw,3.23,0.42,4.27,0.52,3.66,0.44,0.5,0.0,37.0
844,844,Barb Honchak,64.0,125,65.0, Orthodox,4.04,0.3,4.67,0.66,0.0,0.0,0.0,1.3,44.0
845,845,Jeremiah O'Neal,68.0,260,66.0,,1.15,0.4,7.5,0.23,0.0,0.0,0.0,0.0,46.0
846,846,Ashlee Evans-Smith,68.0,135,67.0, Orthodox,4.03,0.34,4.59,0.53,0.95,0.22,0.5,0.0,36.0
847,847,Bobby Flynn,71.0,170,70.0,,0.38,0.25,0.77,0.0,0.0,0.0,0.0,0.0,
848,848,Alejandro Garcia,67.0,145,68.0,,1.22,0.62,1.14,0.65,8.55,0.87,0.66,0.0,
849,849,Eduarda Moura,66.0,115,66.0, Orthodox,5.61,0.67,0.45,0.8,5.34,1.0,0.0,1.3,30.0
850,850,Bahatebole Batebolati,68.0,170,71.0, Southpaw,4.34,0.47,4.62,0.64,2.04,1.0,1.0,0.0,26.0
851,851,Jhonata Diniz,76.0,254,79.0, Orthodox,4.31,0.48,3.92,0.45,0.0,0.0,0.8,0.0,32.0
852,852,Joel Alvarez,75.0,155,77.0, Orthodox,3.65,0.46,3.37,0.5,0.0,0.0,0.11,1.3,31.0
853,853,Norman Parke,71.0,155,70.0, Southpaw,3.06,0.35,2.88,0.64,1.98,0.26,0.77,0.0,37.0
854,854,Jack Shore,68.0,145,71.0, Orthodox,3.75,0.58,2.32,0.56,3.1,0.38,0.76,0.7,29.0
855,855,Alessio Sakara,72.0,185,72.0, Orthodox,3.96,0.47,2.8,0.59,2.18,0.78,0.62,0.0,42.0
856,856,Paulo Cesar Silva,89.0,385,87.0, Orthodox,0.4,0.15,2.72,0.47,0.42,1.0,0.16,0.4,60.0
857,857,Emrah Sonmez,70.0,145,71.0, Orthodox,1.47,0.46,1.73,0.48,5.0,0.21,0.0,0.0,31.0
858,858,Jeff Crotty,68.0,155,69.0,,0.93,0.35,3.33,0.54,5.0,0.38,0.0,1.0,
859,859,Steve Montgomery,76.0,185,76.0, Southpaw,4.85,0.39,4.12,0.47,0.0,0.0,0.64,0.0,33.0
860,860,Jeremiah Constant,73.0,240,74.0, Orthodox,1.5,0.75,3.25,0.43,0.0,0.0,0.0,7.5,49.0
861,861,Kain Royer,69.0,185,69.0,,0.0,0.0,1.63,0.14,0.0,0.0,0.0,4.1,
862,862,Jesus Aguilar,64.0,125,62.0, Orthodox,1.49,0.5,1.11,0.59,1.9,0.33,0.4,1.4,28.0
863,863,Michael Bravo,,155,,,0.0,0.0,0.0,0.0,0.0,0.0,0.0,0.0,
864,864,Sho Patrick Usami,69.0,155,70.0, Orthodox,0.0,0.0,0.0,0.0,0.0,0.0,0.0,0.0,24.0
865,865,Anistavio Medeiros,66.0,145,70.0, Orthodox,3.64,0.44,5.0,0.47,0.0,0.0,0.0,0.0,36.0
866,866,Terrion Ware,68.0,135,71.0, Orthodox,4.02,0.32,6.07,0.5,0.5,0.22,0.44,0.0,38.0
867,867,Ryan Couture,70.0,155,73.0, Orthodox,3.54,0.45,2.87,0.54,1.55,0.29,0.46,1.3,41.0
868,868,Sedriques Dumas,74.0,185,79.0, Orthodox,1.76,0.45,2.14,0.57,0.71,0.5,0.4,0.4,28.0
869,869,Malcolm Wellmaker,,135,,,0.0,0.0,0.0,0.0,0.0,0.0,0.0,0.0,29.0
870,870,Levi Avera,73.0,170,,,0.0,0.0,0.0,0.0,0.0,0.0,0.0,0.0,42.0
871,871,Dashawn Boatwright,72.0,205,76.0, Orthodox,0.0,0.0,52.5,0.12,0.0,0.0,0.0,0.0,36.0
872,872,Elias Silverio,71.0,155,73.0, Orthodox,3.67,0.49,2.97,0.51,1.62,0.38,0.85,0.2,37.0
873,873,Jermaine Andre,67.0,200,, Orthodox,0.0,0.0,0.0,0.0,0.0,0.0,0.0,0.0,
874,874,Belal Muhammad,71.0,170,72.0, Orthodox,4.55,0.43,3.64,0.57,1.98,0.35,0.93,0.2,35.0
875,875,Priya Sharma,61.0,115,59.0, Orthodox,0.0,0.0,0.0,0.0,0.0,0.0,0.0,0.0,32.0
876,876,Diego Saraiva,66.0,155,67.0, Orthodox,1.64,0.32,3.58,0.62,1.33,0.4,0.0,0.7,42.0
877,877,Bobby Voelker,72.0,170,74.0, Orthodox,4.01,0.35,5.84,0.42,1.04,0.5,0.66,0.0,45.0
878,878,Charlie Brenneman,70.0,155,70.0, Orthodox,1.52,0.56,1.55,0.46,4.23,0.42,0.72,0.0,43.0
879,879,Richard Odoms,77.0,265,, Orthodox,0.0,0.0,0.0,0.0,0.0,0.0,0.0,0.0,49.0
880,880,Henrique Shiguemoto,71.0,185,72.0, Orthodox,3.6,0.33,6.0,0.16,0.0,0.0,0.5,0.0,34.0
881,881,Cesar Marscucci,, --,,,0.0,0.0,0.0,0.0,0.0,0.0,0.0,0.0,
882,882,Keith Wisniewski,72.0,170,73.0, Orthodox,2.32,0.52,4.86,0.42,1.57,0.4,0.78,0.3,42.0
883,883,Pablo Villaseca,67.0,155,69.0,,2.79,0.42,3.25,0.65,2.5,0.5,0.33,0.0,37.0
884,884,Razak Al-Hassan,74.0,205,79.0, Orthodox,3.27,0.39,3.14,0.6,0.65,0.14,0.57,0.0,42.0
885,885,Khalil Rountree Jr.,73.0,205,76.0, Southpaw,3.84,0.39,4.18,0.5,0.0,0.0,0.58,0.1,34.0
886,886,Manuel Gaxhja,68.0,155,, Switch,0.0,0.0,0.0,0.0,0.0,0.0,0.0,0.0,26.0
887,887,Gegard Mousasi,74.0,185,76.0, Orthodox,3.75,0.5,1.21,0.68,1.59,0.6,0.59,1.1,38.0
888,888,Eddie Yagin,67.0,145,69.0, Orthodox,3.13,0.3,5.77,0.42,0.0,0.0,0.62,1.0,45.0
889,889,Edgar Garcia,70.0,170,71.0, Orthodox,3.16,0.29,4.23,0.6,2.21,0.57,0.5,0.6,40.0
890,890,Jason Knight,70.0,145,71.0, Orthodox,2.95,0.33,3.02,0.51,1.31,0.31,0.47,1.7,31.0
891,891,Victor Rodriguez,65.0,125,67.0, Switch,1.59,0.37,6.11,0.5,0.0,0.0,0.0,0.0,31.0
892,892,Joe Lowry,71.0,155,73.0, Orthodox,3.97,0.34,4.25,0.63,0.0,0.0,0.0,0.0,34.0
893,893,Shaheen Santana,73.0,155,75.0, Orthodox,0.82,0.42,1.65,0.4,0.0,0.0,0.0,2.8,32.0
894,894,Dustin Stoltzfus,72.0,185,75.0, Orthodox,3.49,0.44,3.29,0.48,2.4,0.4,0.46,0.7,32.0
895,895,Tony Fryklund,72.0,185,68.0, Orthodox,3.49,0.39,6.5,0.43,0.0,0.0,0.66,0.5,53.0
896,896,Nick Denis,67.0,135,70.0, Orthodox,6.54,0.53,5.42,0.36,2.8,1.0,0.8,0.0,40.0
897,897,Luis Gomez,67.0,145,68.0, Orthodox,1.57,0.33,4.03,0.55,4.48,0.5,0.33,0.0,29.0
898,898,Bryce Mitchell,70.0,145,70.0, Southpaw,2.3,0.58,1.63,0.58,3.45,0.41,0.33,1.6,29.0
899,899,Brian Schwartz,75.0,170,75.0, Orthodox,1.27,0.44,0.87,0.45,0.0,0.0,0.5,1.0,
900,900,Joey Gomez,70.0,155,71.0, Orthodox,3.73,0.49,3.33,0.5,2.0,0.28,0.0,0.0,34.0
901,901,Eric Wisely,68.0,145,70.0, Southpaw,1.42,0.47,2.08,0.56,0.0,0.0,0.27,0.9,39.0
902,902,Jason Freeman,74.0,225,,,0.0,0.0,0.0,0.0,0.0,0.0,0.0,0.0,47.0
903,903,Rodrigo Damm,67.0,155,71.0, Orthodox,3.5,0.36,5.61,0.57,0.44,0.16,0.8,0.3,44.0
904,904,Melsik Baghdasaryan,69.0,145,70.0, Southpaw,5.28,0.61,3.06,0.58,0.0,0.0,0.72,0.0,32.0
905,905,Joel Thomas,70.0,170,,,0.0,0.0,0.0,0.0,0.0,0.0,0.0,0.0,
906,906,Angela Magana,61.0,115,65.0, Orthodox,1.53,0.28,4.92,0.42,0.4,0.25,0.28,0.4,40.0
907,907,Dimitiri Wanderley,74.0,205,75.0, Orthodox,0.92,0.25,4.31,0.3,1.16,0.2,0.0,0.0,
908,908,Ron Faircloth,69.0,205,70.0, Orthodox,0.39,0.4,8.9,0.42,0.0,0.0,0.0,0.0,44.0
909,909,Aliaskhab Khizriev,69.0,185,74.0, Southpaw,6.01,0.64,4.38,0.61,5.64,0.6,1.0,3.8,33.0
910,910,Ben Sosoli,72.0,265,72.0, Southpaw,2.31,0.31,4.3,0.47,0.0,0.0,0.0,0.0,34.0
911,911,Jorge Patino,68.0,170,69.0, Orthodox,1.33,0.3,3.14,0.53,0.54,0.25,0.5,0.0,50.0
912,912,Daniel Sarafian,69.0,185,73.0, Orthodox,2.23,0.46,3.1,0.58,0.36,0.07,0.53,0.7,41.0
913,913,Brian Kelleher,66.0,135,66.0, Switch,3.39,0.41,4.64,0.54,1.74,0.41,0.6,0.7,37.0
914,914,Jaime Alvarez,68.0,125,69.0, Orthodox,2.73,0.4,4.53,0.56,1.0,0.33,0.5,0.0,36.0
915,915,Court McGee,71.0,170,75.0, Orthodox,4.6,0.37,3.62,0.61,1.84,0.25,0.69,0.4,39.0
916,916,Kazuki Okubo,71.0,175,73.0, Orthodox,1.53,0.38,1.97,0.46,0.51,0.25,0.36,2.0,
917,917,Mickey Gall,74.0,170,74.0, Switch,2.94,0.46,4.25,0.49,1.21,0.3,0.36,1.9,32.0
918,918,Chris Weidman,74.0,185,78.0, Orthodox,3.18,0.45,3.22,0.51,3.44,0.42,0.65,0.8,39.0
919,919,Jared Vanderaa,76.0,265,80.0, Orthodox,4.96,0.44,5.67,0.45,0.18,0.5,0.2,0.0,32.0
920,920,Dominic Clark,70.0,155,,,0.0,0.0,0.0,0.0,0.0,0.0,0.0,0.0,38.0
921,921,Matt Secor,72.0,170,73.0,,0.51,0.2,0.81,0.5,3.03,1.0,0.0,3.0,37.0
922,922,Logan Urban,72.0,170,72.0, Orthodox,2.55,0.66,16.6,0.27,0.0,0.0,0.0,0.0,30.0
923,923,Phil Johns,62.0,170,64.0, Southpaw,1.2,0.66,1.8,0.5,0.0,0.0,0.5,0.0,55.0
924,924,Brad Blackburn,70.0,170,73.0, Orthodox,4.55,0.35,3.59,0.65,0.93,0.5,0.76,0.7,46.0
925,925,Kron Gracie,69.0,145,70.0, Southpaw,3.74,0.44,6.82,0.53,0.47,0.25,0.0,0.5,35.0
926,926,Justin Lawrence,68.0,145,67.0, Orthodox,3.84,0.35,2.83,0.67,0.72,0.28,0.73,0.0,34.0
927,927,Karo Parisyan,70.0,170,72.0, Orthodox,2.49,0.41,2.19,0.58,5.27,0.59,0.59,1.0,41.0
928,928,Ramon Taveras,68.0,135,70.0, Southpaw,4.63,0.45,5.41,0.65,0.0,0.0,1.0,0.0,30.0
929,929,Sam Sicilia,68.0,145,67.0, Orthodox,2.46,0.33,3.55,0.59,1.45,0.43,0.7,0.9,38.0
930,930,Chris Horodecki,69.0,155,69.0, Orthodox,4.59,0.41,3.16,0.65,1.52,0.55,0.37,0.9,36.0
931,931,Mana Martinez,70.0,135,70.0, Orthodox,4.33,0.48,4.94,0.5,0.72,0.42,0.25,0.5,28.0
932,932,Pat Miletich,70.0,170,72.0, Orthodox,1.79,0.45,1.66,0.63,1.96,1.0,0.54,1.0,56.0
933,933,Danny Navarro,70.0,155,70.0,,3.83,0.32,4.62,0.57,2.17,0.25,1.0,0.0,40.0
934,934,Fernando Padilla,73.0,145,76.0, Orthodox,6.48,0.42,5.25,0.53,0.0,0.0,1.0,0.8,27.0
935,935,Ricardo Romero,72.0,205,76.0, Orthodox,2.17,0.55,4.77,0.46,1.63,0.1,1.0,3.3,46.0
936,936,Nick Hein,66.0,155,66.0, Southpaw,2.65,0.35,3.61,0.59,0.86,0.33,0.83,0.0,40.0
937,937,Cameron Else,69.0,135,71.0, Switch,1.99,0.4,8.09,0.51,0.0,0.0,0.0,0.0,37.0
938,938,Joseph Gigliotti,71.0,185,69.0, Orthodox,1.04,0.39,2.92,0.45,1.56,1.0,0.5,0.8,30.0
939,939,Scott Ferrozzo,71.0,323,71.0, Orthodox,0.0,0.0,0.0,0.0,0.0,0.0,0.0,0.0,59.0
940,940,Glaico Franca Moreira,72.0,155,77.0, Orthodox,2.35,0.42,3.46,0.47,2.68,0.42,0.76,0.3,33.0
941,941,Josh Bumgarner,73.0,170,,,0.0,0.0,0.0,0.0,0.0,0.0,0.0,0.0,
942,942,Solomon Hutcherson,71.0,185,71.0, Southpaw,2.59,0.39,2.59,0.64,3.53,1.0,0.0,0.0,51.0
943,943,Crosley Gracie,71.0,190,71.0, Orthodox,1.69,0.37,1.54,0.6,3.46,0.85,0.5,0.6,44.0
944,944,John Maguire,69.0,155,69.0, Southpaw,1.41,0.41,2.44,0.65,2.8,0.46,0.77,1.1,41.0
945,945,Nick Ring,72.0,185,74.0, Southpaw,3.52,0.42,3.48,0.62,1.36,0.36,0.52,0.3,45.0
946,946,Stephanie Webber,66.0,135,65.0,,0.91,0.8,3.85,0.15,6.79,0.4,0.0,0.0,
947,947,Rose Namajunas,65.0,125,65.0, Orthodox,3.69,0.41,3.51,0.63,1.38,0.47,0.59,0.5,31.0
948,948,Kamal Shalorus,68.0,155,68.0, Orthodox,3.06,0.32,2.99,0.7,2.07,0.5,0.8,0.0,51.0
949,949,Kailin Curran,64.0,115,65.0, Orthodox,3.89,0.43,4.75,0.53,2.0,0.57,0.61,0.6,33.0
950,950,Josh Clopton,66.0,145,, Orthodox,1.6,0.64,2.87,0.5,2.0,0.66,0.75,0.0,42.0
951,951,Ryan Hayes,, --,,,0.0,0.0,0.0,0.0,0.0,0.0,0.0,0.0,
952,952,Tomohiko Hashimoto,72.0,250,71.0, Orthodox,0.0,0.0,11.67,0.3,0.0,0.0,0.0,0.0,
953,953,Jeremy Stephens,69.0,145,71.0, Orthodox,3.17,0.4,3.05,0.58,1.16,0.38,0.65,0.4,37.0
954,954,Jake Shields,72.0,170,72.0, Orthodox,2.45,0.36,1.8,0.56,2.83,0.29,0.35,1.2,45.0
955,955,Nicolas Dalby,71.0,170,74.0, Orthodox,4.03,0.43,3.43,0.52,1.11,0.3,0.6,0.1,39.0
956,956,Joachim Hansen,67.0,150,70.0, Southpaw,2.01,0.43,2.04,0.58,2.21,0.58,0.34,1.9,44.0
957,957,Karol Rosa,65.0,135,67.0, Orthodox,6.34,0.56,4.78,0.49,1.22,0.45,0.68,0.0,29.0
958,958,Casey O'Neill,66.0,125,69.0, Orthodox,8.41,0.54,6.3,0.56,1.77,0.38,0.66,0.7,26.0
959,959,Nick Osipczak,74.0,170,76.0, Orthodox,2.83,0.5,3.77,0.5,1.2,0.45,0.71,1.0,39.0
960,960,Jordan Mein,72.0,170,73.0, Orthodox,3.35,0.44,2.55,0.69,1.56,0.58,0.66,0.2,34.0
961,961,Juancamilo Ronderos,63.0,125,64.0, Southpaw,2.18,0.3,2.18,0.63,2.72,0.33,0.0,0.0,29.0
962,962,Gerard Gordeau,77.0,216,, Orthodox,0.0,0.0,0.0,0.0,0.0,0.0,0.0,0.0,65.0
963,963,Curtis Millender,74.0,170,76.0, Orthodox,3.86,0.46,2.95,0.61,0.43,1.0,0.57,0.0,36.0
964,964,Antonio Carvalho,69.0,145,70.0, Orthodox,3.03,0.29,3.62,0.64,0.0,0.0,1.0,0.0,44.0
965,965,Adriano Martins,70.0,155,72.0, Southpaw,1.8,0.38,2.14,0.65,0.83,0.8,0.81,0.4,41.0
966,966,Mike Budnik,69.0,145,68.0, Orthodox,0.65,0.52,0.95,0.53,0.0,0.0,0.0,3.4,49.0
967,967,Kyler Phillips,68.0,135,72.0, Orthodox,5.72,0.45,3.38,0.61,2.41,0.46,0.75,0.5,28.0
968,968,Brian Rogers,71.0,185,73.0,,4.79,0.38,5.76,0.58,1.22,0.5,1.0,0.6,40.0
969,969,Robert Peralta,68.0,145,71.0, Orthodox,3.76,0.44,2.97,0.53,0.59,0.66,0.65,0.0,38.0
970,970,Neil Seery,64.0,125,64.0, Orthodox,3.56,0.41,3.79,0.58,0.78,0.27,0.53,1.6,44.0
971,971,Jonathan Brookins,72.0,145,74.0, Southpaw,2.69,0.39,3.63,0.56,1.94,0.17,0.8,0.3,38.0
972,972,Jeremy Tavares,,135,,,0.0,0.0,0.0,0.0,0.0,0.0,0.0,0.0,
973,973,JunYong Park,70.0,185,73.0, Orthodox,4.53,0.5,3.3,0.53,1.83,0.5,0.57,1.1,33.0
974,974,Bill Mahood,75.0,200,76.0, Orthodox,1.54,0.85,3.59,0.17,0.0,0.0,0.0,3.9,57.0
975,975,Qiu Lun,68.0,125,66.0, Southpaw,3.51,0.46,1.78,0.67,0.67,0.18,0.68,0.0,26.0
976,976,Bill Duvall,74.0,185,74.0, Southpaw,0.0,0.0,2.4,0.4,0.0,0.0,0.0,0.0,
977,977,Sherron Leggett,68.0,155,69.0, Southpaw,2.86,0.51,2.08,0.47,5.19,0.8,0.33,0.0,45.0
978,978,Tim Stout,71.0,185,,,0.0,0.0,0.0,0.0,0.0,0.0,0.0,0.0,45.0
979,979,Billy Quarantillo,70.0,145,70.0, Orthodox,7.36,0.56,5.57,0.43,1.24,0.23,0.61,1.1,35.0
980,980,Paul Varelans,80.0,300,, Orthodox,0.0,0.0,0.0,0.0,0.0,0.0,0.0,0.0,
981,981,KB Bhullar,76.0,185,78.0, Switch,4.31,0.49,5.39,0.45,0.0,0.0,0.0,0.0,32.0
982,982,Nandor Guelmino,75.0,230,76.0,,3.62,0.56,3.16,0.33,0.0,0.0,0.42,0.0,48.0
983,983,Richie Hightower,68.0,170,70.0, Orthodox,4.62,0.35,6.92,0.21,3.46,1.0,1.0,0.0,49.0
984,984,Mike van Arsdale,74.0,205,74.0, Switch,1.52,0.41,1.91,0.41,1.06,0.14,0.37,0.0,58.0
985,985,Dan Hardy,72.0,170,74.0, Orthodox,2.46,0.35,3.44,0.51,0.73,0.35,0.35,0.4,42.0
986,986,Booker DeRousse,74.0,205,,,0.0,0.0,0.0,0.0,0.0,0.0,0.0,0.0,43.0
987,987,James Giboo,71.0,170,71.0, Orthodox,1.2,0.27,7.08,0.39,0.0,0.0,0.0,0.0,46.0
988,988,Naho Sugiyuma,61.0,105,62.0,,2.59,0.48,2.45,0.71,2.05,1.0,0.66,0.0,46.0
989,989,Xavier Siller,65.0,125,68.0,,1.02,0.36,1.53,0.57,3.83,1.0,0.0,0.0,29.0
990,990,Jai Herbert,73.0,155,77.0, Orthodox,2.69,0.41,3.15,0.45,0.2,0.1,0.57,0.0,36.0
991,991,Yuji Nagata,72.0,225,73.0, Orthodox,1.45,0.4,14.46,0.04,0.0,0.0,0.0,0.0,56.0
992,992,Serghei Spivac,75.0,260,78.0, Orthodox,3.54,0.49,3.79,0.49,4.56,0.64,0.7,0.5,29.0
993,993,Lu Kai,69.0,145,69.0, Orthodox,3.76,0.43,5.51,0.55,2.62,0.5,1.0,2.6,30.0
994,994,Jeremy Kennedy,71.0,145,71.0, Orthodox,2.22,0.46,2.58,0.47,5.73,0.52,0.66,0.0,31.0
995,995,Pannie Kianzad,67.0,135,66.0, Orthodox,4.74,0.49,3.67,0.53,0.46,0.33,0.66,0.1,32.0
996,996,Joey Armstrong,, --,,,0.0,0.0,0.0,0.0,0.0,0.0,0.0,0.0,
997,997,Victor Henry,67.0,135,68.0, Switch,8.34,0.54,5.62,0.47,0.0,0.0,0.83,0.5,37.0
998,998,Umar Nurmagomedov,68.0,135,69.0, Orthodox,4.75,0.69,0.56,0.76,4.51,0.56,1.0,0.6,28.0
999,999,Krzysztof Soszynski,73.0,205,77.0, Open Stance,3.37,0.39,3.13,0.58,0.52,0.25,0.71,1.0,46.0
1000,1000,Marcin Prachnio,75.0,205,74.0, Orthodox,5.61,0.55,3.3,0.54,0.17,0.2,0.58,0.0,35.0
1001,1001,Ryan Gracie,69.0,200,70.0, Orthodox,0.82,0.61,0.5,0.4,2.83,0.75,0.25,0.9,49.0
1002,1002,Raou Raou,68.0,195,69.0, Orthodox,2.01,0.16,6.75,0.6,0.0,0.0,0.0,0.0,
1003,1003,Paul Creighton,66.0,155,66.0, Southpaw,0.72,0.75,4.65,0.3,5.37,0.37,0.0,0.0,53.0
1004,1004,Nick Thompson,73.0,170,74.0, Orthodox,1.87,0.42,1.8,0.49,1.06,1.0,0.35,2.6,42.0
1005,1005,Mayana Kellem,65.0,135,70.0, Orthodox,1.94,0.22,2.9,0.62,0.0,0.0,0.0,0.0,42.0
1006,1006,Joe Pyfer,74.0,185,75.0, Orthodox,3.66,0.4,3.58,0.51,1.49,0.41,0.5,0.9,27.0
1007,1007,Tom Erikson,75.0,280,76.0, Orthodox,0.94,0.47,1.87,0.25,4.68,0.6,1.0,6.2,
1008,1008,Jonathan Goulet,72.0,170,73.0, Orthodox,1.61,0.41,2.01,0.46,4.17,0.7,0.45,0.6,44.0
1009,1009,David Onama,71.0,145,74.0, Orthodox,5.04,0.48,5.1,0.52,0.67,0.17,0.52,0.5,29.0
1010,1010,Rolles Gracie,76.0,242,76.0, Orthodox,2.3,0.32,3.38,0.55,2.3,0.1,0.0,0.0,45.0
1011,1011,Chris Gutierrez,69.0,135,67.0, Orthodox,4.8,0.58,2.79,0.63,0.28,0.3,0.69,0.1,33.0
1012,1012,Tony Petarra,71.0,196,72.0, Orthodox,0.0,0.0,0.0,0.0,0.0,0.0,0.0,0.0,
1013,1013,Kamaru Usman,72.0,170,76.0, Switch,4.36,0.52,2.74,0.54,2.82,0.45,0.89,0.1,37.0
1014,1014,Kenji Arai,70.0,145,71.0, Southpaw,8.79,0.27,10.29,0.39,0.0,0.0,0.0,0.0,44.0
1015,1015,Tadao Yasuda,76.0,310,76.0, Orthodox,2.7,0.73,0.85,0.6,0.75,0.14,0.0,0.0,60.0
1016,1016,Sarah Frota,66.0,125,69.0, Southpaw,4.52,0.52,2.57,0.55,0.0,0.0,0.53,0.0,37.0
1017,1017,Enrique Marin,70.0,170,75.0,,1.43,0.33,3.0,0.5,2.5,0.38,0.6,1.0,37.0
1018,1018,Hiroko Yamanaka,71.0,135,71.0,,2.1,0.26,3.54,0.63,0.0,0.0,1.0,0.0,45.0
1019,1019,CB Dollaway,74.0,185,76.0, Orthodox,2.65,0.47,2.58,0.54,3.55,0.54,0.62,1.2,40.0
1020,1020,Darren Stewart,72.0,205,74.0, Orthodox,3.05,0.45,3.29,0.48,1.75,0.45,0.67,0.1,33.0
1021,1021,Luigi Vendramini,68.0,155,73.0, Orthodox,2.82,0.4,3.82,0.57,1.11,0.15,1.0,0.6,28.0
1022,1022,Colley  Bradford,67.0,145,69.0,,0.43,0.25,1.73,0.5,19.42,0.5,1.0,0.0,
1023,1023,Vitor Ribeiro,68.0,154,71.0, Orthodox,1.0,0.28,1.95,0.48,1.58,0.26,1.0,1.2,45.0
1024,1024,Frankie Edgar,66.0,135,68.0, Orthodox,3.77,0.4,2.82,0.65,2.29,0.31,0.65,0.3,42.0
1025,1025,Brett Johns,67.0,135,71.0, Orthodox,2.86,0.49,3.84,0.53,4.92,0.49,0.58,1.0,32.0
1026,1026,Alberto Uda,75.0,185,78.0, Orthodox,1.79,0.52,3.49,0.45,2.83,0.5,0.66,0.0,39.0
1027,1027,Jaime Jara,73.0,205,74.0, Southpaw,2.2,0.6,1.47,0.56,0.0,0.0,0.25,0.0,54.0
1028,1028,Wallid Ismail,67.0,205,71.0, Orthodox,0.92,0.31,0.83,0.44,1.85,0.28,0.0,0.5,56.0
1029,1029,Carlton Jones,73.0,225,74.0, Orthodox,2.32,0.41,3.58,0.56,4.02,0.5,0.57,2.7,
1030,1030,Brett Cooper,72.0,170,, Orthodox,0.0,0.0,0.0,0.0,0.0,0.0,0.0,0.0,36.0
1031,1031,Keisuke Sasu,65.0,145,69.0, Switch,2.76,0.49,2.42,0.48,3.76,0.4,0.61,1.9,29.0
1032,1032,Vinicius Moreira,76.0,205,76.0, Orthodox,3.15,0.59,5.07,0.43,1.97,0.18,0.0,1.3,35.0
1033,1033,Nick Gibbons,70.0,155,,,0.0,0.0,0.0,0.0,0.0,0.0,0.0,0.0,
1034,1034,Christian Leroy Duncan,74.0,185,79.0, Switch,5.96,0.62,3.82,0.5,0.45,0.14,0.5,0.0,28.0
1035,1035,Kiran Singh,61.0,115,65.0, Orthodox,0.0,0.0,0.0,0.0,0.0,0.0,0.0,0.0,23.0
1036,1036,Jay Cucciniello,67.0,155,68.0, Orthodox,0.93,0.21,4.73,0.36,0.0,0.0,0.71,0.0,37.0
1037,1037,Darrel Gholar,68.0,194,, Orthodox,0.0,0.0,0.0,0.0,0.0,0.0,0.0,0.0,
1038,1038,Jeremy Lang,71.0,205,72.0, Southpaw,1.13,0.5,1.41,0.42,4.22,0.6,0.0,4.2,49.0
1039,1039,AJ McKee,70.0,145,74.0,,2.75,0.32,0.92,0.8,11.01,1.0,1.0,11.0,
1040,1040,Lemont Davis,68.0,170,69.0, Orthodox,0.87,0.54,1.27,0.55,1.0,0.5,0.0,1.0,
1041,1041,Dennis Dombrow,,145,,,0.0,0.0,0.0,0.0,0.0,0.0,0.0,0.0,38.0
1042,1042,Deshaun Johnson,70.0,167,71.0,,2.27,0.41,6.67,0.43,0.0,0.0,0.0,0.0,
1043,1043,Justin Martin,72.0,185,,,0.0,0.0,0.0,0.0,0.0,0.0,0.0,0.0,
1044,1044,Darrell Montague,66.0,125,67.0, Southpaw,1.92,0.25,5.38,0.52,0.72,0.25,0.33,1.4,36.0
1045,1045,Colin Fletcher,74.0,155,78.0, Orthodox,3.1,0.34,2.97,0.62,0.0,0.0,0.27,0.0,41.0
1046,1046,Rafael Estevam,68.0,125,69.0, Orthodox,2.94,0.64,3.35,0.34,3.35,0.19,0.0,0.7,27.0
1047,1047,Nick Bustamante,69.0,170,,,0.0,0.0,0.0,0.0,0.0,0.0,0.0,0.0,
1048,1048,Carlos Felipe,72.0,245,75.0, Orthodox,4.88,0.45,5.6,0.5,0.0,0.0,0.72,0.0,29.0
1049,1049,Augusto Montano,73.0,170,73.0, Orthodox,3.46,0.46,2.66,0.56,0.0,0.0,0.66,0.0,39.0
1050,1050,Juan Puerta,69.0,125,71.0, Southpaw,1.27,0.39,1.27,0.67,1.0,1.0,0.0,0.0,36.0
1051,1051,Ketlen Souza,63.0,115,63.0, Orthodox,4.78,0.68,2.03,0.6,0.9,0.5,0.5,0.0,29.0
1052,1052,Daniel Marcos,67.0,135,69.0, Orthodox,5.75,0.5,4.0,0.66,0.33,0.5,0.89,0.0,31.0
1053,1053,Michael Page,75.0,170,79.0, Switch,3.14,0.69,1.6,0.55,0.77,0.25,0.66,0.0,37.0
1054,1054,Maka Watson,69.0,155,69.0,,0.93,0.37,1.6,0.22,2.0,1.0,0.33,0.0,39.0
1055,1055,Matt Wiman,70.0,155,68.0, Orthodox,3.17,0.5,3.57,0.51,2.13,0.37,0.56,1.5,40.0
1056,1056,Abel Trujillo,68.0,155,70.0, Orthodox,2.65,0.41,2.31,0.59,2.18,0.45,0.4,0.4,40.0
1057,1057,Saul Elizondo,67.0,135,66.0,,2.07,0.3,4.93,0.48,2.0,1.0,0.66,1.0,38.0
1058,1058,Derek Bohi,76.0,260,77.0,,0.0,0.0,0.0,0.0,0.0,0.0,0.0,0.0,
1059,1059,Isaac Dulgarian,67.0,145,71.0, Orthodox,2.88,0.58,2.53,0.39,6.06,0.47,0.0,1.5,27.0
1060,1060,Alexandre Franca Nogueira,67.0,145,68.0, Orthodox,0.6,0.2,4.18,0.57,0.0,0.0,0.0,0.0,46.0
1061,1061,Darren Till,72.0,185,74.0, Southpaw,2.3,0.46,3.31,0.56,0.55,0.46,0.69,0.0,31.0
1062,1062,Naoki Matsushita,66.0,155,67.0, Orthodox,3.3,0.32,2.2,0.63,1.5,1.0,0.0,0.0,
1063,1063,Bruno Souza,70.0,145,70.0, Orthodox,3.73,0.39,5.3,0.45,0.5,0.16,0.6,0.0,28.0
1064,1064,Zach Reese,76.0,185,77.0, Switch,3.93,0.66,6.56,0.28,0.0,0.0,0.0,9.8,30.0
1065,1065,Francisco Trinaldo,69.0,170,70.0, Southpaw,3.13,0.45,2.67,0.6,0.98,0.42,0.6,0.5,45.0
1066,1066,Roman Dolidze,74.0,185,76.0, Orthodox,2.62,0.39,3.36,0.51,1.3,0.4,0.33,1.3,35.0
1067,1067,Ronny Markes,73.0,185,75.0, Orthodox,2.17,0.53,2.43,0.45,3.13,0.4,1.0,0.5,36.0
1068,1068,Lisa Ellis,64.0,115,62.0,,1.68,0.48,2.32,0.57,4.19,0.63,0.5,0.6,41.0
1069,1069,Zarrukh Adashev,65.0,125,65.0, Southpaw,3.65,0.4,3.04,0.64,0.0,0.0,1.0,0.5,31.0
1070,1070,Mike de la Torre,71.0,145,71.0, Orthodox,3.21,0.39,4.75,0.51,0.36,0.16,0.83,0.0,37.0
1071,1071,Steve Hadsel,68.0,170,,,0.0,0.0,0.0,0.0,0.0,0.0,0.0,0.0,
1072,1072,Josh Shockman,76.0,235,77.0, Southpaw,0.87,0.32,0.87,0.58,0.0,0.0,0.23,0.0,43.0
1073,1073,Michael Bisping,73.0,185,75.0, Orthodox,4.33,0.38,2.71,0.65,1.05,0.43,0.63,0.3,45.0
1074,1074,Luis Pena,75.0,155,75.0, Southpaw,3.66,0.46,3.12,0.51,1.17,0.33,0.48,1.2,30.0
1075,1075,Raja Shippen,66.0,145,,,0.0,0.0,0.0,0.0,0.0,0.0,0.0,0.0,37.0
1076,1076,Polyana Viana,65.0,115,67.0, Orthodox,2.99,0.4,2.65,0.53,0.82,0.33,0.38,1.9,31.0
1077,1077,Cody Durden,67.0,125,67.0, Southpaw,3.16,0.51,2.89,0.51,4.84,0.5,0.66,0.3,33.0
1078,1078,Pat Pytlik,,170,,,0.0,0.0,0.0,0.0,0.0,0.0,0.0,0.0,35.0
1079,1079,Jamie Pickett,74.0,185,80.0, Orthodox,2.65,0.47,3.62,0.5,1.26,0.4,0.67,0.1,35.0
1080,1080,Daniel Gallemore,77.0,265,77.0,,3.1,0.41,6.0,0.52,0.0,0.0,0.0,0.0,
1081,1081,Nick Catone,72.0,185,72.0, Southpaw,2.11,0.44,2.32,0.63,3.71,0.44,0.83,0.5,42.0
1082,1082,Dae Won Kim,71.0,180,71.0, Orthodox,1.75,0.32,2.51,0.36,3.43,0.42,0.0,0.0,
1083,1083,Ilima Macfarlane,64.0,125,66.0,,4.13,0.43,2.93,0.65,0.0,0.0,0.5,1.0,
1084,1084,Diego Sanchez,70.0,170,72.0, Southpaw,2.69,0.37,3.02,0.56,1.51,0.24,0.46,0.8,42.0
1085,1085,Pedro Nobre,65.0,135,67.0,,1.37,0.3,9.16,0.35,0.0,0.0,0.0,0.0,38.0
1086,1086,Zak Ottow,71.0,170,72.0, Orthodox,2.63,0.36,2.73,0.58,0.97,0.29,0.57,0.4,37.0
1087,1087,Sean Alvarez,72.0,235,74.0, Orthodox,0.89,0.37,3.25,0.47,0.0,0.0,0.0,0.0,52.0
1088,1088,Jordan Goodwin,,155,,,0.0,0.0,0.0,0.0,0.0,0.0,0.0,0.0,
1089,1089,Jose Palacios,69.0,145,70.0, Orthodox,2.67,0.7,1.0,0.79,0.0,0.0,0.5,1.7,
1090,1090,Willian Colorado,70.0,135,72.0,,0.0,0.0,0.0,0.0,0.0,0.0,0.0,0.0,37.0
1091,1091,BJ Penn,69.0,155,70.0, Orthodox,2.76,0.48,3.2,0.56,1.19,0.55,0.74,0.5,45.0
1092,1092,Satoru Kitaoka,66.0,154,68.0,,0.68,0.33,2.15,0.45,0.62,0.1,0.27,2.1,44.0
1093,1093,Ismael Bonfim,68.0,155,71.0, Orthodox,5.8,0.54,3.16,0.7,1.07,0.33,0.76,0.0,28.0
1094,1094,Carmelo Marrero,72.0,205,73.0, Orthodox,0.84,0.34,2.04,0.54,3.21,0.36,0.36,0.9,43.0
1095,1095,Hatsu Hioki,71.0,145,73.0, Orthodox,2.42,0.42,2.12,0.65,2.55,0.56,0.54,0.6,40.0
1096,1096,Nick Barnes,71.0,170,73.0,,2.86,0.29,8.93,0.51,5.36,1.0,1.0,5.4,
1097,1097,Tristan Connelly,70.0,145,68.0, Orthodox,3.31,0.51,2.96,0.5,0.33,0.14,0.6,0.3,38.0
1098,1098,Rob Emerson,69.0,155,70.0, Orthodox,2.5,0.3,2.83,0.64,2.02,0.52,0.65,0.4,42.0
1099,1099,Dashon Johnson,67.0,145,71.0, Orthodox,1.01,0.69,3.83,0.35,0.85,0.33,0.63,0.8,36.0
1100,1100,Jeremy Wallace,69.0, --,,,0.0,0.0,0.0,0.0,0.0,0.0,0.0,0.0,
1101,1101,Justin Guthrie,73.0,170,72.0,,0.16,0.33,3.74,0.14,2.44,0.25,0.0,4.9,43.0
1102,1102,Dan Bobish,74.0,345,74.0, Southpaw,2.06,0.44,1.74,0.34,2.44,0.42,0.0,1.6,54.0
1103,1103,Daniel Acacio,68.0,180,68.0, Orthodox,3.52,0.36,2.85,0.62,0.33,0.2,0.81,0.0,46.0
1104,1104,Jamahal Hill,76.0,205,79.0, Southpaw,7.18,0.54,3.51,0.46,0.0,0.0,0.73,0.0,33.0
1105,1105,Jon Madsen,72.0,240,72.0, Orthodox,2.46,0.41,1.18,0.81,1.32,0.71,0.7,0.0,44.0
1106,1106,Luiz Dutra,71.0,170,72.0, Orthodox,3.92,0.5,4.8,0.41,0.0,0.0,1.0,0.0,42.0
1107,1107,Rob Sinclair,68.0,155,68.0,,1.2,0.33,1.73,0.73,0.0,0.0,0.5,0.0,44.0
1108,1108,Andy Enz,75.0,185,78.0, Orthodox,3.51,0.23,5.32,0.57,0.0,0.0,0.58,0.0,32.0
1109,1109,Houston Dorr,73.0,210,, Orthodox,0.0,0.0,0.0,0.0,0.0,0.0,0.0,0.0,
1110,1110,Dan Ige,67.0,145,71.0, Orthodox,3.76,0.45,3.52,0.57,1.06,0.26,0.58,0.3,32.0
1111,1111,Aaron Trujillo,65.0,125,,,0.0,0.0,0.0,0.0,0.0,0.0,0.0,0.0,
1112,1112,Farid Basharat,68.0,135,71.0, Orthodox,4.47,0.58,2.44,0.57,3.96,0.41,0.83,0.6,26.0
1113,1113,Alex Serdyukov,74.0,170,74.0, Orthodox,4.94,0.48,3.1,0.46,1.84,0.55,0.67,1.8,44.0
1114,1114,Nate Marquardt,72.0,185,74.0, Orthodox,2.71,0.49,2.32,0.55,1.87,0.51,0.7,0.8,45.0
1115,1115,Karine Gevorgyan,64.0,125,63.0,,1.2,0.2,1.8,0.76,0.0,0.0,0.0,0.0,35.0
1116,1116,Will Chope,76.0,145,76.0, Switch,4.43,0.27,9.93,0.46,0.0,0.0,0.0,0.0,33.0
1117,1117,Gleison Tibau,70.0,155,71.0, Southpaw,1.95,0.31,2.51,0.63,4.08,0.53,0.92,0.8,40.0
1118,1118,Alan Belcher,74.0,185,75.0, Orthodox,2.7,0.41,3.1,0.59,0.44,0.26,0.55,0.9,40.0
1119,1119,Brady Fink,72.0,183,72.0, Orthodox,1.69,0.41,1.69,0.61,3.63,0.25,0.0,3.6,
1120,1120,Muhammad Mokaev,67.0,125,70.0, Orthodox,1.53,0.48,1.36,0.57,5.75,0.41,0.0,1.0,23.0
1121,1121,Raquel Pennington,67.0,135,67.0, Orthodox,4.14,0.52,3.29,0.6,0.9,0.27,0.63,0.7,35.0
1122,1122,Travis Wiuff,75.0,205,74.0, Orthodox,0.48,0.3,4.03,0.41,4.84,0.57,0.44,1.2,46.0
1123,1123,Chris Tickle,69.0,155,70.0,,1.07,0.4,1.13,0.43,1.0,0.25,0.2,2.0,42.0
1124,1124,Codale Ford,69.0,170,,,0.0,0.0,0.0,0.0,0.0,0.0,0.0,0.0,45.0
1125,1125,Christian Uflacker,71.0,170,,,0.0,0.0,0.0,0.0,0.0,0.0,0.0,0.0,38.0
1126,1126,Melquizael Costa,70.0,145,71.0, Southpaw,4.29,0.46,2.99,0.59,2.49,0.27,0.42,0.5,27.0
1127,1127,Will Ribeiro,68.0,135,69.0, Orthodox,1.83,0.28,1.64,0.74,1.15,1.0,0.5,2.9,41.0
1128,1128,Nolan Ticman,66.0,125,69.0, Orthodox,2.57,0.47,2.53,0.67,0.0,0.0,0.6,0.0,36.0
1129,1129,Zhu Kangjie,66.0,145,70.0, Orthodox,0.0,0.0,0.0,0.0,0.0,0.0,0.0,0.0,28.0
1130,1130,Murilo Bustamante,74.0,183,74.0, Orthodox,1.33,0.32,1.9,0.6,2.46,0.33,0.54,1.2,57.0
1131,1131,Jeri Sitzes,65.0,125,,,0.0,0.0,0.0,0.0,0.0,0.0,0.0,0.0,
1132,1132,Steve Byrnes,72.0,170,71.0, Orthodox,1.2,0.51,2.67,0.27,3.0,0.6,0.0,4.0,
1133,1133,Teddy Ash,73.0,185,73.0, Switch,7.27,0.61,6.8,0.28,0.0,0.0,1.0,0.0,34.0
1134,1134,Rogerio Bontorin,65.0,125,67.0, Orthodox,2.63,0.52,3.27,0.5,2.9,0.6,0.51,1.0,32.0
1135,1135,Yibugele,67.0,145,69.0, Southpaw,2.47,0.39,3.53,0.62,0.0,0.0,0.76,0.0,34.0
1136,1136,David Bielkheden,70.0,155,71.0, Orthodox,1.11,0.57,1.64,0.54,2.65,0.63,0.14,0.0,44.0
1137,1137,Jorge Gurgel,67.0,155,69.0, Orthodox,3.37,0.32,3.62,0.62,0.81,0.23,0.6,0.5,47.0
1138,1138,Patrick Kaase,69.0,185,69.0,,4.4,0.67,0.53,0.5,0.0,0.0,0.5,0.0,
1139,1139,Rodrigo Gracie,72.0,183,73.0, Orthodox,1.34,0.51,0.86,0.46,1.49,0.5,0.75,0.4,49.0
1140,1140,Assuerio Silva,70.0,241,73.0, Orthodox,1.42,0.46,4.2,0.54,2.66,0.34,0.25,1.8,49.0
1141,1141,Achmed Labasanov,75.0,215,75.0, Orthodox,0.75,0.39,1.1,0.46,3.0,1.0,0.0,0.8,46.0
1142,1142,Derrick Krantz,70.0,170,72.0, Orthodox,2.07,0.37,4.03,0.5,3.18,0.5,0.0,0.8,36.0
1143,1143,Carlo Prater,71.0,155,72.0, Switch,2.03,0.47,4.07,0.35,0.43,0.09,0.57,1.7,42.0
1144,1144,Greg Stott,67.0,220,69.0, Southpaw,0.0,0.0,0.0,0.0,0.0,0.0,0.0,0.0,
1145,1145,Ansar Chalangov,69.0,170,68.0, Orthodox,0.68,0.66,1.69,0.54,0.0,0.0,0.0,7.6,44.0
1146,1146,Michael Trizano,71.0,145,71.0, Orthodox,3.63,0.53,4.4,0.5,0.36,0.66,0.72,0.5,32.0
1147,1147,Benoit Saint Denis,71.0,155,73.0, Southpaw,5.7,0.54,4.98,0.42,4.76,0.37,0.69,1.5,28.0
1148,1148,Nick Piedmont,70.0,145,,,0.0,0.0,0.0,0.0,0.0,0.0,0.0,0.0,
1149,1149,Antonio Schembri,69.0,205,71.0, Orthodox,0.72,0.26,2.12,0.55,1.31,0.4,0.0,0.4,49.0
1150,1150,Raoni Barcelos,67.0,135,67.0, Orthodox,5.22,0.51,4.79,0.61,1.86,0.32,0.85,0.6,37.0
1151,1151,HanSeul Kim,73.0,170,73.0, Southpaw,6.93,0.45,8.09,0.5,0.0,0.0,0.0,4.0,33.0
1152,1152,Andrew Ramm,73.0,160,,,0.0,0.0,0.0,0.0,0.0,0.0,0.0,0.0,
1153,1153,Yoshinori Horie,68.0,145,70.0, Orthodox,2.76,0.49,5.65,0.48,0.0,0.0,0.0,0.0,29.0
1154,1154,Richie Santiago,67.0,135,67.0, Southpaw,3.87,0.49,4.87,0.42,0.0,0.0,0.25,0.0,31.0
1155,1155,Kaloyan Kolev,74.0,205,73.0, Orthodox,1.12,0.45,4.49,0.42,10.11,0.6,0.0,0.0,31.0
1156,1156,AJ Fletcher,70.0,170,67.0, Switch,3.36,0.49,4.61,0.46,1.54,0.35,0.33,0.9,27.0
1157,1157,Anthony Perosh,75.0,205,75.0, Orthodox,2.27,0.43,3.77,0.53,2.03,0.22,0.33,1.1,51.0
1158,1158,Keiichiro Yamamiya,71.0,185,, Southpaw,0.0,0.0,0.0,0.0,0.0,0.0,0.0,0.0,51.0
1159,1159,JeongYeong Lee,70.0,145,73.0, Orthodox,2.81,0.53,1.57,0.59,0.96,0.66,0.76,0.5,28.0
1160,1160,George Roop,73.0,135,72.0, Orthodox,3.43,0.34,2.47,0.6,1.05,0.57,0.59,0.1,42.0
1161,1161,Mike King,75.0,185,75.0,,4.44,0.58,1.29,0.72,1.75,0.25,0.4,3.5,40.0
1162,1162,Joshua Weems,68.0,135,69.0, Orthodox,5.25,0.64,3.34,0.61,4.77,0.4,1.0,0.0,30.0
1163,1163,Elaina Maxwell,68.0,145,69.0, Orthodox,2.07,0.6,2.4,0.53,0.0,0.0,0.5,1.0,45.0
1164,1164,Feng Xiaocan,67.0,115,66.0, Southpaw,0.0,0.0,0.0,0.0,0.0,0.0,0.0,0.0,22.0
1165,1165,Leon Edwards,74.0,170,74.0, Southpaw,2.75,0.53,2.34,0.54,1.25,0.34,0.7,0.4,32.0
1166,1166,Craig Oxley,69.0,155,,,0.0,0.0,0.0,0.0,0.0,0.0,0.0,0.0,51.0
1167,1167,Ailin Perez,65.0,135,66.0, Switch,2.96,0.55,1.18,0.57,4.89,0.5,0.75,0.0,29.0
1168,1168,Jacob Noe,,205,,,0.0,0.0,0.0,0.0,0.0,0.0,0.0,0.0,
1169,1169,Wesley Schultz,,185,,,0.0,0.0,0.0,0.0,0.0,0.0,0.0,0.0,27.0
1170,1170,Thomas Denny,70.0,170,70.0, Orthodox,2.36,0.45,4.69,0.4,1.48,0.17,0.42,1.5,53.0
1171,1171,Mohammad Yahya,69.0,145,73.0, Switch,2.87,0.46,4.07,0.37,1.0,1.0,0.42,1.0,30.0
1172,1172,Jim Wallhead,70.0,170,74.0, Orthodox,3.19,0.26,6.65,0.49,0.0,0.0,1.0,0.0,40.0
1173,1173,Yoshihiro Nakao,72.0,220,72.0, Southpaw,1.73,0.35,2.06,0.64,2.69,0.46,0.0,0.5,51.0
1174,1174,Phil Davis,74.0,205,79.0, Orthodox,2.85,0.34,1.33,0.72,2.99,0.38,0.72,0.6,39.0
1175,1175,Trey Houston,71.0,185,,,0.0,0.0,0.0,0.0,0.0,0.0,0.0,0.0,
1176,1176,Edson Silva,73.0,205,73.0, Orthodox,2.69,0.14,5.37,0.5,0.0,0.0,0.0,0.0,
1177,1177,John Lober,71.0,199,, Orthodox,0.0,0.0,0.0,0.0,0.0,0.0,0.0,0.0,56.0
1178,1178,Chris Barnhizer,, --,,,0.0,0.0,0.0,0.0,0.0,0.0,0.0,0.0,
1179,1179,Lone'er Kavanagh,,125,,,0.0,0.0,0.0,0.0,0.0,0.0,0.0,0.0,24.0
1180,1180,Xavier Foupa-Pokam,73.0,185,73.0, Open Stance,1.47,0.43,2.5,0.49,0.0,0.0,0.16,0.0,41.0
1181,1181,Enrique Barzola,67.0,145,70.0, Orthodox,3.91,0.41,2.97,0.68,4.2,0.45,0.66,0.3,35.0
1182,1182,Kazuhiro Hamanaka,72.0,185,68.0, Southpaw,1.7,0.37,0.91,0.6,0.0,0.0,0.5,0.0,45.0
1183,1183,Rick Roufus,72.0,207,72.0, Southpaw,0.53,0.33,1.06,0.33,0.0,0.0,0.5,0.0,
1184,1184,Lucie Pudilova,68.0,135,67.0, Orthodox,3.68,0.37,3.83,0.51,0.55,0.27,0.66,0.7,29.0
1185,1185,Henry Corrales,69.0,145,70.0,,4.12,0.41,5.84,0.55,0.0,0.0,0.69,0.0,
1186,1186,Michael Patt,72.0,205,72.0, Orthodox,1.65,0.28,5.53,0.55,0.0,0.0,0.0,0.0,
1187,1187,Kevin Engel,74.0,170,,,0.0,0.0,0.0,0.0,0.0,0.0,0.0,0.0,
1188,1188,John Lineker,63.0,135,67.0, Orthodox,5.36,0.4,4.27,0.56,0.56,0.58,0.67,0.6,33.0
1189,1189,Dave Menne,70.0,170,70.0, Orthodox,1.84,0.44,1.99,0.42,0.46,0.5,0.57,2.5,49.0
1190,1190,Lavar Johnson,76.0,240,82.0, Orthodox,5.39,0.55,2.54,0.55,0.61,0.66,0.54,0.6,46.0
1191,1191,Shi Ming,62.0,115,60.0, Orthodox,0.0,0.0,0.0,0.0,0.0,0.0,0.0,0.0,29.0
1192,1192,Jimmy Flick,67.0,125,68.0, Orthodox,1.7,0.5,5.2,0.4,1.79,0.26,0.0,5.4,33.0
1193,1193,Patrick Speight,73.0,170,, Orthodox,0.0,0.0,0.0,0.0,0.0,0.0,0.0,0.0,
1194,1194,Gabriel Santos,69.0,145,70.0, Orthodox,4.46,0.55,6.03,0.44,4.34,0.46,0.66,1.2,27.0
1195,1195,Marcus Silveira,75.0,242,, Orthodox,0.0,0.0,0.0,0.0,0.0,0.0,0.0,0.0,
1196,1196,Masutatsu Yano,69.0,198,, Orthodox,0.0,0.0,0.0,0.0,0.0,0.0,0.0,0.0,48.0
1197,1197,Dylan Lockard,69.0,145,72.0, Orthodox,1.31,0.53,3.31,0.52,2.31,0.4,0.28,1.2,32.0
1198,1198,Felipe dos Santos,67.0,125,70.0, Orthodox,4.53,0.34,5.07,0.4,0.0,0.0,0.16,0.5,23.0
1199,1199,John Kolosci,71.0,185,72.0, Orthodox,0.21,0.2,0.85,0.5,0.0,0.0,0.0,0.0,49.0
1200,1200,Shane Campbell,72.0,155,71.0, Orthodox,3.99,0.59,3.19,0.55,1.36,0.28,0.82,0.0,37.0
1201,1201,Joe Hurley,68.0,155,68.0,,1.12,0.45,3.35,0.56,0.0,0.0,0.2,0.0,45.0
1202,1202,Gary Padilla,71.0,205,72.0,,2.2,0.27,2.0,0.76,0.0,0.0,0.5,0.0,44.0
1203,1203,Lucas Gamaza,75.0,170,75.0,,7.57,0.31,6.99,0.45,0.0,0.0,0.0,0.0,
1204,1204,Aspen Ladd,66.0,135,66.0, Orthodox,3.78,0.47,4.65,0.47,1.56,0.47,0.62,0.6,29.0
1205,1205,Rodolfo Rubio Perez,65.0,145,66.0, Orthodox,1.13,0.36,1.0,0.62,2.0,0.33,0.33,0.0,37.0
1206,1206,Adam Yandiev,69.0,185,74.0, Orthodox,0.18,0.08,6.14,0.36,0.0,0.0,0.25,0.0,35.0
1207,1207,Peter Danesoe,69.0,125,68.0, Orthodox,4.98,0.54,7.02,0.37,0.0,0.0,0.62,0.0,23.0
1208,1208,Tatsuya Iwasaki,69.0,205,69.0, Orthodox,0.79,1.0,8.68,0.38,0.0,0.0,0.0,0.0,
1209,1209,Chi Lewis-Parry,81.0,243,,,0.0,0.0,0.0,0.0,0.0,0.0,0.0,0.0,40.0
1210,1210,David Heath,71.0,205,72.0, Orthodox,1.48,0.3,5.16,0.49,0.33,0.5,0.57,1.0,48.0
1211,1211,Khamzat Chimaev,74.0,185,75.0, Orthodox,5.72,0.58,3.46,0.42,3.99,0.46,1.0,2.7,30.0
1212,1212,Stephen Regman,71.0,185,76.0, Orthodox,1.41,0.6,4.93,0.23,3.52,1.0,0.0,0.0,32.0
1213,1213,Danny Sabatello,70.0,135,71.0, Orthodox,2.07,0.57,0.2,0.25,3.0,0.75,1.0,1.0,31.0
1214,1214,Bao Quach,63.0,145,, Orthodox,0.0,0.0,0.0,0.0,0.0,0.0,0.0,0.0,44.0
1215,1215,Ralek Gracie,74.0,210,74.0, Orthodox,1.61,0.46,1.05,0.55,2.5,0.75,0.0,1.7,38.0
1216,1216,Patricio Freire,65.0,145,65.0,,2.84,0.41,4.43,0.6,0.6,0.18,0.94,0.6,36.0
1217,1217,Jacobi Jones,69.0,155,72.0, Orthodox,5.87,0.46,7.6,0.48,0.0,0.0,0.33,0.0,28.0
1218,1218,Mabelly Lima,62.0,135,64.0, Orthodox,3.07,0.63,5.67,0.44,0.0,0.0,1.0,0.0,30.0
1219,1219,Pawel Nastula,72.0,230,73.0, Southpaw,1.3,0.43,1.73,0.5,3.0,0.6,0.0,1.5,53.0
1220,1220,Walter Smith-Cotito,68.0,135,72.0,,2.95,0.36,3.53,0.68,2.16,0.33,0.57,0.0,
1221,1221,Ryan Hall,70.0,145,70.0, Southpaw,2.38,0.5,1.33,0.65,0.22,0.09,0.0,2.2,39.0
1222,1222,Wes Albritton,70.0,188,, Orthodox,0.0,0.0,0.0,0.0,0.0,0.0,0.0,0.0,
1223,1223,Abdul Azeem Badakhshi,,145,,,0.0,0.0,0.0,0.0,0.0,0.0,0.0,0.0,
1224,1224,Henry Miller,67.0,270,70.0, Southpaw,1.25,0.36,2.16,0.54,0.55,0.25,0.6,0.0,54.0
1225,1225,Mike Perry,70.0,170,71.0, Orthodox,4.32,0.47,5.16,0.52,0.81,0.4,0.78,0.2,32.0
1226,1226,Richardson Moreira,74.0,185,72.0, Orthodox,1.17,0.28,1.83,0.67,0.0,0.0,1.0,0.0,40.0
1227,1227,Jennifer Maia,64.0,125,64.0, Orthodox,4.35,0.38,4.52,0.55,0.42,0.27,0.58,0.1,35.0
1228,1228,George Hardwick,70.0,155,72.0, Orthodox,3.6,0.38,4.6,0.71,0.0,0.0,0.83,0.0,27.0
1229,1229,Khomkrit Niimi,62.0,125,68.0,,0.0,0.0,5.73,0.44,0.0,0.0,0.0,0.0,
1230,1230,Linton Vassell,76.0,205,80.0,,3.39,0.37,2.13,0.54,2.46,0.5,0.5,0.0,40.0
1231,1231,Nicdali Rivera-Calanoc,63.0,105,63.0,,1.82,0.2,2.42,0.78,0.0,0.0,0.0,0.0,38.0
1232,1232,Daniel Santos,67.0,135,67.0, Orthodox,4.26,0.37,5.12,0.5,1.9,0.5,0.73,0.0,29.0
1233,1233,Alfred Khashakyan,68.0,135,70.0, Orthodox,6.14,0.42,6.38,0.4,3.54,0.25,0.0,0.0,35.0
1234,1234,Amanda Nunes,68.0,135,69.0, Orthodox,4.55,0.51,2.62,0.57,2.73,0.54,0.82,0.7,35.0
1235,1235,Mirsad Bektic,68.0,145,70.0, Orthodox,2.43,0.41,1.8,0.57,3.98,0.52,0.92,0.4,33.0
1236,1236,Robelis Despaigne,79.0,265,84.0, Orthodox,2.16,0.54,3.53,0.49,0.0,0.0,0.25,0.0,35.0
1237,1237,Matt Bessette,70.0,145,70.0, Orthodox,4.36,0.41,4.45,0.58,0.64,0.28,0.61,0.3,39.0
1238,1238,Neiman Gracie,72.0,170,74.0,,0.77,1.0,0.38,0.75,5.77,1.0,0.0,5.8,
1239,1239,Syuri Kondo,64.0,115,66.0, Orthodox,5.4,0.44,7.22,0.58,0.0,0.0,0.83,0.3,35.0
1240,1240,Augusto Mendes,66.0,135,65.0, Orthodox,2.42,0.34,3.91,0.56,1.75,0.33,0.8,0.0,41.0
1241,1241,Alex Gorgees,74.0,155,74.0, Switch,0.67,0.32,2.27,0.38,0.0,0.0,0.54,0.0,28.0
1242,1242,Yukio Sakaguchi,69.0,185,70.0, Orthodox,0.3,0.25,2.4,0.5,4.5,1.0,0.0,9.0,50.0
1243,1243,Jason DeLucia,71.0,190,71.0, Southpaw,0.0,0.0,0.0,0.0,0.0,0.0,0.0,0.0,54.0
1244,1244,Pat Schilling,68.0,145,70.0, Orthodox,1.87,0.26,8.24,0.52,0.0,0.0,0.0,0.0,35.0
1245,1245,Gina Carano,68.0,145,67.0, Orthodox,4.5,0.47,2.66,0.64,1.24,0.66,0.85,1.6,42.0
1246,1246,Matthew Riddle,73.0,170,76.0, Southpaw,3.01,0.42,2.74,0.54,3.51,0.5,0.89,0.5,38.0
1247,1247,Felicia Spencer,66.0,145,68.0, Orthodox,3.21,0.48,4.54,0.45,1.18,0.18,0.27,0.2,33.0
1248,1248,Thomas Longacre,69.0,145,, Orthodox,0.0,0.0,0.0,0.0,0.0,0.0,0.0,0.0,
1249,1249,Simon Biyong,,205,,,0.0,0.0,0.0,0.0,0.0,0.0,0.0,0.0,33.0
1250,1250,Vinny Magalhaes,75.0,205,75.0, Orthodox,2.14,0.24,3.97,0.68,1.55,0.44,0.66,0.8,39.0
1251,1251,Yui Chul Nam,69.0,145,70.0, Orthodox,3.53,0.51,2.0,0.48,1.33,0.16,0.57,0.3,42.0
1252,1252,Rolando Perez,68.0,135,72.0, Orthodox,4.23,0.36,4.83,0.63,0.0,0.0,1.0,0.0,
1253,1253,Estefani Almeida,64.0,125,66.0, Orthodox,3.13,0.37,6.07,0.42,0.0,0.0,0.0,0.0,35.0
1254,1254,Yuri Villefort,72.0,170,73.0, Orthodox,3.18,0.43,5.42,0.55,2.0,0.35,0.4,0.3,33.0
1255,1255,Hector Sandoval,62.0,125,64.0, Orthodox,3.31,0.52,2.33,0.65,3.49,0.25,0.71,1.4,37.0
1256,1256,Roldan Sangcha'an,64.0,125,65.0, Orthodox,2.71,0.46,2.15,0.51,1.94,0.6,0.68,0.0,33.0
1257,1257,Julio Cesar Neves Jr.,68.0,145,76.0,,1.98,0.35,4.81,0.51,1.06,0.25,0.76,0.0,30.0
1258,1258,Damon Jackson,71.0,145,71.0, Switch,3.0,0.41,3.29,0.51,2.51,0.35,0.4,1.4,35.0
1259,1259,Matt Schnell,68.0,125,70.0, Orthodox,4.23,0.38,4.56,0.55,0.59,0.44,0.5,1.0,34.0
1260,1260,Iuri Alcantara,69.0,135,71.0, Southpaw,2.72,0.45,2.79,0.49,1.44,0.62,0.6,0.8,43.0
1261,1261,Pro Escobedo,,205,,,0.0,0.0,0.0,0.0,0.0,0.0,0.0,0.0,
1262,1262,Matt Lee,71.0,155,, Orthodox,0.0,0.0,9.68,0.21,0.0,0.0,0.0,0.0,
1263,1263,Hugo Sandoval,,135,,,0.0,0.0,0.0,0.0,0.0,0.0,0.0,0.0,
1264,1264,Patrick Smith,74.0,225,, Orthodox,0.0,0.0,0.0,0.0,0.0,0.0,0.0,0.0,60.0
1265,1265,Drew Dober,68.0,155,70.0, Southpaw,4.34,0.4,4.23,0.51,0.71,0.18,0.56,0.1,35.0
1266,1266,Pat Barry,71.0,235,74.0, Orthodox,2.72,0.52,3.54,0.59,0.0,0.0,0.76,0.2,44.0
1267,1267,Jorgen Kruth,74.0,205,,,0.0,0.0,0.0,0.0,0.0,0.0,0.0,0.0,50.0
1268,1268,Don Madge,72.0,155,72.0, Southpaw,2.08,0.52,0.74,0.67,2.22,0.25,0.8,0.7,33.0
1269,1269,Tainara Lisboa,67.0,135,67.0, Orthodox,2.05,0.5,1.4,0.54,2.05,0.4,0.7,0.5,33.0
1270,1270,Gabe Ruediger,70.0,155,70.0, Orthodox,1.7,0.31,5.16,0.41,2.04,0.11,0.28,0.0,46.0
1271,1271,Garreth McLellan,73.0,185,72.0, Southpaw,3.56,0.54,2.94,0.45,1.15,0.22,0.34,0.9,41.0
1272,1272,Vagner Rocha,70.0,155,73.0, Orthodox,2.64,0.42,4.5,0.48,1.4,0.33,0.5,1.9,41.0
1273,1273,Reza Nasri,71.0,205,, Orthodox,0.0,0.0,0.0,0.0,0.0,0.0,0.0,0.0,
1274,1274,Vince Morales,69.0,135,70.0, Orthodox,4.17,0.37,4.24,0.53,0.14,0.25,0.64,0.0,33.0
1275,1275,Pete Rodriguez,69.0,170,71.0, Switch,9.28,0.43,12.83,0.42,0.0,0.0,1.0,0.0,27.0
1276,1276,Levan Makashvili,68.0,145,68.0, Orthodox,2.87,0.54,2.07,0.61,3.67,0.42,0.85,0.0,35.0
1277,1277,Sara McMann,66.0,135,66.0, Orthodox,2.26,0.46,1.92,0.47,4.38,0.65,0.5,0.5,43.0
1278,1278,John Cholish,71.0,155,74.0, Orthodox,2.65,0.49,2.29,0.73,1.82,0.31,0.78,0.4,40.0
1279,1279,Eddy Ellis,69.0,170,70.0, Orthodox,3.4,0.69,1.53,0.68,4.0,0.66,0.5,2.0,
1280,1280,David Hood,72.0,200,,,0.0,0.0,0.0,0.0,0.0,0.0,0.0,0.0,
1281,1281,Ricardo Lamas,68.0,145,71.0, Orthodox,3.13,0.47,2.87,0.57,1.84,0.33,0.46,0.9,42.0
1282,1282,Kazula Vargas,68.0,155,71.0, Southpaw,3.65,0.53,1.77,0.57,0.4,0.25,0.3,0.4,38.0
1283,1283,Wataru Sakata,69.0,195,71.0, Southpaw,1.11,0.61,2.08,0.31,0.0,0.0,0.0,0.0,51.0
1284,1284,Jessica-Rose Clark,65.0,135,64.0, Orthodox,3.73,0.51,3.51,0.58,1.66,0.42,0.62,0.3,36.0
1285,1285,Sam Hughes,65.0,115,64.0, Orthodox,4.03,0.45,4.51,0.56,0.96,0.3,0.57,0.0,31.0
1286,1286,Tim McKenzie,72.0,185,74.0, Orthodox,1.37,0.54,2.96,0.44,0.0,0.0,0.28,2.1,41.0
1287,1287,Todd Gouwenberg,73.0,205,73.0, Orthodox,0.52,0.23,2.93,0.42,1.57,0.33,0.5,0.0,49.0
1288,1288,Nate Quarry,72.0,185,72.0, Open Stance,4.96,0.44,2.8,0.66,0.25,0.33,0.6,0.0,52.0
1289,1289,Brodie Farber,73.0,170,73.0, Orthodox,1.69,0.45,2.17,0.53,0.9,0.5,0.2,0.9,43.0
1290,1290,Dakota Bush,70.0,155,73.0, Orthodox,2.77,0.38,4.42,0.41,2.4,0.33,0.0,0.0,29.0
1291,1291,Karl Roberson,73.0,205,74.0, Southpaw,2.57,0.51,2.42,0.57,0.72,0.4,0.42,0.5,33.0
1292,1292,Joe Moreira,71.0,195,, Southpaw,0.0,0.0,0.0,0.0,0.0,0.0,0.0,0.0,
1293,1293,Brandon Lowe,,155,,,0.0,0.0,0.0,0.0,0.0,0.0,0.0,0.0,
1294,1294,Cory Peterson,83.0,400,84.0, Orthodox,2.17,0.6,6.51,0.4,0.0,0.0,0.0,0.0,
1295,1295,Keith Hackney,71.0,200,, Sideways,0.0,0.0,0.0,0.0,0.0,0.0,0.0,0.0,
1296,1296,Tim Lajcik,73.0,225,, Orthodox,0.0,0.0,0.0,0.0,0.0,0.0,0.0,0.0,58.0
1297,1297,Patricia Alujas,64.0,115,64.0, Orthodox,5.83,0.31,9.25,0.44,0.0,0.0,0.0,0.0,28.0
1298,1298,Ty Flores,75.0,205,73.0, Switch,2.0,0.37,7.8,0.25,1.0,0.09,0.0,0.0,30.0
1299,1299,Shonte Barnes,71.0,185,76.0, Southpaw,2.32,0.38,1.55,0.67,0.0,0.0,0.6,0.0,37.0
1300,1300,Yousri Belgaroui,77.0,185,79.0, Orthodox,2.2,0.47,3.2,0.51,0.0,0.0,0.75,0.0,36.0
1301,1301,Ryan Madigan,72.0,170,73.0, Orthodox,0.0,0.0,3.35,0.47,0.0,0.0,0.0,0.0,
1302,1302,Philipe Lins,74.0,205,78.0, Orthodox,3.8,0.49,3.59,0.46,1.65,0.33,1.0,0.0,38.0
1303,1303,Carlos Ulberg,76.0,205,77.0, Orthodox,7.41,0.59,3.6,0.52,0.95,0.75,0.75,0.3,33.0
1304,1304,Ivan Menjivar,66.0,145,64.0, Orthodox,2.78,0.37,2.76,0.65,0.56,0.28,0.38,1.0,41.0
1305,1305,Andre Petroski,72.0,185,73.0, Switch,3.5,0.49,3.08,0.51,4.32,0.54,0.8,2.3,32.0
1306,1306,Craig Jones,,205,,,0.0,0.0,0.0,0.0,0.0,0.0,0.0,0.0,32.0
1307,1307,Alex Pereira,76.0,205,79.0, Orthodox,5.1,0.62,3.65,0.5,0.18,1.0,0.7,0.4,36.0
1308,1308,Vik Grujic,71.0,170,73.0, Orthodox,2.24,0.48,3.39,0.41,1.18,0.33,0.26,0.4,47.0
1309,1309,Rinat Fakhretdinov,72.0,170,74.0, Orthodox,4.05,0.56,2.16,0.52,4.25,0.46,1.0,0.3,32.0
1310,1310,Tom Nolan,75.0,155,73.0, Southpaw,9.26,0.53,6.54,0.41,0.0,0.0,1.0,0.0,24.0
1311,1311,Marcos Rogerio de Lima,73.0,253,75.0, Orthodox,3.7,0.57,2.9,0.51,1.4,0.45,0.59,0.5,38.0
1312,1312,Andrei Arlovski,75.0,240,77.0, Orthodox,3.78,0.45,3.2,0.57,0.38,0.36,0.76,0.2,45.0
1313,1313,Karla Benitez,63.0,113,66.0,,0.0,0.0,2.4,0.57,0.0,0.0,1.0,0.0,
1314,1314,James Wilks,73.0,170,75.0, Orthodox,1.82,0.45,2.03,0.5,1.27,0.22,0.66,3.8,46.0
1315,1315,Edilberto de Oliveira,72.0,170,73.0, Orthodox,4.12,0.32,6.79,0.61,0.0,0.0,0.0,0.0,41.0
1316,1316,David Dvorak,65.0,125,68.0, Orthodox,3.48,0.43,3.29,0.59,0.58,0.3,0.7,0.2,31.0
1317,1317,George Pacurariu,67.0,135,66.0,,4.69,0.53,2.68,0.63,5.03,1.0,1.0,5.0,39.0
1318,1318,Steven Siler,71.0,145,70.0, Orthodox,3.21,0.41,2.96,0.54,0.47,0.21,0.55,1.6,37.0
1319,1319,Magno Almeida,72.0,155,72.0,,1.67,0.36,2.6,0.41,0.0,0.0,0.4,5.0,38.0
1320,1320,Feng Pengchao,,135,,,0.0,0.0,0.0,0.0,0.0,0.0,0.0,0.0,
1321,1321,Robert Sanchez,66.0,125,66.0, Orthodox,0.96,0.4,1.78,0.46,3.61,0.62,0.5,0.7,38.0
1322,1322,Miles Johns,67.0,135,66.0, Orthodox,3.28,0.47,2.55,0.68,1.15,0.22,0.85,0.0,30.0
1323,1323,Eric Spicely,73.0,185,73.0, Orthodox,3.71,0.45,5.72,0.55,1.31,0.2,0.75,1.0,37.0
1324,1324,Jason Butcher,75.0,185,74.0,,1.82,0.4,2.73,0.25,13.64,0.5,0.0,0.0,39.0
1325,1325,Gray Maynard,69.0,155,70.0, Orthodox,1.92,0.32,2.64,0.66,2.91,0.47,0.81,0.7,45.0
1326,1326,Li Jingliang,72.0,170,71.0, Orthodox,4.46,0.42,3.84,0.57,1.25,0.41,0.6,0.0,36.0
1327,1327,Jae Suk Lim,69.0,170,71.0, Orthodox,2.43,0.5,4.05,0.37,12.16,1.0,1.0,0.0,44.0
1328,1328,Onassis Parungao,71.0,200,,,0.0,0.0,0.0,0.0,0.0,0.0,0.0,0.0,
1329,1329,Jaqueline Amorim,63.0,115,68.0, Orthodox,3.33,0.52,1.85,0.62,1.48,0.23,0.0,5.4,28.0
1330,1330,Greg Nagy,73.0,210,75.0, Orthodox,0.41,0.5,2.69,0.37,0.0,0.0,0.0,1.2,40.0
1331,1331,Scott Fiedler,76.0,235,, Orthodox,0.0,0.0,0.0,0.0,0.0,0.0,0.0,0.0,
1332,1332,Fabio Mello,65.0,155,64.0, Southpaw,0.86,0.35,3.94,0.5,0.0,0.0,0.0,0.0,
1333,1333,Frankie Perez,71.0,155,73.0, Orthodox,1.64,0.41,2.17,0.54,1.75,0.41,0.5,0.3,35.0
1334,1334,Mario Neto,72.0,229,72.0, Orthodox,1.89,0.5,1.89,0.7,2.84,1.0,0.0,0.0,
1335,1335,Ashley Yoder,67.0,115,69.0, Southpaw,3.42,0.39,4.13,0.47,1.09,0.27,0.66,0.6,36.0
1336,1336,Demetrius Gioulacos,71.0,185,,,0.0,0.0,0.0,0.0,0.0,0.0,0.0,0.0,
1337,1337,Ricky Steele,69.0,135,74.0, Orthodox,4.07,0.7,2.93,0.5,0.0,0.0,0.91,0.0,35.0
1338,1338,Jake Rosholt,73.0,185,74.0, Orthodox,2.68,0.53,2.33,0.49,6.51,0.68,0.0,1.8,42.0
1339,1339,Justin McElfresh,78.0,205,79.0, Orthodox,4.59,0.26,12.79,0.41,0.0,0.0,0.0,0.0,44.0
1340,1340,Jacob Malkoun,69.0,185,73.0, Orthodox,3.86,0.56,2.48,0.52,6.62,0.42,0.2,0.4,28.0
1341,1341,Jordan Espinosa,66.0,125,69.0, Orthodox,4.22,0.52,2.94,0.57,0.75,0.28,0.7,0.2,34.0
1342,1342,Luana Pinheiro,62.0,115,62.0, Orthodox,3.57,0.4,4.17,0.63,2.24,0.33,0.66,0.2,31.0
1343,1343,Lance Lawrence,73.0,145,74.0, Orthodox,5.87,0.5,9.8,0.24,1.0,1.0,0.5,0.0,30.0
1344,1344,Cody Canterbury,68.0,155,,,0.0,0.0,0.0,0.0,0.0,0.0,0.0,0.0,
1345,1345,Torrance Taylor,67.0,155,,,0.0,0.0,0.0,0.0,0.0,0.0,0.0,0.0,
1346,1346,Gabriel Checco,73.0,185,, Switch,0.0,0.0,0.0,0.0,0.0,0.0,0.0,0.0,38.0
1347,1347,Douglas Lima,73.0,170,75.0,,1.92,0.36,2.84,0.6,0.6,1.0,0.46,0.0,36.0
1348,1348,Dan Severn,74.0,250,, Southpaw,0.0,0.0,0.0,0.0,0.0,0.0,0.0,0.0,65.0
1349,1349,Shane Nelson,69.0,155,70.0, Southpaw,1.38,0.31,2.84,0.61,1.31,0.18,0.54,1.6,39.0
1350,1350,Lucas Lopes,74.0,185,,,0.0,0.0,0.0,0.0,0.0,0.0,0.0,0.0,44.0
1351,1351,Chad W. Saunders,70.0,170,, Orthodox,0.0,0.0,0.0,0.0,0.0,0.0,0.0,0.0,
1352,1352,Leandro Silva,69.0,155,72.0, Orthodox,2.39,0.48,2.08,0.63,1.76,0.37,0.65,0.4,38.0
1353,1353,Mark Striegl,68.0,145,70.0, Southpaw,1.4,0.45,4.07,0.4,0.0,0.0,0.66,0.0,35.0
1354,1354,Joe Soto,66.0,135,65.0, Orthodox,3.36,0.41,5.37,0.67,0.85,0.21,0.7,1.9,37.0
1355,1355,Anna Elmose,63.0,115,65.0, Orthodox,3.68,0.49,4.64,0.56,0.0,0.0,0.33,0.0,39.0
1356,1356,Kazuhiro Nakamura,71.0,205,70.0, Orthodox,1.56,0.37,1.83,0.59,1.73,0.36,0.42,0.6,44.0
1357,1357,Brooke Mayo,67.0,125,65.0,,1.92,0.34,3.2,0.63,3.2,0.6,0.0,2.1,
1358,1358,Chris Amarante,,185,,,0.0,0.0,0.0,0.0,0.0,0.0,0.0,0.0,
1359,1359,Justin Patterson,70.0,170,,,0.0,0.0,0.0,0.0,0.0,0.0,0.0,0.0,38.0
1360,1360,Aljamain Sterling,67.0,145,71.0, Orthodox,4.61,0.52,2.3,0.58,2.31,0.27,0.45,0.7,34.0
1361,1361,Tom Watson,73.0,185,73.0, Orthodox,4.01,0.44,4.41,0.5,0.15,0.07,0.43,0.0,41.0
1362,1362,Omari Akhmedov,72.0,185,73.0, Orthodox,2.97,0.34,2.84,0.55,2.58,0.45,0.65,0.2,36.0
1363,1363,Gabriel Gonzaga,74.0,242,76.0, Orthodox,2.12,0.45,2.94,0.57,2.8,0.39,0.66,1.1,45.0
1364,1364,Michael McDonald,69.0,135,70.0, Orthodox,2.69,0.42,2.76,0.57,1.09,0.66,0.52,1.4,33.0
1365,1365,Ryan Stonitsch,69.0,170,69.0, Southpaw,2.53,0.36,2.53,0.71,0.0,0.0,0.0,0.0,47.0
1366,1366,Samy Schiavo,68.0,155,68.0, Orthodox,1.68,0.34,2.62,0.38,0.94,0.5,0.66,0.9,48.0
1367,1367,Chad Vance,72.0,185,, Orthodox,0.0,0.0,0.0,0.0,0.0,0.0,0.0,0.0,
1368,1368,Brett Albee,,225,,,0.0,0.0,0.0,0.0,0.0,0.0,0.0,0.0,
1369,1369,Brandon Gaines,75.0,185,,,0.0,0.0,0.0,0.0,0.0,0.0,0.0,0.0,
1370,1370,Ido Pariente,68.0,155,67.0, Orthodox,0.0,0.0,2.86,0.45,0.0,0.0,0.0,0.0,
1371,1371,Alexis Dufresne,69.0,135,69.0, Orthodox,1.33,0.27,3.33,0.6,1.5,0.5,0.5,0.0,33.0
1372,1372,Paul Sass,72.0,155,73.0, Orthodox,0.53,0.26,1.9,0.51,0.53,0.16,0.33,7.4,35.0
1373,1373,Veta Arteaga,67.0,125,64.0,,3.2,0.36,1.92,0.65,0.0,0.0,0.4,0.0,
1374,1374,Luan Lacerda,67.0,135,71.0, Orthodox,4.52,0.44,7.07,0.47,1.26,0.25,0.75,0.6,31.0
1375,1375,Wu Yanan,68.0,135,66.0, Orthodox,4.23,0.41,4.95,0.49,0.62,0.3,0.63,0.2,28.0
1376,1376,Paulo Costa,73.0,185,72.0, Orthodox,6.2,0.58,6.38,0.47,0.45,0.75,0.8,0.0,33.0
1377,1377,Josh San Diego,70.0,135,,,0.0,0.0,0.0,0.0,0.0,0.0,0.0,0.0,
1378,1378,Karolina Wojcik,62.0,115,62.0, Orthodox,2.67,0.65,0.87,0.62,2.0,0.66,1.0,1.0,29.0
1379,1379,Alberto Mina,72.0,170,77.0, Orthodox,3.23,0.38,3.7,0.47,1.85,0.2,0.5,0.0,42.0
1380,1380,Melton Bowen,72.0,225,, Orthodox,0.0,0.0,0.0,0.0,0.0,0.0,0.0,0.0,54.0
1381,1381,Yosuke Nishijima,69.0,205,72.0, Orthodox,1.72,0.37,5.59,0.56,0.0,0.0,0.0,0.0,51.0
1382,1382,John Phillips,71.0,185,75.0, Southpaw,1.72,0.34,4.03,0.49,0.0,0.0,0.07,0.0,38.0
1383,1383,Andre Pederneiras,68.0,155,, Orthodox,0.0,0.0,0.0,0.0,0.0,0.0,0.0,0.0,57.0
1384,1384,Ben Askren,71.0,170,73.0, Orthodox,3.64,0.49,5.66,0.36,4.33,0.55,0.0,0.9,39.0
1385,1385,Mitch Raposo,65.0,125,64.0, Switch,2.57,0.25,3.18,0.56,3.67,0.66,0.0,0.0,25.0
1386,1386,Heath Herring,76.0,250,78.0, Orthodox,2.37,0.5,1.77,0.54,1.22,0.5,0.32,0.7,46.0
1387,1387,Manny Bermudez,70.0,145,71.0, Orthodox,2.92,0.61,2.68,0.46,3.06,0.54,0.0,3.1,29.0
1388,1388,Kevin Gray,64.0,125,67.0, Orthodox,3.45,0.62,4.48,0.66,0.0,0.0,0.0,0.0,39.0
1389,1389,Oban Elliott,72.0,170,72.0, Orthodox,4.27,0.53,2.17,0.61,3.5,0.5,0.0,0.0,26.0
1390,1390,Maurice Greene,79.0,258,80.0, Orthodox,3.28,0.45,3.61,0.45,0.0,0.0,0.27,0.4,37.0
1391,1391,Nathan Jones,83.0,345,, Orthodox,0.0,0.0,0.0,0.0,0.0,0.0,0.0,0.0,53.0
1392,1392,Anthony Birchak,68.0,135,69.0, Orthodox,3.93,0.36,3.67,0.56,0.48,0.14,0.61,0.5,38.0
1393,1393,Ben Holscher,71.0,155,,,0.0,0.0,0.0,0.0,0.0,0.0,0.0,0.0,
1394,1394,Israel Delgado,70.0,155,,,0.0,0.0,0.0,0.0,0.0,0.0,0.0,0.0,
1395,1395,Andre Fili,71.0,145,74.0, Orthodox,3.85,0.37,4.11,0.51,2.16,0.47,0.69,0.3,33.0
1396,1396,Justin Jaynes,67.0,145,68.0, Orthodox,3.34,0.44,5.33,0.62,0.75,0.4,0.2,1.1,34.0
1397,1397,Talita Nogueira,70.0,145,,,0.0,0.0,0.0,0.0,0.0,0.0,0.0,0.0,38.0
1398,1398,Kyle Noke,73.0,170,76.0, Southpaw,3.23,0.5,2.09,0.64,1.53,0.54,0.66,0.8,44.0
1399,1399,Zabit Magomedsharipov,73.0,145,73.0, Orthodox,4.89,0.48,3.0,0.64,5.22,0.56,0.77,0.8,33.0
1400,1400,Gareth Joseph,,205,,,0.0,0.0,0.0,0.0,0.0,0.0,0.0,0.0,
1401,1401,Luciano Pereira,,125,, Orthodox,0.0,0.0,0.0,0.0,0.0,0.0,0.0,0.0,23.0
1402,1402,Wagner Silva,72.0,170,72.0, Orthodox,1.69,0.29,2.87,0.65,0.0,0.0,0.58,0.0,37.0
1403,1403,Bryan Pardoe,73.0,205,73.0, Orthodox,1.11,0.36,4.59,0.45,4.75,0.4,0.33,0.0,
1404,1404,Michal Martinek,74.0,230,80.0, Southpaw,2.45,0.53,4.29,0.51,0.0,0.0,0.0,0.0,34.0
1405,1405,Danny Mitchell,74.0,170,75.0, Orthodox,2.53,0.49,2.53,0.52,0.0,0.0,1.0,3.0,37.0
1406,1406,Mark Dickman,69.0,145,,,0.0,0.0,0.0,0.0,0.0,0.0,0.0,0.0,39.0
1407,1407,Danny Abbadi,71.0,155,71.0, Orthodox,3.29,0.38,4.41,0.57,0.0,0.0,0.77,0.0,40.0
1408,1408,Isaiah Hill,70.0,155,70.0,,4.84,0.5,0.97,0.8,0.0,0.0,0.66,14.5,
1409,1409,Christian Morecraft,78.0,260,81.0, Orthodox,2.82,0.34,2.46,0.46,3.26,0.66,0.5,2.2,37.0
1410,1410,Maimaitituoheti Keremuaili,66.0,135,66.0, Orthodox,1.47,0.52,1.67,0.37,1.0,0.33,0.84,0.0,33.0
1411,1411,Djorden Santos,,185,,,0.0,0.0,0.0,0.0,0.0,0.0,0.0,0.0,26.0
1412,1412,Kenyon Jackson,72.0,185,,,0.0,0.0,0.0,0.0,0.0,0.0,0.0,0.0,
1413,1413,John Teixeira,67.0,145,69.0, Orthodox,3.36,0.35,3.2,0.63,1.0,0.27,0.71,0.7,37.0
1414,1414,Mal Foki,67.0,220,68.0, Orthodox,2.86,0.14,14.29,0.54,0.0,0.0,0.0,0.0,
1415,1415,Rob Wilkinson,75.0,185,80.0, Orthodox,2.74,0.5,5.66,0.39,4.47,0.25,0.0,0.0,32.0
1416,1416,Lolohea Mahe,73.0,235,74.0,,1.71,0.29,6.92,0.4,2.44,0.4,0.0,0.0,
1417,1417,Andrew Holbrook,71.0,155,70.0, Southpaw,2.2,0.49,3.0,0.54,0.85,0.18,0.1,2.1,38.0
1418,1418,Ivan Salaverry,72.0,185,72.0, Orthodox,3.01,0.47,1.19,0.76,0.49,0.18,0.36,2.5,53.0
1419,1419,Marlon Moraes,66.0,135,67.0, Orthodox,3.37,0.4,4.53,0.54,0.87,0.41,0.46,0.3,36.0
1420,1420,Yoshiki Takahashi,71.0,199,71.0, Southpaw,2.26,0.51,6.47,0.44,0.0,0.0,0.66,2.3,55.0
1421,1421,Cody McKenzie,72.0,155,72.0, Switch,1.74,0.34,2.5,0.67,2.5,0.25,0.14,2.5,36.0
1422,1422,Mark Hunt,70.0,265,72.0, Orthodox,2.81,0.43,2.9,0.51,0.51,0.55,0.64,0.2,50.0
1423,1423,Pete Sabala,,135,,,0.0,0.0,0.0,0.0,0.0,0.0,0.0,0.0,
1424,1424,Jose Augusto,75.0,251,,,0.0,0.0,0.0,0.0,0.0,0.0,0.0,0.0,32.0
1425,1425,Victor Madrigal,67.0,135,71.0, Orthodox,2.31,0.38,9.56,0.5,0.0,0.0,0.0,0.0,33.0
1426,1426,Maheshate,72.0,155,71.0, Orthodox,3.9,0.28,5.76,0.53,0.0,0.0,0.45,0.0,24.0
1427,1427,Humberto Brown Morrison,70.0,145,71.0,,1.71,0.5,2.19,0.62,1.43,0.25,0.0,0.0,39.0
1428,1428,Jack Duffy,,125,,,0.0,0.0,0.0,0.0,0.0,0.0,0.0,0.0,28.0
1429,1429,Edivan Santos,76.0,248,78.0, Orthodox,1.55,0.48,7.09,0.26,0.0,0.0,0.25,0.0,32.0
1430,1430,Leo Sylvest,71.0,205,72.0, Orthodox,0.0,0.0,6.58,0.27,0.0,0.0,0.0,0.0,50.0
1431,1431,Sarah Alpar,64.0,135,63.0, Southpaw,2.36,0.44,6.06,0.38,1.61,0.26,0.2,0.4,32.0
1432,1432,Chance Farrar,69.0,145,69.0, Southpaw,0.81,0.22,2.21,0.67,3.02,1.0,0.0,0.0,48.0
1433,1433,Daniel Jolly,73.0,205,75.0, Orthodox,1.32,0.46,3.39,0.44,2.83,0.33,0.5,0.0,39.0
1434,1434,Abner Lloveras,71.0,155,72.0,,6.27,0.49,6.87,0.43,2.0,0.2,0.0,0.0,41.0
1435,1435,Misha Cirkunov,75.0,205,77.0, Orthodox,3.86,0.51,3.06,0.57,4.15,0.39,0.76,1.7,37.0
1436,1436,Toby Misech,68.0,145,69.0, Southpaw,3.27,0.4,7.73,0.46,0.0,0.0,0.0,0.0,36.0
1437,1437,Andre Amado,72.0,154,72.0, Orthodox,2.27,0.24,5.91,0.63,0.0,0.0,0.2,0.0,
1438,1438,Brian Foster,69.0,170,71.0, Orthodox,3.3,0.39,1.63,0.65,3.67,0.6,0.37,1.8,40.0
1439,1439,Randy Costa,69.0,135,73.0, Switch,6.53,0.46,7.58,0.58,0.0,0.0,0.5,0.0,29.0
1440,1440,Chad Cook,74.0,205,,,0.0,0.0,0.0,0.0,0.0,0.0,0.0,0.0,44.0
1441,1441,Matej Penaz,75.0,185,83.0, Southpaw,1.28,0.33,2.55,0.33,0.0,0.0,0.0,0.0,27.0
1442,1442,Wuziazibieke Jiahefu,69.0,145,70.0, Orthodox,0.41,0.5,2.84,0.41,6.08,0.5,0.0,0.0,34.0
1443,1443,Nobuhiro Obiya,68.0,145,, Orthodox,0.63,0.28,2.53,0.55,0.5,0.5,0.41,0.5,43.0
1444,1444,Saimon Oliveira,64.0,135,72.0, Orthodox,2.82,0.41,3.91,0.48,1.21,0.25,0.35,1.6,33.0
1445,1445,Nikolay Veretennikov,73.0,170,74.0, Orthodox,3.47,0.65,3.53,0.56,0.0,0.0,0.5,0.0,34.0
1446,1446,Julian Erosa,73.0,145,74.0, Southpaw,6.14,0.48,6.29,0.47,1.63,0.46,0.58,0.8,34.0
1447,1447,Paul Herrera,70.0,185,, Orthodox,0.0,0.0,0.0,0.0,0.0,0.0,0.0,0.0,
1448,1448,Art Arciniega,68.0,145,69.0,,1.53,0.46,2.73,0.51,0.0,0.0,0.5,1.0,42.0
1449,1449,Alan Baudot,75.0,243,79.0, Orthodox,5.36,0.58,4.82,0.46,0.0,0.0,0.62,0.0,36.0
1450,1450,Joilton Lutterbach,,185,,,0.0,0.0,0.0,0.0,0.0,0.0,0.0,0.0,31.0
1451,1451,Tom Breese,75.0,185,73.0, Southpaw,3.34,0.5,2.81,0.6,0.0,0.0,0.7,1.1,32.0
1452,1452,Mark Cherico,67.0,145,69.0, Orthodox,3.69,0.34,7.37,0.56,5.03,0.5,0.0,0.0,38.0
1453,1453,Donavon Frelow,67.0,135,64.0, Orthodox,2.4,0.27,3.2,0.52,1.0,1.0,0.26,0.0,39.0
1454,1454,Westin Wilson,73.0,145,73.0, Southpaw,2.11,0.34,6.62,0.28,0.0,0.0,0.0,4.2,35.0
1455,1455,Chris Lytle,71.0,170,68.0, Orthodox,3.76,0.45,3.03,0.58,0.7,0.55,0.55,2.4,49.0
1456,1456,Quang Le,,135,,,0.0,0.0,0.0,0.0,0.0,0.0,0.0,0.0,32.0
1457,1457,Marcus Brimage,64.0,135,71.0, Southpaw,3.97,0.35,3.64,0.56,0.56,1.0,0.8,0.0,39.0
1458,1458,Bill Cooper,,155,,,0.0,0.0,0.0,0.0,0.0,0.0,0.0,0.0,40.0
1459,1459,Jens Pulver,67.0,145,70.0, Southpaw,2.12,0.37,3.13,0.56,0.22,0.33,0.63,0.3,49.0
1460,1460,Allan Zuniga,67.0,155,70.0, Orthodox,3.93,0.52,1.8,0.61,0.0,0.0,0.57,1.0,32.0
1461,1461,Nursulton Ruziboev,77.0,170,76.0, Orthodox,2.5,0.43,4.6,0.49,0.77,1.0,0.0,0.0,30.0
1462,1462,Marcus Aurelio,70.0,155,74.0, Orthodox,1.42,0.33,2.27,0.59,1.69,0.27,0.27,1.3,50.0
1463,1463,John Franchi,66.0,145,67.0, Orthodox,1.83,0.48,2.59,0.48,2.68,0.8,0.4,0.3,41.0
1464,1464,Humberto DeLeon,,135,,,0.0,0.0,0.0,0.0,0.0,0.0,0.0,0.0,34.0
1465,1465,Teruto Ishihara,67.0,135,69.0, Southpaw,3.26,0.44,3.63,0.53,0.5,0.16,0.3,0.0,32.0
1466,1466,Derek Brunson,73.0,185,77.0, Southpaw,3.51,0.47,3.05,0.51,3.14,0.33,0.85,0.6,40.0
1467,1467,JP Felty,,170,,,0.0,0.0,0.0,0.0,0.0,0.0,0.0,0.0,45.0
1468,1468,Tom Lawlor,72.0,205,74.0, Southpaw,2.5,0.42,2.41,0.6,2.46,0.32,0.57,1.4,41.0
1469,1469,Jay Perrin,67.0,135,67.0, Switch,3.71,0.46,3.9,0.44,2.83,0.52,0.58,0.0,30.0
1470,1470,Andy Waters,72.0,170,,,0.0,0.0,0.0,0.0,0.0,0.0,0.0,0.0,
1471,1471,Alexandr Romanov,74.0,262,75.0, Southpaw,4.06,0.52,2.2,0.5,4.32,0.54,0.2,0.9,33.0
1472,1472,Alexander Munoz,69.0,155,72.0, Switch,3.7,0.42,4.73,0.55,3.0,0.4,1.0,0.0,34.0
1473,1473,Nicco Montano,65.0,135,65.0, Southpaw,5.6,0.41,4.43,0.64,2.25,0.54,0.69,0.4,35.0
1474,1474,Kenny Giddens,71.0,155,,,0.0,0.0,0.0,0.0,0.0,0.0,0.0,0.0,
1475,1475,Steve Lopez,71.0,155,72.0, Orthodox,1.39,0.24,2.69,0.62,0.0,0.0,0.37,0.0,39.0
1476,1476,Sidney Outlaw,68.0,170,74.0, Orthodox,0.13,0.33,0.8,0.71,3.0,0.75,0.0,3.0,32.0
1477,1477,Marko Damiani,72.0,170,,,0.0,0.0,0.0,0.0,0.0,0.0,0.0,0.0,
1478,1478,Shinya Aoki,71.0,154,71.0, Southpaw,0.97,0.58,1.25,0.58,2.54,0.41,0.6,4.0,41.0
1479,1479,Jailton Almeida,75.0,205,79.0, Orthodox,2.54,0.64,0.74,0.4,6.88,0.59,0.75,2.2,32.0
1480,1480,Ebenezer Fontes Braga,72.0,199,74.0, Orthodox,2.42,0.5,0.42,0.71,0.0,0.0,0.9,0.6,55.0
1481,1481,Liam McGeary,78.0,205,81.0,,1.28,0.48,1.92,0.5,0.51,1.0,0.0,2.5,41.0
1482,1482,Daniel Spohn,76.0,205,79.0, Southpaw,2.42,0.49,1.6,0.53,0.0,0.0,0.28,2.5,39.0
1483,1483,Chad Reiner,71.0,170,73.0, Orthodox,0.53,0.2,1.97,0.46,0.99,0.33,0.25,2.0,42.0
1484,1484,Talisson Teixeira,,265,,,0.0,0.0,0.0,0.0,0.0,0.0,0.0,0.0,24.0
1485,1485,Stephanie Egger,66.0,135,68.0, Orthodox,2.2,0.46,2.48,0.52,2.48,0.42,0.5,0.6,35.0
1486,1486,Carls John De Tomas,65.0,125,71.0, Southpaw,1.74,0.37,3.93,0.44,1.37,0.33,0.66,0.0,27.0
1487,1487,Chris Inman,, --,,,0.0,0.0,0.0,0.0,0.0,0.0,0.0,0.0,
1488,1488,Ulysses Gomez,66.0,125,68.0, Orthodox,2.72,0.25,3.57,0.68,0.0,0.0,0.0,0.0,40.0
1489,1489,David Douglas,71.0,155,,,0.0,0.0,0.0,0.0,0.0,0.0,0.0,0.0,42.0
1490,1490,Pete Rogers Jr.,72.0,145,73.0,,0.66,0.15,1.71,0.65,0.0,0.0,0.0,0.0,
1491,1491,Yusuke Imamura,68.0,220,71.0, Orthodox,0.18,0.5,1.83,0.52,2.75,0.5,0.0,0.0,
1492,1492,Carlos Vera,66.0,135,69.0, Orthodox,0.8,0.48,2.53,0.45,0.0,0.0,0.0,0.0,36.0
1493,1493,Kathryn Paprocki,63.0,115,63.0, Orthodox,1.0,0.23,4.27,0.43,0.0,0.0,0.0,0.0,31.0
1494,1494,Crezio de Souza,,170,, Orthodox,0.0,0.0,0.0,0.0,0.0,0.0,0.0,0.0,
1495,1495,Windri Patilima,66.0,155,71.0, Southpaw,0.31,0.5,7.64,0.31,0.0,0.0,0.0,0.0,30.0
1496,1496,Maiju Kujala,66.0,135,67.0,,2.5,0.4,5.5,0.36,0.0,0.0,0.5,0.0,
1497,1497,Nazareno Malegarie,68.0,155,70.0,,3.87,0.34,3.27,0.69,1.0,0.33,0.0,0.0,38.0
1498,1498,Jason Blackford,, --,,,0.0,0.0,0.0,0.0,0.0,0.0,0.0,0.0,
1499,1499,Guto Inocente,75.0,205,77.0, Orthodox,4.13,0.66,2.92,0.54,0.67,0.33,0.66,0.7,37.0
1500,1500,David Branch,73.0,185,78.0, Orthodox,1.66,0.39,1.91,0.56,2.55,0.32,0.43,0.0,42.0
1501,1501,Tatiana Suarez,65.0,115,66.0, Southpaw,4.27,0.63,1.38,0.51,6.2,0.61,1.0,0.9,33.0
1502,1502,Chris Wright,, --,,,0.0,0.0,0.0,0.0,0.0,0.0,0.0,0.0,
1503,1503,Megan Anderson,72.0,145,72.0, Orthodox,1.76,0.46,3.35,0.37,0.52,0.25,0.53,0.5,34.0
1504,1504,Lance Benoist,71.0,170,72.0, Southpaw,3.68,0.51,2.7,0.56,1.5,0.33,0.61,0.0,35.0
1505,1505,Justin McCully,73.0,225,73.0, Orthodox,1.58,0.37,2.02,0.46,1.28,0.44,0.43,0.0,48.0
1506,1506,John Salgado,70.0,170,70.0,,0.99,0.5,1.86,0.4,0.0,0.0,0.5,0.0,
1507,1507,Ray Sefo,72.0,240,73.0, Orthodox,0.86,0.31,1.71,0.72,0.0,0.0,0.66,0.0,53.0
1508,1508,Luan Chagas,72.0,170,75.0, Orthodox,4.16,0.47,3.19,0.62,0.32,0.12,0.85,0.3,30.0
1509,1509,Jason Glaza,72.0,230,76.0,,4.34,0.54,0.43,0.4,4.34,1.0,0.0,4.3,
1510,1510,Rousimar Palhares,68.0,170,71.0, Orthodox,1.75,0.51,2.04,0.59,3.93,0.45,0.0,4.1,44.0
1511,1511,Josh Hendricks,74.0,235,74.0, Southpaw,0.98,0.2,11.8,0.29,0.0,0.0,0.0,0.0,47.0
1512,1512,Chris Bostick,, --,,,0.0,0.0,0.0,0.0,0.0,0.0,0.0,0.0,
1513,1513,Ryan Bastianelli,65.0,135,,,0.0,0.0,0.0,0.0,0.0,0.0,0.0,0.0,
1514,1514,Kit Cope,72.0,170,72.0, Orthodox,1.18,0.52,2.12,0.35,0.0,0.0,0.5,3.5,47.0
1515,1515,Sabina Mazo,67.0,125,70.0, Orthodox,6.1,0.43,4.35,0.57,0.65,0.8,0.59,0.2,27.0
1516,1516,Thiago Alves,69.0,170,70.0, Orthodox,3.73,0.41,3.42,0.62,0.71,0.6,0.63,0.3,40.0
1517,1517,Alvaro Herrera Mendoza,72.0,155,74.0, Orthodox,1.89,0.38,3.4,0.55,0.0,0.0,0.33,1.1,34.0
1518,1518,Nyamjargal Tumendemberel,67.0,125,71.0, Orthodox,4.43,0.44,3.62,0.45,4.68,0.38,0.14,3.7,26.0
1519,1519,Steve Berger,71.0,170,73.0, Orthodox,1.0,0.27,3.26,0.36,0.84,0.4,0.16,1.7,51.0
1520,1520,Jeremy Hamilton,,185,,,0.0,0.0,0.0,0.0,0.0,0.0,0.0,0.0,39.0
1521,1521,Mike Bourke,72.0,275,, Orthodox,0.0,0.0,0.0,0.0,0.0,0.0,0.0,0.0,
1522,1522,Matt Andersen,74.0,230,, Southpaw,0.0,0.0,0.0,0.0,0.0,0.0,0.0,0.0,52.0
1523,1523,Reyes Cortez Jr.,67.0,135,68.0, Orthodox,4.1,0.45,7.43,0.52,1.5,0.11,1.0,0.0,31.0
1524,1524,Satoshi Ishii,71.0,240,74.0, Orthodox,1.41,0.36,1.58,0.63,3.47,0.52,1.0,1.6,37.0
1525,1525,Mike Guymon,72.0,170,74.0, Orthodox,2.75,0.65,0.79,0.66,1.87,0.37,0.54,1.2,49.0
1526,1526,Sarah Kaufman,65.0,135,66.0, Orthodox,6.65,0.46,4.0,0.62,0.38,0.57,0.81,0.0,38.0
1527,1527,Douglas Silva de Andrade,67.0,135,68.0, Orthodox,3.66,0.38,3.99,0.58,0.61,0.46,0.7,0.2,38.0
1528,1528,Ramsey Nijem,71.0,155,75.0, Orthodox,3.05,0.44,1.62,0.62,5.32,0.62,0.55,1.1,36.0
1529,1529,Jason Jackson,73.0,170,78.0, Orthodox,2.24,0.48,1.31,0.56,0.0,0.0,0.0,0.0,33.0
1530,1530,Jorge Masvidal,71.0,170,74.0, Orthodox,4.05,0.47,3.05,0.64,1.38,0.59,0.72,0.3,39.0
1531,1531,Cain Velasquez,73.0,240,77.0, Orthodox,6.37,0.57,2.33,0.57,5.13,0.45,0.85,0.4,41.0
1532,1532,Grigory Popov,67.0,135,68.0, Switch,3.63,0.37,4.2,0.55,0.0,0.0,0.45,0.0,40.0
1533,1533,Luke Jumeau,71.0,170,72.0, Orthodox,2.93,0.43,3.17,0.58,0.25,1.0,0.86,0.0,36.0
1534,1534,Ike Villanueva,73.0,205,73.0, Orthodox,3.66,0.38,7.24,0.36,0.6,0.5,1.0,0.0,40.0
1535,1535,Sovannahry Em,64.0,135,,,0.0,0.0,0.0,0.0,0.0,0.0,0.0,0.0,31.0
1536,1536,Leonard Garcia,70.0,145,68.0, Orthodox,2.77,0.24,4.79,0.52,0.3,0.26,0.42,0.5,44.0
1537,1537,Josh Wick,69.0,155,69.0, Switch,0.65,0.6,6.52,0.41,0.0,0.0,0.8,0.0,29.0
1538,1538,Gabriel Miranda,71.0,145,71.0, Orthodox,3.52,0.51,6.88,0.39,4.8,0.4,0.0,2.4,34.0
1539,1539,Jake O'Brien,75.0,205,76.0, Orthodox,1.31,0.31,1.92,0.69,6.39,0.54,0.25,0.2,39.0
1540,1540,Arlene Blencowe,65.0,145,65.0,,2.31,0.43,2.1,0.43,0.0,0.0,0.55,0.6,41.0
1541,1541,Mike Whitehead,73.0,205,73.0, Orthodox,1.62,0.33,2.36,0.59,3.59,0.43,0.77,0.3,42.0
1542,1542,Claude Patrick,71.0,170,75.0, Orthodox,1.8,0.55,0.89,0.69,2.32,0.53,0.84,1.7,43.0
1543,1543,CJ Keith,72.0,155,73.0, Orthodox,0.86,0.5,1.82,0.5,0.0,0.0,0.62,0.0,37.0
1544,1544,Michelle Waterson-Gomez,63.0,115,62.0, Orthodox,3.56,0.46,4.19,0.49,1.42,0.32,0.7,0.7,38.0
1545,1545,Keisuke Fujiwara,66.0,139,67.0, Switch,0.73,0.44,1.2,0.47,0.0,0.0,0.23,2.5,
1546,1546,AJ Fonseca,64.0,145,,,0.0,0.0,0.0,0.0,0.0,0.0,0.0,0.0,
1547,1547,Nadia Kassem,65.0,125,66.0, Southpaw,3.13,0.41,4.48,0.48,0.46,0.33,0.4,2.8,28.0
1548,1548,Askar Askarov,66.0,125,67.0, Orthodox,3.05,0.54,2.8,0.57,2.6,0.24,0.66,0.4,31.0
1549,1549,Norma Dumont,67.0,135,67.0, Orthodox,3.11,0.49,1.89,0.66,1.91,0.68,0.72,0.0,33.0
1550,1550,Istela Nunes,64.0,115,66.0, Orthodox,5.02,0.45,4.84,0.6,0.0,0.0,0.5,0.0,31.0
1551,1551,Marc-Andre Barriault,73.0,185,74.0, Orthodox,6.19,0.47,5.67,0.52,0.22,0.25,0.67,0.1,34.0
1552,1552,Luis Pajuelo,70.0,145,69.0, Orthodox,6.03,0.57,8.2,0.52,0.0,0.0,0.66,0.0,29.0
1553,1553,Alex Andrade,71.0,200,73.0, Orthodox,0.2,0.36,2.6,0.53,0.0,0.0,0.25,0.8,50.0
1554,1554,Kleydson Rodrigues,65.0,135,67.0, Orthodox,4.58,0.57,2.29,0.53,0.6,0.22,0.53,0.6,28.0
1555,1555,Tony Ferguson,71.0,155,76.0, Orthodox,4.94,0.45,4.41,0.55,0.39,0.35,0.67,0.9,40.0
1556,1556,Torrez Finney,68.0,185,75.0, Orthodox,0.91,0.58,2.33,0.47,13.61,0.63,0.0,3.9,25.0
1557,1557,Thaddeus Luster,75.0,210,,,0.0,0.0,0.0,0.0,0.0,0.0,0.0,0.0,
1558,1558,JunYoung Hong,69.0,145,69.0, Orthodox,3.53,0.39,3.27,0.54,0.0,0.0,0.4,0.0,33.0
1559,1559,Mo Miller,68.0,135,72.0, Orthodox,1.87,0.45,1.33,0.6,4.0,0.8,0.0,0.0,31.0
1560,1560,Jack Cartwright,69.0,135,68.0, Orthodox,0.8,0.38,3.33,0.29,6.0,0.66,0.0,2.0,29.0
1561,1561,Javier Vazquez,67.0,145,69.0, Southpaw,2.43,0.36,1.99,0.72,2.56,0.52,0.57,1.5,46.0
1562,1562,Michael Byrnes,71.0,155,,,0.0,0.0,0.0,0.0,0.0,0.0,0.0,0.0,33.0
1563,1563,Grant Dawson,70.0,155,72.0, Switch,2.97,0.51,2.27,0.45,3.68,0.36,0.4,1.5,30.0
1564,1564,Roman Salazar,67.0,135,68.0, Orthodox,1.95,0.39,2.89,0.57,1.77,0.18,0.5,0.0,36.0
1565,1565,Katsuyori Shibata,72.0,168,73.0, Orthodox,2.06,0.35,2.4,0.53,0.49,0.5,0.53,0.7,44.0
1566,1566,Matt Grice,68.0,145,70.0, Orthodox,4.09,0.53,2.69,0.56,2.19,0.37,0.82,0.5,42.0
1567,1567,Alexander Crispim,,145,,,0.0,0.0,0.0,0.0,0.0,0.0,0.0,0.0,
1568,1568,Sumudaerji,68.0,125,72.0, Southpaw,4.64,0.54,2.73,0.61,0.29,1.0,0.66,0.6,28.0
1569,1569,Jussier Formiga,65.0,125,67.0, Orthodox,1.42,0.39,2.34,0.64,1.82,0.35,0.87,0.6,39.0
1570,1570,Mark Schultz,69.0,200,, Orthodox,0.0,0.0,0.0,0.0,0.0,0.0,0.0,0.0,
1571,1571,Zoila Frausto,64.0,135,66.0, Orthodox,0.77,0.31,1.64,0.53,0.0,0.0,0.57,0.0,
1572,1572,Logan Nail,75.0,185,80.0,,1.93,0.51,2.27,0.39,0.0,0.0,0.37,0.0,34.0
1573,1573,Bo Nickal,73.0,185,76.0, Southpaw,1.64,0.62,0.5,0.7,7.46,0.5,0.0,7.5,28.0
1574,1574,Jonathan Meunier,75.0,170,75.0, Switch,3.47,0.5,1.43,0.69,0.58,0.33,0.58,0.0,36.0
1575,1575,Chris Birchler,75.0,205,79.0, Switch,9.35,0.46,14.83,0.35,0.0,0.0,0.0,0.0,36.0
1576,1576,Thiago Santos,74.0,205,76.0, Orthodox,3.72,0.48,2.57,0.53,0.88,0.33,0.65,0.1,40.0
1577,1577,Papy Abedi,71.0,185,74.0, Southpaw,2.8,0.55,3.15,0.48,3.47,0.57,0.5,1.3,45.0
1578,1578,Leiticia Pestova,66.0,135,67.0, Orthodox,0.0,0.0,24.62,0.44,0.0,0.0,0.0,0.0,40.0
1579,1579,Martin Buschkamp,69.0,145,, Orthodox,0.0,0.0,0.0,0.0,0.0,0.0,0.0,0.0,33.0
1580,1580,Neil Grove,78.0,265,78.0, Orthodox,0.0,0.0,0.0,0.0,0.0,0.0,1.0,14.3,53.0
1581,1581,Billy Miles,70.0,170,71.0, Orthodox,0.0,0.0,1.25,0.33,0.0,0.0,0.0,0.0,46.0
1582,1582,Nik Lentz,68.0,145,68.0, Orthodox,3.44,0.47,3.25,0.5,3.3,0.32,0.43,1.2,39.0
1583,1583,Marcin Wrzosek,69.0,155,70.0,,3.47,0.43,4.07,0.43,3.0,0.25,0.33,0.0,36.0
1584,1584,Matt Serra,66.0,170,68.0, Orthodox,1.98,0.39,2.64,0.46,2.05,0.2,0.38,0.9,49.0
1585,1585,Mike Malott,73.0,170,73.0, Orthodox,3.83,0.46,3.33,0.52,3.04,0.6,0.16,1.0,32.0
1586,1586,Jose Ochoa,,125,,,0.0,0.0,0.0,0.0,0.0,0.0,0.0,0.0,23.0
1587,1587,Virna Jandiroba,63.0,115,64.0, Orthodox,2.3,0.38,2.96,0.57,2.36,0.36,0.73,1.2,35.0
1588,1588,Mauricio Ruffy,71.0,155,75.0, Orthodox,4.88,0.59,3.8,0.59,0.0,0.0,1.0,0.0,27.0
1589,1589,Yoko Takahashi,68.0,150,70.0,,5.11,0.54,8.78,0.48,0.0,0.0,0.0,0.0,51.0
1590,1590,Patrick Williams,68.0,135,73.0, Orthodox,4.12,0.51,4.12,0.52,2.71,0.41,1.0,0.5,42.0
1591,1591,Tim Roman,73.0,170,74.0,,0.6,0.4,2.4,0.4,1.0,1.0,0.16,0.0,38.0
1592,1592,Ben Alloway,71.0,170,76.0, Orthodox,1.28,0.49,1.9,0.59,0.62,0.5,0.26,0.0,43.0
1593,1593,DeMarco Villalona,69.0,185,,,0.0,0.0,0.0,0.0,0.0,0.0,0.0,0.0,
1594,1594,Cyrille Diabate,78.0,205,81.0, Southpaw,4.06,0.71,1.78,0.6,1.17,0.83,0.53,0.2,50.0
1595,1595,Mackens Semerzier,69.0,145,72.0, Orthodox,2.91,0.45,3.48,0.46,2.14,0.5,0.5,2.1,43.0
1596,1596,Steven Koslow,67.0,125,69.0, Switch,0.77,0.37,3.73,0.4,5.28,0.55,0.0,1.1,27.0
1597,1597,Ronaldo Candido,66.0,125,64.0, Southpaw,1.67,0.42,3.87,0.52,8.0,0.53,0.0,5.0,35.0
1598,1598,Brian Davidson,66.0,145,,,0.0,0.0,0.0,0.0,0.0,0.0,0.0,0.0,
1599,1599,Steve Erceg,68.0,125,68.0, Orthodox,4.52,0.49,4.2,0.52,1.24,0.26,0.6,0.5,28.0
1600,1600,Claudia Gadelha,64.0,115,63.0, Orthodox,3.31,0.41,4.57,0.57,3.03,0.42,0.58,0.7,35.0
1601,1601,Jean Silva,66.0,160,69.0, Orthodox,0.73,0.22,2.93,0.52,0.0,0.0,0.0,0.0,46.0
1602,1602,Ryan Tobar,,155,,,0.0,0.0,0.0,0.0,0.0,0.0,0.0,0.0,
1603,1603,Volkan Oezdemir,74.0,205,75.0, Orthodox,4.59,0.47,3.92,0.55,0.57,0.33,0.8,0.1,34.0
1604,1604,Viktor Pesta,75.0,240,77.0, Orthodox,1.58,0.36,2.54,0.56,3.29,0.28,1.0,0.0,33.0
1605,1605,Juan Miranda,,155,,,0.0,0.0,0.0,0.0,0.0,0.0,0.0,0.0,
1606,1606,Emil Meek,71.0,170,74.0, Switch,2.52,0.39,2.53,0.38,0.25,0.33,0.47,1.0,35.0
1607,1607,Justin Tafa,72.0,264,74.0, Southpaw,4.09,0.54,5.02,0.47,0.0,0.0,0.5,0.0,30.0
1608,1608,William Macario,71.0,170,75.0, Orthodox,4.92,0.54,3.96,0.65,1.85,0.45,0.78,0.0,32.0
1609,1609,Lauren Murphy,65.0,125,67.0, Orthodox,4.05,0.39,5.25,0.55,1.03,0.25,0.69,0.1,40.0
1610,1610,Dustin Neace,69.0,145,69.0,,2.08,0.32,2.66,0.56,0.0,0.0,0.0,1.7,37.0
1611,1611,Kevin Burns,70.0,170,74.0, Orthodox,2.74,0.38,4.3,0.52,0.28,0.5,0.47,0.8,44.0
1612,1612,Andrei Kopylov,74.0,265,76.0, Orthodox,0.33,0.66,4.31,0.4,0.0,0.0,0.0,0.0,58.0
1613,1613,Justin Wren,74.0,265,73.0, Orthodox,3.43,0.35,2.07,0.64,0.0,0.0,1.0,0.0,37.0
1614,1614,Clint Coronel,69.0,155,70.0,,4.93,0.32,5.6,0.66,0.0,0.0,0.66,0.0,
1615,1615,Paul Capaldo,67.0,135,,,0.0,0.0,0.0,0.0,0.0,0.0,0.0,0.0,27.0
1616,1616,Batgerel Danaa,67.0,135,70.0, Orthodox,5.38,0.36,4.21,0.47,0.52,0.5,0.62,0.0,34.0
1617,1617,Eddie Ruiz,67.0,155,68.0, Orthodox,0.2,0.25,1.4,0.47,2.0,0.12,0.0,0.0,56.0
1618,1618,Kai Kamaka,67.0,145,69.0, Orthodox,4.96,0.57,5.29,0.55,1.93,0.58,0.52,0.3,29.0
1619,1619,Scott Shaffer,67.0,145,68.0, Orthodox,2.4,0.67,0.53,0.5,0.0,0.0,0.72,3.0,
1620,1620,Carlos Zevallos,72.0,205,75.0, Orthodox,4.36,0.65,2.28,0.68,0.0,0.0,1.0,0.0,
1621,1621,Aleksandra Albu,62.0,115,63.0, Orthodox,4.83,0.47,5.56,0.38,2.27,0.5,0.77,0.4,33.0
1622,1622,Adam Khaliev,72.0,170,, Orthodox,0.0,0.0,0.0,0.0,0.0,0.0,0.0,0.0,40.0
1623,1623,Boston Salmon,69.0,135,69.0, Southpaw,4.13,0.37,7.75,0.59,0.0,0.0,1.0,0.0,33.0
1624,1624,Montserrat Conejo Ruiz,60.0,115,61.0, Southpaw,0.79,0.27,4.96,0.37,2.05,0.83,0.33,0.8,31.0
1625,1625,Aleksei Kunchenko,68.0,170,70.0, Orthodox,3.67,0.44,2.83,0.63,0.25,0.33,0.8,0.0,40.0
1626,1626,John Moraga,66.0,125,66.0, Orthodox,2.57,0.43,2.55,0.56,0.62,0.23,0.44,1.1,40.0
1627,1627,Dricus Du Plessis,73.0,185,76.0, Switch,6.49,0.5,4.77,0.55,3.0,0.51,0.4,0.8,30.0
1628,1628,Bret Bergmark,69.0,170,71.0,,2.78,0.52,2.78,0.37,4.17,1.0,0.5,4.2,50.0
1629,1629,Brad Riddell,67.0,155,71.0, Orthodox,4.71,0.53,3.53,0.53,1.77,0.36,0.63,0.0,32.0
1630,1630,Manuel Rodriguez,69.0,170,72.0, Orthodox,0.81,0.33,3.23,0.38,9.09,0.75,0.0,0.0,39.0
1631,1631,Daniel Lacerda,66.0,125,70.0, Switch,3.95,0.45,8.28,0.34,2.32,0.5,0.0,1.2,27.0
1632,1632,Jake Hadley,67.0,125,70.0, Southpaw,3.36,0.42,3.56,0.6,0.24,0.06,0.35,1.7,27.0
1633,1633,Bronson Mohika,,135,,,0.0,0.0,0.0,0.0,0.0,0.0,0.0,0.0,
1634,1634,Josh Diekmann,64.0,246,73.0,,0.28,0.05,8.17,0.25,0.0,0.0,0.0,0.0,47.0
1635,1635,John Matua,74.0,400,, Orthodox,0.0,0.0,0.0,0.0,0.0,0.0,0.0,0.0,
1636,1636,Bubba Bush,72.0,185,74.0, Orthodox,0.63,0.55,7.01,0.25,2.82,0.5,0.6,0.0,38.0
1637,1637,Cristiano Marcello,69.0,155,72.0, Orthodox,2.56,0.33,3.61,0.58,0.44,0.11,0.2,0.9,46.0
1638,1638,Nick Maximov,72.0,185,76.0, Southpaw,1.93,0.45,2.64,0.46,4.16,0.45,0.35,0.2,26.0
1639,1639,Billy Vaughan,66.0,155,,,0.0,0.0,1.36,0.5,0.0,0.0,0.0,0.0,40.0
1640,1640,Richard Crunkilton,67.0,155,69.0, Orthodox,1.72,0.41,1.45,0.58,4.08,0.61,0.65,1.3,44.0
1641,1641,Chase Gibson,70.0,155,72.0, Orthodox,3.13,0.54,6.4,0.52,0.0,0.0,0.0,0.0,34.0
1642,1642,Joe Stevenson,67.0,145,70.0, Orthodox,2.05,0.44,2.44,0.6,2.75,0.44,0.39,2.2,41.0
1643,1643,Julius Anglickas,75.0,205,77.0, Orthodox,4.62,0.78,1.86,0.5,4.47,0.5,0.6,1.1,32.0
1644,1644,Charlie Ontiveros,74.0,155,74.0, Switch,1.89,0.41,5.86,0.31,0.0,0.0,0.3,0.0,32.0
1645,1645,Josiane Nunes,62.0,135,67.0, Southpaw,5.99,0.44,5.25,0.53,0.0,0.0,0.58,0.0,30.0
1646,1646,Chris Price,74.0,185,73.0, Southpaw,1.44,0.66,2.59,0.48,0.0,0.0,0.33,2.2,41.0
1647,1647,Rafael Natal,72.0,185,77.0, Orthodox,3.1,0.47,2.48,0.57,2.55,0.34,0.77,0.5,41.0
1648,1648,Caros Fodor,69.0,155,74.0, Orthodox,2.76,0.54,2.83,0.54,2.1,0.25,0.5,0.0,40.0
1649,1649,Roman Zentsov,73.0,230,75.0, Orthodox,1.18,0.36,0.53,0.7,1.6,1.0,0.33,3.2,50.0
1650,1650,Tyler Diamond,67.0,145,69.0, Orthodox,3.4,0.47,2.53,0.44,3.0,0.75,0.7,0.0,33.0
1651,1651,Jong Won Kim,67.0,139,67.0, Orthodox,0.84,0.15,3.28,0.63,2.81,1.0,0.0,0.0,
1652,1652,Issa Isakov,69.0,155,70.0, Orthodox,1.93,0.36,5.78,0.4,0.0,0.0,0.0,0.0,34.0
1653,1653,Jacqueline Cavalcanti,68.0,135,70.0, Orthodox,8.4,0.57,2.6,0.84,0.0,0.0,1.0,0.0,26.0
1654,1654,Aaron Lanfranco,,155,,,0.0,0.0,0.0,0.0,0.0,0.0,0.0,0.0,37.0
1655,1655,Evangelista Santos,70.0,170,76.0, Orthodox,3.94,0.36,6.01,0.49,0.78,1.0,0.5,0.4,46.0
1656,1656,Randall Wallace,71.0,185,73.0, Orthodox,1.13,0.38,4.11,0.45,2.13,0.5,0.0,0.0,35.0
1657,1657,Harvey Park,72.0,155,70.0, Orthodox,3.77,0.5,7.21,0.33,0.0,0.0,0.0,0.0,38.0
1658,1658,Sean Woodson,74.0,145,78.0, Orthodox,5.58,0.46,4.19,0.58,0.66,0.62,0.84,0.4,31.0
1659,1659,Chase Waldon,73.0,185,75.0, Orthodox,1.03,0.28,6.72,0.38,7.76,0.33,0.0,0.0,37.0
1660,1660,Muhammed Lawal,72.0,205,78.0, Southpaw,3.79,0.52,1.61,0.66,5.96,0.75,0.87,0.0,43.0
1661,1661,Justin Smitley,,145,,,0.0,0.0,0.0,0.0,0.0,0.0,0.0,0.0,
1662,1662,Kevin Natividad,66.0,135,70.0, Orthodox,2.68,0.34,4.29,0.47,3.66,0.5,0.83,0.0,31.0
1663,1663,Junior Barata,70.0,170,71.0, Orthodox,4.03,0.33,8.46,0.34,0.0,0.0,0.0,0.0,42.0
1664,1664,Jesse Bongfeldt,72.0,185,72.0, Orthodox,2.91,0.62,1.01,0.5,1.51,0.33,0.33,0.0,43.0
1665,1665,Nasrudin Nasrudinov,72.0,205,71.0, Orthodox,1.03,0.87,0.29,0.75,2.2,0.5,0.4,0.0,32.0
1666,1666,Spencer Fisher,67.0,155,68.0, Southpaw,3.17,0.43,3.03,0.64,0.67,0.3,0.6,0.8,48.0
1667,1667,Mike Lullo,68.0,145,70.0, Orthodox,2.48,0.36,4.84,0.4,1.18,0.11,0.0,0.6,44.0
1668,1668,Royce Gracie,73.0,175,73.0, Southpaw,0.88,0.41,1.13,0.37,0.0,0.0,0.66,0.8,57.0
1669,1669,Mike Joy,66.0,155,70.0, Southpaw,0.57,0.33,1.71,0.47,0.78,0.33,0.0,2.3,38.0
1670,1670,SangWon Kim,69.0,145,69.0, Orthodox,3.18,0.57,3.73,0.58,0.69,0.25,0.72,0.0,30.0
1671,1671,Marcos Mariano,73.0,155,76.0, Switch,0.25,0.27,2.11,0.43,0.0,0.0,0.28,0.0,37.0
1672,1672,Colton Smith,72.0,155,71.0, Orthodox,1.64,0.41,2.3,0.51,4.09,0.36,0.25,1.4,36.0
1673,1673,Manvel Gamburyan,65.0,135,67.0, Orthodox,2.13,0.41,2.83,0.55,3.26,0.34,0.69,0.7,43.0
1674,1674,Townsend Saunders,65.0,170,, Orthodox,0.0,0.0,0.0,0.0,0.0,0.0,0.0,0.0,
1675,1675,Erick Silva,72.0,170,74.0, Orthodox,2.5,0.48,4.18,0.49,0.85,0.35,0.56,1.4,39.0
1676,1676,Rafael Dias,69.0,145,67.0, Orthodox,1.13,0.27,2.19,0.6,3.17,0.47,1.0,1.2,44.0
1677,1677,Nayara Maia,65.0,125,66.0, Orthodox,0.6,0.36,3.33,0.43,1.0,0.33,0.0,1.0,33.0
1678,1678,Petr Yan,67.0,135,67.0, Switch,5.14,0.53,4.36,0.58,1.73,0.51,0.85,0.1,31.0
1679,1679,Bassil Hafez,71.0,170,72.0, Orthodox,2.13,0.25,5.53,0.39,3.0,0.15,0.5,0.0,32.0
1680,1680,Chad George,66.0,135,68.0, Southpaw,1.26,0.5,1.11,0.65,3.08,0.46,0.0,1.3,42.0
1681,1681,Tim Williams,74.0,185,76.0, Orthodox,3.07,0.38,3.55,0.48,1.81,0.4,1.0,0.0,37.0
1682,1682,Patrik White,72.0,155,72.0, Orthodox,9.77,0.49,6.28,0.6,0.0,0.0,0.5,0.0,30.0
1683,1683,Kayla Harrison,68.0,135,66.0, Southpaw,7.52,0.71,0.29,0.83,4.42,0.4,1.0,2.2,33.0
1684,1684,Ricky Rainey,73.0,170,77.0, Switch,2.55,0.48,2.62,0.46,0.95,0.18,0.55,0.0,40.0
1685,1685,Uros Medic,73.0,170,71.0, Southpaw,5.51,0.6,3.18,0.58,0.38,0.5,0.55,0.0,31.0
1686,1686,Andrey Pulyaev,,185,,,0.0,0.0,0.0,0.0,0.0,0.0,0.0,0.0,26.0
1687,1687,Bo Cantrell,74.0,235,74.0, Orthodox,3.16,0.16,12.63,0.0,0.0,0.0,0.0,0.0,55.0
1688,1688,Tamdan McCrory,76.0,185,76.0, Switch,2.07,0.49,1.6,0.46,2.28,0.5,0.33,2.5,37.0
1689,1689,Jason MacDonald,75.0,185,80.0, Orthodox,1.55,0.52,2.7,0.46,1.43,0.16,0.35,2.0,48.0
1690,1690,Bryce Mejia,73.0,170,73.0,,3.49,0.62,6.98,0.5,0.0,0.0,0.0,0.0,
1691,1691,Ruel Panales,65.0,125,67.0, Southpaw,0.0,0.0,0.0,0.0,0.0,0.0,0.0,0.0,27.0
1692,1692,Kyle Watson,72.0,155,70.0, Southpaw,3.67,0.35,3.25,0.62,0.0,0.0,1.0,0.0,44.0
1693,1693,Mike Zichelle,70.0,205,75.0,,0.87,0.35,0.87,0.4,0.0,0.0,0.0,2.0,
1694,1694,Khabib Nurmagomedov,70.0,155,70.0, Orthodox,4.1,0.48,1.75,0.65,5.32,0.48,0.84,0.8,35.0
1695,1695,Nohelin Hernandez,70.0,135,71.0, Orthodox,1.32,0.34,2.63,0.52,0.71,0.5,0.37,0.0,30.0
1696,1696,Zarah Fairn,68.0,135,72.0, Orthodox,4.55,0.31,7.4,0.45,0.0,0.0,0.6,0.0,40.0
1697,1697,Jessin Ayari,72.0,155,73.0, Orthodox,3.53,0.37,3.59,0.58,0.0,0.0,0.5,0.3,31.0
1698,1698,Shane del Rosario,76.0,250,78.0, Southpaw,3.93,0.6,2.97,0.54,1.2,0.4,0.16,2.4,40.0
1699,1699,Ross Ebanez,69.0,154,70.0, Southpaw,0.74,0.5,0.74,0.62,3.7,1.0,0.0,0.0,49.0
1700,1700,Gary Tapusoa,67.0,185,,,0.0,0.0,0.0,0.0,0.0,0.0,0.0,0.0,
1701,1701,Hong Man Choi,86.0,330,84.0, Orthodox,1.32,0.26,1.46,0.36,0.71,1.0,0.84,0.0,43.0
1702,1702,Michael Chiesa,73.0,170,75.0, Southpaw,1.87,0.4,1.7,0.54,3.33,0.5,0.6,1.0,36.0
1703,1703,Blood Diamond,71.0,170,76.0, Switch,3.12,0.55,2.17,0.48,0.0,0.0,0.73,0.0,35.0
1704,1704,Bruno Oliveira,76.0,205,80.0, Orthodox,3.44,0.33,4.92,0.54,0.0,0.0,0.0,0.0,40.0
1705,1705,Rodrigo Nascimento,74.0,246,80.0, Orthodox,4.05,0.49,4.62,0.43,1.23,0.37,0.76,0.6,31.0
1706,1706,Jhonoven Pati,73.0,185,75.0, Switch,2.88,0.53,6.13,0.33,2.7,1.0,0.0,0.0,33.0
1707,1707,Malik Lewis,72.0,155,75.0, Orthodox,4.16,0.45,5.66,0.4,3.98,0.4,0.5,0.0,28.0
1708,1708,Brendan Seguin,72.0,185,70.0,,2.6,0.45,0.6,0.84,5.0,0.62,1.0,0.0,47.0
1709,1709,Ho Taek Oh,,155,,,0.0,0.0,0.0,0.0,0.0,0.0,0.0,0.0,30.0
1710,1710,Paul Felder,71.0,155,70.0, Orthodox,3.7,0.44,3.44,0.48,0.29,0.28,0.64,0.2,40.0
1711,1711,Cory Sandhagen,71.0,135,70.0, Switch,5.33,0.44,3.4,0.58,1.36,0.33,0.64,0.3,32.0
1712,1712,Joe Ray,,170,,,0.0,0.0,0.0,0.0,0.0,0.0,0.0,0.0,39.0
1713,1713,Jesse Sanders,72.0,170,74.0, Orthodox,0.0,0.0,6.45,0.35,0.0,0.0,0.5,0.0,
1714,1714,Manny Vazquez,70.0,125,72.0, Orthodox,1.47,0.41,2.67,0.48,1.0,0.33,0.0,1.0,30.0
1715,1715,Brennan Ward,70.0,170,71.0,,7.2,0.6,2.76,0.52,0.0,0.0,1.0,3.6,35.0
1716,1716,Victor Valimaki,72.0,205,74.0, Orthodox,3.94,0.3,2.99,0.67,0.9,0.14,0.0,0.0,
1717,1717,Renato Sobral,73.0,205,75.0, Orthodox,2.23,0.45,1.53,0.57,2.48,0.42,0.65,2.6,48.0
1718,1718,Luke Cummo,72.0,170,74.0, Orthodox,1.74,0.43,1.5,0.59,0.89,0.55,0.42,1.4,44.0
1719,1719,Alessandro Costa,64.0,125,67.0, Orthodox,4.14,0.47,3.5,0.57,0.27,0.12,0.9,0.0,28.0
1720,1720,Kajan Johnson,71.0,155,75.0, Orthodox,2.47,0.42,1.59,0.64,1.54,0.37,0.62,0.2,40.0
1721,1721,Korey Kuppe,77.0,170,77.0, Switch,0.73,0.73,1.33,0.31,0.0,0.0,0.69,1.0,35.0
1722,1722,Mackenzie Dern,64.0,115,63.0, Orthodox,3.31,0.4,4.09,0.51,0.79,0.15,0.28,1.3,31.0
1723,1723,Alexandre Pantoja,65.0,125,67.0, Orthodox,4.41,0.49,3.97,0.5,2.61,0.47,0.68,0.8,34.0
1724,1724,Ricky Camp,67.0,135,,,0.0,0.0,0.0,0.0,0.0,0.0,0.0,0.0,
1725,1725,Scott Bessac,76.0,245,,,0.0,0.0,0.0,0.0,0.0,0.0,0.0,0.0,
1726,1726,John Castaneda,66.0,135,71.0, Switch,4.79,0.5,4.99,0.56,1.92,0.37,0.71,0.2,32.0
1727,1727,Chris Kelades,67.0,125,68.0, Orthodox,2.4,0.43,2.64,0.48,1.04,0.18,0.53,0.3,43.0
1728,1728,Miguel Baeza,74.0,170,74.0, Orthodox,4.88,0.49,5.1,0.53,0.44,0.28,1.0,1.8,31.0
1729,1729,Sean O'Haire,77.0,270,80.0, Orthodox,8.28,0.57,22.76,0.21,0.0,0.0,0.0,0.0,53.0
1730,1730,Eiji Mitsuoka,67.0,145,68.0, Southpaw,1.49,0.49,2.26,0.45,2.3,0.36,0.2,1.6,48.0
1731,1731,Mike Wilkinson,67.0,145,66.0, Orthodox,2.35,0.38,3.7,0.35,0.92,0.14,0.55,0.9,36.0
1732,1732,Marco Polo Reyes,71.0,155,71.0, Orthodox,6.0,0.37,5.52,0.59,0.0,0.0,0.46,0.0,39.0
1733,1733,Marco Ruas,73.0,210,, Orthodox,0.0,0.0,0.0,0.0,0.0,0.0,0.0,0.0,63.0
1734,1734,Cyborg Abreu,, --,,,0.0,0.0,0.0,0.0,0.0,0.0,0.0,0.0,43.0
1735,1735,Rainn Guerrero,66.0,125,65.0, Orthodox,0.65,0.33,0.87,0.5,3.27,1.0,0.0,0.0,32.0
1736,1736,Naoki Inoue,69.0,125,71.0, Orthodox,3.67,0.35,3.37,0.6,0.0,0.0,0.6,2.5,26.0
1737,1737,Juliana Miller,67.0,125,66.0, Orthodox,3.31,0.45,4.75,0.32,1.84,0.44,0.0,1.8,28.0
1738,1738,Sam Alvey,74.0,185,75.0, Southpaw,3.28,0.44,3.63,0.52,0.06,0.14,0.82,0.1,38.0
1739,1739,Iasmin Lucindo,63.0,115,66.0, Orthodox,3.95,0.46,3.11,0.66,2.23,0.53,0.8,0.3,22.0
1740,1740,Danny Downes,72.0,155,72.0, Orthodox,1.66,0.34,3.53,0.37,0.0,0.0,0.37,0.5,38.0
1741,1741,Anthony Do,64.0,125,,,0.0,0.0,0.0,0.0,0.0,0.0,0.0,0.0,
1742,1742,Thomas Petersen,73.0,264,74.0, Southpaw,3.79,0.68,3.79,0.46,2.84,0.44,1.0,0.7,29.0
1743,1743,Gerald Meerschaert,73.0,185,77.0, Southpaw,3.18,0.45,3.37,0.53,2.17,0.38,0.34,1.6,36.0
1744,1744,Brad Royster,,135,,,0.0,0.0,0.0,0.0,0.0,0.0,0.0,0.0,
1745,1745,Marco Tulio,72.0,185,74.0, Orthodox,3.2,0.48,2.2,0.52,2.0,0.25,0.0,1.0,29.0
1746,1746,James Barnes,68.0,135,71.0, Orthodox,0.57,0.34,3.02,0.39,1.08,0.16,0.4,0.0,41.0
1747,1747,Jonavin Webb,70.0,170,71.0, Orthodox,1.47,0.3,2.27,0.64,2.5,0.31,0.4,1.0,35.0
1748,1748,Mac Danzig,68.0,155,70.0, Orthodox,3.39,0.48,3.44,0.57,1.2,0.37,0.46,0.6,44.0
1749,1749,Kazuhisa Watanabe,66.0,139,68.0,,0.62,0.5,0.94,0.0,0.0,0.0,0.14,0.0,41.0
1750,1750,Luke Sanders,66.0,135,67.0, Southpaw,6.61,0.52,4.37,0.5,0.71,0.3,0.72,0.2,38.0
1751,1751,Michel Pereira,73.0,185,73.0, Orthodox,5.16,0.54,3.7,0.58,1.53,0.55,0.94,0.8,30.0
1752,1752,Sherrard Blackledge,71.0,155,75.0, Orthodox,3.7,0.49,3.13,0.55,4.0,0.33,0.42,0.0,30.0
1753,1753,Jose Maria,65.0,125,65.0, Orthodox,3.2,0.53,3.98,0.52,2.32,0.27,0.33,2.3,42.0
1754,1754,Curtis Stout,73.0,185,74.0, Southpaw,0.69,0.67,3.2,0.29,0.0,0.0,0.2,0.0,50.0
1755,1755,Chris Cariaso,63.0,125,64.0, Southpaw,3.35,0.43,2.23,0.61,1.11,0.39,0.57,0.8,42.0
1756,1756,Houston Alexander,72.0,205,72.0, Orthodox,3.06,0.54,3.2,0.52,1.19,0.57,0.33,0.0,52.0
1757,1757,Kenny Robertson,70.0,170,74.0, Orthodox,3.72,0.47,3.02,0.52,1.37,0.26,0.57,0.8,40.0
1758,1758,Marcel Fortuna,73.0,205,74.0, Orthodox,3.83,0.46,4.52,0.64,0.45,0.08,0.75,0.5,38.0
1759,1759,Charles Jourdain,69.0,145,69.0, Switch,5.56,0.48,4.31,0.57,0.09,0.1,0.48,0.6,28.0
1760,1760,Rizvan Kuniev,76.0,240,76.0, Orthodox,7.09,0.73,1.55,0.51,4.09,0.75,0.0,0.0,31.0
1761,1761,Sergio Gomez,66.0,155,68.0, Orthodox,1.5,0.42,1.16,0.56,2.57,0.66,0.31,0.0,42.0
1762,1762,Adin Duenas,66.0,145,,,0.0,0.0,0.0,0.0,0.0,0.0,0.0,0.0,35.0
1763,1763,Mariusz Ksiazkiewicz,75.0,185,75.0, Southpaw,0.93,0.45,3.4,0.39,4.0,1.0,0.0,2.0,34.0
1764,1764,Chris Dempsey,70.0,185,72.0, Orthodox,2.25,0.32,2.82,0.65,2.64,0.23,0.16,0.0,36.0
1765,1765,Nick Gonzalez,66.0,155,69.0, Orthodox,0.59,0.2,2.35,0.33,0.0,0.0,0.5,0.0,43.0
1766,1766,Paulo Filho,68.0,185,69.0, Southpaw,1.86,0.48,1.67,0.66,2.4,0.32,0.42,1.6,46.0
1767,1767,Andre Fialho,72.0,170,74.0, Orthodox,3.3,0.41,6.26,0.45,0.25,1.0,0.66,0.0,30.0
1768,1768,JW Wright,,130,,,0.0,0.0,0.0,0.0,0.0,0.0,0.0,0.0,48.0
1769,1769,Pat Healy,72.0,155,72.0, Orthodox,2.57,0.36,2.57,0.5,3.08,0.37,0.55,1.1,40.0
1770,1770,Hidetaka Monma,72.0,168,73.0, Orthodox,1.67,0.25,9.76,0.34,0.0,0.0,0.0,0.0,50.0
1771,1771,Shohei Nose,66.0,135,68.0, Switch,2.48,0.4,3.61,0.53,3.23,0.17,0.0,4.8,26.0
1772,1772,Sidney Silva,75.0,170,73.0, Southpaw,2.86,0.65,3.3,0.34,3.3,1.0,0.0,0.0,52.0
1773,1773,Jeff Molina,66.0,125,69.0, Orthodox,7.25,0.48,5.04,0.55,0.0,0.0,0.66,0.0,26.0
1774,1774,Saeed Hosseini,, --,,,0.0,0.0,0.0,0.0,0.0,0.0,0.0,0.0,
1775,1775,Jessamyn Duke,71.0,135,73.0, Orthodox,4.83,0.53,4.43,0.57,1.27,0.36,0.5,1.9,37.0
1776,1776,Anatoly Tokov,70.0,185,73.0,,3.51,0.72,0.54,0.66,2.03,1.0,1.0,0.0,34.0
1777,1777,Joao Zeferino,71.0,170,69.0, Orthodox,0.83,0.36,2.6,0.48,0.5,0.05,0.5,1.0,38.0
1778,1778,Jeremy Umphries,,160,,,0.0,0.0,0.0,0.0,0.0,0.0,0.0,0.0,
1779,1779,Dennis Bermudez,66.0,155,66.0, Orthodox,4.42,0.46,3.07,0.59,3.89,0.4,0.82,1.1,37.0
1780,1780,Josh McDonald,67.0,185,70.0,,0.8,0.57,3.4,0.33,9.0,0.5,0.0,0.0,
1781,1781,Emmanuel Sanchez,69.0,145,71.0,,4.45,0.35,4.17,0.55,0.25,0.06,0.16,0.5,33.0
1782,1782,Vanessa Demopoulos,62.0,115,59.0, Orthodox,3.98,0.41,5.69,0.41,0.42,0.11,0.3,0.6,35.0
1783,1783,Austin Tweedy,69.0,155,69.0, Orthodox,4.29,0.66,6.43,0.0,0.0,0.0,0.0,0.0,33.0
1784,1784,Justin Hawes,71.0,205,73.0,,0.0,0.0,3.41,0.37,0.0,0.0,0.0,0.0,45.0
1785,1785,Chad Griggs,73.0,205,73.0, Orthodox,2.67,0.5,2.22,0.46,1.51,0.66,0.41,0.0,46.0
1786,1786,Hilarie Rose,63.0,115,63.0, Orthodox,2.33,0.33,6.13,0.44,0.0,0.0,1.0,0.0,31.0
1787,1787,Hans Nijman,72.0,250,, Switch,0.0,0.0,0.0,0.0,0.0,0.0,0.0,0.0,64.0
1788,1788,Jamie Varner,68.0,155,71.0, Orthodox,2.92,0.34,2.55,0.58,3.49,0.53,0.66,0.8,39.0
1789,1789,Irene Aldana,69.0,135,68.0, Orthodox,5.24,0.4,6.33,0.57,0.16,0.5,0.76,0.2,36.0
1790,1790,Raul Castillo,71.0,185,73.0, Orthodox,1.47,0.48,3.27,0.6,0.0,0.0,0.0,0.0,
1791,1791,Jorge Interiano,73.0,205,,,0.0,0.0,0.0,0.0,0.0,0.0,0.0,0.0,
1792,1792,Scott Bills,70.0,170,,,0.0,0.0,0.0,0.0,0.0,0.0,0.0,0.0,
1793,1793,Rongzhu,69.0,155,72.0, Orthodox,5.47,0.5,5.6,0.45,2.09,0.62,0.85,0.2,24.0
1794,1794,Brendan Allen,74.0,185,75.0, Orthodox,3.98,0.53,3.83,0.47,1.74,0.47,0.58,1.4,28.0
1795,1795,War Machine,71.0,170,70.0, Orthodox,2.32,0.6,3.17,0.43,1.16,0.5,0.4,0.0,42.0
1796,1796,Demetrious Johnson,63.0,125,66.0, Orthodox,3.43,0.54,1.66,0.67,3.35,0.56,0.65,0.5,37.0
1797,1797,Jordan Leavitt,69.0,155,71.0, Southpaw,2.55,0.61,1.84,0.57,2.19,0.25,0.3,1.1,28.0
1798,1798,Blake Bowman,74.0,170,,,0.0,0.0,0.0,0.0,0.0,0.0,0.0,0.0,
1799,1799,Yanis Ghemmouri,69.0,135,69.0, Orthodox,2.27,0.38,4.22,0.4,0.0,0.0,0.0,0.0,29.0
1800,1800,Orion Cosce,71.0,170,71.0, Switch,2.77,0.53,4.02,0.44,1.92,0.4,0.61,0.0,29.0
1801,1801,Jarno Errens,71.0,145,73.0, Orthodox,3.44,0.46,3.36,0.63,0.0,0.0,0.28,0.3,29.0
1802,1802,Akihiro Gono,67.0,170,68.0, Switch,2.18,0.48,2.67,0.63,1.01,0.84,0.46,0.5,49.0
1803,1803,Mike Polchlopek,76.0,285,78.0, Orthodox,2.0,0.38,1.33,0.57,0.0,0.0,0.0,0.0,58.0
1804,1804,Mikey Gonzalez,71.0,155,74.0, Orthodox,0.91,0.16,14.55,0.11,0.0,0.0,0.0,0.0,38.0
1805,1805,Sam Greco,74.0,205,75.0, Orthodox,2.4,0.75,1.33,0.53,0.0,0.0,0.25,1.0,57.0
1806,1806,Alex Enlund,70.0,145,, Orthodox,0.0,0.0,0.0,0.0,0.0,0.0,0.0,0.0,36.0
1807,1807,Akihito Tanaka,73.0, --,74.0, Southpaw,0.19,0.5,2.05,0.38,5.59,0.66,0.0,0.0,
1808,1808,Tuco Tokkos,76.0,205,76.0, Orthodox,3.26,0.43,4.57,0.45,1.96,1.0,0.33,0.0,33.0
1809,1809,Henry Briones,68.0,135,69.0, Orthodox,3.47,0.42,4.68,0.53,0.0,0.0,0.52,0.6,43.0
1810,1810,Austin Springer,68.0,145,71.0, Orthodox,3.54,0.57,3.15,0.41,3.37,0.4,1.0,0.8,37.0
1811,1811,Veronica Hardy,64.0,125,64.0, Southpaw,3.13,0.45,3.75,0.47,1.08,0.41,0.6,0.3,28.0
1812,1812,Megumi Fujii,63.0,113,61.0,,2.4,0.42,0.0,1.0,0.0,0.0,0.0,12.0,50.0
1813,1813,Hector Urbina,71.0,170,73.0, Orthodox,0.97,0.38,2.44,0.39,0.0,0.0,0.38,3.8,36.0
1814,1814,Ramiz Brahimaj,70.0,170,72.0, Orthodox,1.74,0.41,3.69,0.45,1.61,0.35,0.44,1.6,31.0
1815,1815,Wallen Del Rosario,64.0,125,67.0, Orthodox,1.4,0.32,4.73,0.4,1.0,0.16,1.0,0.0,31.0
1816,1816,Justin Bruckmann,69.0,170,70.0, Orthodox,0.59,0.66,5.91,0.16,0.0,0.0,0.33,0.0,
1817,1817,Zach Makovsky,64.0,125,64.0, Southpaw,1.94,0.43,2.24,0.62,3.71,0.3,0.56,0.3,41.0
1818,1818,Guilherme Costa,,155,,,0.0,0.0,0.0,0.0,0.0,0.0,0.0,0.0,
1819,1819,Joey Gilbert,71.0,155,67.0, Orthodox,0.61,0.42,4.44,0.31,0.0,0.0,0.0,0.0,47.0
1820,1820,James Wade,70.0,205,,,0.0,0.0,0.0,0.0,0.0,0.0,0.0,0.0,
1821,1821,Tom Aspinall,77.0,256,78.0, Orthodox,7.72,0.66,2.77,0.66,3.46,1.0,1.0,1.7,31.0
1822,1822,Kelvin Gastelum,69.0,170,71.0, Southpaw,3.55,0.41,3.23,0.58,0.96,0.3,0.59,0.1,32.0
1823,1823,Miki Motono,63.0,115,, Southpaw,0.0,0.0,0.0,0.0,0.0,0.0,0.0,0.0,30.0
1824,1824,Gabriel Silva,66.0,135,71.0, Orthodox,1.3,0.34,3.47,0.45,1.5,0.25,0.38,0.5,29.0
1825,1825,Gian Villante,75.0,230,76.0, Orthodox,4.38,0.44,5.47,0.55,0.45,0.23,0.83,0.0,38.0
1826,1826,Fabio Gurgel,72.0,205,, Orthodox,0.0,0.0,0.0,0.0,0.0,0.0,0.0,0.0,
1827,1827,Azunna Anyanwu,73.0,251,71.0, Orthodox,2.47,0.42,2.47,0.69,0.65,1.0,0.0,0.0,42.0
1828,1828,Lucas Rocha,63.0,125,64.0, Orthodox,1.51,0.53,4.15,0.33,0.0,0.0,0.66,0.0,23.0
1829,1829,Jafel Filho,67.0,125,68.0, Orthodox,2.36,0.41,2.0,0.47,1.77,0.33,0.55,2.6,31.0
1830,1830,Jared Rollins,69.0,170,71.0, Orthodox,3.33,0.57,2.41,0.39,2.5,0.5,0.5,1.2,47.0
1831,1831,Shimon Smotritsky,74.0,170,74.0, Orthodox,3.52,0.34,8.67,0.56,3.52,0.33,0.5,0.0,23.0
1832,1832,George Sotiropoulos,70.0,155,71.0, Orthodox,2.61,0.27,2.52,0.67,2.32,0.31,0.53,1.6,46.0
1833,1833,Ricardo Prasel,79.0,238,78.0, Orthodox,2.21,0.57,7.83,0.37,0.0,0.0,0.0,0.0,33.0
1834,1834,Xie Bin,69.0,145,71.0, Orthodox,2.24,0.39,3.08,0.59,4.81,0.45,0.0,0.0,26.0
1835,1835,Anthony Avila,67.0,145,,,0.0,0.0,0.0,0.0,0.0,0.0,0.0,0.0,35.0
1836,1836,Devin Clark,72.0,205,75.0, Orthodox,3.03,0.54,3.24,0.44,2.17,0.32,0.58,0.1,34.0
1837,1837,Eduardo Garagorri,69.0,145,70.0, Orthodox,3.42,0.51,2.36,0.58,0.48,1.0,0.61,0.0,34.0
1838,1838,Rene Kronvold,68.0,170,70.0, Orthodox,0.82,1.0,2.47,0.6,0.0,0.0,0.66,4.1,
1839,1839,Carli Judice,67.0,125,68.0, Southpaw,11.2,0.57,12.27,0.54,0.0,0.0,0.5,0.0,25.0
1840,1840,Brian Camozzi,74.0,170,78.0, Orthodox,3.15,0.26,6.39,0.54,0.0,0.0,0.0,0.7,32.0
1841,1841,Tim Means,74.0,170,75.0, Orthodox,5.08,0.49,3.64,0.6,1.16,0.4,0.65,0.2,40.0
1842,1842,Ricky Turcios,69.0,135,71.0, Orthodox,5.08,0.37,3.7,0.55,1.0,0.25,0.45,0.2,30.0
1843,1843,Tim Caron,73.0,185,73.0, Orthodox,0.59,0.5,6.9,0.12,0.0,0.0,0.0,0.0,36.0
1844,1844,Clay French,67.0,161,69.0, Southpaw,1.52,0.5,1.27,0.16,0.0,0.0,1.0,0.0,43.0
1845,1845,Chris Tuchscherer,74.0,258,76.0, Orthodox,1.35,0.31,3.17,0.47,1.19,0.18,0.0,0.6,48.0
1846,1846,Yuma Horiuchi,66.0,125,67.0, Switch,3.73,0.3,5.0,0.35,2.0,0.16,0.0,2.0,26.0
1847,1847,Uran Satybaldiev,,205,,,0.0,0.0,0.0,0.0,0.0,0.0,0.0,0.0,
1848,1848,William Currie,,185,,,0.0,0.0,0.0,0.0,0.0,0.0,0.0,0.0,25.0
1849,1849,Edwin DeWees,73.0,185,72.0, Orthodox,1.53,0.33,6.19,0.39,2.18,0.66,0.0,3.3,41.0
1850,1850,Erick Montano,72.0,170,73.0, Orthodox,2.79,0.44,2.06,0.64,2.29,0.36,0.66,0.0,38.0
1851,1851,Willamy Freire,68.0,155,70.0, Orthodox,1.53,0.37,0.93,0.62,0.5,1.0,0.73,0.0,36.0
1852,1852,Melinda Fabian,66.0,125,66.0, Orthodox,4.03,0.41,4.0,0.62,0.0,0.0,1.0,0.0,36.0
1853,1853,Nick Pace,67.0,135,68.0, Orthodox,1.48,0.34,3.14,0.57,2.52,0.43,0.54,0.5,37.0
1854,1854,Amanda Cooper,63.0,115,64.0, Switch,3.55,0.44,3.2,0.51,1.53,0.38,0.28,1.8,32.0
1855,1855,Josh Culibao,70.0,145,73.0, Orthodox,3.2,0.42,3.24,0.56,0.0,0.0,0.67,0.3,30.0
1856,1856,Jason Reinhardt,66.0,135,64.0, Orthodox,0.51,0.4,4.07,0.43,1.91,0.12,0.5,0.0,54.0
1857,1857,Jeremia Siregar,62.0,125,63.0, Orthodox,2.8,0.42,7.37,0.29,0.0,0.0,0.75,0.0,32.0
1858,1858,Ray Steinbeiss,71.0,170,72.0, Orthodox,0.0,0.0,0.0,1.0,0.0,0.0,0.0,0.0,44.0
1859,1859,Tony Halme,75.0,300,, Orthodox,0.0,0.0,0.0,0.0,0.0,0.0,0.0,0.0,61.0
1860,1860,Emily Kagan,63.0,115,66.0,,2.6,0.36,5.29,0.38,1.86,0.14,0.5,0.0,42.0
1861,1861,Dong Hyun Ma,71.0,155,70.0, Orthodox,2.84,0.41,4.1,0.54,1.27,0.53,0.33,0.0,35.0
1862,1862,Lucas Martins,72.0,145,72.0, Southpaw,2.87,0.35,4.14,0.6,0.0,0.0,0.76,0.5,35.0
1863,1863,Nicolae Negumereanu,72.0,205,78.0, Orthodox,3.58,0.41,5.56,0.39,1.02,0.28,0.62,0.0,29.0
1864,1864,Phil Harris,64.0,125,65.0, Orthodox,2.34,0.26,3.16,0.68,1.76,0.21,0.6,0.0,40.0
1865,1865,Jon Tuck,71.0,155,73.0, Orthodox,3.0,0.4,3.74,0.6,0.42,0.33,0.5,1.0,39.0
1866,1866,Raul Rosas Jr.,69.0,135,67.0, Switch,1.28,0.44,1.52,0.46,3.57,0.33,0.0,1.8,19.0
1867,1867,Karl Willis,, --,,,0.0,0.0,0.0,0.0,0.0,0.0,0.0,0.0,
1868,1868,Jason Godsey,74.0,230,, Orthodox,0.0,0.0,0.0,0.0,0.0,0.0,0.0,0.0,
1869,1869,Shanna Young,67.0,125,65.0, Orthodox,3.18,0.47,4.88,0.43,0.0,0.0,0.53,0.6,33.0
1870,1870,Hamid Amiri,,145,,,0.0,0.0,0.0,0.0,0.0,0.0,0.0,0.0,20.0
1871,1871,SeongChan Hong,67.0,155,69.0, Orthodox,6.57,0.55,8.76,0.47,0.0,0.0,0.0,0.0,34.0
1872,1872,Adriano Santos,, --,,,0.0,0.0,0.0,0.0,0.0,0.0,0.0,0.0,
1873,1873,Jianping Yang,67.0,145,65.0, Orthodox,1.4,0.26,2.07,0.65,1.0,0.25,0.33,0.0,35.0
1874,1874,Kaik Brito,71.0,170,72.0, Orthodox,2.8,0.38,3.87,0.55,0.0,0.0,0.55,2.0,27.0
1875,1875,Delson Heleno,71.0,185,72.0, Orthodox,0.69,0.75,4.83,0.19,0.0,0.0,0.0,0.0,46.0
1876,1876,Frank Trigg,69.0,170,71.0, Southpaw,2.79,0.46,1.9,0.56,2.35,0.47,0.75,0.8,52.0
1877,1877,Issei Tamura,65.0,135,63.0, Orthodox,1.89,0.53,4.58,0.44,0.92,0.25,0.33,0.0,40.0
1878,1878,James Toney,69.0,220,72.0, Orthodox,0.0,0.0,2.41,0.27,0.0,0.0,0.0,0.0,55.0
1879,1879,Nick Fiore,70.0,155,72.0, Orthodox,2.83,0.46,7.93,0.42,2.5,0.45,0.71,0.0,26.0
1880,1880,Scott Lighty,74.0,205,74.0,,2.91,0.21,4.24,0.49,0.0,0.0,0.0,0.0,45.0
1881,1881,Rose Conceicao,,115,,,0.0,0.0,0.0,0.0,0.0,0.0,0.0,0.0,27.0
1882,1882,Nina Nunes,65.0,125,64.0, Orthodox,4.39,0.45,3.47,0.55,0.24,0.33,0.73,0.5,38.0
1883,1883,Mark Robinson,72.0,265,73.0, Orthodox,0.0,0.0,5.8,0.13,0.0,0.0,0.0,0.0,
1884,1884,Justin Levens,71.0,185,71.0, Orthodox,1.24,0.47,3.15,0.37,1.69,0.5,0.33,5.1,44.0
1885,1885,Junior Dos Santos,76.0,238,77.0, Orthodox,4.49,0.47,3.33,0.56,0.3,0.5,0.81,0.1,40.0
1886,1886,Koichiro Matsumoto,67.0,145,69.0,,1.9,0.26,3.5,0.31,0.0,0.0,0.0,0.0,38.0
1887,1887,Rodney Wallace,69.0,205,72.0, Switch,1.13,0.46,3.44,0.45,6.0,0.54,0.28,1.0,42.0
1888,1888,Azamat Murzakanov,70.0,205,71.0, Southpaw,4.57,0.57,3.12,0.57,0.75,0.16,0.83,0.0,35.0
1889,1889,Ednaldo Oliveira,77.0,205,82.0, Orthodox,1.03,0.22,1.8,0.52,0.0,0.0,0.42,0.0,40.0
1890,1890,Benji Radach,70.0,185,72.0, Orthodox,2.62,0.49,2.31,0.51,1.06,0.41,0.71,0.4,45.0
1891,1891,Dustin Joynson,78.0,244,78.0, Orthodox,3.28,0.53,5.63,0.47,0.0,0.0,0.0,0.0,38.0
1892,1892,Luis Saldana,71.0,145,73.0, Orthodox,5.16,0.5,3.65,0.6,0.64,0.17,0.44,0.2,33.0
1893,1893,Masanori Suda,69.0,183,71.0, Orthodox,1.8,0.5,1.2,0.63,0.0,0.0,0.6,0.0,
1894,1894,Ian Loveland,68.0,145,69.0, Orthodox,2.71,0.4,2.36,0.64,1.0,0.37,0.69,0.3,40.0
1895,1895,Jinensibieke Asikeerbai,66.0,155,69.0, Orthodox,2.0,0.5,10.0,0.0,0.0,0.0,0.0,0.0,35.0
1896,1896,John Kuhner,,170,,,0.0,0.0,0.0,0.0,0.0,0.0,0.0,0.0,41.0
1897,1897,Devonte Smith,69.0,155,76.0, Orthodox,4.55,0.53,3.91,0.49,0.35,0.25,0.85,0.3,30.0
1898,1898,Victor Altamirano,68.0,125,70.0, Switch,4.55,0.57,3.7,0.54,3.43,0.39,0.63,0.0,33.0
1899,1899,Chuck Liddell,74.0,205,76.0, Orthodox,2.97,0.35,2.71,0.56,0.44,0.75,0.81,0.0,54.0
1900,1900,Mark Climaco,64.0,125,65.0, Southpaw,4.13,0.59,2.9,0.57,3.5,0.36,0.46,0.0,26.0
1901,1901,Reuben Duran,67.0,135,71.0, Orthodox,3.19,0.49,2.61,0.5,0.98,0.23,0.25,0.7,40.0
1902,1902,Ariel Gandulla,71.0,205,73.0, Orthodox,1.95,0.23,2.07,0.72,1.88,0.66,0.0,0.0,56.0
1903,1903,Frank Megallon,70.0,185,72.0, Southpaw,1.14,0.21,5.32,0.54,0.0,0.0,0.0,0.0,
1904,1904,Ian Machado Garry,75.0,170,74.0, Orthodox,6.27,0.55,3.49,0.53,0.55,0.75,0.69,0.0,26.0
1905,1905,Min Soo Kim,73.0,255,76.0, Southpaw,0.87,1.0,3.48,0.2,0.0,0.0,0.0,0.0,49.0
1906,1906,Ross Pointon,68.0,170,70.0, Orthodox,2.62,0.23,2.77,0.58,1.19,1.0,0.0,0.0,44.0
1907,1907,Priscila Cachoeira,67.0,125,65.0, Orthodox,3.76,0.44,7.03,0.43,0.15,0.33,0.65,0.0,35.0
1908,1908,Maryna Moroz,67.0,125,67.0, Orthodox,4.42,0.33,4.89,0.51,0.7,0.24,0.42,0.6,32.0
1909,1909,Daniel Zellhuber,73.0,155,77.0, Switch,5.86,0.41,5.06,0.56,0.22,0.33,0.94,0.2,24.0
1910,1910,Joaquim Silva,68.0,155,69.0, Southpaw,3.66,0.43,4.53,0.53,0.39,0.5,0.69,0.8,35.0
1911,1911,Eric Irvin,68.0,155,69.0,,3.27,0.42,4.47,0.36,4.0,0.3,0.33,0.0,38.0
1912,1912,Chris Gruetzemacher,68.0,155,68.0, Orthodox,6.18,0.57,4.96,0.52,0.21,0.5,0.65,0.0,37.0
1913,1913,Milco Voorn,,220,, Orthodox,0.0,0.0,0.0,1.0,0.0,0.0,0.0,0.0,
1914,1914,Isaac Vallie-Flagg,68.0,155,70.0, Orthodox,5.56,0.47,5.6,0.45,0.2,0.12,0.58,0.0,46.0
1915,1915,Aleksei Oleinik,74.0,240,80.0, Orthodox,3.29,0.48,3.8,0.44,1.82,0.46,0.37,1.9,46.0
1916,1916,Daiki Hata,66.0,139,70.0, Orthodox,1.44,0.39,1.42,0.55,0.67,1.0,0.35,0.7,41.0
1917,1917,Jared Chaffee,70.0,155,,,0.0,0.0,0.0,0.0,0.0,0.0,0.0,0.0,39.0
1918,1918,Chris Clements,70.0,170,70.0, Orthodox,3.2,0.49,2.37,0.44,0.0,0.0,0.32,0.3,48.0
1919,1919,Andy Wang,66.0,155,68.0, Orthodox,3.43,0.36,10.29,0.62,0.0,0.0,0.0,0.0,46.0
1920,1920,Josh Jarvis,, --,,,0.0,0.0,0.0,0.0,0.0,0.0,0.0,0.0,
1921,1921,Taylor Roberts,71.0,170,,,0.0,0.0,0.0,0.0,0.0,0.0,0.0,0.0,
1922,1922,Gauge Young,,170,,,0.0,0.0,0.0,0.0,0.0,0.0,0.0,0.0,23.0
1923,1923,Dan Henderson,71.0,185,74.0, Orthodox,2.44,0.47,2.7,0.51,1.52,0.52,0.57,0.3,53.0
1924,1924,Jin Bala,69.0,155,,,0.0,0.0,0.0,0.0,0.0,0.0,0.0,0.0,
1925,1925,Charles Radtke,69.0,170,72.0, Orthodox,3.29,0.52,3.03,0.54,0.76,0.16,1.0,0.0,33.0
1926,1926,Theo Rlayang,67.0,145,65.0, Orthodox,5.93,0.48,8.4,0.4,2.0,0.4,0.0,0.0,29.0
1927,1927,Lumumba Sayers,72.0,185,74.0,,2.54,0.41,2.37,0.48,7.63,0.75,0.0,2.5,45.0
1928,1928,Chris Solomon,71.0,155,74.0,,0.0,0.0,2.8,0.37,0.0,0.0,0.33,0.0,
1929,1929,Roy Boughton,72.0,205,,,0.0,0.0,0.0,0.0,0.0,0.0,0.0,0.0,
1930,1930,Bu-Kyung Jung,67.0,154,69.0, Orthodox,0.63,0.36,1.85,0.56,1.1,0.75,0.0,1.5,45.0
1931,1931,Lukasz Les,,170,,,0.0,0.0,0.0,0.0,0.0,0.0,0.0,0.0,42.0
1932,1932,Karine Silva,65.0,125,67.0, Orthodox,2.67,0.35,3.12,0.49,3.59,0.72,0.0,2.2,30.0
1933,1933,Nick Sanzo,69.0,190,,,0.0,0.0,0.0,0.0,0.0,0.0,0.0,0.0,
1934,1934,Che Mills,73.0,170,76.0, Orthodox,2.08,0.52,2.87,0.43,1.18,0.66,0.58,0.0,41.0
1935,1935,David Michaud,69.0,155,72.0, Orthodox,3.25,0.43,4.45,0.54,2.53,0.58,0.77,0.7,35.0
1936,1936,Hannah Cifers,61.0,115,62.0, Orthodox,4.99,0.44,5.39,0.52,0.26,1.0,0.64,0.3,31.0
1937,1937,Icho Larenas,75.0,235,75.0, Orthodox,0.17,0.15,2.5,0.28,0.0,0.0,0.14,0.0,44.0
1938,1938,Hector Lombard,69.0,185,71.0, Southpaw,3.02,0.46,3.35,0.53,1.69,0.48,0.77,0.5,46.0
1939,1939,Pat Benson,69.0,155,,,0.0,0.0,0.0,0.0,0.0,0.0,0.0,0.0,
1940,1940,Jason Miller,73.0,185,72.0, Orthodox,1.83,0.43,2.3,0.49,1.31,0.28,0.43,1.3,43.0
1941,1941,Ji Yeon Kim,67.0,125,72.0, Orthodox,5.37,0.36,5.41,0.56,0.0,0.0,0.5,0.1,34.0
1942,1942,Homer Moore,70.0,205,72.0, Orthodox,0.68,0.5,0.68,0.0,5.07,0.66,0.0,0.0,52.0
1943,1943,Junior Albini,75.0,264,74.0, Orthodox,3.98,0.51,6.08,0.52,1.54,0.37,1.0,0.0,33.0
1944,1944,Takahiro Oba,68.0,200,71.0, Southpaw,0.23,0.25,1.82,0.69,0.0,0.0,0.0,0.0,
1945,1945,Phil Rowe,75.0,170,80.0, Orthodox,3.94,0.52,4.32,0.54,0.85,0.4,0.59,0.4,33.0
1946,1946,Connor Matthews,68.0,145,71.0, Switch,5.3,0.44,6.19,0.56,2.97,0.53,0.5,0.7,31.0
1947,1947,Marcelo Aguiar,70.0,170,, Orthodox,0.0,0.0,0.0,0.0,0.0,0.0,0.0,0.0,
1948,1948,Eduardo Neves,74.0,263,78.0, Orthodox,7.69,0.65,6.15,0.55,5.77,0.66,0.0,0.0,24.0
1949,1949,Johnny Eduardo,67.0,135,71.0, Orthodox,2.95,0.39,3.22,0.63,0.22,0.2,0.58,0.4,45.0
1950,1950,Vitor Vianna,71.0,205,74.0, Orthodox,3.1,0.3,8.28,0.52,0.0,0.0,0.0,0.0,
1951,1951,Anvarbek Daniyalbekov,,185,,,0.0,0.0,0.0,0.0,0.0,0.0,0.0,0.0,28.0
1952,1952,Hisaki Kato,72.0,185,74.0,,2.8,0.48,1.72,0.68,1.62,1.0,0.0,0.0,41.0
1953,1953,Akira Shoji,68.0,195,71.0, Orthodox,1.03,0.34,2.63,0.53,1.79,0.73,0.82,0.4,50.0
1954,1954,Ramazan Kuramagomedov,73.0,170,73.0, Orthodox,11.67,0.67,9.13,0.54,1.0,0.14,0.0,0.0,27.0
1955,1955,Darren Uyenoyama,66.0,125,65.0, Orthodox,1.34,0.39,2.21,0.66,1.42,0.33,0.35,0.7,44.0
1956,1956,Dave Beneteau,74.0,250,, Orthodox,0.0,0.0,0.0,0.0,0.0,0.0,0.0,0.0,
1957,1957,Bobby Moffett,70.0,145,73.0, Orthodox,3.41,0.39,3.15,0.61,2.74,0.66,0.66,1.4,33.0
1958,1958,Sammy Morgan,70.0,170,72.0, Orthodox,1.05,0.22,3.74,0.4,1.43,0.2,0.0,0.5,42.0
1959,1959,Lu Zhengyong,,125,,,0.0,0.0,0.0,0.0,0.0,0.0,0.0,0.0,
1960,1960,Mike Aina,69.0,155,72.0, Orthodox,2.87,0.33,6.33,0.59,0.0,0.0,0.71,0.0,
1961,1961,Alex Gilpin,67.0,145,71.0, Orthodox,6.8,0.54,12.29,0.42,2.17,0.25,0.0,2.2,32.0
1962,1962,Gilbert Urbina,75.0,170,75.0, Orthodox,5.61,0.57,4.61,0.44,3.01,0.44,0.0,0.8,28.0
1963,1963,Max Holloway,71.0,145,69.0, Orthodox,7.17,0.48,4.72,0.59,0.25,0.53,0.84,0.3,32.0
1964,1964,Terry Etim,73.0,155,73.0, Orthodox,2.16,0.35,2.53,0.67,0.43,0.3,0.39,1.4,38.0
1965,1965,Aleksandar Rakic,76.0,205,78.0, Orthodox,4.26,0.5,2.8,0.5,0.76,0.25,0.85,0.1,32.0
1966,1966,Mike Minniger,, --,,,0.0,0.0,0.0,0.0,0.0,0.0,0.0,0.0,
1967,1967,Zak Bucia,70.0,170,,,0.0,0.0,0.0,0.0,0.0,0.0,0.0,0.0,
1968,1968,Dos Caras Jr.,76.0,225,76.0, Orthodox,0.77,0.23,1.2,0.59,0.0,0.0,0.72,0.0,46.0
1969,1969,Jong Wang Kim,73.0,240,,,0.0,0.0,0.0,0.0,0.0,0.0,0.0,0.0,
1970,1970,Ozzy Diaz,76.0,185,79.0, Orthodox,1.65,0.32,3.91,0.44,0.0,0.0,0.0,0.0,33.0
1971,1971,Conor McGregor,69.0,155,74.0, Southpaw,5.32,0.49,4.66,0.54,0.67,0.55,0.66,0.1,35.0
1972,1972,Piotr Hallmann,69.0,155,71.0, Orthodox,3.98,0.45,3.17,0.58,2.55,0.44,0.7,0.4,36.0
1973,1973,Donnie Chappell,71.0,178,, Southpaw,0.0,0.0,0.0,0.0,0.0,0.0,0.0,0.0,
1974,1974,Mark Munoz,72.0,185,71.0, Orthodox,3.12,0.51,2.26,0.57,3.17,0.29,0.57,0.6,46.0
1975,1975,Katsunori Kikuno,68.0,145,66.0, Orthodox,2.64,0.4,2.47,0.61,1.88,0.75,0.76,0.8,42.0
1976,1976,Jamal Pogues,75.0,205,77.0, Orthodox,3.36,0.44,4.17,0.5,2.4,0.48,0.77,0.0,28.0
1977,1977,Larissa Pacheco,67.0,135,69.0, Orthodox,1.21,0.19,4.14,0.55,0.0,0.0,0.0,0.0,29.0
1978,1978,Josh Shockley,73.0,155,75.0, Orthodox,1.4,0.33,1.75,0.6,0.0,0.0,0.61,0.8,34.0
1979,1979,Matt Veach,71.0,155,69.0, Orthodox,1.12,0.28,4.91,0.44,3.64,0.38,1.0,1.5,42.0
1980,1980,Tito Jones,68.0,145,, Southpaw,0.0,0.0,0.0,0.0,0.0,0.0,0.0,0.0,42.0
1981,1981,Nate Mohr,69.0,155,72.0, Orthodox,3.79,0.41,2.5,0.74,0.45,0.5,0.71,0.0,41.0
1982,1982,Kaitlin Young,69.0,135,69.0, Orthodox,2.83,0.26,6.33,0.51,2.5,1.0,0.0,0.0,38.0
1983,1983,Jack McGlaughlin,, --,, Orthodox,0.0,0.0,0.0,0.0,0.0,0.0,0.0,0.0,
1984,1984,Robert Breslin,71.0,155,71.0,,2.21,0.46,3.5,0.66,1.38,1.0,0.5,0.0,
1985,1985,Eric Galvan,,155,,,0.0,0.0,0.0,0.0,0.0,0.0,0.0,0.0,
1986,1986,Josh Samman,75.0,185,79.0, Orthodox,2.08,0.52,2.47,0.34,1.09,0.33,0.33,0.4,36.0
1987,1987,Salim Touahri,70.0,170,72.0, Orthodox,2.6,0.46,2.87,0.58,0.0,0.0,0.83,0.0,34.0
1988,1988,Lisa Kyriacou,65.0,125,64.0, Orthodox,0.0,0.0,0.0,0.0,0.0,0.0,0.0,0.0,30.0
1989,1989,Huang Feier,65.0,115,65.0, Orthodox,0.0,0.0,0.0,0.0,0.0,0.0,0.0,0.0,30.0
1990,1990,Dennis Buzukja,69.0,145,70.0, Switch,4.16,0.42,5.09,0.45,0.8,0.3,0.72,0.3,26.0
1991,1991,Leah Letson,67.0,145,71.0, Southpaw,3.06,0.41,3.84,0.52,0.51,0.5,0.76,0.0,31.0
1992,1992,Brian McLaughlin,69.0,155,,,0.0,0.0,0.0,0.0,0.0,0.0,0.0,0.0,40.0
1993,1993,Ihor Potieria,75.0,185,75.0, Southpaw,5.13,0.5,5.04,0.51,0.0,0.0,0.57,0.0,27.0
1994,1994,Yan Qihui,63.0,125,62.0, Orthodox,4.01,0.6,1.78,0.72,4.46,1.0,1.0,0.0,27.0
1995,1995,Kevin Rosier,76.0,275,, Orthodox,0.0,0.0,0.0,0.0,0.0,0.0,0.0,0.0,
1996,1996,Andre Lima,67.0,125,67.0, Orthodox,3.98,0.6,2.67,0.6,1.31,0.66,0.61,1.3,25.0
1997,1997,Roque Martinez,70.0,250,72.0, Orthodox,3.28,0.53,4.9,0.56,0.38,0.5,0.53,0.4,38.0
1998,1998,Payton Talbott,70.0,135,70.0, Switch,8.05,0.54,3.58,0.51,0.0,0.0,0.9,0.5,25.0
1999,1999,Daria Zhelezniakova,69.0,135,68.0,,3.8,0.38,1.67,0.82,0.0,0.0,0.5,0.0,28.0
2000,2000,Leonardo Morales,68.0,135,68.0, Southpaw,2.05,0.47,2.05,0.58,0.0,0.0,0.62,0.0,31.0
2001,2001,Chris de la Rocha,75.0,250,80.0, Orthodox,4.08,0.45,6.37,0.43,2.02,0.3,0.33,1.0,45.0
2002,2002,Montana De La Rosa,67.0,125,68.0, Orthodox,2.7,0.36,3.21,0.44,1.71,0.31,0.64,0.8,29.0
2003,2003,Jeimeson Saudino,66.0,135,64.0,,0.66,0.3,0.82,0.84,2.47,0.5,0.0,2.5,33.0
2004,2004,Justin Sumter,74.0,185,80.0, Southpaw,2.68,0.48,7.64,0.34,2.87,1.0,0.0,0.0,34.0
2005,2005,Jonny Goh,71.0,155,,,0.0,0.0,0.0,0.0,0.0,0.0,0.0,0.0,
2006,2006,Steven Nguyen,71.0,145,73.0, Switch,7.15,0.4,7.36,0.6,0.28,1.0,0.84,0.0,31.0
2007,2007,Jodie Esquibel,61.0,115,64.0, Orthodox,4.1,0.31,7.37,0.52,0.75,0.21,0.83,0.0,38.0
2008,2008,Max Martyniouk,,155,,,0.0,0.0,0.0,0.0,0.0,0.0,0.0,0.0,
2009,2009,Joseph Benavidez,64.0,125,65.0, Southpaw,3.52,0.34,2.67,0.61,1.41,0.3,0.62,0.6,39.0
2010,2010,Frederick Brown,72.0,235,,,0.0,0.0,0.0,0.0,0.0,0.0,0.0,0.0,
2011,2011,Keenan Raymond,,165,,,0.0,0.0,0.0,0.0,0.0,0.0,0.0,0.0,
2012,2012,Geraldo de Freitas,67.0,135,72.0, Orthodox,3.67,0.52,2.62,0.5,3.0,0.45,0.59,0.0,32.0
2013,2013,Charlie Kohler,69.0,155,72.0, Orthodox,0.81,0.33,4.31,0.46,0.0,0.0,0.0,4.0,47.0
2014,2014,Shara Magomedov,74.0,185,73.0, Orthodox,7.53,0.73,4.33,0.28,0.0,0.0,0.57,0.0,30.0
2015,2015,Damian Grabowski,73.0,241,75.0, Orthodox,4.0,0.36,7.65,0.51,0.0,0.0,0.0,0.0,44.0
2016,2016,Dokonjonosuke Mishima,67.0,155,69.0, Southpaw,1.06,0.41,1.22,0.52,2.47,0.4,0.25,1.4,52.0
2017,2017,Antonio Trocoli,77.0,205,82.0, Orthodox,1.27,0.71,4.56,0.25,3.8,1.0,1.0,3.8,33.0
2018,2018,Ian Rammel,72.0,185,,,0.0,0.0,0.0,0.0,0.0,0.0,0.0,0.0,38.0
2019,2019,Hailey Cowan,68.0,135,67.0, Southpaw,2.97,0.42,3.17,0.34,1.5,0.33,0.8,0.0,32.0
2020,2020,Danilo Marques,78.0,205,77.0, Orthodox,1.44,0.79,2.52,0.52,3.93,0.28,0.0,0.8,38.0
2021,2021,Devin Cole,76.0,240,81.0, Orthodox,3.5,0.55,2.14,0.48,2.18,0.42,0.66,0.0,47.0
2022,2022,Charles Rosa,69.0,145,69.0, Switch,3.08,0.36,3.86,0.47,1.67,0.35,0.38,1.0,37.0
2023,2023,Sean Bassett,,155,,,0.0,0.0,0.0,0.0,0.0,0.0,0.0,0.0,
2024,2024,Marcio Navarro,72.0,155,,,0.0,0.0,0.0,0.0,0.0,0.0,0.0,0.0,45.0
2025,2025,Kiichi Kunimoto,70.0,170,71.0, Orthodox,1.87,0.44,3.92,0.41,1.59,0.2,0.28,0.3,43.0
2026,2026,Everett Cummings,72.0,205,74.0,,0.43,0.6,4.34,0.45,0.0,0.0,0.0,2.2,
2027,2027,Aaron Riley,68.0,155,69.0, Southpaw,3.45,0.34,3.78,0.61,1.18,0.34,0.6,0.1,43.0
2028,2028,Motonobu Tezuka,67.0,135,67.0, Southpaw,0.87,0.23,2.8,0.51,1.5,0.11,0.0,0.5,36.0
2029,2029,Asu Almabayev,64.0,125,65.0, Orthodox,3.02,0.59,1.42,0.53,7.12,0.57,0.0,1.3,30.0
2030,2030,Allen Berube,68.0,155,70.0, Orthodox,0.92,0.8,0.92,0.33,6.87,1.0,0.0,3.4,49.0
2031,2031,Seo Hee Ham,62.0,115,62.0, Southpaw,4.2,0.39,5.15,0.61,0.0,0.0,0.66,0.2,37.0
2032,2032,Hashem Arkhagha,74.0,185,75.0, Orthodox,1.84,0.44,8.97,0.43,0.0,0.0,0.5,0.0,34.0
2033,2033,Chris Avila,70.0,145,73.0, Orthodox,2.37,0.3,4.17,0.48,0.0,0.0,0.46,0.0,31.0
2034,2034,Jeff Hughes,74.0,250,77.0, Orthodox,3.95,0.51,3.67,0.6,0.71,0.5,0.45,0.0,36.0
2035,2035,Goran Reljic,75.0,205,81.0, Southpaw,1.69,0.37,2.69,0.59,1.69,0.5,0.33,1.1,40.0
2036,2036,Tae Hyun Bang,69.0,155,71.0, Switch,2.72,0.38,2.07,0.66,0.49,0.33,0.57,0.5,41.0
2037,2037,Antonio Mendes,75.0,205,77.0, Southpaw,1.34,0.47,6.85,0.22,2.51,0.5,1.0,0.0,43.0
2038,2038,Michinori Tanaka,65.0,135,67.0, Orthodox,1.97,0.37,1.99,0.5,2.4,0.38,0.43,0.2,33.0
2039,2039,Orlando Wiet,70.0,170,, Southpaw,0.0,0.0,0.0,0.0,0.0,0.0,0.0,0.0,
2040,2040,Cody Floyd,, --,,,0.0,0.0,0.0,0.0,0.0,0.0,0.0,0.0,35.0
2041,2041,Francesco Maturi,, --,,,0.0,0.0,0.0,0.0,0.0,0.0,0.0,0.0,
2042,2042,Dustin Poirier,69.0,155,72.0, Southpaw,5.45,0.51,4.36,0.53,1.33,0.36,0.63,1.4,35.0
2043,2043,Mark Bocek,68.0,155,75.0, Orthodox,2.34,0.43,2.32,0.6,3.65,0.36,0.31,1.3,42.0
2044,2044,Bobby Stack,69.0,155,70.0, Orthodox,1.0,0.2,2.89,0.34,7.48,0.45,1.0,0.0,
2045,2045,Mitch Whitesel,69.0,185,,,0.0,0.0,0.0,0.0,0.0,0.0,0.0,0.0,42.0
2046,2046,Jack Nilson,, --,,,0.0,0.0,0.0,0.0,0.0,0.0,0.0,0.0,
2047,2047,Jordan Parsons,69.0,145,71.0,,3.29,0.4,2.37,0.6,1.54,0.21,0.5,1.0,33.0
2048,2048,Lacey Schuckman,63.0,125,,,0.0,0.0,0.0,0.0,0.0,0.0,0.0,0.0,
2049,2049,James Gabert,,178,,,0.0,0.0,0.0,0.0,0.0,0.0,0.0,0.0,
2050,2050,Anthony Njokuani,73.0,155,75.0, Orthodox,3.94,0.46,2.41,0.65,0.5,0.45,0.53,0.2,44.0
2051,2051,Eduardo Dantas,70.0,135,69.0,,3.33,0.6,3.0,0.6,4.0,0.23,1.0,0.0,35.0
2052,2052,Nate James,72.0,185,77.0,,1.33,0.42,2.67,0.28,0.0,0.0,0.44,0.0,45.0
2053,2053,Krzysztof Jotko,73.0,185,77.0, Southpaw,2.98,0.42,2.23,0.57,1.33,0.39,0.82,0.1,34.0
2054,2054,Dayana Silva,67.0,135,69.0, Orthodox,6.33,0.51,5.93,0.57,0.0,0.0,0.42,0.0,33.0
2055,2055,Mallory Martin,64.0,115,63.0, Orthodox,4.42,0.48,6.64,0.55,2.28,0.43,0.25,0.3,30.0
2056,2056,Richard Walsh,72.0,170,73.0, Orthodox,3.84,0.46,2.72,0.58,1.55,0.4,0.66,0.2,35.0
2057,2057,Kevin Haley,74.0,205,74.0,,0.87,0.59,0.87,0.64,3.0,1.0,0.0,2.0,
2058,2058,Mike Bronzoulis,72.0,155,75.0,,1.13,0.34,2.54,0.37,0.0,0.0,0.33,0.0,45.0
2059,2059,Nah-Shon Burrell,71.0,170,71.0, Orthodox,4.83,0.47,3.45,0.56,0.0,0.0,0.52,0.3,34.0
2060,2060,Kiefer Crosbie,71.0,170,70.0, Switch,8.1,0.66,6.02,0.5,0.0,0.0,0.0,0.0,34.0
2061,2061,Hannah Goldy,64.0,115,61.0, Orthodox,5.19,0.47,4.67,0.5,0.66,0.12,0.54,0.2,32.0
2062,2062,Kaiwen,69.0,145,72.0, Switch,4.32,0.49,3.74,0.54,0.78,0.33,0.92,0.0,28.0
2063,2063,Zachary Micklewright,72.0,155,74.0, Southpaw,5.56,0.53,4.72,0.54,0.7,0.12,1.0,0.0,47.0
2064,2064,Dmitri Stepanov,75.0,217,, Orthodox,0.0,0.0,0.0,0.0,0.0,0.0,0.0,0.0,
2065,2065,Chuck Grigsby,78.0,205,79.0, Orthodox,0.71,0.16,3.29,0.46,0.0,0.0,0.66,0.0,
2066,2066,Brandon Cash,77.0,255,74.0, Orthodox,5.42,0.72,0.68,0.33,10.17,0.66,0.0,0.0,
2067,2067,Damonte Robinson,72.0,155,77.0,,0.0,0.0,0.0,0.0,0.0,0.0,0.0,0.0,28.0
2068,2068,Ricardo Abreu,71.0,185,73.0, Orthodox,3.79,0.31,3.98,0.68,2.13,0.42,1.0,0.7,40.0
2069,2069,Andreas Spang,73.0,185,,,0.0,0.0,0.0,0.0,0.0,0.0,0.0,0.0,45.0
2070,2070,JC Cottrell,69.0,155,71.0, Orthodox,0.79,0.25,2.75,0.45,0.79,1.0,0.5,0.0,34.0
2071,2071,Donnie Liles,69.0,170,71.0, Orthodox,2.25,0.41,1.75,0.65,2.5,0.28,0.0,1.2,
2072,2072,Curt Warburton,72.0,155,73.0, Orthodox,2.13,0.42,3.44,0.43,2.35,0.5,0.83,0.9,
2073,2073,Chris Heatherly,69.0,155,69.0, Orthodox,1.08,0.45,2.67,0.52,3.39,0.5,1.0,0.7,36.0
2074,2074,Kazuyuki Miyata,68.0,139,70.0, Orthodox,2.04,0.52,1.82,0.63,4.31,0.46,0.68,0.0,
2075,2075,Jordan Radev,67.0,185,71.0, Southpaw,1.35,0.23,2.38,0.66,0.0,0.0,0.8,0.0,47.0
2076,2076,Lee Brousseau,73.0,205,,,0.0,0.0,0.0,0.0,0.0,0.0,0.0,0.0,49.0
2077,2077,Greg Velasco,74.0,265,70.0, Southpaw,0.0,0.0,1.52,0.0,0.0,0.0,0.0,0.0,30.0
2078,2078,Dustin Hazelett,73.0,170,76.0, Orthodox,2.24,0.4,3.51,0.46,0.55,0.5,0.25,4.1,38.0
2079,2079,Jeremy May,73.0,185,,,0.0,0.0,0.0,0.0,0.0,0.0,0.0,0.0,37.0
2080,2080,Chris Guillen,72.0,240,74.0, Orthodox,0.82,0.27,1.91,0.36,0.0,0.0,0.0,0.0,51.0
2081,2081,Chatt Lavender,68.0,170,,,0.0,0.0,0.0,0.0,0.0,0.0,0.0,0.0,48.0
2082,2082,Tim Catalfo,71.0,235,73.0, Orthodox,0.39,1.0,0.77,0.33,0.0,0.0,0.0,0.0,
2083,2083,Yuji Hisamatsu,70.0,185,,,0.0,0.0,0.0,0.0,0.0,0.0,0.0,0.0,52.0
2084,2084,Peter Barrett,70.0,145,73.0, Southpaw,4.18,0.61,4.32,0.42,1.39,0.22,0.66,0.0,37.0
2085,2085,Chris Culley,,145,,,0.0,0.0,0.0,0.0,0.0,0.0,0.0,0.0,38.0
2086,2086,Gilbert Burns,70.0,170,71.0, Orthodox,3.29,0.48,3.42,0.54,2.24,0.38,0.5,0.5,37.0
2087,2087,Joe Charles,73.0,260,, Southpaw,0.0,0.0,0.0,0.0,0.0,0.0,0.0,0.0,
2088,2088,Jeremiah Wells,69.0,170,74.0, Switch,2.41,0.43,1.31,0.48,3.08,0.44,0.8,0.8,37.0
2089,2089,Kyosuke Sasaki,67.0,183,73.0, Southpaw,0.33,0.45,0.93,0.46,0.0,0.0,0.0,0.0,
2090,2090,Sean Wilson,68.0,145,69.0,,1.01,0.31,5.88,0.62,0.0,0.0,0.0,0.0,41.0
2091,2091,Te Edwards,68.0,155,72.0, Orthodox,1.5,0.41,4.15,0.44,0.72,1.0,0.44,0.0,33.0
2092,2092,Kyle Kurtz,71.0,170,72.0,,1.31,0.36,2.95,0.52,1.23,0.2,0.0,2.5,
2093,2093,Yusaku Nakamura,65.0,145,68.0,,1.72,0.45,3.67,0.55,0.0,0.0,0.83,0.0,37.0
2094,2094,James Terry,70.0,170,71.0, Orthodox,3.23,0.32,4.77,0.64,3.31,0.36,0.75,0.0,43.0
2095,2095,Dean Hancock,68.0,155,70.0,,7.97,0.63,1.94,0.67,1.71,0.33,0.75,1.7,
2096,2096,Rustam Khabilov,68.0,155,73.0, Orthodox,1.98,0.34,2.16,0.65,3.95,0.41,0.61,0.1,37.0
2097,2097,Rafaello Oliveira,68.0,155,71.0, Orthodox,2.19,0.33,3.38,0.59,2.49,0.36,0.11,1.6,42.0
2098,2098,Mike Seal,76.0,185,74.0, Orthodox,5.5,0.68,3.33,0.5,0.0,0.0,0.33,0.0,
2099,2099,Jake Hecht,72.0,170,73.0, Orthodox,3.26,0.47,2.76,0.56,2.04,0.37,0.4,0.0,40.0
2100,2100,George Sullivan,72.0,170,73.0, Orthodox,3.53,0.39,2.42,0.57,1.37,0.2,0.38,0.7,43.0
2101,2101,Naoya Ogawa,76.0,255,78.0, Orthodox,2.41,0.42,1.66,0.47,1.25,1.0,0.66,1.2,56.0
2102,2102,Martin Svensson,73.0,155,73.0,,2.02,0.38,5.91,0.38,0.0,0.0,0.0,0.0,39.0
2103,2103,J.T Taylor,70.0, --,72.0,,3.17,0.8,3.7,0.26,3.96,1.0,0.0,7.9,
2104,2104,Julia Budd,67.0,145,67.0,,2.42,0.74,1.18,0.47,3.6,0.57,0.83,0.0,40.0
2105,2105,Yana Santos,66.0,135,68.0, Orthodox,4.16,0.56,3.03,0.5,1.11,0.53,0.42,0.1,34.0
2106,2106,Roland Payne,69.0,205,, Orthodox,0.0,0.0,0.0,0.0,0.0,0.0,0.0,0.0,
2107,2107,Anthony Alves,, --,,,0.0,0.0,0.0,0.0,0.0,0.0,0.0,0.0,
2108,2108,Zac Pauga,74.0,205,76.0, Orthodox,4.46,0.62,2.73,0.58,0.38,0.07,1.0,0.0,36.0
2109,2109,Thibault Gouti,70.0,155,72.0, Orthodox,3.68,0.34,5.64,0.5,1.23,0.8,0.83,0.3,37.0
2110,2110,Sean Strickland,73.0,185,76.0, Orthodox,5.91,0.41,4.33,0.62,0.85,0.64,0.77,0.2,33.0
2111,2111,Randy Brown,75.0,170,78.0, Orthodox,4.37,0.46,3.33,0.54,0.78,0.39,0.74,0.5,33.0
2112,2112,Brandon Halsey,72.0,185,72.0,,1.74,0.47,0.87,0.65,4.98,0.53,1.0,1.2,37.0
2113,2113,Gary Goodridge,75.0,249,76.0, Orthodox,1.84,0.56,2.14,0.48,0.4,1.0,0.53,0.8,58.0
2114,2114,Shang Zhifa,67.0,125,63.0, Orthodox,1.27,0.32,1.27,0.6,2.0,1.0,0.0,0.0,38.0
2115,2115,Khusein Askhabov,68.0,145,69.0, Orthodox,2.0,0.26,4.13,0.56,0.0,0.0,0.66,0.0,29.0
2116,2116,Achilles Estremadura,70.0,155,68.0, Orthodox,3.2,0.43,3.27,0.7,0.0,0.0,0.0,0.0,32.0
2117,2117,Jarred Brooks,63.0,125,62.0, Switch,2.12,0.46,1.66,0.62,4.54,0.57,0.69,0.6,31.0
2118,2118,Matheus Nicolau,66.0,125,66.0, Orthodox,3.62,0.52,3.19,0.66,1.38,0.45,0.93,0.8,31.0
2119,2119,HyunSung Park,67.0,125,66.0, Orthodox,4.15,0.44,3.43,0.59,1.54,0.27,1.0,2.6,28.0
2120,2120,Clay Collard,71.0,145,73.0, Orthodox,4.22,0.32,5.0,0.5,2.81,0.39,0.71,0.5,31.0
2121,2121,Mu Bae Choi,74.0,230,76.0, Orthodox,1.55,0.49,3.65,0.44,3.12,0.75,0.6,1.0,53.0
2122,2122,Colin Robinson,76.0,243,77.0, Orthodox,6.19,0.69,7.91,0.37,2.58,1.0,0.5,5.2,55.0
2123,2123,Yuhi Sano,71.0,243,, Orthodox,0.0,0.0,0.0,0.0,0.0,0.0,0.0,0.0,59.0
2124,2124,Melissa Mullins,67.0,135,68.0, Orthodox,2.73,0.52,3.64,0.47,0.65,0.2,0.75,0.0,32.0
2125,2125,Edson Berto,66.0,155,69.0, Orthodox,1.76,0.36,4.62,0.47,5.47,0.4,0.0,2.7,40.0
2126,2126,Danny Silva,71.0,145,70.0, Switch,8.3,0.58,9.47,0.59,3.0,0.5,1.0,0.5,27.0
2127,2127,Reginaldo Vieira,67.0,135,65.0, Orthodox,3.76,0.4,2.89,0.59,1.97,0.27,0.25,0.8,41.0
2128,2128,Saparbeg Safarov,73.0,185,78.0, Orthodox,4.03,0.48,2.96,0.47,2.52,0.41,0.33,0.0,37.0
2129,2129,Sam Watford,70.0,155,76.0,,0.13,0.18,0.73,0.62,2.0,0.4,0.6,1.0,
2130,2130,Casey Kenney,67.0,135,68.0, Southpaw,4.85,0.42,4.67,0.58,1.09,0.35,0.61,0.4,33.0
2131,2131,Kolton Englund,70.0,155,69.0, Orthodox,2.31,0.25,11.54,0.4,0.0,0.0,0.0,0.0,30.0
2132,2132,Joshua Wang-Kim,69.0,135,71.0, Switch,2.95,0.4,4.43,0.6,1.17,1.0,0.66,0.0,31.0
2133,2133,Brandon Saling,70.0,170,,,2.88,0.4,6.08,0.2,0.0,0.0,0.57,0.0,38.0
2134,2134,Movsar Evloev,67.0,145,72.0, Orthodox,4.43,0.48,2.89,0.61,4.75,0.46,0.71,0.2,30.0
2135,2135,He-Man Gipson,, --,,,0.0,0.0,0.0,0.0,0.0,0.0,0.0,0.0,
2136,2136,Rafael Rebello,65.0,135,67.0, Orthodox,2.19,0.32,3.29,0.58,2.82,0.33,0.75,0.5,43.0
2137,2137,Gokhan Saki,72.0,205,73.0, Orthodox,7.09,0.58,4.57,0.53,0.0,0.0,1.0,0.0,40.0
2138,2138,Bartosz Fabinski,72.0,170,75.0, Orthodox,2.23,0.68,1.46,0.51,7.1,0.7,0.8,0.0,38.0
2139,2139,Marcelo Mello,67.0,170,, Southpaw,0.0,0.0,0.0,0.0,0.0,0.0,0.0,0.0,
2140,2140,TJ Brown,69.0,145,72.0, Switch,3.37,0.44,2.89,0.49,3.41,0.57,0.36,1.3,34.0
2141,2141,Rodrigo de Lima,67.0,155,75.0, Orthodox,1.29,0.33,5.5,0.32,2.66,0.36,0.0,1.3,33.0
2142,2142,Colleen Schneider,69.0,135,71.0,,2.17,0.48,2.5,0.5,2.5,0.5,0.6,0.0,
2143,2143,Michel Batista,75.0,260,80.0, Orthodox,0.0,0.0,4.03,0.4,6.72,0.5,0.0,0.0,40.0
2144,2144,Tarec Saffiedine,70.0,170,70.0, Switch,4.05,0.47,3.06,0.62,0.52,0.36,0.84,0.1,37.0
2145,2145,Bobby Sanchez,67.0,155,70.0, Orthodox,0.0,0.0,0.0,1.0,0.0,0.0,1.0,0.0,
2146,2146,Bolaji Oki,70.0,155,73.0, Orthodox,5.18,0.43,2.53,0.64,0.84,1.0,0.83,0.0,28.0
2147,2147,Dan Molina,70.0,216,73.0,,0.0,0.0,5.58,0.6,0.0,0.0,0.0,20.9,39.0
2148,2148,Takayuki Okada,73.0,290,, Orthodox,0.0,0.0,0.0,0.0,0.0,0.0,0.0,0.0,
2149,2149,Ray Sloan,73.0,205,,,0.0,0.0,0.0,0.0,0.0,0.0,0.0,0.0,38.0
2150,2150,Paula Luna,62.0,125,62.0, Orthodox,0.0,0.0,0.0,0.0,0.0,0.0,0.0,0.0,24.0
2151,2151,Marcos Brigagao,75.0,205,76.0, Southpaw,3.07,0.43,3.27,0.25,0.0,0.0,0.36,0.0,28.0
2152,2152,Allen Crowder,75.0,245,76.0, Orthodox,2.95,0.51,2.95,0.56,1.85,0.33,1.0,1.2,34.0
2153,2153,Anthony Pettis,70.0,155,72.0, Orthodox,3.05,0.47,3.44,0.54,0.61,0.5,0.6,1.1,37.0
2154,2154,Mike Glenn,,205,,,0.0,0.0,0.0,0.0,0.0,0.0,0.0,0.0,46.0
2155,2155,Doug Kay,, --,,,0.0,0.0,0.0,0.0,0.0,0.0,0.0,0.0,
2156,2156,Raul Sandoval,,130,,,0.0,0.0,0.0,0.0,0.0,0.0,0.0,0.0,
2157,2157,Justin Scoggins,67.0,125,66.0, Southpaw,3.56,0.51,2.16,0.55,3.42,0.63,0.82,0.5,32.0
2158,2158,Michael Diaz,,260,,,0.0,0.0,0.0,0.0,0.0,0.0,0.0,0.0,
2159,2159,Nick Serra,69.0,170,70.0, Orthodox,0.0,0.0,1.73,0.43,1.0,0.1,0.0,2.0,46.0
2160,2160,Lazar Stojadinovic,67.0,145,68.0, Southpaw,1.82,0.29,1.97,0.59,0.0,0.0,0.0,0.0,35.0
2161,2161,Andre Winner,71.0,155,73.0, Orthodox,2.52,0.33,4.57,0.51,0.0,0.0,0.74,0.0,42.0
2162,2162,Bertrand Amoussou,68.0,190,72.0, Orthodox,6.75,0.39,2.01,0.83,0.0,0.0,0.0,0.0,
2163,2163,Derek Campos,69.0,155,69.0,,2.41,0.23,10.34,0.44,0.0,0.0,0.0,0.0,36.0
2164,2164,Gabriella Fernandes,66.0,125,66.0, Southpaw,1.63,0.47,2.7,0.47,0.0,0.0,0.61,0.0,30.0
2165,2165,Luciano Azevedo,75.0,161,70.0, Orthodox,0.76,0.45,1.97,0.27,2.28,0.11,0.0,0.0,42.0
2166,2166,Magomed Ankalaev,75.0,205,75.0, Orthodox,3.64,0.53,2.25,0.59,1.02,0.31,0.86,0.0,31.0
2167,2167,Reynaldo Trujillo,69.0,155,,,0.0,0.0,0.0,0.0,0.0,0.0,0.0,0.0,42.0
2168,2168,Shuya Kamikubo,65.0,135,68.0, Switch,3.83,0.54,4.9,0.47,1.5,0.15,0.0,0.5,31.0
2169,2169,Hans Stringer,75.0,205,74.0, Orthodox,3.16,0.61,2.84,0.41,2.4,0.36,0.62,0.0,36.0
2170,2170,Rani Yahya,66.0,135,67.0, Orthodox,1.71,0.38,2.08,0.5,2.73,0.3,0.29,1.8,39.0
2171,2171,Johny Hendricks,69.0,185,69.0, Southpaw,3.49,0.45,3.99,0.53,3.83,0.46,0.63,0.3,40.0
2172,2172,Luke Rockhold,75.0,185,77.0, Southpaw,4.1,0.49,2.68,0.53,0.7,0.29,0.65,1.0,39.0
2173,2173,Bryson Kamaka,71.0,170,73.0, Orthodox,9.47,0.6,12.63,0.0,0.0,0.0,1.0,0.0,
2174,2174,Eli Tamez,67.0,135,,,0.0,0.0,0.0,0.0,0.0,0.0,0.0,0.0,38.0
2175,2175,Bryanna Fissori,64.0,145,63.0,,1.4,0.46,1.2,0.57,2.0,0.25,0.5,0.0,
2176,2176,Sergey Ignatov,69.0,210,72.0, Orthodox,0.35,0.5,3.25,0.42,0.0,0.0,0.0,0.0,
2177,2177,Domingo Pilarte,72.0,135,73.0, Southpaw,1.31,0.47,2.96,0.4,1.2,0.42,0.54,0.8,34.0
2178,2178,Wagnney Fabiano,66.0,145,69.0, Southpaw,1.19,0.38,0.66,0.7,3.44,0.64,1.0,0.4,48.0
2179,2179,Jesse Ronson,70.0,155,70.0, Southpaw,3.54,0.47,3.39,0.57,0.46,0.28,0.57,0.5,38.0
2180,2180,Raheam Forest,71.0,170,73.0, Switch,5.32,0.38,12.15,0.42,0.0,0.0,0.0,0.0,26.0
2181,2181,Maurice Smith,74.0,221,75.0, Orthodox,0.41,0.46,0.47,0.6,0.89,0.5,0.2,0.9,62.0
2182,2182,Alex Chambers,63.0,115,63.0, Southpaw,2.97,0.54,5.1,0.5,2.31,0.41,0.53,1.0,45.0
2183,2183,Mitch Clarke,70.0,155,73.0, Orthodox,2.35,0.34,3.27,0.47,0.64,0.15,0.5,0.4,38.0
2184,2184,Marcio Cruz,76.0,232,82.0, Orthodox,2.92,0.46,1.51,0.68,0.53,0.07,0.37,1.6,46.0
2185,2185,Cheick Kongo,76.0,240,82.0, Orthodox,3.33,0.56,1.28,0.54,2.3,0.56,0.52,0.2,49.0
2186,2186,Dan Manasoiu,, --,,,0.0,0.0,0.0,0.0,0.0,0.0,0.0,0.0,
2187,2187,Steve Cantwell,74.0,185,75.0, Orthodox,3.63,0.34,5.76,0.55,0.65,0.3,0.8,0.7,37.0
2188,2188,Toki Matsui,66.0,125,65.0, Orthodox,0.0,0.0,0.0,0.0,0.0,0.0,0.0,0.0,24.0
2189,2189,Tyson Nam,67.0,125,68.0, Orthodox,3.87,0.33,4.97,0.65,0.0,0.0,0.87,0.0,40.0
2190,2190,Rana Rudra Pratap Singh,70.0,135,69.0, Orthodox,0.0,0.0,9.05,0.27,0.0,0.0,0.0,0.0,27.0
2191,2191,Charles Byrd,70.0,185,73.0, Orthodox,3.43,0.55,2.63,0.55,2.5,0.5,0.4,1.5,40.0
2192,2192,Cody Stamann,66.0,135,64.0, Orthodox,4.39,0.47,3.63,0.62,2.34,0.39,0.76,0.0,34.0
2193,2193,Antoni Hardonk,76.0,245,78.0, Orthodox,3.4,0.61,3.07,0.46,0.0,0.0,0.4,0.9,48.0
2194,2194,Jack Della Maddalena,71.0,170,73.0, Switch,6.74,0.53,4.27,0.66,0.21,0.16,0.7,0.2,27.0
2195,2195,Kim In Seok,66.0,145,69.0, Orthodox,0.87,0.37,5.19,0.6,0.0,0.0,0.0,0.0,
2196,2196,Oumar Sy,76.0,205,83.0, Orthodox,0.0,0.0,0.81,0.25,8.07,0.66,0.0,4.0,28.0
2197,2197,Claudio Silva,71.0,170,71.0, Southpaw,2.48,0.42,3.0,0.46,2.85,0.26,0.44,1.1,41.0
2198,2198,Brendon Marotte,69.0,145,70.0, Orthodox,3.0,1.0,42.0,0.33,0.0,0.0,0.0,0.0,28.0
2199,2199,Eldo Xavier Dias,71.0,180,,,0.0,0.0,0.0,0.0,0.0,0.0,0.0,0.0,59.0
2200,2200,Jesse Forbes,74.0,185,75.0, Southpaw,2.11,0.24,4.06,0.53,1.79,0.75,0.66,1.2,39.0
2201,2201,Claudionor Fontinelle,65.0,185,67.0, Orthodox,2.62,0.42,10.25,0.28,0.0,0.0,0.0,0.0,
2202,2202,Naoyuki Kotani,68.0,155,66.0, Southpaw,1.02,0.31,2.89,0.5,0.83,0.16,0.46,0.8,42.0
2203,2203,Dave Jansen,69.0,155,73.0, Orthodox,2.94,0.33,3.67,0.58,2.79,0.28,0.38,0.9,44.0
2204,2204,Tsuyoshi Kurihara,70.0,185,, Orthodox,0.0,0.0,12.0,0.5,0.0,0.0,0.0,0.0,50.0
2205,2205,TJ Laramie,66.0,145,66.0, Orthodox,1.49,0.5,2.64,0.38,1.44,0.33,0.4,0.0,26.0
2206,2206,Oskar Piechota,72.0,185,76.0, Southpaw,3.3,0.52,3.93,0.51,0.61,0.4,0.38,1.5,34.0
2207,2207,Alexander Morgan,70.0,145,71.0, Orthodox,3.71,0.44,2.78,0.47,0.0,0.0,0.0,0.0,33.0
2208,2208,SeungGuk Choi,66.0,125,64.0, Orthodox,2.69,0.42,2.69,0.65,1.02,0.27,0.74,0.0,27.0
2209,2209,Joshua Burkman,70.0,170,72.0, Orthodox,2.69,0.43,3.13,0.51,2.53,0.36,0.72,0.3,44.0
2210,2210,Shavkat Rakhmonov,73.0,170,77.0, Orthodox,4.12,0.61,2.41,0.51,1.49,0.29,1.0,1.8,29.0
2211,2211,Cyril Asker,72.0,247,74.0, Orthodox,3.35,0.39,5.82,0.35,4.41,0.62,1.0,0.9,38.0
2212,2212,Mike Rodriguez,76.0,205,82.0, Southpaw,4.35,0.53,4.24,0.41,0.0,0.0,0.37,0.0,35.0
2213,2213,Mike Ricci,72.0,155,76.0, Southpaw,1.8,0.32,1.64,0.65,0.67,1.0,0.54,0.0,38.0
2214,2214,TJ Grant,70.0,155,72.0, Orthodox,3.95,0.54,3.21,0.56,1.63,0.43,0.36,0.6,40.0
2215,2215,Horacio Gutierrez,70.0,145,69.0,,0.86,0.26,2.91,0.46,0.0,0.0,0.5,0.0,33.0
2216,2216,Chance Rencountre,74.0,170,75.0, Southpaw,1.1,0.2,3.62,0.49,1.35,0.26,0.16,0.3,37.0
2217,2217,Eddie Alvarez,69.0,155,69.0, Orthodox,4.32,0.41,4.39,0.55,2.92,0.36,0.92,0.5,40.0
2218,2218,Joe Brammer,68.0,155,70.0, Orthodox,2.15,0.31,2.8,0.56,0.81,0.5,0.5,0.0,40.0
2219,2219,Timothy Johnson,75.0,265,77.0, Southpaw,3.43,0.45,3.08,0.44,1.09,0.24,0.69,0.0,39.0
2220,2220,Albert Tumenov,71.0,170,73.0, Orthodox,3.76,0.42,3.34,0.58,0.2,0.2,0.75,0.0,32.0
2221,2221,Masio Fullen,70.0,145,70.0, Orthodox,2.46,0.32,3.5,0.54,0.47,0.33,0.69,0.0,37.0
2222,2222,Gabriel Benitez,68.0,155,71.0, Southpaw,5.26,0.41,4.49,0.63,0.22,0.5,0.55,0.9,35.0
2223,2223,Joseph Sandoval,67.0,135,66.0, Southpaw,1.82,0.42,12.12,0.6,0.0,0.0,0.0,0.0,38.0
2224,2224,Josiah Harrell,67.0,170,68.0, Southpaw,0.0,0.0,0.0,0.0,0.0,0.0,0.0,0.0,25.0
2225,2225,Steve Garcia,72.0,155,75.0, Southpaw,4.85,0.56,2.4,0.46,1.31,0.44,0.88,0.7,32.0
2226,2226,Abdul-Kareem Al-Selwady,68.0,155,69.0, Orthodox,4.14,0.34,3.6,0.59,2.32,0.3,0.2,0.0,29.0
2227,2227,Will Brooks,70.0,155,72.0, Orthodox,4.26,0.59,2.54,0.56,2.08,0.51,0.82,0.3,37.0
2228,2228,Jordan Griffin,70.0,145,73.0, Southpaw,2.52,0.46,3.02,0.5,1.45,0.35,0.42,1.9,34.0
2229,2229,Koyomi Matsushima,67.0,145,66.0, Orthodox,2.7,0.47,2.83,0.59,9.0,0.52,0.33,0.0,31.0
2230,2230,Johnny Rhodes,72.0,210,, Orthodox,0.0,0.0,0.0,0.0,0.0,0.0,0.0,0.0,
2231,2231,Ion Cutelaba,73.0,205,75.0, Southpaw,4.44,0.43,3.43,0.47,4.17,0.57,0.76,0.0,30.0
2232,2232,Alex Karalexis,68.0,155,66.0, Orthodox,2.57,0.42,2.39,0.54,2.7,0.45,0.86,0.9,46.0
2233,2233,Wellington Turman,72.0,170,72.0, Orthodox,3.23,0.51,4.17,0.45,1.55,0.2,0.42,0.8,27.0
2234,2234,Guilherme Viana,76.0,205,78.0,,2.92,0.4,2.72,0.59,1.2,0.66,0.77,0.0,
2235,2235,Mike Davis,72.0,155,72.0, Orthodox,5.35,0.52,5.76,0.55,2.77,0.53,0.64,0.4,31.0
2236,2236,Jared Papazian,68.0,135,67.0, Southpaw,3.33,0.39,3.81,0.44,0.0,0.0,0.5,0.0,36.0
2237,2237,Robert Whittaker,72.0,185,73.0, Orthodox,4.57,0.42,3.45,0.59,0.81,0.38,0.82,0.0,33.0
2238,2238,Roger Gracie,76.0,185,79.0, Orthodox,1.78,0.35,1.79,0.61,1.87,0.53,0.6,1.9,42.0
2239,2239,Pedro Otavio,75.0,245,, Orthodox,0.0,0.0,0.0,0.0,0.0,0.0,0.0,0.0,
2240,2240,Josh Haynes,69.0,170,71.0, Orthodox,1.25,0.22,4.03,0.52,0.94,0.18,0.42,0.0,46.0
2241,2241,Vinicius Salvador,67.0,135,70.0, Southpaw,5.48,0.43,6.5,0.48,0.36,0.11,0.86,0.0,27.0
2242,2242,Brian Sleeman,68.0,185,70.0,,4.0,0.48,1.85,0.7,9.23,1.0,1.0,0.0,
2243,2243,Steve Vigneault,70.0,185,72.0, Orthodox,2.19,0.28,5.75,0.44,0.0,0.0,1.0,0.0,46.0
2244,2244,Shawn Bunch,65.0,135,66.0,,0.0,0.0,1.55,0.55,0.0,0.0,0.5,0.0,41.0
2245,2245,Joby Sanchez,66.0,135,68.0, Orthodox,3.22,0.36,2.82,0.63,0.95,0.71,0.51,0.4,32.0
2246,2246,Brendan Schaub,76.0,245,78.0, Orthodox,2.92,0.37,2.22,0.57,2.32,0.46,0.72,0.4,41.0
2247,2247,Steve Bosse,71.0,205,72.0, Orthodox,5.99,0.52,5.38,0.5,0.92,0.33,1.0,0.0,42.0
2248,2248,Roger Bowling,69.0,155,68.0, Orthodox,3.9,0.47,3.86,0.51,3.09,0.43,0.27,0.9,41.0
2249,2249,Wayne Cole,73.0,205,75.0, Orthodox,0.57,0.2,8.33,0.27,4.31,0.25,0.0,4.3,
2250,2250,Ibragim Magomedov,72.0,250,75.0, Orthodox,0.26,0.04,3.86,0.42,0.0,0.0,0.0,0.0,
2251,2251,Bob Sapp,77.0,350,82.0, Orthodox,3.19,0.55,1.88,0.49,0.58,1.0,0.72,0.0,49.0
2252,2252,Ruslan Magomedov,75.0,242,78.0, Orthodox,4.02,0.47,1.47,0.66,0.33,1.0,0.88,0.0,37.0
2253,2253,Roshan Mainam,,135,,,0.0,0.0,0.0,0.0,0.0,0.0,0.0,0.0,
2254,2254,Oli Thompson,73.0,242,75.0, Orthodox,1.66,0.46,5.31,0.46,0.0,0.0,0.5,0.5,44.0
2255,2255,Helena Crevar,, --,,,0.0,0.0,0.0,0.0,0.0,0.0,0.0,0.0,
2256,2256,Virgil Zwicker,74.0,205,74.0,,3.34,0.48,4.87,0.39,1.31,0.3,0.5,0.0,41.0
2257,2257,Bharat Kandare,67.0,135,72.0, Orthodox,0.7,0.1,1.88,0.72,0.0,0.0,0.0,0.0,36.0
2258,2258,Young Hwang,69.0,135,,,0.0,0.0,0.0,0.0,0.0,0.0,0.0,0.0,35.0
2259,2259,Iony Razafiarison,63.0,145,64.0,,1.2,0.42,1.4,0.53,2.0,0.5,0.75,0.0,39.0
2260,2260,Daniel Schmitt,,185,,,0.0,0.0,0.0,0.0,0.0,0.0,0.0,0.0,
2261,2261,Chase Hooper,73.0,155,74.0, Southpaw,5.08,0.52,3.33,0.36,1.45,0.24,0.55,2.3,24.0
2262,2262,Roybert Echeverria,65.0,125,67.0, Switch,2.95,0.53,2.52,0.57,0.0,0.0,0.71,2.6,28.0
2263,2263,Micheal Gillmore,71.0,170,72.0, Orthodox,2.04,0.57,3.02,0.43,0.0,0.0,0.5,0.0,37.0
2264,2264,Brian Gassaway,73.0,170,73.0, Orthodox,0.34,0.26,3.65,0.44,0.0,0.0,0.42,0.0,51.0
2265,2265,Andre Muniz,73.0,185,78.0, Southpaw,1.97,0.5,1.99,0.54,4.23,0.5,0.35,1.2,34.0
2266,2266,Ken Stone,68.0,135,71.0, Southpaw,3.85,0.49,2.9,0.48,1.24,0.33,0.6,0.6,41.0
2267,2267,Jeremiah Billington,69.0,205,71.0, Orthodox,1.6,0.62,7.06,0.35,0.0,0.0,0.5,0.0,46.0
2268,2268,Andre Santos,72.0,170,71.0,,2.77,0.34,4.17,0.41,2.5,0.29,0.75,0.0,
2269,2269,Thiago Tavares,67.0,145,70.0, Orthodox,2.0,0.4,2.31,0.62,3.83,0.42,0.62,1.5,39.0
2270,2270,Cal Worsham,71.0,230,, Orthodox,0.0,0.0,0.0,0.0,0.0,0.0,0.0,0.0,
2271,2271,David Lee,70.0,155,71.0, Orthodox,1.49,0.5,3.31,0.42,0.0,0.0,0.5,0.0,
2272,2272,Stefan Sekulic,72.0,170,75.0, Southpaw,1.83,0.5,2.83,0.64,2.0,0.33,0.25,0.5,32.0
2273,2273,John Hosman,70.0,135,71.0, Southpaw,1.11,0.38,1.52,0.45,0.0,0.0,0.46,0.0,43.0
2274,2274,Sergei Pavlovich,75.0,257,84.0, Southpaw,8.21,0.48,4.61,0.55,0.0,0.0,0.75,0.0,32.0
2275,2275,Kaline Medeiros,63.0,115,62.0,,2.06,0.7,0.29,0.83,4.41,1.0,0.0,4.4,
2276,2276,Yurij Kiseliov,68.0,185,71.0, Orthodox,4.88,0.87,0.0,0.0,0.0,0.0,0.5,0.0,
2277,2277,Waachiim Spiritwolf,68.0,170,69.0,,10.0,1.0,10.0,0.0,0.0,0.0,0.0,0.0,
2278,2278,Joe Pearson,70.0,145,72.0, Orthodox,0.59,0.18,3.51,0.33,0.0,0.0,0.0,4.4,46.0
2279,2279,Quinn Mulhern,75.0,155,76.0, Orthodox,1.48,0.28,2.09,0.51,1.36,0.2,0.33,0.0,39.0
2280,2280,Tony Bonello,74.0,185,76.0,,0.62,0.33,12.62,0.1,0.0,0.0,0.0,0.0,
2281,2281,Nick Aguirre,69.0,135,74.0, Southpaw,0.73,0.33,2.89,0.45,1.16,0.2,0.33,0.6,28.0
2282,2282,Jose Santibanez,,155,,,0.0,0.0,0.0,0.0,0.0,0.0,0.0,0.0,44.0
2283,2283,Jerrel Venetiaan,73.0,195,74.0, Orthodox,0.81,0.33,1.51,0.67,0.0,0.0,0.6,0.0,53.0
2284,2284,Adli Edwards,,145,,,0.0,0.0,0.0,0.0,0.0,0.0,0.0,0.0,34.0
2285,2285,Gadzhi Omargadzhiev,73.0,170,71.0, Switch,1.8,0.39,2.2,0.39,1.35,0.3,0.6,0.5,31.0
2286,2286,Conor Heun,70.0,155,72.0, Orthodox,2.92,0.36,3.66,0.54,2.45,0.31,0.33,0.3,45.0
2287,2287,Gina Mazany,66.0,125,68.0, Southpaw,3.73,0.5,3.52,0.5,4.34,0.52,0.33,0.2,35.0
2288,2288,Felix Lee Mitchell,, --,, Orthodox,0.0,0.0,0.0,0.0,0.0,0.0,0.0,0.0,
2289,2289,Sergio Moraes,72.0,170,72.0, Orthodox,2.42,0.42,3.73,0.59,1.2,0.38,0.75,0.4,41.0
2290,2290,Peggy Morgan,73.0,135,71.0,,2.27,0.23,8.2,0.33,0.0,0.0,0.5,0.0,44.0
2291,2291,Hunter Worsham,,185,,,0.0,0.0,0.0,0.0,0.0,0.0,0.0,0.0,
2292,2292,Poppies Martinez,69.0,145,64.0,,2.88,0.5,2.16,0.51,1.54,0.33,0.5,9.2,40.0
2293,2293,Bevon Lewis,75.0,185,79.0, Orthodox,3.73,0.43,2.67,0.54,0.0,0.0,0.66,0.0,33.0
2294,2294,Rob Yundt,73.0,185,73.0, Orthodox,1.37,0.41,2.55,0.31,2.94,1.0,0.0,0.0,44.0
2295,2295,Terrance McKinney,70.0,155,73.0, Switch,4.53,0.5,2.63,0.45,3.45,0.36,0.85,1.0,29.0
2296,2296,Rafael Alves,68.0,155,68.0, Orthodox,1.85,0.48,3.3,0.58,0.29,0.25,0.44,1.5,33.0
2297,2297,David Levicki,77.0,275,,,0.0,0.0,0.0,0.0,0.0,0.0,0.0,0.0,
2298,2298,Tyrone Roberts,69.0,185,, Orthodox,0.0,0.0,0.0,0.0,0.0,0.0,0.0,0.0,
2299,2299,Hiroyuki Abe,66.0,145,66.0, Orthodox,1.71,0.36,3.11,0.63,0.0,0.0,0.33,0.0,
2300,2300,Edwin Aguilar,70.0,185,,,0.0,0.0,0.0,0.0,0.0,0.0,0.0,0.0,
2301,2301,Sam Adkins,75.0,225,, Orthodox,0.0,0.0,0.0,0.0,0.0,0.0,0.0,0.0,59.0
2302,2302,Ericka Almeida,66.0,115,69.0, Orthodox,1.07,0.39,3.33,0.43,0.5,0.33,0.37,0.0,35.0
2303,2303,Roger Huerta,69.0,155,70.0, Orthodox,3.64,0.36,2.33,0.56,2.13,0.46,0.52,0.5,41.0
2304,2304,Ryan LaFlare,73.0,170,74.0, Southpaw,2.89,0.4,1.86,0.63,2.13,0.44,0.58,0.2,40.0
2305,2305,Drew McFedries,72.0,185,72.0, Southpaw,5.13,0.51,4.56,0.52,1.42,1.0,0.56,0.7,45.0
2306,2306,Jacob Kilburn,69.0,145,72.0, Orthodox,2.56,0.33,6.78,0.35,0.51,0.05,0.2,0.5,28.0
2307,2307,Scott Askham,75.0,185,75.0, Southpaw,3.03,0.46,3.52,0.52,0.44,0.18,0.65,0.7,36.0
2308,2308,Saad Awad,71.0,155,74.0,,2.13,0.26,1.87,0.6,0.5,0.16,1.0,0.5,40.0
2309,2309,Hugo Duarte,72.0,240,, Orthodox,0.0,0.0,0.0,0.0,0.0,0.0,0.0,0.0,55.0
2310,2310,Yaotzin Meza,69.0,145,71.0, Orthodox,1.43,0.41,1.62,0.64,1.06,0.2,0.18,1.4,43.0
2311,2311,Charlene Gellner,62.0,125,64.0,,2.01,0.42,3.24,0.43,0.0,0.0,0.0,1.7,
2312,2312,Ilya Kotau,70.0,170,75.0,,3.94,0.4,4.38,0.44,6.57,1.0,1.0,6.6,
2313,2313,Abram Torres,70.0,170,,,0.0,0.0,0.0,0.0,0.0,0.0,0.0,0.0,41.0
2314,2314,Cole Williams,72.0,170,73.0, Orthodox,0.31,0.27,5.34,0.23,0.0,0.0,0.25,0.0,40.0
2315,2315,Wagner da Conceicao Martins,79.0,390,82.0, Orthodox,1.91,0.37,5.43,0.42,2.2,1.0,1.0,0.0,46.0
2316,2316,Geane Herrera,65.0,125,66.0, Orthodox,1.51,0.31,5.07,0.52,0.83,0.37,0.38,0.6,33.0
2317,2317,Dan Charles,74.0,228,74.0,,2.82,0.45,3.51,0.44,0.0,0.0,0.31,0.0,38.0
2318,2318,Anthony Smith,76.0,205,76.0, Orthodox,3.23,0.48,4.47,0.46,0.49,0.26,0.49,0.7,35.0
2319,2319,Michal Oleksiejczuk,72.0,185,74.0, Southpaw,5.06,0.5,4.26,0.61,0.75,0.44,0.48,0.0,29.0
2320,2320,Tom DeBlass,72.0,185,74.0, Orthodox,1.5,0.35,4.43,0.37,1.0,0.5,0.28,0.5,42.0
2321,2321,Carl Deaton,67.0,155,69.0, Orthodox,1.53,0.31,1.85,0.61,0.0,0.0,0.5,0.0,34.0
2322,2322,Thiago Perpetuo,70.0,170,73.0, Orthodox,5.39,0.69,3.51,0.51,2.82,0.5,0.66,0.0,36.0
2323,2323,John Allan,73.0,205,75.0, Orthodox,3.56,0.42,5.74,0.52,1.4,0.71,0.5,0.8,31.0
2324,2324,Mark Kerr,75.0,266,76.0, Switch,0.28,0.41,0.89,0.28,2.92,0.77,0.0,0.4,55.0
2325,2325,Vaughan Lee,66.0,125,66.0, Orthodox,3.47,0.47,2.07,0.7,0.81,0.33,0.72,1.0,41.0
2326,2326,Jan Blachowicz,74.0,205,78.0, Orthodox,3.41,0.5,2.91,0.53,1.09,0.5,0.68,0.3,41.0
2327,2327,Andrea Lee,66.0,125,69.0, Orthodox,4.69,0.46,3.76,0.62,1.85,0.58,0.55,0.6,35.0
2328,2328,Daniel Omielanczuk,72.0,247,74.0, Southpaw,3.09,0.57,3.29,0.47,0.56,0.26,0.68,0.1,41.0
2329,2329,Yusuke Kawaguchi,72.0,255,73.0,,2.87,0.47,3.93,0.5,0.0,0.0,0.72,0.0,43.0
2330,2330,Bob Schrijber,72.0,240,, Orthodox,0.0,0.0,0.0,0.0,0.0,0.0,0.0,0.0,
2331,2331,Rony Sefo,69.0,225,74.0, Orthodox,0.0,0.0,0.43,0.0,0.0,0.0,0.0,0.0,
2332,2332,Don Frye,73.0,219,74.0, Orthodox,2.87,0.64,3.57,0.37,0.91,0.57,0.45,0.7,58.0
2333,2333,Takayo Hashi,64.0,135,65.0, Orthodox,2.84,0.26,6.56,0.61,0.0,0.0,0.0,0.0,46.0
2334,2334,Pedro Rocha,, --,,,0.0,0.0,0.0,0.0,0.0,0.0,0.0,0.0,
2335,2335,Evan Esguerra,,145,,,0.0,0.0,0.0,0.0,0.0,0.0,0.0,0.0,
2336,2336,Carlos Condit,74.0,170,75.0, Orthodox,3.66,0.39,2.67,0.55,0.59,0.46,0.38,1.0,40.0
2337,2337,Vinc Pichel,70.0,155,72.0, Orthodox,3.62,0.46,3.05,0.55,2.78,0.54,0.25,0.2,41.0
2338,2338,Jack Marshman,72.0,185,73.0, Orthodox,2.74,0.25,4.19,0.56,0.0,0.0,0.2,0.0,34.0
2339,2339,Andrei Semenov,72.0,185,73.0, Orthodox,0.78,0.15,2.44,0.6,1.74,0.8,0.55,0.4,46.0
2340,2340,Leigh Remedios,67.0,155,69.0, Orthodox,0.75,0.41,1.36,0.68,0.0,0.0,0.33,0.0,48.0
2341,2341,Julio Arce,67.0,145,70.0, Southpaw,4.36,0.36,3.05,0.68,0.46,0.28,0.96,0.3,34.0
2342,2342,Juan Manuel Puig,69.0,145,72.0, Orthodox,4.91,0.23,7.17,0.51,0.0,0.0,0.0,0.0,35.0
2343,2343,Alexander Hernandez,69.0,145,72.0, Orthodox,4.33,0.41,4.66,0.55,1.06,0.31,0.59,0.1,31.0
2344,2344,Motoki Miyazawa,71.0,168,72.0, Southpaw,1.23,0.28,3.91,0.61,0.0,0.0,0.0,0.0,
2345,2345,Yushin Okami,74.0,170,75.0, Southpaw,2.06,0.38,2.25,0.6,1.98,0.39,0.84,0.5,42.0
2346,2346,Sandra Lavado,67.0,115,66.0, Orthodox,0.87,0.37,2.67,0.34,0.0,0.0,0.33,0.0,30.0
2347,2347,Kamuela Kirk,70.0,155,75.0, Switch,3.22,0.5,5.87,0.4,1.5,0.26,0.47,1.2,30.0
2348,2348,Igor Gracie,71.0,170,74.0,,1.86,0.6,0.99,0.5,3.72,0.5,0.0,3.7,44.0
2349,2349,Bryan Humes,,265,,,0.0,0.0,0.0,0.0,0.0,0.0,0.0,0.0,
2350,2350,Victoria Leonardo,65.0,125,64.0, Orthodox,3.27,0.39,4.7,0.46,1.6,0.27,0.71,0.0,34.0
2351,2351,Myktybek Orolbai,70.0,155,74.0, Orthodox,3.02,0.52,2.56,0.47,7.44,0.44,0.5,0.6,26.0
2352,2352,Hugo Govea,, --,,,0.0,0.0,0.0,0.0,0.0,0.0,0.0,0.0,
2353,2353,Solomon Renfro,69.0,170,72.0, Switch,5.2,0.44,3.53,0.61,2.0,0.5,1.0,0.0,27.0
2354,2354,Talita Bernardo,64.0,135,68.0, Orthodox,3.12,0.42,4.04,0.55,1.62,0.22,0.28,0.5,37.0
2355,2355,Junye Gao,,125,,,0.0,0.0,0.0,0.0,0.0,0.0,0.0,0.0,
2356,2356,Ralph Dillon,74.0,205,75.0, Orthodox,0.34,0.14,0.69,0.6,0.0,0.0,0.0,0.0,
2357,2357,Sterling Ford,70.0,155,,,0.0,0.0,0.0,0.0,0.0,0.0,0.0,0.0,38.0
2358,2358,Eiji Ishikawa,70.0,170,72.0,,1.2,0.29,4.07,0.6,1.0,0.09,0.0,0.0,44.0
2359,2359,Marcus Kowal,,135,,,0.0,0.0,0.0,0.0,0.0,0.0,0.0,0.0,
2360,2360,Trent Jenkins,74.0,185,,,0.0,0.0,0.0,0.0,0.0,0.0,0.0,0.0,
2361,2361,Muhsin Corbbrey,70.0,155,70.0, Orthodox,2.02,0.34,5.41,0.53,0.0,0.0,0.8,0.4,46.0
2362,2362,Rudy Bears,71.0,170,71.0, Southpaw,1.27,0.29,2.53,0.5,0.0,0.0,0.0,0.0,
2363,2363,Sam Liera,70.0, --,71.0,,0.82,0.6,7.36,0.51,0.0,0.0,0.66,0.0,
2364,2364,Mike Campbell,69.0,155,70.0, Southpaw,1.4,0.26,1.4,0.63,5.26,1.0,0.0,0.0,
2365,2365,Joe Neal,66.0,135,68.0,,1.87,0.19,3.8,0.66,0.0,0.0,0.0,0.0,37.0
2366,2366,Jacare Souza,73.0,185,72.0, Orthodox,2.53,0.47,2.83,0.62,2.57,0.39,0.57,1.3,44.0
2367,2367,Adrian Diaz,70.0,145,71.0, Southpaw,0.48,0.42,3.84,0.51,2.4,0.5,0.0,0.0,36.0
2368,2368,Jamie Moyle,61.0,115,65.0, Orthodox,4.51,0.51,4.0,0.65,1.0,0.21,0.5,0.0,35.0
2369,2369,Wagner Campos,66.0,145,66.0, Southpaw,1.54,0.41,2.53,0.51,2.71,1.0,0.0,0.0,42.0
2370,2370,Masanori Kanehara,67.0,135,67.0, Orthodox,1.88,0.49,1.63,0.62,1.44,0.5,0.63,0.9,41.0
2371,2371,Shaun Etchell,67.0,125,68.0, Switch,0.0,0.0,0.0,0.0,4.37,1.0,1.0,0.0,30.0
2372,2372,Clint Godfrey,66.0,135,67.0, Southpaw,0.57,0.31,0.96,0.65,0.85,0.25,0.5,0.0,41.0
2373,2373,Myles Jury,70.0,145,73.0, Orthodox,2.94,0.42,2.16,0.66,2.16,0.55,0.5,0.3,35.0
2374,2374,Jerome Rivera,70.0,125,72.0, Southpaw,3.21,0.33,2.6,0.51,0.0,0.0,0.4,0.0,29.0
2375,2375,Antonio Silva,76.0,264,82.0, Orthodox,2.89,0.45,3.09,0.5,0.82,0.29,0.66,0.8,44.0
2376,2376,Cheyden Leialoha,68.0,135,73.0, Orthodox,1.87,0.28,3.2,0.53,2.0,0.33,0.71,0.0,30.0
2377,2377,Justin Frazier,72.0,265,75.0, Southpaw,1.11,0.66,6.11,0.04,0.0,0.0,0.0,0.0,34.0
2378,2378,Hideo Tokoro,67.0,135,69.0, Orthodox,1.78,0.37,2.01,0.65,0.87,0.34,0.44,2.3,46.0
2379,2379,Bobby Green,70.0,155,71.0, Orthodox,6.45,0.52,3.75,0.62,1.19,0.38,0.74,0.3,37.0
2380,2380,Makwan Amirkhani,70.0,145,72.0, Southpaw,1.33,0.44,2.98,0.46,3.96,0.43,0.35,1.1,35.0
2381,2381,Isis Verbeek,64.0,115,64.0, Orthodox,3.13,0.43,3.53,0.53,0.0,0.0,0.66,0.0,29.0
2382,2382,Tsuyoshi Kohsaka,71.0,225,73.0, Orthodox,1.88,0.38,4.41,0.54,1.32,0.2,0.33,0.4,54.0
2383,2383,DeAnna Bennett,64.0,125,68.0, Orthodox,3.13,0.58,3.27,0.58,0.0,0.0,0.0,1.0,39.0
2384,2384,Josh Grispi,71.0,145,74.0, Orthodox,1.44,0.41,3.71,0.5,1.97,0.36,0.16,2.2,35.0
2385,2385,John Hathaway,73.0,170,75.0, Orthodox,3.4,0.4,1.8,0.62,2.61,0.43,0.6,0.9,36.0
2386,2386,Jack Hermansson,73.0,185,77.0, Orthodox,5.09,0.44,3.69,0.56,1.53,0.3,0.8,0.4,35.0
2387,2387,Ron Waterman,74.0,280,76.0, Orthodox,0.84,0.5,1.37,0.42,4.19,0.69,0.5,2.8,58.0
2388,2388,Reza Arianto,,155,,,0.0,0.0,0.0,0.0,0.0,0.0,0.0,0.0,
2389,2389,Jamey-Lyn Horth,67.0,125,66.0, Orthodox,3.97,0.62,3.53,0.57,0.5,0.25,0.7,0.0,34.0
2390,2390,Alexander Shlemenko,71.0,185,71.0,,4.36,0.6,1.71,0.63,0.0,0.0,0.0,0.0,40.0
2391,2391,Ben Lagman,74.0,185,,,0.0,0.0,0.0,0.0,0.0,0.0,0.0,0.0,37.0
2392,2392,Yoshiro Maeda,67.0,139,68.0, Southpaw,2.36,0.33,2.55,0.63,2.93,0.51,0.5,0.7,42.0
2393,2393,Kennedy Nzechukwu,77.0,205,83.0, Southpaw,5.13,0.45,4.9,0.5,0.6,0.45,0.8,0.2,31.0
2394,2394,Dominick Reyes,76.0,205,77.0, Southpaw,4.75,0.5,3.77,0.48,0.36,0.28,0.8,0.4,34.0
2395,2395,Dave Herman,76.0,242,77.0, Orthodox,4.98,0.6,3.78,0.48,1.49,1.0,0.58,0.0,39.0
2396,2396,Justine Kish,65.0,125,64.0, Orthodox,4.51,0.48,4.59,0.57,0.87,0.33,0.5,0.1,36.0
2397,2397,Andre Mussi,75.0,242,76.0, Orthodox,0.0,0.0,10.59,0.35,0.0,0.0,0.0,0.0,
2398,2398,Cameron Saaiman,68.0,135,67.0, Southpaw,5.32,0.46,4.18,0.51,0.91,0.28,0.47,0.7,23.0
2399,2399,Fabiola Pidroni,,115,,,0.0,0.0,0.0,0.0,0.0,0.0,0.0,0.0,30.0
2400,2400,Murad Chunkaiev,71.0,185,72.0, Orthodox,0.85,0.16,3.41,0.66,8.53,1.0,0.0,0.0,
2401,2401,Neil Wain,70.0,242,71.0, Orthodox,2.64,0.5,8.57,0.43,0.0,0.0,0.5,0.0,
2402,2402,Justin Haskins,70.0,170,72.0, Orthodox,1.51,0.33,2.65,0.54,1.62,0.4,0.52,0.8,44.0
2403,2403,Colby Covington,71.0,170,72.0, Orthodox,3.88,0.38,2.98,0.55,3.79,0.44,0.67,0.2,36.0
2404,2404,Pablo Alfonso,68.0,145,,,0.0,0.0,0.0,0.0,0.0,0.0,0.0,0.0,41.0
2405,2405,Sean Gannon,75.0,265,75.0, Southpaw,0.0,0.0,6.38,0.28,0.0,0.0,0.5,0.0,
2406,2406,Sasha Palatnikov,73.0,170,72.0, Switch,6.69,0.53,5.44,0.52,0.72,1.0,0.7,0.0,35.0
2407,2407,Kelly Velasco,69.0,135,68.0, Orthodox,2.27,0.35,5.67,0.47,0.0,0.0,1.0,0.0,29.0
2408,2408,Javi Alanis,66.0,135,,,0.0,0.0,0.0,0.0,0.0,0.0,0.0,0.0,
2409,2409,Luana Carolina,66.0,125,69.0, Orthodox,4.63,0.49,3.63,0.49,0.38,0.42,0.76,0.6,30.0
2410,2410,Chris Cope,72.0,170,72.0, Orthodox,3.96,0.26,4.82,0.5,0.0,0.0,0.8,0.0,41.0
2411,2411,Brady Huang,69.0,135,69.0, Orthodox,4.62,0.37,10.77,0.3,0.0,0.0,0.0,0.0,31.0
2412,2412,Tatsuya Ando,64.0,145,68.0, Southpaw,0.0,0.0,0.0,0.0,0.0,0.0,0.0,0.0,34.0
2413,2413,Shoji Maruyama,67.0,139,68.0, Orthodox,1.4,0.63,0.27,0.55,0.0,0.0,0.54,0.0,41.0
2414,2414,Diego Ferreira,69.0,155,74.0, Orthodox,5.04,0.39,3.43,0.56,0.96,0.3,0.6,0.6,39.0
2415,2415,Chad Laprise,70.0,170,71.0, Orthodox,4.78,0.42,3.59,0.65,1.05,0.54,0.78,0.0,37.0
2416,2416,Ange Loosa,70.0,170,74.0, Orthodox,6.09,0.46,6.67,0.52,2.05,0.42,0.9,0.2,31.0
2417,2417,Joe Benoit,69.0,170,70.0, Orthodox,0.0,0.0,0.0,1.0,0.0,0.0,0.0,0.0,42.0
2418,2418,Steve Kennedy,71.0,170,71.0, Orthodox,2.28,0.35,5.52,0.45,2.51,0.33,0.0,0.0,41.0
2419,2419,Jacob Rosales,71.0,155,74.0, Orthodox,7.19,0.46,10.66,0.44,1.12,0.18,0.5,0.6,28.0
2420,2420,Igor Severino,67.0,125,69.0, Orthodox,7.17,0.52,4.33,0.47,9.69,0.71,0.5,0.0,21.0
2421,2421,Arjan Bhullar,73.0,245,75.0, Orthodox,2.33,0.56,3.25,0.59,1.73,0.75,1.0,0.0,38.0
2422,2422,Daniel Weichel,70.0,145,70.0,,5.71,0.42,4.05,0.61,0.84,0.5,0.83,0.0,39.0
2423,2423,Vitaly Minakov,74.0,249,,,0.0,0.0,0.0,0.0,0.0,0.0,0.0,0.0,39.0
2424,2424,Vicente Luque,71.0,170,75.0, Orthodox,5.07,0.52,5.21,0.52,1.0,0.53,0.62,0.6,32.0
2425,2425,Francisco Bueno,69.0,225,, Orthodox,0.0,0.0,0.0,0.0,0.0,0.0,0.0,0.0,
2426,2426,Scott Smith,72.0,185,70.0, Orthodox,1.9,0.27,5.87,0.5,0.12,0.06,0.58,0.5,45.0
2427,2427,Anthony Leone,66.0,135,63.0, Orthodox,1.94,0.53,2.52,0.56,1.72,0.18,0.0,0.0,36.0
2428,2428,Matt Skelton,75.0,265,75.0, Orthodox,0.0,0.0,0.54,0.0,0.0,0.0,0.66,0.0,57.0
2429,2429,Josh Stuart,69.0,160,,,0.0,0.0,0.0,0.0,0.0,0.0,0.0,0.0,
2430,2430,Amanda Lemos,64.0,115,65.0, Southpaw,3.43,0.54,4.21,0.44,0.98,0.63,0.57,0.7,37.0
2431,2431,Tom Tuggle,74.0,250,75.0, Orthodox,0.0,0.0,2.14,0.0,32.14,1.0,0.0,0.0,
2432,2432,Wang Cong,66.0,125,66.0, Southpaw,0.0,0.0,0.0,0.0,0.0,0.0,0.0,0.0,32.0
2433,2433,Charles Bennett,68.0,155,67.0, Orthodox,1.39,0.39,1.35,0.64,2.02,1.0,0.36,2.0,44.0
2434,2434,Nick Roehrick,74.0,205,76.0, Orthodox,2.31,0.17,6.92,0.44,0.0,0.0,0.0,0.0,36.0
2435,2435,Mike Massenzio,74.0,185,73.0, Southpaw,2.08,0.45,3.59,0.54,2.74,0.24,0.5,1.4,41.0
2436,2436,Guangyou Ning,64.0,145,64.0, Southpaw,2.66,0.41,1.91,0.61,1.09,0.5,0.62,0.3,42.0
2437,2437,DongHun Choi,65.0,125,66.0, Switch,0.0,0.0,0.0,0.0,0.0,0.0,0.0,0.0,25.0
2438,2438,Cesar Almeida,73.0,185,74.0, Orthodox,4.5,0.64,1.31,0.5,0.0,0.0,0.62,0.0,36.0
2439,2439,Joanna Jedrzejczyk,66.0,115,65.0, Orthodox,6.28,0.48,3.25,0.62,0.27,0.62,0.8,0.1,36.0
2440,2440,Patrick Cummins,74.0,205,76.0, Orthodox,4.26,0.5,3.35,0.55,4.49,0.41,0.28,0.1,43.0
2441,2441,Rodrigo Gripp de Sousa,71.0,205,73.0, Orthodox,0.48,0.23,4.81,0.52,0.0,0.0,0.0,9.6,
2442,2442,Junior Assuncao,69.0,145,72.0, Orthodox,3.31,0.62,2.06,0.44,2.43,0.24,0.66,0.7,42.0
2443,2443,Zach Light,68.0,170,70.0, Orthodox,0.81,0.33,1.9,0.48,1.36,1.0,0.0,0.0,50.0
2444,2444,Miesha Tate,66.0,135,65.0, Orthodox,2.62,0.45,2.98,0.51,2.02,0.31,0.55,1.3,37.0
2445,2445,Siyar Bahadurzada,71.0,170,73.0, Orthodox,2.91,0.4,3.23,0.49,1.32,0.61,0.62,0.3,40.0
2446,2446,Travis Browne,78.0,255,79.0, Orthodox,2.93,0.41,4.31,0.42,1.21,0.68,0.75,0.2,41.0
2447,2447,Chibwikem Onyenegecha,75.0,185,75.0, Orthodox,5.6,0.55,3.4,0.52,0.0,0.0,1.0,0.0,30.0
2448,2448,Jairzinho Rozenstruik,74.0,242,78.0, Orthodox,3.44,0.49,2.78,0.47,0.0,0.0,0.75,0.0,36.0
2449,2449,Wilson Reis,64.0,125,65.0, Southpaw,1.83,0.29,3.04,0.55,5.15,0.42,0.47,0.6,39.0
2450,2450,Christopher Lopez,70.0,170,,,0.0,0.0,0.0,0.0,0.0,0.0,0.0,0.0,38.0
2451,2451,Jae Hyun Park,68.0,155,72.0, Orthodox,0.8,0.63,1.0,0.21,0.0,0.0,0.22,0.0,22.0
2452,2452,Dmitrii Smoliakov,74.0,253,74.0, Switch,1.44,0.42,3.81,0.55,0.0,0.0,0.75,0.0,41.0
2453,2453,Travis Calanoc,68.0,145,, Orthodox,0.0,0.0,0.0,0.0,0.0,0.0,0.0,0.0,
2454,2454,Christian Wellisch,74.0,234,77.0, Orthodox,3.12,0.27,3.04,0.56,1.22,0.42,0.45,1.2,48.0
2455,2455,CJ Marsh,, --,,,0.0,0.0,0.0,0.0,0.0,0.0,0.0,0.0,
2456,2456,Yan Pellerin,71.0,205,74.0, Orthodox,0.59,0.25,0.89,0.66,4.43,1.0,0.0,0.0,
2457,2457,Donovan Beard,74.0,185,78.0, Orthodox,0.0,0.0,5.77,0.28,0.0,0.0,0.0,0.0,34.0
2458,2458,Cortney Casey,67.0,125,67.0, Orthodox,4.29,0.39,4.0,0.55,0.39,0.31,0.39,0.5,37.0
2459,2459,Andy Anderson,66.0,240,,,0.0,0.0,0.0,0.0,0.0,0.0,0.0,0.0,49.0
2460,2460,Danny Castillo,69.0,155,71.0, Orthodox,2.57,0.42,1.96,0.62,2.95,0.38,0.63,0.2,44.0
2461,2461,ChangHo Lee,68.0,135,69.0, Orthodox,4.3,0.69,1.03,0.47,4.3,0.35,0.25,0.0,30.0
2462,2462,Juan Mott,72.0,190,, Switch,0.0,0.0,0.0,0.0,0.0,0.0,0.0,0.0,
2463,2463,Carlos Newton,69.0,170,70.0, Orthodox,0.65,0.41,1.55,0.44,2.47,0.7,0.43,0.9,47.0
2464,2464,Hyun Gyu Lim,75.0,170,77.0, Orthodox,4.45,0.41,5.07,0.51,0.23,1.0,0.73,0.2,39.0
2465,2465,Charles Oliveira,70.0,155,74.0, Orthodox,3.39,0.53,3.2,0.51,2.17,0.4,0.55,2.8,34.0
2466,2466,Alexander Poppeck,74.0,205,76.0, Orthodox,4.01,0.57,9.81,0.33,0.0,0.0,0.0,0.0,32.0
2467,2467,Marlon Sims,,170,,,0.0,0.0,0.0,0.0,0.0,0.0,0.0,0.0,
2468,2468,Justin Willis,73.0,264,78.0, Southpaw,3.37,0.59,2.57,0.57,0.96,0.66,0.36,0.0,36.0
2469,2469,Aleksander Emelianenko,78.0,255,79.0, Orthodox,2.75,0.41,1.7,0.65,2.32,0.72,0.66,0.9,42.0
2470,2470,Denise Gomes,62.0,115,63.0, Orthodox,4.81,0.48,3.66,0.49,1.13,0.33,0.47,0.8,24.0
2471,2471,Daisuke Nakamura,67.0,154,73.0, Orthodox,0.94,0.3,1.38,0.61,0.46,0.4,0.3,3.6,43.0
2472,2472,Kanako Murata,61.0,115,62.0, Orthodox,2.15,0.56,2.4,0.53,3.38,0.56,1.0,0.8,30.0
2473,2473,Valeri Ignatov,69.0,170,, Orthodox,0.0,0.0,0.0,0.0,0.0,0.0,0.0,0.0,
2474,2474,Mike Pierce,68.0,170,71.0, Orthodox,2.62,0.42,2.36,0.62,3.08,0.42,0.71,0.2,43.0
2475,2475,Evan Elder,70.0,155,72.0, Switch,4.75,0.48,5.0,0.57,0.74,0.22,0.28,0.4,27.0
2476,2476,Kyle Levinton,, --,,,0.0,0.0,0.0,0.0,0.0,0.0,0.0,0.0,
2477,2477,Mark Scanlon,69.0,170,70.0, Orthodox,2.2,0.35,3.33,0.48,3.0,0.75,0.25,2.0,
2478,2478,Rocky Long,,145,,,0.0,0.0,0.0,0.0,0.0,0.0,0.0,0.0,46.0
2479,2479,Zelim Imadaev,72.0,170,76.0, Orthodox,2.91,0.36,4.35,0.43,0.38,0.5,0.6,0.0,29.0
2480,2480,Kevin Aguilar,67.0,155,73.0, Orthodox,3.96,0.4,4.81,0.52,0.16,0.16,0.78,0.0,35.0
2481,2481,Miika Mehmet,,205,, Orthodox,0.33,0.12,7.29,0.24,0.0,0.0,0.0,0.0,
2482,2482,Humberto Bandenay,71.0,145,71.0, Southpaw,2.22,0.41,4.79,0.41,2.9,0.46,0.62,0.5,29.0
2483,2483,Ben Rothwell,76.0,265,78.0, Orthodox,3.71,0.42,4.63,0.47,0.68,0.34,0.7,0.4,42.0
2484,2484,Chase Beebe,67.0,135,67.0, Orthodox,2.17,0.38,1.64,0.69,2.49,0.42,0.41,0.9,39.0
2485,2485,Gleristone Santos,69.0,145,71.0,,3.4,0.31,4.4,0.64,0.0,0.0,0.75,0.0,35.0
2486,2486,Brett Rogers,77.0,265,81.0, Orthodox,3.17,0.44,3.2,0.46,0.0,0.0,0.58,0.0,43.0
2487,2487,Journey Newson,65.0,135,67.0, Orthodox,2.64,0.32,2.57,0.64,0.56,0.16,0.43,0.3,35.0
2488,2488,Tony Juarez,60.0,155,63.0,,0.89,0.25,10.34,0.38,4.43,1.0,0.66,0.0,
2489,2489,Derek Anderson,72.0,155,74.0,,3.97,0.37,3.08,0.61,0.34,0.14,0.6,0.0,34.0
2490,2490,David Mitchell,72.0,170,75.0, Orthodox,1.74,0.32,2.06,0.55,0.66,0.5,0.29,2.0,44.0
2491,2491,Daermisi Zhawupasi,68.0,135,68.0, Switch,1.24,0.51,2.75,0.34,6.19,0.75,0.64,2.1,24.0
2492,2492,Kevin Syler,69.0,155,71.0, Switch,5.6,0.69,4.03,0.48,1.0,0.4,0.77,2.0,30.0
2493,2493,Shane Young,68.0,145,72.0, Orthodox,5.19,0.4,5.46,0.52,0.63,0.18,0.64,0.0,30.0
2494,2494,Johnny Sampaio,68.0,170,70.0, Orthodox,1.32,0.4,2.64,0.5,9.89,0.5,0.0,9.9,48.0
2495,2495,Kevin Borjas,65.0,125,68.0, Orthodox,4.92,0.4,6.7,0.49,0.0,0.0,0.61,0.0,26.0
2496,2496,Yukiya Naito,73.0,205,74.0, Orthodox,1.54,0.33,5.13,0.6,0.0,0.0,0.0,0.0,
2497,2497,Tafon Nchukwi,72.0,185,77.0, Orthodox,5.57,0.52,4.11,0.54,0.76,0.57,0.64,0.0,29.0
2498,2498,Robert Bryczek,72.0,185,75.0, Orthodox,2.13,0.24,4.47,0.6,0.0,0.0,1.0,0.0,33.0
2499,2499,Omar Morales,71.0,155,73.0, Orthodox,3.42,0.4,3.18,0.58,0.46,1.0,0.63,0.0,38.0
2500,2500,George Allen,74.0,205,74.0, Open Stance,0.8,0.38,3.1,0.43,0.0,0.0,0.5,0.0,57.0
2501,2501,Jorge Ortiz,72.0,185,74.0, Orthodox,3.53,0.58,2.8,0.73,0.0,0.0,0.0,0.0,
2502,2502,Santiago Ponzinibbio,72.0,170,73.0, Orthodox,4.9,0.41,4.67,0.61,0.48,0.3,0.6,0.0,37.0
2503,2503,Ray Borg,64.0,135,63.0, Orthodox,1.52,0.52,1.93,0.48,3.89,0.5,0.46,1.0,30.0
2504,2504,Dylan Mantello,73.0,155,73.0, Orthodox,5.93,0.56,9.42,0.53,0.0,0.0,0.0,0.0,31.0
2505,2505,Karlos Vemola,72.0,185,75.0, Orthodox,1.67,0.44,2.13,0.37,1.93,0.25,0.31,1.7,38.0
2506,2506,Scott Norton,70.0,170,71.0, Orthodox,0.67,0.3,0.34,0.6,2.52,0.25,0.0,0.0,51.0
2507,2507,Lucio Linhares,74.0,185,75.0, Orthodox,0.99,0.22,3.47,0.34,1.86,0.5,0.5,1.9,50.0
2508,2508,Tony Kelley,69.0,135,70.0, Switch,5.55,0.47,4.85,0.45,0.0,0.0,0.52,1.4,37.0
2509,2509,Andrey Koreshkov,72.0,170,75.0,,2.84,0.39,1.92,0.63,4.8,0.53,0.0,0.0,33.0
2510,2510,Jenel Lausa,65.0,125,68.0, Orthodox,1.44,0.42,3.53,0.53,0.55,0.66,0.51,0.8,35.0
2511,2511,Tokitaka Nakanishi,66.0,135,66.0, Orthodox,0.0,0.0,0.0,0.0,0.0,0.0,0.0,0.0,27.0
2512,2512,Felipe Olivieri,69.0,155,72.0, Orthodox,6.68,0.58,4.6,0.57,0.0,0.0,0.71,0.0,39.0
2513,2513,Jackie Lee,, --,,,0.0,0.0,0.0,0.0,0.0,0.0,0.0,0.0,
2514,2514,Kantharaj Agasa,,135,,,0.0,0.0,0.0,0.0,0.0,0.0,0.0,0.0,32.0
2515,2515,Roman Mitichyan,70.0,170,72.0, Orthodox,0.26,0.16,2.7,0.43,1.93,1.0,0.25,1.9,45.0
2516,2516,Wagner Prado,72.0,205,74.0, Southpaw,1.72,0.4,3.06,0.5,0.0,0.0,0.22,0.0,37.0
2517,2517,Leo Kuntz,70.0,155,74.0, Orthodox,1.68,0.32,3.8,0.45,1.99,0.25,0.33,0.7,40.0
2518,2518,Leon Shahbazyan,76.0,170,74.0, Orthodox,6.33,0.52,8.18,0.32,1.46,0.5,0.0,0.0,28.0
2519,2519,Sergey Morozov,66.0,135,67.0, Orthodox,3.01,0.43,2.97,0.61,3.63,0.31,0.68,0.0,34.0
2520,2520,Bogdan Grad,68.0,155,70.0, Orthodox,1.45,0.5,9.4,0.45,0.0,0.0,0.0,0.0,28.0
2521,2521,Joshua Van,65.0,125,65.0, Orthodox,9.08,0.53,5.77,0.6,1.14,0.42,0.78,0.0,22.0
2522,2522,Klidson Abreu,72.0,205,74.0, Orthodox,2.05,0.4,2.9,0.55,0.64,0.2,0.8,0.0,31.0
2523,2523,Yves Edwards,69.0,155,73.0, Southpaw,2.91,0.42,2.34,0.66,0.76,0.53,0.69,0.7,47.0
2524,2524,Lance Gibson,69.0,185,73.0, Orthodox,1.21,0.75,6.44,0.2,0.0,0.0,0.0,0.0,53.0
2525,2525,Aalon Cruz,72.0,145,78.0, Switch,7.58,0.39,8.88,0.58,0.0,0.0,0.0,0.0,34.0
2526,2526,Pablo Garza,73.0,145,73.0, Orthodox,3.37,0.44,2.7,0.5,0.94,0.25,0.15,1.3,40.0
2527,2527,Felipe Bunes,67.0,125,69.0, Orthodox,5.25,0.54,8.72,0.41,3.15,0.33,0.0,0.0,34.0
2528,2528,Victor Hugo,67.0,135,71.0, Orthodox,3.46,0.51,2.25,0.61,0.67,0.5,0.87,1.4,31.0
2529,2529,Siala Siliga,73.0,290,74.0, Orthodox,1.08,0.26,1.96,0.5,1.47,0.5,0.8,0.0,53.0
2530,2530,Nate Schroeder,73.0,230,,,0.0,0.0,0.0,0.0,0.0,0.0,0.0,0.0,
2531,2531,Ron Sparks,77.0,265,,,0.0,0.0,0.0,0.0,0.0,0.0,0.0,0.0,
2532,2532,Blair Tugman,72.0,135,70.0,,2.25,0.53,0.93,0.5,7.5,0.6,0.0,0.0,
2533,2533,Michael Graves,70.0,170,71.0, Orthodox,1.25,0.54,1.47,0.58,4.8,0.52,0.66,0.4,33.0
2534,2534,Jeremy Boczulak,, --,,,0.0,0.0,0.0,0.0,0.0,0.0,0.0,0.0,
2535,2535,Cody Garbrandt,68.0,135,65.0, Orthodox,2.98,0.4,3.76,0.6,1.03,0.34,0.8,0.0,32.0
2536,2536,Yair Rodriguez,71.0,145,71.0, Orthodox,4.65,0.46,3.99,0.52,0.69,0.27,0.58,0.7,31.0
2537,2537,Pedro Munhoz,66.0,135,65.0, Orthodox,5.32,0.43,6.23,0.56,0.51,0.18,0.82,0.5,37.0
2538,2538,Tina Lahdemaki,62.0,115,62.0, Orthodox,1.93,0.2,4.67,0.57,0.0,0.0,0.16,0.0,35.0
2539,2539,Davi Ramos,66.0,155,70.0, Orthodox,2.64,0.37,3.44,0.56,1.95,0.4,0.83,0.6,37.0
2540,2540,James Llontop,72.0,155,73.0, Orthodox,4.76,0.52,2.1,0.7,0.0,0.0,0.5,0.0,24.0
2541,2541,Josh Koscheck,70.0,170,73.0, Orthodox,1.79,0.36,2.27,0.63,2.46,0.48,0.64,0.4,46.0
2542,2542,Alptekin Ozkilic,65.0,125,65.0, Orthodox,3.81,0.32,5.72,0.59,4.21,0.58,0.75,0.0,38.0
2543,2543,Eduardo Pamplona,71.0,170,,,0.0,0.0,0.0,0.0,0.0,0.0,0.0,0.0,51.0
2544,2544,Anton Zafir,71.0,170,72.0, Orthodox,2.99,0.64,2.31,0.52,6.11,0.6,0.0,0.0,37.0
2545,2545,Sage Northcutt,72.0,170,71.0, Orthodox,3.58,0.52,1.96,0.58,1.81,0.34,0.41,0.6,28.0
2546,2546,Luke Hartwig,, --,,,0.0,0.0,0.0,0.0,0.0,0.0,0.0,0.0,
2547,2547,Alberto Crane,65.0,155,66.0, Orthodox,0.43,0.25,2.61,0.57,0.0,0.0,0.5,4.0,47.0
2548,2548,Ian Heinisch,71.0,185,72.0, Orthodox,3.25,0.5,2.98,0.59,1.02,0.17,0.59,0.7,35.0
2549,2549,Todd Medina,70.0,193,, Southpaw,0.0,0.0,0.0,0.0,0.0,0.0,0.0,0.0,
2550,2550,Dione Barbosa,66.0,125,66.0, Orthodox,2.2,0.54,2.86,0.66,2.3,0.25,0.0,3.1,32.0
2551,2551,Francois Botha,74.0,260,75.0, Orthodox,0.0,0.0,1.05,0.77,0.0,0.0,0.0,0.0,55.0
2552,2552,Jorge Santiago,73.0,170,75.0, Orthodox,1.69,0.35,2.62,0.56,0.58,0.3,0.52,0.8,43.0
2553,2553,Anthony Johnson,74.0,205,78.0, Orthodox,3.25,0.47,1.83,0.6,2.43,0.57,0.77,0.6,40.0
2554,2554,Rudyard Moncayo,70.0,195,, Orthodox,0.0,0.0,0.0,0.0,0.0,0.0,0.0,0.0,
2555,2555,Ray Wizard,, --,,,0.0,0.0,0.0,0.0,0.0,0.0,0.0,0.0,
2556,2556,Gabriel Bonfim,73.0,170,72.0, Orthodox,4.87,0.4,5.25,0.59,4.75,0.71,1.0,3.8,26.0
2557,2557,Paul Song,,185,,,0.0,0.0,0.0,0.0,0.0,0.0,0.0,0.0,
2558,2558,Elizeu Zaleski dos Santos,71.0,170,73.0, Orthodox,4.52,0.42,3.33,0.57,0.43,0.13,0.68,0.4,37.0
2559,2559,Alejandro Flores,70.0,145,73.0, Orthodox,3.66,0.4,2.02,0.54,0.0,0.0,0.0,0.0,32.0
2560,2560,John Renken,72.0,190,, Orthodox,0.0,0.0,0.0,0.0,0.0,0.0,0.0,0.0,
2561,2561,Ronaldo Rodriguez,66.0,125,65.0, Orthodox,2.0,0.41,3.56,0.47,1.2,0.5,0.63,1.8,25.0
2562,2562,Takeru Uchida,65.0,125,68.0, Southpaw,0.0,0.0,0.0,0.0,0.0,0.0,0.0,4.4,21.0
2563,2563,Damion Douglas,,170,,,0.0,0.0,0.0,0.0,0.0,0.0,0.0,0.0,
2564,2564,Georgi Karakhanyan,68.0,145,68.0,,4.49,0.39,5.0,0.54,1.41,0.5,0.33,1.9,38.0
2565,2565,Tai Tuivasa,74.0,264,75.0, Southpaw,3.96,0.49,5.05,0.43,0.0,0.0,0.57,0.0,31.0
2566,2566,Kurt Pellegrino,68.0,155,70.0, Orthodox,2.45,0.43,1.94,0.63,2.9,0.54,0.69,0.8,45.0
2567,2567,Josh Smith,72.0,155,70.0, Orthodox,0.73,0.28,1.4,0.54,0.0,0.0,0.57,2.0,41.0
2568,2568,Danny Chavez,68.0,145,67.0, Orthodox,2.86,0.38,3.83,0.5,1.95,0.6,0.87,0.0,37.0
2569,2569,Juan Adams,77.0,265,80.0, Orthodox,7.09,0.55,4.06,0.34,0.91,0.66,0.57,0.0,32.0
2570,2570,Chael Sonnen,73.0,205,73.0, Southpaw,3.08,0.43,1.1,0.62,3.81,0.59,0.66,0.4,47.0
2571,2571,Evan Tanner,72.0,185,74.0, Orthodox,3.05,0.59,2.64,0.56,2.55,0.43,0.25,1.3,53.0
2572,2572,Kevin Ferguson,74.0,235,77.0, Orthodox,2.3,0.5,3.41,0.38,3.1,0.72,0.36,1.2,50.0
2573,2573,Michael Johnson,70.0,155,73.0, Southpaw,4.27,0.39,3.83,0.57,0.62,0.41,0.81,0.0,37.0
2574,2574,Yin Shuai,67.0,125,65.0, Southpaw,0.0,0.0,0.0,0.0,0.0,0.0,0.0,0.0,27.0
2575,2575,Song Yadong,68.0,135,67.0, Orthodox,4.49,0.43,3.96,0.55,0.66,0.4,0.72,0.2,26.0
2576,2576,Lowell Anderson,66.0,160,, Orthodox,0.0,0.0,0.0,0.0,0.0,0.0,0.0,0.0,
2577,2577,Tagir Ulanbekov,67.0,125,70.0, Southpaw,3.22,0.45,3.3,0.51,3.71,0.46,0.61,2.1,32.0
2578,2578,Cody Gibson,70.0,135,71.0, Orthodox,4.0,0.43,4.08,0.57,1.28,0.28,0.68,0.2,36.0
2579,2579,Robbie Ring,69.0,145,68.0, Orthodox,5.11,0.38,9.15,0.38,4.04,0.33,0.0,0.0,23.0
2580,2580,Marcin Tybura,75.0,249,78.0, Orthodox,3.6,0.48,3.35,0.55,1.43,0.33,0.79,0.1,38.0
2581,2581,Kyle Prepolec,70.0,170,70.0, Southpaw,3.2,0.34,4.7,0.54,0.0,0.0,0.4,0.0,34.0
2582,2582,Charlie Valencia,63.0,135,64.0, Orthodox,2.58,0.37,2.61,0.77,1.4,0.53,0.75,0.5,49.0
2583,2583,Jared Hamman,75.0,185,75.0, Orthodox,5.15,0.42,3.93,0.55,1.57,0.46,0.3,0.0,42.0
2584,2584,Sodiq Yusuff,69.0,145,71.0, Orthodox,5.66,0.49,4.51,0.53,0.28,0.2,0.62,0.4,31.0
2585,2585,Phillipe Nover,69.0,145,72.0, Orthodox,1.79,0.35,2.48,0.56,0.99,0.28,0.44,0.7,40.0
2586,2586,Roger Zapata,71.0,170,74.0, Southpaw,2.6,0.51,2.13,0.36,0.0,0.0,0.81,1.4,38.0
2587,2587,Benito Lopez,70.0,135,73.0, Switch,4.39,0.45,5.18,0.56,0.0,0.0,0.73,0.3,30.0
2588,2588,Vitor Miranda,73.0,185,77.0, Orthodox,2.98,0.45,2.95,0.58,0.95,0.55,0.5,0.2,45.0
2589,2589,Yoshiaki Yatsu,73.0,165,73.0, Orthodox,0.0,0.0,5.57,0.48,0.0,0.0,0.0,0.0,67.0
2590,2590,Roman Bravo-Young,,205,,,0.0,0.0,0.0,0.0,0.0,0.0,0.0,0.0,
2591,2591,Bubba Jenkins,67.0,145,72.0,,2.41,0.37,1.58,0.67,7.23,0.68,1.0,0.0,36.0
2592,2592,Michael Lombardo,72.0,170,72.0, Orthodox,1.47,0.62,2.63,0.31,2.5,0.21,0.6,0.0,34.0
2593,2593,Harry Hunsucker,74.0,205,75.0, Orthodox,3.54,0.52,6.53,0.42,0.0,0.0,0.0,2.0,35.0
2594,2594,Davey Grant,68.0,135,69.0, Orthodox,4.77,0.42,3.82,0.55,1.26,0.41,0.61,0.2,38.0
2595,2595,Joe Vedepo,72.0,185,74.0, Orthodox,1.43,0.42,5.71,0.38,1.07,0.2,0.0,0.0,
2596,2596,Joseph Holmes,76.0,185,80.0, Orthodox,2.88,0.53,3.08,0.54,1.49,0.4,0.5,0.8,28.0
2597,2597,Sean Soriano,69.0,145,70.0, Orthodox,3.18,0.61,2.14,0.56,1.33,0.55,0.52,0.0,34.0
2598,2598,Mauricio Alonso,74.0,170,75.0,,5.74,0.34,1.91,0.67,0.0,0.0,0.0,0.0,44.0
2599,2599,Antonio Dos Santos,70.0,185,72.0, Orthodox,5.4,0.51,3.94,0.43,0.0,0.0,1.0,0.0,35.0
2600,2600,Rachael Ostovich,63.0,125,62.0, Orthodox,2.54,0.43,3.97,0.57,2.03,0.83,0.66,0.8,33.0
2601,2601,YeDam Seo,63.0,115,63.0, Orthodox,0.33,0.15,2.27,0.55,0.0,0.0,0.0,0.0,32.0
2602,2602,Mike Altman,70.0,185,72.0, Orthodox,1.56,0.2,2.08,0.75,0.0,0.0,0.0,0.0,
2603,2603,Scott McAfee,68.0,155,71.0, Orthodox,0.0,0.0,1.33,0.5,0.0,0.0,0.0,0.0,40.0
2604,2604,Richie Vaculik,66.0,125,69.0, Orthodox,3.69,0.46,4.09,0.57,3.0,0.45,0.31,1.0,40.0
2605,2605,Zubaira Tukhugov,68.0,155,68.0, Orthodox,3.17,0.39,3.07,0.63,2.13,0.39,1.0,0.0,33.0
2606,2606,Steve Nelmark,72.0,240,, Orthodox,0.0,0.0,0.0,0.0,0.0,0.0,0.0,0.0,
2607,2607,CJ Vergara,66.0,125,68.0, Orthodox,5.24,0.57,4.62,0.52,0.0,0.0,0.6,0.2,32.0
2608,2608,Fabricio Werdum,76.0,231,77.0, Orthodox,3.59,0.52,2.64,0.55,1.75,0.31,0.31,1.2,46.0
2609,2609,Maria Oliveira,66.0,115,69.0, Orthodox,5.03,0.38,5.76,0.44,0.95,0.44,0.47,0.0,27.0
2610,2610,Abdul-Kerim Edilov,74.0,205,78.0, Orthodox,10.22,0.61,0.13,0.92,3.98,1.0,0.0,2.0,32.0
2611,2611,Fabio Maldonado,73.0,205,75.0, Orthodox,5.29,0.58,4.31,0.53,0.44,0.57,0.61,0.6,44.0
2612,2612,Bec Rawlings,66.0,125,64.0, Orthodox,4.48,0.42,5.66,0.57,0.71,0.4,0.68,0.4,35.0
2613,2613,Dan Evensen,75.0,250,76.0, Orthodox,0.27,0.1,3.86,0.38,0.0,0.0,0.0,4.0,49.0
2614,2614,Jeka Saragih,68.0,145,69.0, Orthodox,2.76,0.5,2.84,0.4,2.37,1.0,0.66,0.6,29.0
2615,2615,Charlie Campbell,72.0,155,72.0, Orthodox,5.55,0.54,3.73,0.55,2.95,0.4,0.71,0.0,28.0
2616,2616,Nick Diaz,73.0,170,76.0, Southpaw,5.71,0.42,3.84,0.59,1.28,0.32,0.6,1.0,40.0
2617,2617,Ryan Jensen,73.0,185,76.0, Orthodox,2.84,0.39,2.99,0.59,1.55,0.5,0.31,1.9,46.0
2618,2618,Ivan Shtyrkov,72.0,205,74.0, Orthodox,0.0,0.0,0.0,0.0,0.0,0.0,0.0,0.0,35.0
2619,2619,Genaro Valdez,69.0,155,72.0, Orthodox,4.08,0.3,7.16,0.48,1.54,0.44,0.36,0.4,32.0
2620,2620,Valter Walker,78.0,265,78.0, Orthodox,2.2,0.49,3.87,0.43,4.0,0.8,0.0,0.0,26.0
2621,2621,Raimond Magomedaliev,73.0,170,75.0, Orthodox,4.07,0.41,4.75,0.41,0.0,0.0,0.0,0.0,33.0
2622,2622,Jorge Oliveira,73.0,205,,,0.0,0.0,0.0,0.0,0.0,0.0,0.0,0.0,
2623,2623,John Kelly,69.0,170,,,0.0,0.0,0.0,0.0,0.0,0.0,0.0,0.0,45.0
2624,2624,Mariya Agapova,66.0,125,68.0, Southpaw,4.67,0.55,3.82,0.52,0.59,0.66,0.47,0.9,27.0
2625,2625,Paul Buentello,74.0,245,77.0, Orthodox,3.29,0.45,3.83,0.52,0.19,0.33,0.39,0.4,50.0
2626,2626,Austin Hubbard,70.0,155,71.0, Orthodox,4.11,0.45,3.74,0.56,1.75,0.5,0.65,0.0,32.0
2627,2627,Wesley Little,76.0,205,,,0.0,0.0,0.0,0.0,0.0,0.0,0.0,0.0,
2628,2628,Anderson Silva,74.0,185,77.0, Southpaw,3.05,0.61,2.05,0.6,0.5,0.77,0.69,0.8,49.0
2629,2629,Haisam Rida,, --,,,0.0,0.0,0.0,0.0,0.0,0.0,0.0,0.0,30.0
2630,2630,Cole Smith,71.0,135,67.0, Orthodox,1.78,0.35,1.96,0.49,1.67,0.33,0.45,1.7,35.0
2631,2631,Luke Barnatt,78.0,185,77.0, Orthodox,4.43,0.36,3.87,0.59,0.63,0.42,0.63,0.4,36.0
2632,2632,Asjabharan,66.0,135,,,0.0,0.0,0.0,0.0,0.0,0.0,0.0,0.0,31.0
2633,2633,Patrick Murphy,72.0,170,73.0,,3.4,0.66,0.8,0.42,0.0,0.0,0.5,1.0,
2634,2634,Bruno Korea,66.0,135,65.0,,2.12,0.34,3.96,0.42,0.0,0.0,0.25,0.0,32.0
2635,2635,Tyra Parker,65.0,115,66.0, Orthodox,1.5,0.22,9.0,0.14,0.0,0.0,0.0,0.0,
2636,2636,Jean Silva,67.0,145,69.0, Orthodox,5.83,0.52,4.27,0.57,1.56,0.5,1.0,0.0,27.0
2637,2637,Yasuhiro Urushitani,65.0,125,67.0, Southpaw,3.47,0.39,4.71,0.65,0.0,0.0,0.8,0.0,47.0
2638,2638,Jesse Moreng,67.0,145,70.0, Orthodox,1.26,0.4,2.08,0.48,5.56,1.0,1.0,0.0,44.0
2639,2639,Jonathan Contrestano,,155,,,0.0,0.0,0.0,0.0,0.0,0.0,0.0,0.0,
2640,2640,Adam Bramhald,,135,,,0.0,0.0,0.0,0.0,0.0,0.0,0.0,0.0,30.0
2641,2641,Joel Sutton,71.0,205,, Orthodox,0.0,0.0,0.0,0.0,0.0,0.0,0.0,0.0,
2642,2642,Roberto Traven,75.0,227,77.0, Orthodox,0.92,0.5,2.77,0.57,0.0,0.0,0.0,0.0,55.0
2643,2643,Bruno Silva,64.0,125,65.0, Orthodox,3.05,0.46,3.09,0.59,2.57,0.3,0.64,0.3,34.0
2644,2644,Paul Craig,75.0,185,76.0, Orthodox,2.45,0.46,2.97,0.44,1.68,0.2,0.37,1.6,36.0
2645,2645,Josh Bennett,76.0,259,78.0, Orthodox,2.9,0.4,5.8,0.43,1.5,1.0,1.0,0.0,
2646,2646,Stephen Bass,69.0,145,73.0, Orthodox,4.87,0.52,5.87,0.55,0.0,0.0,0.0,0.0,41.0
2647,2647,Jonathan Wilson,74.0,205,75.0, Southpaw,2.92,0.48,5.65,0.56,0.37,1.0,0.8,0.0,36.0
2648,2648,Amaury Bitetti,69.0,185,, Orthodox,0.0,0.0,0.0,0.0,0.0,0.0,0.0,0.0,
2649,2649,Carlton Minus,70.0,170,75.0, Orthodox,3.5,0.4,4.97,0.5,0.0,0.0,0.58,0.0,31.0
2650,2650,Fabio Nascimento,70.0,185,72.0, Orthodox,2.94,0.38,4.63,0.55,0.0,0.0,0.55,0.8,
2651,2651,Richard Jacobi,76.0,260,75.0, Orthodox,0.88,0.44,3.94,0.51,3.28,1.0,1.0,0.0,30.0
2652,2652,Pete Williams,75.0,235,77.0, Orthodox,0.61,0.62,2.77,0.4,1.84,0.4,0.16,0.9,48.0
2653,2653,Malcolm Gordon,67.0,125,71.0, Switch,2.5,0.45,2.0,0.43,1.72,0.35,0.26,1.0,34.0
2654,2654,Austin Bashi,,135,,,0.0,0.0,0.0,0.0,0.0,0.0,0.0,0.0,22.0
2655,2655,Israel Adesanya,76.0,185,80.0, Switch,3.93,0.48,3.11,0.56,0.05,0.14,0.77,0.1,34.0
2656,2656,Jose Perez,, --,,,0.0,0.0,0.0,0.0,0.0,0.0,0.0,0.0,
2657,2657,Aleksa Camur,73.0,205,74.0, Orthodox,4.73,0.57,4.26,0.54,0.46,0.22,0.5,0.0,28.0
2658,2658,Jin Oh Kim,69.0,205,73.0, Orthodox,5.06,0.25,8.43,0.5,0.0,0.0,0.66,0.0,
2659,2659,James Mulheron,70.0,243,73.0, Orthodox,2.4,0.31,3.47,0.42,0.0,0.0,0.25,0.0,36.0
2660,2660,Shane Roller,70.0,155,72.0, Orthodox,2.04,0.34,2.65,0.6,2.46,0.33,0.42,1.9,44.0
2661,2661,Luis Mendoza,,155,,,0.0,0.0,0.0,0.0,0.0,0.0,0.0,0.0,
2662,2662,Fabian Gonzalez,70.0,135,69.0,,3.9,0.48,4.39,0.51,0.0,0.0,0.66,0.0,
2663,2663,Josh LaBerge,70.0,145,71.0,,2.53,0.36,5.33,0.44,0.0,0.0,0.71,0.0,
2664,2664,Miguel Torres,69.0,135,76.0, Orthodox,3.98,0.43,1.86,0.74,0.0,0.0,0.17,1.6,43.0
2665,2665,Vince Murdock,66.0,145,64.0, Orthodox,1.21,0.21,7.17,0.4,0.0,0.0,0.0,0.0,33.0
2666,2666,Sione Latu,72.0,215,,,0.0,0.0,0.0,0.0,0.0,0.0,0.0,0.0,
2667,2667,Joao Paulo Faria,69.0,155,72.0,,6.69,0.64,2.09,0.85,1.25,0.5,0.0,1.2,
2668,2668,Kyle Kingsbury,76.0,205,79.0, Orthodox,2.97,0.4,3.81,0.51,2.64,0.41,0.52,0.0,42.0
2669,2669,Henrique da Silva,75.0,205,76.0, Orthodox,3.89,0.6,5.28,0.4,0.25,0.14,0.22,0.2,34.0
2670,2670,Ryan Janes,75.0,185,76.0, Orthodox,7.69,0.48,5.53,0.59,0.35,1.0,0.58,0.0,42.0
2671,2671,Mario Sperry,74.0,205,76.0, Orthodox,2.81,0.52,1.53,0.47,2.09,0.42,0.71,1.4,57.0
2672,2672,Matt Sayles,67.0,155,68.0, Orthodox,4.83,0.41,2.81,0.61,0.36,0.16,0.81,0.7,30.0
2673,2673,Pawel Pawlak,72.0,170,73.0, Orthodox,1.67,0.33,2.22,0.53,1.0,0.37,0.7,0.0,35.0
2674,2674,Trevin Jones,67.0,135,70.0, Southpaw,2.13,0.37,4.29,0.39,0.62,0.15,0.6,0.2,33.0
2675,2675,Sultan Aliev,71.0,170,74.0, Orthodox,1.41,0.45,2.2,0.56,1.76,0.38,1.0,0.0,39.0
2676,2676,Jimmy Quinlan,72.0,185,72.0, Orthodox,2.08,0.7,5.94,0.16,4.46,0.25,0.0,0.0,37.0
2677,2677,Christian Colombo,77.0,265,81.0, Orthodox,2.76,0.44,4.02,0.42,0.0,0.0,0.33,0.0,43.0
2678,2678,Matt Brown,72.0,170,75.0, Orthodox,3.76,0.55,2.92,0.55,1.68,0.46,0.63,1.3,43.0
2679,2679,Gerric Hayes,70.0, --,,,0.0,0.0,0.0,0.0,0.0,0.0,0.0,0.0,
2680,2680,Victor Jones,,145,,,0.0,0.0,0.0,0.0,0.0,0.0,0.0,0.0,
2681,2681,Jess Liaudin,69.0,170,72.0, Orthodox,2.46,0.51,2.76,0.41,3.28,0.53,0.3,1.6,
2682,2682,KJ Noons,70.0,155,70.0, Orthodox,3.68,0.35,3.78,0.65,0.08,0.2,0.68,0.0,41.0
2683,2683,Christophe Leninger,72.0,200,, Southpaw,0.0,0.0,0.0,0.0,0.0,0.0,0.0,0.0,
2684,2684,TJ O'Brien,74.0,155,77.0, Orthodox,3.77,0.46,4.78,0.57,0.94,1.0,0.0,0.0,37.0
2685,2685,Mike Ciesnolevicz,72.0,235,74.0, Orthodox,0.51,0.5,4.62,0.57,0.0,0.0,0.2,5.1,44.0
2686,2686,Abus Magomedov,74.0,185,78.0, Orthodox,2.88,0.44,3.73,0.55,2.65,0.77,1.0,0.0,33.0
2687,2687,Yazmin Jauregui,63.0,115,64.0, Orthodox,6.26,0.38,5.12,0.55,0.0,0.0,1.0,0.0,25.0
2688,2688,Chris Hofmann,72.0,170,72.0, Orthodox,4.78,0.45,4.63,0.35,3.42,0.42,0.0,0.0,34.0
2689,2689,Shawn Teed,77.0,265,78.0, Orthodox,1.4,0.42,13.31,0.21,0.0,0.0,0.0,0.0,32.0
2690,2690,Michael McBride,73.0,155,75.0, Orthodox,4.08,0.48,5.85,0.4,1.85,0.42,0.3,1.2,38.0
2691,2691,Takeya Mizugaki,67.0,135,69.0, Orthodox,3.37,0.37,3.27,0.57,1.46,0.57,0.7,0.1,40.0
2692,2692,Keith Berish,72.0,205,74.0, Orthodox,3.58,0.36,4.81,0.62,1.76,0.4,0.0,0.0,38.0
2693,2693,Nazim Sadykhov,70.0,155,69.0, Southpaw,4.94,0.48,5.72,0.48,1.71,0.62,0.75,0.3,30.0
2694,2694,Stevie Lynch,70.0,170,72.0, Orthodox,2.47,0.25,7.06,0.41,0.0,0.0,0.0,0.0,
2695,2695,Yan Xiaonan,65.0,115,63.0, Orthodox,4.97,0.44,3.66,0.58,1.0,0.73,0.62,0.0,34.0
2696,2696,Julian Marquez,74.0,185,72.0, Orthodox,4.86,0.44,4.99,0.51,0.0,0.0,0.53,2.6,34.0
2697,2697,Stoney Hale,72.0, --,,,0.0,0.0,0.0,0.0,0.0,0.0,0.0,0.0,44.0
2698,2698,Michael Knaap,74.0,220,, Orthodox,0.0,0.0,0.0,0.0,0.0,0.0,0.0,0.0,40.0
2699,2699,Eric Magana,, --,,,0.0,0.0,0.0,0.0,0.0,0.0,0.0,0.0,
2700,2700,Chris Curtis,70.0,185,75.0, Orthodox,5.76,0.51,6.16,0.52,0.0,0.0,0.82,0.0,36.0
2701,2701,Jasmine Jasudavicius,67.0,125,68.0, Orthodox,3.95,0.45,4.03,0.51,2.16,0.37,0.8,0.4,35.0
2702,2702,Nathan Coy,70.0,170,69.0, Southpaw,3.88,0.52,2.4,0.61,3.17,0.47,0.5,0.0,45.0
2703,2703,Wes Shivers,80.0, --,,,0.0,0.0,0.0,0.0,0.0,0.0,0.0,0.0,
2704,2704,Jason Black,68.0,155,72.0, Orthodox,1.06,0.47,2.6,0.45,0.48,0.33,0.28,6.2,51.0
2705,2705,Dylan Salvador,69.0,155,69.0, Southpaw,4.34,0.37,11.57,0.46,0.0,0.0,0.0,0.0,31.0
2706,2706,Jason Novelli,72.0,155,76.0, Orthodox,1.73,0.24,3.55,0.66,0.7,0.33,1.0,0.0,44.0
2707,2707,Nate Loughran,74.0,185,77.0, Orthodox,1.81,0.4,4.11,0.59,0.0,0.0,0.0,2.1,43.0
2708,2708,Brad Imes,79.0,265,83.0, Orthodox,2.73,0.31,4.24,0.49,1.72,0.71,0.0,1.0,47.0
2709,2709,Dustin West,71.0,170,,,0.0,0.0,0.0,0.0,0.0,0.0,0.0,0.0,
2710,2710,Steve Mann,73.0,170,72.0,,3.18,0.7,0.66,0.57,1.64,1.0,0.6,0.0,
2711,2711,Juliana Lima,65.0,115,65.0, Orthodox,1.94,0.44,2.11,0.55,1.72,0.31,0.7,0.0,42.0
2712,2712,Ovince Saint Preux,75.0,205,80.0, Southpaw,3.03,0.47,3.32,0.47,1.1,0.36,0.67,0.5,41.0
2713,2713,Fredy Serrano,63.0,125,65.0, Orthodox,1.58,0.26,1.89,0.61,2.84,0.25,0.84,0.0,44.0
2714,2714,Keita Nakamura,71.0,170,73.0, Southpaw,2.23,0.36,3.2,0.58,1.65,0.48,0.63,0.3,40.0
2715,2715,Gabe Lemley,68.0,155,71.0, Orthodox,0.82,0.35,6.03,0.45,0.0,0.0,0.0,0.0,
2716,2716,Aaron Phillips,69.0,135,71.0, Southpaw,1.51,0.53,3.66,0.43,0.86,0.5,0.44,0.6,34.0
2717,2717,Diego Henrique da Silva,74.0,185,75.0, Orthodox,2.53,0.57,3.27,0.3,0.0,0.0,0.63,0.0,37.0
2718,2718,Sam Fulton,, --,,,0.0,0.0,0.0,0.0,0.0,0.0,0.0,0.0,
2719,2719,Oleg Taktarov,72.0,210,, Orthodox,0.0,0.0,0.0,0.0,0.0,0.0,0.0,0.0,56.0
2720,2720,Derrick Noble,69.0,170,73.0, Southpaw,6.21,0.4,3.79,0.59,0.0,0.0,0.0,0.0,45.0
2721,2721,Ben Wall,70.0,155,73.0, Orthodox,1.47,0.29,8.53,0.29,0.0,0.0,1.0,0.0,35.0
2722,2722,Brian Melancon,68.0,170,70.0, Orthodox,4.18,0.49,3.64,0.64,2.02,1.0,0.66,0.0,41.0
2723,2723,Shonie Carter,70.0,170,71.0, Southpaw,1.62,0.36,2.32,0.47,0.75,0.66,0.75,0.0,52.0
2724,2724,Dustin Kimura,67.0,135,71.0, Orthodox,1.33,0.21,3.82,0.51,0.93,0.37,0.5,2.2,35.0
2725,2725,Matthew Semelsberger,73.0,170,75.0, Switch,3.78,0.43,4.21,0.54,1.02,0.57,0.45,0.4,31.0
2726,2726,Drew Dimanlig,72.0,185,71.0,,3.7,0.73,3.17,0.2,0.0,0.0,0.0,0.0,
2727,2727,Sanae Kikuta,69.0,200,71.0, Orthodox,0.7,0.45,0.9,0.52,1.6,0.63,0.25,1.8,52.0
2728,2728,Chris Condo,72.0,335,, Orthodox,0.0,0.0,0.0,0.0,0.0,0.0,0.0,0.0,
2729,2729,Leslie Smith,69.0,135,66.0, Orthodox,7.56,0.4,8.41,0.51,0.0,0.0,0.62,0.0,41.0
2730,2730,Alessio Di Chirico,72.0,185,74.0, Orthodox,3.32,0.39,3.44,0.61,1.46,0.39,0.83,0.0,34.0
2731,2731,Rory MacDonald,72.0,170,76.0, Orthodox,3.75,0.42,2.8,0.62,1.77,0.47,0.88,0.4,34.0
2732,2732,Brianna Fortino,60.0,115,62.0, Southpaw,3.53,0.41,3.23,0.57,2.5,0.45,0.66,0.0,30.0
2733,2733,Maria Rios,65.0,125,69.0,,2.93,0.34,4.13,0.56,2.0,0.5,1.0,0.0,40.0
2734,2734,George Zuniga,69.0,185,73.0,,7.64,0.38,5.45,0.37,0.0,0.0,1.0,0.0,
2735,2735,Ed Ratcliff,70.0,155,71.0, Orthodox,2.71,0.38,2.96,0.63,0.28,0.16,0.53,0.0,41.0
2736,2736,Hunter Azure,68.0,145,69.0, Orthodox,3.92,0.53,2.08,0.58,1.97,0.34,0.67,1.3,32.0
2737,2737,Bruno Lopes,74.0,205,75.0, Orthodox,5.29,0.35,8.46,0.53,0.0,0.0,0.0,0.0,31.0
2738,2738,Dhafir Harris,,257,,,0.0,0.0,0.0,0.0,0.0,0.0,0.0,0.0,46.0
2739,2739,Victor Valenzuela,70.0,155,71.0,,1.28,1.0,2.55,0.0,0.0,0.0,0.0,0.0,
2740,2740,Chuck O'Neil,74.0,170,76.0,,3.13,0.37,4.4,0.72,0.0,0.0,0.0,0.0,38.0
2741,2741,Justin Buchholz,72.0,155,73.0, Orthodox,2.35,0.26,4.14,0.51,0.0,0.0,0.33,0.8,40.0
2742,2742,Jason Day,72.0,185,72.0, Orthodox,3.61,0.54,3.46,0.47,1.13,1.0,0.0,0.0,43.0
2743,2743,Dale Hartt,70.0,155,69.0, Orthodox,1.14,0.35,1.55,0.66,1.22,1.0,0.25,2.5,45.0
2744,2744,Ashiek Ajim,68.0,135,71.0, Switch,5.0,0.4,11.25,0.25,0.0,0.0,0.0,0.0,29.0
2745,2745,Cortez Coleman,73.0,185,,,0.0,0.0,0.0,0.0,0.0,0.0,0.0,0.0,42.0
2746,2746,Morgan Charriere,68.0,145,69.0, Orthodox,3.98,0.49,4.24,0.55,1.59,0.4,0.87,0.8,28.0
2747,2747,Jinnosuke Kashimura,67.0,155,71.0, Southpaw,0.21,0.5,7.37,0.25,3.16,1.0,0.0,6.3,22.0
2748,2748,Maki Pitolo,70.0,185,75.0, Orthodox,4.1,0.44,3.93,0.55,2.24,0.52,0.5,0.8,33.0
2749,2749,Juan Andres Luna,67.0,125,72.0, Orthodox,3.27,0.31,3.0,0.65,0.0,0.0,0.0,0.0,28.0
2750,2750,Tommy Petersen,,155,,,0.0,0.0,0.0,0.0,0.0,0.0,0.0,0.0,
2751,2751,Brian Lo-A-Njoe,67.0,155,70.0, Orthodox,3.87,0.42,0.0,0.0,0.0,0.0,0.66,0.0,
2752,2752,Eldari Kurtanidze,66.0,235,71.0, Orthodox,0.47,0.2,3.72,0.6,0.0,0.0,0.0,0.0,52.0
2753,2753,Marco Beltran,68.0,125,69.0, Orthodox,2.07,0.37,1.93,0.63,0.7,0.5,0.46,0.2,38.0
2754,2754,Jake Collier,75.0,230,78.0, Orthodox,5.8,0.44,5.08,0.5,0.71,0.33,0.67,0.6,35.0
2755,2755,Zane Frazier,77.0,250,, Orthodox,0.0,0.0,0.0,0.0,0.0,0.0,0.0,0.0,
2756,2756,Mike Nickels,76.0,205,78.0, Orthodox,4.44,0.52,1.11,0.64,11.11,0.8,0.0,2.8,52.0
2757,2757,Idris Wasi,72.0,186,72.0,,0.4,0.31,3.53,0.46,0.0,0.0,0.2,0.0,34.0
2758,2758,Dennis Olson,72.0,170,74.0,,1.02,0.42,5.27,0.38,2.77,0.4,0.0,0.0,
2759,2759,Brian Bowles,67.0,135,70.0, Orthodox,2.36,0.26,2.98,0.64,1.39,0.7,0.54,1.4,43.0
2760,2760,Aaron Ely,68.0,135,70.0,,0.82,0.15,0.66,0.69,2.47,1.0,0.5,4.9,35.0
2761,2761,Art Jimmerson,73.0,196,, Orthodox,0.0,0.0,0.0,0.0,0.0,0.0,0.0,0.0,60.0
2762,2762,Carlos Prates,73.0,170,78.0, Switch,4.38,0.56,5.95,0.37,0.0,0.0,0.66,0.0,30.0
2763,2763,Rocky Lee,69.0,145,68.0, Orthodox,2.47,0.51,5.33,0.44,1.0,0.1,0.33,0.0,37.0
2764,2764,Chris Fishgold,68.0,145,68.0, Orthodox,2.01,0.32,2.7,0.46,2.59,0.46,0.44,1.3,31.0
2765,2765,John Lewis,72.0,155,, Southpaw,0.0,0.0,4.0,0.66,0.0,0.0,0.0,0.0,
2766,2766,Tyron Woodley,69.0,170,74.0, Orthodox,2.36,0.48,2.76,0.54,1.06,0.4,0.87,0.4,42.0
2767,2767,Haven Torres,,125,,,0.0,0.0,0.0,0.0,0.0,0.0,0.0,0.0,
2768,2768,Kenneth Bergh,74.0,205,74.0, Orthodox,4.56,0.75,1.27,0.28,0.0,0.0,0.0,0.0,34.0
2769,2769,Dan Cramer,74.0,170,75.0, Orthodox,0.97,0.3,2.1,0.31,0.0,0.0,0.66,0.5,38.0
2770,2770,Willie Parks,70.0,185,,,0.0,0.0,0.0,0.0,0.0,0.0,0.0,0.0,40.0
2771,2771,Jordan Bailey,69.0,145,69.0,,1.74,0.4,0.29,0.0,4.35,1.0,0.0,4.3,
2772,2772,Matt Pedro,, --,,,0.0,0.0,0.0,0.0,0.0,0.0,0.0,0.0,
2773,2773,Mauricio Rua,73.0,205,76.0, Orthodox,3.57,0.5,2.79,0.54,2.01,0.48,0.49,0.7,42.0
2774,2774,Kevin Croom,71.0,135,73.0, Orthodox,2.65,0.34,3.1,0.41,0.48,0.05,0.3,0.5,36.0
2775,2775,Amir Rahnavardi,72.0,205,75.0, Orthodox,0.67,0.25,0.0,1.0,0.0,0.0,0.5,0.0,49.0
2776,2776,Jim Alers,69.0,145,71.0, Orthodox,2.9,0.4,4.38,0.56,2.26,0.41,0.8,0.3,37.0
2777,2777,Sergei Kharitonov,72.0,245,75.0, Orthodox,3.9,0.44,3.03,0.54,1.16,0.53,0.7,1.0,43.0
2778,2778,Ricky Simon,66.0,135,69.0, Orthodox,3.01,0.43,3.61,0.61,5.49,0.46,0.76,0.4,31.0
2779,2779,Mike Cook,73.0,205,75.0, Orthodox,1.72,0.49,2.4,0.46,1.03,0.33,0.55,2.1,
2780,2780,Holly Holm,68.0,135,69.0, Southpaw,3.13,0.4,2.92,0.55,0.87,0.3,0.76,0.1,42.0
2781,2781,Bart Palaszewski,69.0,145,70.0, Orthodox,2.67,0.32,3.97,0.57,0.65,0.31,0.53,0.5,40.0
2782,2782,Raulian Paiva,68.0,135,69.0, Orthodox,4.14,0.42,5.01,0.48,0.65,0.23,0.77,0.2,28.0
2783,2783,Robert Whiteford,69.0,145,69.0, Southpaw,2.33,0.46,1.99,0.62,1.9,0.3,0.45,0.0,41.0
2784,2784,Maxim Grishin,75.0,205,78.0, Orthodox,3.26,0.52,2.27,0.58,0.21,0.16,0.66,0.0,40.0
2785,2785,Viacheslav Borshchev,71.0,155,69.0, Orthodox,5.18,0.58,4.49,0.54,0.0,0.0,0.35,0.0,32.0
2786,2786,Anvar Boynazarov,69.0,145,68.0, Orthodox,0.0,0.0,7.83,0.29,0.0,0.0,0.0,0.0,35.0
2787,2787,Gigo Jara,69.0,145,71.0,,2.26,0.57,2.71,0.51,0.0,0.0,0.66,0.0,
2788,2788,Chris Spang,74.0,170,77.0, Orthodox,1.83,0.36,1.95,0.6,0.0,0.0,0.5,0.9,36.0
2789,2789,Rei Tsuruya,66.0,125,68.0, Orthodox,2.93,0.62,1.44,0.44,6.84,0.54,0.5,4.0,21.0
2790,2790,Chris Mierzwiak,73.0,185,74.0,,1.6,0.61,1.73,0.48,2.0,0.28,0.0,1.0,36.0
2791,2791,Katsuhiko Nagata,67.0,154,69.0, Southpaw,1.05,0.19,1.5,0.63,0.98,0.28,0.28,0.0,50.0
2792,2792,Dequan Townsend,75.0,205,79.0, Orthodox,1.23,0.34,3.92,0.38,0.0,0.0,0.46,0.0,38.0
2793,2793,Christos Giagos,70.0,155,71.0, Orthodox,3.03,0.41,3.21,0.5,2.84,0.36,0.52,0.4,34.0
2794,2794,Kenny Florian,70.0,145,74.0, Southpaw,2.41,0.4,1.85,0.63,2.22,0.33,0.6,1.3,47.0
2795,2795,Mason Fowler,71.0,170,,,0.0,0.0,0.0,0.0,0.0,0.0,0.0,0.0,
2796,2796,Sean Sherk,66.0,155,67.0, Orthodox,2.17,0.35,2.71,0.55,4.09,0.46,0.56,0.4,50.0
2797,2797,Mateo Vogel,68.0,145,71.0, Orthodox,4.47,0.46,2.87,0.65,1.0,0.16,0.0,0.0,28.0
2798,2798,Tatsuya Mizuno,73.0,205,74.0, Southpaw,2.25,0.37,3.52,0.53,1.19,0.25,0.4,3.6,42.0
2799,2799,Jason Witt,70.0,170,70.0, Orthodox,2.15,0.44,2.54,0.52,6.9,0.48,1.0,0.9,37.0
2800,2800,Ralph Gracie,69.0,183,71.0, Orthodox,0.86,0.37,1.72,0.31,0.0,0.0,0.25,4.0,
2801,2801,Hirotaka Yokoi,71.0,205,73.0, Orthodox,1.52,0.33,3.42,0.38,1.87,0.41,0.66,0.4,45.0
2802,2802,Junie Browning,69.0,155,72.0, Orthodox,3.76,0.48,1.76,0.66,3.53,0.66,0.0,3.5,40.0
2803,2803,Brandon Hester,73.0,205,74.0,,3.53,0.53,0.4,0.68,4.0,0.8,0.0,0.0,
2804,2804,Justin Gaethje,71.0,155,70.0, Orthodox,6.78,0.59,7.46,0.52,0.11,0.25,0.75,0.0,35.0
2805,2805,Jim Miller,68.0,155,71.0, Southpaw,2.99,0.42,3.5,0.56,1.53,0.44,0.47,1.7,40.0
2806,2806,Zelg Galesic,74.0,185,72.0, Orthodox,4.86,0.62,0.61,0.66,1.3,1.0,0.2,1.3,45.0
2807,2807,Rickson Gracie,70.0,185,, Switch,0.0,0.0,0.0,0.0,0.0,0.0,0.0,0.0,65.0
2808,2808,Taylor Callens,70.0,155,,,0.0,0.0,0.0,0.0,0.0,0.0,0.0,0.0,33.0
2809,2809,Jerron Peoples,72.0,170,,,0.0,0.0,0.0,0.0,0.0,0.0,0.0,0.0,42.0
2810,2810,Dmitry Poberezhets,75.0,237,,,0.0,0.0,0.0,0.0,0.0,0.0,0.0,0.0,38.0
2811,2811,Josh Fremd,76.0,185,76.0, Orthodox,2.93,0.43,2.63,0.47,0.84,0.25,0.31,1.4,30.0
2812,2812,Josh Burns,73.0,244,74.0,,2.4,0.48,5.73,0.32,0.0,0.0,1.0,0.0,46.0
2813,2813,Robert McDaniel,75.0,185,75.0, Southpaw,1.64,0.44,1.98,0.56,0.93,0.5,0.5,1.4,41.0
2814,2814,Jinh Yu Frey,63.0,115,65.0, Southpaw,2.97,0.43,4.23,0.52,1.02,0.36,0.9,0.3,39.0
2815,2815,Hidehiko Hasegawa,69.0,170,,,0.0,0.0,0.0,0.0,0.0,0.0,0.0,0.0,45.0
2816,2816,Chidi Njokuani,75.0,170,80.0, Orthodox,4.09,0.61,2.94,0.55,0.0,0.0,0.74,0.2,35.0
2817,2817,Sora Rakhmonova,,125,,,0.0,0.0,0.0,0.0,0.0,0.0,0.0,0.0,25.0
2818,2818,Kultar Gill,72.0,154,72.0, Orthodox,1.14,0.5,0.4,0.41,1.71,0.66,0.38,0.0,45.0
2819,2819,Gaston Bolanos,67.0,135,69.0, Orthodox,3.88,0.43,3.49,0.49,0.0,0.0,0.5,0.0,31.0
2820,2820,Anthony Figueroa,64.0,135,67.0, Orthodox,2.37,0.48,3.77,0.49,0.0,0.0,0.58,0.0,
2821,2821,Alexandre Barros,69.0,170,70.0, Southpaw,0.98,0.4,4.05,0.36,1.84,0.5,1.0,0.0,47.0
2822,2822,Uriah Hall,72.0,185,79.0, Orthodox,3.23,0.48,3.85,0.54,0.54,0.38,0.64,0.1,39.0
2823,2823,Luiz Firmino,66.0,154,70.0, Orthodox,1.23,0.5,1.22,0.51,3.86,0.45,0.2,0.9,42.0
2824,2824,Ken Shamrock,73.0,205,72.0, Orthodox,1.47,0.46,4.3,0.39,0.94,0.6,0.44,2.5,60.0
2825,2825,Luc Bondole,74.0,205,80.0,,3.35,0.51,2.04,0.62,0.0,0.0,0.0,1.8,
2826,2826,Sam Patterson,75.0,155,78.0, Orthodox,2.54,0.38,3.41,0.49,1.19,1.0,0.33,3.6,28.0
2827,2827,Vernon Ramos Ho,66.0,170,67.0, Orthodox,4.0,0.25,8.0,0.55,0.0,0.0,0.0,0.0,31.0
2828,2828,Reza Madadi,71.0,155,73.0, Orthodox,2.51,0.46,3.31,0.66,3.17,0.33,0.89,0.5,45.0
2829,2829,Louis Jauregui,67.0,170,,,0.0,0.0,0.0,0.0,0.0,0.0,0.0,0.0,
2830,2830,Leon Aliu,72.0,185,74.0, Orthodox,6.32,0.5,10.11,0.38,0.0,0.0,0.0,0.0,34.0
2831,2831,Rob Broughton,74.0,265,74.0, Orthodox,2.83,0.6,2.54,0.51,0.0,0.0,0.26,3.2,41.0
2832,2832,Matt Lindland,72.0,185,74.0, Southpaw,2.62,0.5,1.56,0.52,3.01,0.48,0.6,1.3,54.0
2833,2833,Jesse Strader,67.0,135,70.0, Orthodox,5.03,0.51,5.28,0.47,3.87,0.57,1.0,0.0,32.0
2834,2834,Jason McLean,65.0,145,,,0.0,0.0,0.0,0.0,0.0,0.0,0.0,0.0,
2835,2835,Tim Gorman,65.0,135,69.0, Southpaw,2.73,0.31,5.57,0.46,1.0,0.09,0.33,0.0,41.0
2836,2836,John Alessio,70.0,155,72.0, Orthodox,2.1,0.39,2.91,0.54,1.85,0.38,0.7,1.2,44.0
2837,2837,Gaston Reyno,72.0,145,70.0,,7.79,0.62,3.9,0.44,0.0,0.0,0.0,11.7,37.0
2838,2838,Gilbert Aldana,73.0,250,74.0, Orthodox,2.91,0.54,6.26,0.26,2.57,0.4,0.33,0.0,46.0
2839,2839,Dan Miller,73.0,185,74.0, Orthodox,2.03,0.36,3.06,0.49,1.67,0.54,0.47,1.8,42.0
2840,2840,Eugene Jackson,68.0,185,70.0, Orthodox,2.19,0.33,3.44,0.32,1.91,0.71,0.16,2.3,57.0
2841,2841,Spike Carlyle,68.0,145,71.0, Switch,2.55,0.54,3.85,0.3,3.34,0.36,0.57,0.5,31.0
2842,2842,Giacomo Lemos,75.0,247,75.0, Orthodox,0.0,0.0,0.0,0.0,0.0,0.0,0.0,0.0,34.0
2843,2843,Elvis Mutapcic,72.0,185,72.0, Orthodox,3.41,0.4,4.27,0.38,0.0,0.0,0.81,0.0,37.0
2844,2844,Thales Leites,73.0,185,78.0, Orthodox,2.13,0.4,2.99,0.52,2.1,0.27,0.3,1.1,42.0
2845,2845,Daniel Swain,69.0,145,70.0, Orthodox,0.8,0.44,3.2,0.4,0.0,0.0,0.0,6.0,33.0
2846,2846,Martin Sano,71.0,170,75.0, Orthodox,4.0,0.33,12.0,0.4,0.0,0.0,0.0,0.0,32.0
2847,2847,Sean Santella,65.0,125,,,0.0,0.0,0.0,0.0,0.0,0.0,0.0,0.0,39.0
2848,2848,Carlos Hernandez,68.0,125,67.0, Orthodox,4.95,0.46,4.54,0.46,1.11,0.15,0.65,0.3,30.0
2849,2849,Daniel McWilliams,73.0,185,73.0,,3.36,0.77,0.0,0.0,0.0,0.0,1.0,21.6,
2850,2850,Ottman Azaitar,68.0,155,71.0, Switch,5.73,0.51,4.96,0.48,0.0,0.0,1.0,0.0,34.0
2851,2851,Brandon Thatch,74.0,170,74.0, Switch,2.7,0.42,3.63,0.52,1.36,0.66,0.5,0.7,38.0
2852,2852,Tresean Gore,72.0,185,75.0, Switch,3.04,0.53,6.13,0.47,3.04,0.71,0.81,1.2,29.0
2853,2853,So Yul Kim,,115,,,0.0,0.0,0.0,0.0,0.0,0.0,0.0,0.0,26.0
2854,2854,Chepe Mariscal,67.0,145,69.0, Orthodox,4.7,0.52,3.68,0.52,2.35,0.28,0.66,0.4,31.0
2855,2855,Yoel Romero,72.0,185,73.0, Southpaw,3.44,0.49,3.05,0.6,1.57,0.3,0.78,0.0,47.0
2856,2856,Bryan Vetell,75.0,265,76.0, Southpaw,2.74,0.6,2.13,0.41,0.0,0.0,0.0,0.0,46.0
2857,2857,Sai Wang,72.0,170,71.0, Southpaw,3.17,0.46,2.27,0.53,0.0,0.0,0.77,0.0,38.0
2858,2858,Edward Faaloloto,,155,70.0, Orthodox,2.28,0.32,6.25,0.44,1.01,0.25,0.33,0.0,39.0
2859,2859,Chris Duncan,70.0,155,71.0, Orthodox,4.88,0.46,3.65,0.49,3.85,0.38,0.33,0.0,31.0
2860,2860,Mark Holst,72.0,155,74.0, Orthodox,0.25,0.19,1.67,0.47,0.76,1.0,0.6,2.3,38.0
2861,2861,Steve Kozola,71.0,155,73.0,,3.9,0.39,4.36,0.5,2.34,1.0,1.0,0.0,
2862,2862,Gerald Strebendt,69.0,155,71.0, Orthodox,0.0,0.0,4.0,0.38,0.0,0.0,0.0,16.4,45.0
2863,2863,Akitoshi Tamura,69.0,135,70.0, Orthodox,3.73,0.43,1.94,0.78,0.0,0.0,0.2,1.0,43.0
2864,2864,Adam Cella,74.0,170,74.0,,1.91,0.42,2.61,0.51,3.92,0.75,0.5,1.3,38.0
2865,2865,Greg Rebello,72.0,240,73.0, Southpaw,2.61,0.39,2.92,0.58,0.0,0.0,0.0,0.0,41.0
2866,2866,Jason Guida,70.0,214,74.0,,1.87,0.4,3.33,0.52,1.0,0.14,0.5,1.0,46.0
2867,2867,Max Mustaki,72.0,155,70.0, Orthodox,8.2,0.5,13.0,0.45,0.0,0.0,0.0,0.0,36.0
2868,2868,Austin Vanderford,71.0,170,74.0, Orthodox,3.9,0.52,5.19,0.45,0.0,0.0,1.0,1.9,34.0
2869,2869,Rico DiSciullo,68.0,135,74.0, Orthodox,1.71,0.33,4.41,0.56,0.0,0.0,0.0,0.0,37.0
2870,2870,Mark Hughes,69.0,205,70.0, Southpaw,0.9,0.47,0.4,0.42,3.0,0.5,0.0,4.5,50.0
2871,2871,Bas Rutten,73.0,205,74.0, Orthodox,5.59,0.61,2.06,0.79,0.0,0.0,0.0,0.0,59.0
2872,2872,Felipe Silva,72.0,155,77.0, Orthodox,5.4,0.5,1.8,0.59,1.0,1.0,0.71,0.0,40.0
2873,2873,Rashard Lovelace,,155,,,0.0,0.0,0.0,0.0,0.0,0.0,0.0,0.0,
2874,2874,Brandon Magana,,170,, Orthodox,0.0,0.0,0.0,0.0,0.0,0.0,0.0,0.0,
2875,2875,Kalib Starnes,75.0,185,74.0, Orthodox,2.71,0.48,4.43,0.53,1.46,0.33,0.25,0.6,49.0
2876,2876,Nate Maness,70.0,125,72.0, Orthodox,2.33,0.48,4.29,0.4,0.87,0.75,0.78,0.3,32.0
2877,2877,Chris Wilson,73.0,170,75.0, Orthodox,2.32,0.5,1.36,0.55,1.31,0.5,0.6,1.6,46.0
2878,2878,Brandon Foxworth,71.0,145,72.0, Orthodox,1.33,0.32,4.59,0.5,0.0,0.0,0.0,0.0,45.0
2879,2879,Jose Henrique,75.0,170,79.0, Orthodox,3.45,0.43,5.79,0.38,0.0,0.0,0.0,0.0,22.0
2880,2880,Kyle Noblitt,74.0,243,,,0.0,0.0,0.0,0.0,0.0,0.0,0.0,0.0,34.0
2881,2881,Alex Perez,66.0,125,65.0, Orthodox,4.1,0.45,3.13,0.59,2.06,0.44,0.82,0.9,32.0
2882,2882,Juan Alcain,, --,,,0.0,0.0,0.0,0.0,0.0,0.0,0.0,0.0,
2883,2883,Shana Dobson,66.0,125,69.0, Orthodox,3.34,0.37,5.2,0.5,0.84,0.5,0.14,0.0,35.0
2884,2884,Jason Fairn,73.0,230,,,0.0,0.0,0.0,0.0,0.0,0.0,0.0,0.0,
2885,2885,Frank Gomez,70.0,135,67.0, Orthodox,1.52,0.48,0.79,0.66,1.14,0.6,0.7,0.8,38.0
2886,2886,Del Hawkins,65.0,135,70.0, Orthodox,1.15,0.27,2.01,0.46,0.0,0.0,0.0,0.0,
2887,2887,Cale Yarbrough,73.0,185,73.0, Orthodox,3.16,0.27,10.0,0.72,0.0,0.0,0.0,0.0,37.0
2888,2888,JP Buys,65.0,135,67.0, Orthodox,1.88,0.39,3.02,0.4,1.55,0.25,0.25,2.3,28.0
2889,2889,Denis Kang,71.0,185,77.0, Orthodox,2.27,0.35,1.65,0.67,2.51,0.65,0.38,1.2,46.0
2890,2890,Mike Jackson,74.0,170,74.0, Orthodox,4.49,0.57,3.73,0.62,0.71,0.33,0.88,0.0,39.0
2891,2891,Ricardo Barros,73.0,205,74.0,,0.0,0.0,8.22,0.31,0.0,0.0,1.0,0.0,48.0
2892,2892,Lewis Gonzalez,70.0,170,67.0, Orthodox,1.4,0.37,1.87,0.41,2.0,0.33,0.62,0.0,36.0
2893,2893,Patrick Walsh,71.0,185,73.0,,2.03,0.19,2.83,0.64,3.0,0.54,1.0,1.5,35.0
2894,2894,John Albert,68.0,135,68.0, Orthodox,3.05,0.49,2.82,0.35,0.0,0.0,0.5,6.1,37.0
2895,2895,Nick Rossborough,77.0,205,79.0,,2.8,0.35,4.33,0.35,0.0,0.0,1.0,0.0,42.0
2896,2896,Arman Ashimov,66.0,125,,,0.0,0.0,0.0,0.0,0.0,0.0,0.0,0.0,32.0
2897,2897,Al Iaquinta,70.0,155,70.0, Orthodox,4.06,0.4,4.53,0.61,0.63,0.18,0.74,0.2,37.0
2898,2898,Guilherme Vasconcelos,72.0,185,74.0, Orthodox,3.27,0.29,4.4,0.7,0.0,0.0,0.0,0.0,38.0
2899,2899,Vinicius Cenci,73.0,155,74.0, Orthodox,2.9,0.48,2.69,0.62,1.61,0.5,0.0,0.0,28.0
2900,2900,Desmond Green,70.0,155,73.0, Southpaw,3.7,0.46,2.51,0.69,1.62,0.5,0.75,0.0,34.0
2901,2901,Liz Carmouche,66.0,125,66.0, Orthodox,2.78,0.54,2.51,0.61,2.57,0.51,0.65,0.3,40.0
2902,2902,Antonio Duarte,67.0,135,69.0,,4.55,0.4,4.18,0.57,0.0,0.0,0.6,0.0,
2903,2903,Ben Earwood,68.0,170,69.0, Orthodox,0.5,0.55,0.2,0.33,3.0,1.0,0.0,0.0,
2904,2904,Don Carlo-Clauss,67.0,170,69.0,,1.44,0.3,7.68,0.43,0.0,0.0,0.66,0.0,
2905,2905,Benardo Sopaj,66.0,135,66.0, Orthodox,3.06,0.52,4.56,0.53,3.06,0.75,0.5,0.0,23.0
2906,2906,Tobias Harila,, --,,,0.0,0.0,0.0,0.0,0.0,0.0,0.0,0.0,30.0
2907,2907,Liam Anderson,,185,,,0.0,0.0,0.0,0.0,0.0,0.0,0.0,0.0,29.0
2908,2908,Errol Zimmerman,75.0,185,80.0, Orthodox,2.95,0.42,0.0,0.0,0.0,0.0,0.0,0.0,38.0
2909,2909,Rolando Bedoya,71.0,170,74.0, Orthodox,8.7,0.55,6.83,0.52,0.0,0.0,0.0,0.0,27.0
2910,2910,Laverne Clark,71.0,170,, Orthodox,0.0,0.0,0.0,0.0,0.0,0.0,0.0,0.0,50.0
2911,2911,Alex Garcia,69.0,170,72.0, Orthodox,1.81,0.31,3.03,0.59,3.72,0.52,0.66,0.1,36.0
2912,2912,Walel Watson,71.0,135,75.0, Orthodox,2.1,0.29,3.79,0.43,0.0,0.0,0.61,1.4,39.0
2913,2913,Louis Taylor,71.0,185,74.0, Orthodox,2.06,0.32,1.24,0.68,2.48,0.28,1.0,0.0,45.0
2914,2914,Dave Martin,72.0,205,,,0.0,0.0,0.0,0.0,0.0,0.0,0.0,0.0,
2915,2915,Alex Soto,68.0,135,70.0, Southpaw,2.95,0.25,5.02,0.59,2.82,0.3,0.0,0.0,40.0
2916,2916,Alex Torres,70.0,145,70.0, Orthodox,2.47,0.37,2.73,0.69,2.0,0.22,0.5,0.0,35.0
2917,2917,Julia Avila,67.0,135,68.0, Orthodox,2.59,0.43,2.86,0.5,0.54,0.33,0.5,0.3,36.0
2918,2918,Marcos da Matta,64.0,145,,,0.0,0.0,0.0,0.0,0.0,0.0,0.0,0.0,51.0
2919,2919,Enrique Watson,,185,,,0.0,0.0,0.0,0.0,0.0,0.0,0.0,0.0,
2920,2920,Vinicius Queiroz,79.0,220,80.0, Orthodox,3.67,0.51,4.1,0.41,5.07,0.7,1.0,0.7,40.0
2921,2921,Drako Rodriguez,68.0,135,69.0, Orthodox,3.37,0.36,4.4,0.58,2.93,0.66,0.75,0.7,27.0
2922,2922,Riki Fukuda,72.0,185,73.0, Southpaw,4.24,0.43,3.71,0.64,2.17,0.43,0.7,0.0,43.0
2923,2923,Hiroyuki Takaya,66.0,139,68.0, Orthodox,3.18,0.33,3.16,0.6,0.9,0.45,0.66,0.0,46.0
2924,2924,Ricardo Funch,70.0,170,74.0, Southpaw,2.61,0.65,3.57,0.4,1.24,0.18,0.6,0.0,43.0
2925,2925,Devin Powell,72.0,155,73.0, Orthodox,2.88,0.41,3.67,0.51,0.0,0.0,0.0,0.6,36.0
2926,2926,Cortavious Romious,64.0,135,68.0, Southpaw,14.48,0.31,20.69,0.41,0.0,0.0,0.0,0.0,30.0
2927,2927,Frank Hamaker,, --,,,0.0,0.0,0.0,0.0,0.0,0.0,0.0,0.0,
2928,2928,Gary Quan,68.0,143,,,0.0,0.0,0.0,0.0,0.0,0.0,0.0,0.0,53.0
2929,2929,Fabricio Guerreiro,70.0,145,69.0,,1.87,0.31,2.2,0.67,2.0,0.5,0.0,0.0,33.0
2930,2930,Dylan Andrews,73.0,185,74.0, Switch,2.21,0.5,2.72,0.46,2.83,0.5,0.57,0.4,44.0
2931,2931,Steve Jennum,70.0,215,, Orthodox,0.0,0.0,0.0,0.0,0.0,0.0,0.0,0.0,
2932,2932,Brian Warren,72.0,185,75.0, Orthodox,1.16,0.21,4.63,0.57,0.0,0.0,0.0,0.0,
2933,2933,Mark Coleman,73.0,205,75.0, Orthodox,1.88,0.52,2.62,0.4,3.89,0.4,0.5,0.8,59.0
2934,2934,Cody Carrillo,70.0,155,,,0.0,0.0,0.0,0.0,0.0,0.0,0.0,0.0,
2935,2935,Mikey Burnett,66.0,170,, Orthodox,0.0,0.0,0.0,0.0,0.0,0.0,0.0,0.0,50.0
2936,2936,Josh Rafferty,72.0,170,74.0, Orthodox,0.6,0.33,3.6,0.5,0.0,0.0,0.0,9.0,43.0
2937,2937,Dorian Price,75.0,170,, Southpaw,0.0,0.0,0.0,0.0,0.0,0.0,0.0,0.0,46.0
2938,2938,Paul Kelly,69.0,155,70.0, Orthodox,3.22,0.37,2.61,0.59,1.34,0.6,0.3,1.5,39.0
2939,2939,Leonardo Damiani,70.0,170,69.0, Orthodox,1.67,0.23,4.17,0.37,0.0,0.0,0.5,0.0,33.0
2940,2940,Marvin Eastman,69.0,185,73.0, Orthodox,2.21,0.35,3.92,0.42,1.38,0.33,0.81,0.0,52.0
2941,2941,Johnny Rees,72.0,170,74.0, Orthodox,3.29,0.64,0.84,0.47,1.15,0.25,0.5,0.0,41.0
2942,2942,Urijah Faber,66.0,135,67.0, Orthodox,2.65,0.4,2.59,0.64,1.54,0.3,0.58,0.8,45.0
2943,2943,Sean Brady,70.0,170,72.0, Orthodox,3.77,0.53,3.55,0.61,3.29,0.57,0.87,1.2,31.0
2944,2944,Wang Guan,69.0,145,71.0, Orthodox,4.73,0.43,3.27,0.6,0.0,0.0,0.0,0.0,38.0
2945,2945,Justin James,70.0,155,72.0, Orthodox,1.34,0.36,2.68,0.5,0.0,0.0,0.5,1.6,47.0
2946,2946,Jason Medina,69.0,180,,,0.0,0.0,0.0,0.0,0.0,0.0,0.0,0.0,
2947,2947,Elias Urbina,75.0,185,77.0, Southpaw,3.85,0.37,6.17,0.5,0.0,0.0,0.0,0.0,30.0
2948,2948,Askar Mozharov,75.0,205,74.0, Orthodox,0.43,0.18,4.07,0.13,0.0,0.0,0.33,0.0,29.0
2949,2949,Scott Carson,74.0,215,74.0,,0.62,0.66,6.22,0.23,0.0,0.0,0.0,0.0,
2950,2950,Zviad Lazishvili,66.0,135,69.0, Orthodox,4.2,0.39,6.13,0.51,0.0,0.0,0.0,0.0,32.0
2951,2951,Kaleio Romero,70.0,145,69.0, Switch,2.6,0.48,3.27,0.5,1.0,0.08,0.0,1.0,28.0
2952,2952,Shane Howell,68.0,125,70.0, Orthodox,1.27,0.32,2.55,0.42,0.0,0.0,0.2,0.0,40.0
2953,2953,Tiffany Masters,63.0,115,65.0, Orthodox,3.53,0.62,2.58,0.5,3.06,0.6,0.0,0.0,29.0
2954,2954,Michael Cora,73.0,170,77.0, Southpaw,0.8,0.28,0.13,0.66,0.0,0.0,0.25,0.0,34.0
2955,2955,Adlan Amagov,74.0,170,76.0, Orthodox,3.29,0.47,0.82,0.78,5.84,0.56,1.0,0.0,37.0
2956,2956,Chad Robichaux,64.0,135,,,0.0,0.0,0.0,0.0,0.0,0.0,0.0,0.0,48.0
2957,2957,Willie Gates,68.0,125,72.0, Orthodox,1.8,0.38,4.28,0.38,0.0,0.0,0.67,0.4,37.0
2958,2958,Marcin Held,69.0,155,71.0, Orthodox,1.41,0.34,2.02,0.47,2.46,0.46,0.37,1.3,32.0
2959,2959,Marcin Bandel,70.0,155,70.0, Orthodox,0.79,0.5,5.26,0.23,0.0,0.0,0.0,0.0,34.0
2960,2960,Chris Brennan,68.0,170,72.0, Orthodox,0.6,0.4,0.97,0.5,0.0,0.0,0.25,2.1,52.0
2961,2961,David Kaplan,67.0,155,68.0, Orthodox,2.88,0.46,4.32,0.67,4.88,0.43,0.0,0.7,44.0
2962,2962,Sean Holden,70.0,170,69.0,,2.4,0.59,0.6,0.59,5.0,0.83,0.0,2.0,39.0
2963,2963,Bryan Caraway,68.0,135,68.0, Orthodox,2.53,0.34,3.61,0.54,2.57,0.25,0.8,0.8,39.0
2964,2964,Bryan Travers,70.0,155,69.0,,2.33,0.48,3.93,0.55,2.0,0.28,0.63,0.0,41.0
2965,2965,Denys Bondar,66.0,125,69.0, Orthodox,4.59,0.5,5.16,0.56,3.99,0.58,0.62,0.0,31.0
2966,2966,Jessica Rakoczy,67.0,115,68.0, Orthodox,2.5,0.44,3.55,0.64,0.75,0.2,0.0,0.8,47.0
2967,2967,Cynthia Calvillo,64.0,115,64.0, Orthodox,4.41,0.38,4.12,0.64,1.8,0.44,0.77,0.8,36.0
2968,2968,Roy Jones,,205,,,0.0,0.0,0.0,0.0,0.0,0.0,0.0,0.0,40.0
2969,2969,Blas Avena,72.0,170,74.0, Orthodox,2.34,0.47,3.36,0.43,2.37,0.8,0.5,1.8,40.0
2970,2970,Kyle Sturgeon,75.0,225,, Switch,0.0,0.0,0.0,0.0,0.0,0.0,0.0,0.0,
2971,2971,Anthony Morrison,67.0,145,69.0, Orthodox,1.7,0.33,0.49,0.8,0.0,0.0,0.5,0.0,40.0
2972,2972,Scott Baker,72.0,210,,,0.0,0.0,0.0,0.0,0.0,0.0,0.0,0.0,
2973,2973,Brad Katona,66.0,135,64.0, Orthodox,4.71,0.49,4.98,0.48,1.5,0.27,0.52,0.0,32.0
2974,2974,Alex Da Silva,68.0,155,73.0, Orthodox,2.14,0.46,2.52,0.56,1.97,0.43,0.76,0.3,28.0
2975,2975,Kevin Jousset,74.0,170,75.0, Orthodox,8.23,0.55,5.1,0.53,1.51,0.66,1.0,0.8,31.0
2976,2976,Mounir Lazzez,73.0,170,76.0, Orthodox,7.49,0.55,5.42,0.53,1.8,0.57,0.71,0.0,36.0
2977,2977,Jenna Castillo,62.0,125,65.0,,3.24,0.56,2.01,0.57,1.68,1.0,1.0,0.0,42.0
2978,2978,Yorgan De Castro,72.0,250,74.0, Orthodox,2.46,0.43,3.85,0.53,0.0,0.0,0.77,0.0,37.0
2979,2979,Joe Doerksen,72.0,185,75.0, Orthodox,1.43,0.42,2.79,0.5,2.02,0.33,0.33,2.3,46.0
2980,2980,Gary Mangat,67.0,135,,,0.0,0.0,0.0,0.0,0.0,0.0,0.0,0.0,
2981,2981,Guido Cannetti,66.0,135,68.0, Southpaw,3.44,0.55,2.84,0.51,2.27,0.55,0.64,0.4,44.0
2982,2982,Kyle Bradley,69.0,155,71.0, Orthodox,1.99,0.4,3.45,0.58,0.65,0.5,0.4,0.0,41.0
2983,2983,Dillon Smith,72.0,170,,,0.0,0.0,0.0,0.0,0.0,0.0,0.0,0.0,
2984,2984,Kristian Rothaermel,72.0,205,73.0, Open Stance,0.75,0.5,2.49,0.41,0.0,0.0,0.0,0.0,52.0
2985,2985,Yuri Panferov,73.0,185,72.0, Orthodox,2.33,0.52,0.91,0.41,0.0,0.0,0.36,0.0,27.0
2986,2986,Dennis Bryant,72.0,205,72.0, Orthodox,10.56,0.59,10.56,0.13,0.0,0.0,0.0,0.0,38.0
2987,2987,Frank Caracci,, --,,,0.0,0.0,0.0,0.0,0.0,0.0,0.0,0.0,
2988,2988,Antonio McKee,68.0,155,72.0, Southpaw,1.37,0.45,0.74,0.74,1.47,0.33,0.57,0.0,54.0
2989,2989,Brandon Polcare,66.0,125,65.0,,0.43,0.5,0.0,0.0,0.0,0.0,0.0,0.0,
2990,2990,Antonio Carlos Junior,74.0,185,79.0, Orthodox,1.95,0.42,2.14,0.52,3.42,0.39,0.53,0.8,34.0
2991,2991,Kyle Bochniak,67.0,145,70.0, Orthodox,2.63,0.31,5.11,0.58,1.14,0.15,0.62,0.0,37.0
2992,2992,Oliver Enkamp,72.0,170,77.0, Switch,2.38,0.36,3.55,0.37,0.87,0.16,0.0,0.0,32.0
2993,2993,Ravena Oliveira,65.0,115,65.0, Orthodox,1.0,0.48,1.2,0.48,2.0,0.66,0.62,0.0,27.0
2994,2994,Rafael Carino,80.0,245,, Orthodox,0.0,0.0,0.0,0.0,0.0,0.0,0.0,0.0,
2995,2995,Baergeng Jieleyisi,69.0,135,70.0, Orthodox,2.53,0.38,3.87,0.45,0.0,0.0,0.0,0.0,28.0
2996,2996,Todd Moore,69.0,170,71.0, Southpaw,1.83,0.26,2.3,0.57,0.78,0.14,0.54,0.0,40.0
2997,2997,Jutaro Nakao,69.0,170,71.0, Southpaw,0.53,0.38,1.06,0.44,0.38,0.5,0.56,0.0,53.0
2998,2998,Bobby Nash,72.0,170,74.0, Orthodox,3.42,0.37,3.95,0.51,2.37,0.33,1.0,1.6,34.0
2999,2999,Cathal Pendred,73.0,170,75.0, Orthodox,2.49,0.44,3.01,0.55,2.46,0.23,0.83,0.4,36.0
3000,3000,Fernando Gonzalez,69.0,170,68.0, Southpaw,4.47,0.47,4.03,0.65,0.86,0.33,0.43,1.4,40.0
3001,3001,Darko Stosic,72.0,205,76.0, Orthodox,2.61,0.45,4.04,0.58,3.42,0.5,0.83,0.0,32.0
3002,3002,John Yoo,,135,,,0.0,0.0,0.0,0.0,0.0,0.0,0.0,0.0,
3003,3003,Keith Rockel,72.0,185,73.0, Orthodox,1.13,0.73,0.21,0.66,4.63,0.75,1.0,4.6,
3004,3004,Mike Stumpf,70.0,170,71.0,,3.34,0.43,8.85,0.47,1.59,0.25,0.33,0.8,37.0
3005,3005,Hugo Cunha,76.0,250,,,0.0,0.0,0.0,0.0,0.0,0.0,0.0,0.0,31.0
3006,3006,Tonya Evinger,67.0,135,70.0, Orthodox,1.16,0.42,4.02,0.38,0.93,0.3,0.33,0.9,42.0
3007,3007,Jin Soo Son,66.0,135,69.0, Orthodox,5.1,0.36,7.63,0.52,1.5,0.25,1.0,0.0,31.0
3008,3008,Cody East,75.0,245,77.0, Orthodox,4.15,0.43,7.32,0.4,3.97,1.0,0.16,0.0,35.0
3009,3009,James Hammortree,75.0,185,77.0, Orthodox,1.93,0.3,4.13,0.44,2.0,0.5,1.0,1.0,40.0
3010,3010,Kin Moy,65.0,135,65.0,,2.3,0.33,1.93,0.62,1.67,0.42,0.5,1.7,
3011,3011,Yves Jabouin,67.0,135,68.0, Orthodox,3.06,0.41,2.93,0.62,1.94,0.6,0.82,0.1,44.0
3012,3012,Krishaun Gilmore,, --,,,0.0,0.0,0.0,0.0,0.0,0.0,0.0,0.0,
3013,3013,Josefine Knutsson,63.0,115,60.0, Orthodox,3.73,0.52,1.33,0.64,2.67,0.72,1.0,0.0,28.0
3014,3014,Jean Francois Lenogue,72.0,185,74.0, Orthodox,1.13,0.34,0.27,0.6,0.0,0.0,0.33,0.0,51.0
3015,3015,Tony Johnson,74.0,205,76.0, Orthodox,4.0,0.92,3.67,0.22,0.0,0.0,0.9,0.0,41.0
3016,3016,Albert Morales,69.0,135,72.0, Orthodox,3.81,0.35,3.96,0.56,0.91,0.35,0.7,0.2,32.0
3017,3017,Mike French,70.0,145,72.0,,0.23,0.23,2.17,0.42,0.0,0.0,0.22,1.0,48.0
3018,3018,Matt Arroyo,70.0,170,72.0, Orthodox,1.62,0.47,2.01,0.58,2.12,0.36,1.0,5.3,41.0
3019,3019,Dustin Ortiz,65.0,125,65.0, Orthodox,2.94,0.44,2.17,0.56,3.01,0.36,0.52,0.1,35.0
3020,3020,Jamall Emmers,70.0,145,74.0, Orthodox,5.3,0.48,4.05,0.57,1.83,0.4,0.9,0.2,34.0
3021,3021,Justin Eilers,73.0,235,75.0, Orthodox,2.86,0.43,5.66,0.49,0.82,0.25,0.5,0.0,45.0
3022,3022,Brock Jardine,71.0,170,73.0, Orthodox,1.06,0.3,3.34,0.56,0.0,0.0,0.14,0.8,38.0
3023,3023,Joao Pierini,73.0,155,73.0, Switch,0.76,0.14,4.56,0.33,0.0,0.0,0.0,0.0,52.0
3024,3024,Karl Reed,75.0,205,78.0, Orthodox,2.04,0.44,3.84,0.38,1.06,0.22,0.53,0.0,35.0
3025,3025,Brandon Sayles,77.0,265,76.0,,0.0,0.0,0.0,0.0,0.0,0.0,0.0,0.0,43.0
3026,3026,Fernando Bruno,66.0,145,71.0,,1.75,0.39,1.78,0.48,2.02,0.22,0.56,0.5,42.0
3027,3027,Joe Taimanglo,64.0,135,65.0,,4.18,0.42,4.55,0.59,5.45,0.4,1.0,1.4,39.0
3028,3028,Aoriqileng,67.0,135,69.0, Orthodox,5.31,0.5,6.03,0.47,1.45,0.46,0.58,0.0,30.0
3029,3029,Fabio Cherant,73.0,205,74.0, Southpaw,1.35,0.4,4.89,0.38,0.0,0.0,0.0,0.0,29.0
3030,3030,Mike Bencic,72.0,215,74.0, Orthodox,0.0,0.0,3.32,0.53,0.0,0.0,0.0,0.0,
3031,3031,Yancy Medeiros,70.0,155,75.0, Orthodox,4.36,0.37,5.67,0.47,0.33,0.5,0.73,0.7,36.0
3032,3032,Aiemann Zahabi,68.0,135,68.0, Orthodox,3.43,0.43,3.61,0.71,0.2,0.16,0.79,0.0,36.0
3033,3033,Allan Begosso,65.0,135,66.0, Orthodox,1.8,0.4,7.73,0.34,0.0,0.0,0.25,2.0,28.0
3034,3034,Joe Pardo,73.0,210,, Southpaw,0.0,0.0,0.0,0.0,0.0,0.0,0.0,0.0,
3035,3035,Shannon Ross,66.0,125,66.0, Switch,5.96,0.39,7.39,0.55,0.0,0.0,1.0,0.0,35.0
3036,3036,Bibulatov Magomed,65.0,125,65.0, Orthodox,3.6,0.51,1.83,0.52,2.85,0.4,0.75,0.0,35.0
3037,3037,Ramiro Hernandez,69.0,135,70.0, Orthodox,2.72,0.28,5.51,0.64,0.0,0.0,0.0,0.0,37.0
3038,3038,Ariane Carnelossi,62.0,115,61.0, Orthodox,2.87,0.39,4.74,0.45,1.37,0.55,0.14,0.3,31.0
3039,3039,Ivan Jorge,69.0,155,73.0, Orthodox,3.41,0.49,2.91,0.59,1.56,0.16,0.75,0.6,43.0
3040,3040,Jeremiah Metcalf,73.0,185,74.0, Orthodox,1.74,0.59,0.27,0.6,4.02,0.66,1.0,2.0,
3041,3041,Marcos Galvao,67.0,135,65.0, Orthodox,1.97,0.32,3.86,0.61,2.27,0.28,0.88,1.1,42.0
3042,3042,John Paul Elias,76.0,205,,,0.0,0.0,0.0,0.0,0.0,0.0,0.0,0.0,
3043,3043,Andre Gusmao,72.0,205,76.0, Orthodox,2.79,0.43,3.28,0.6,0.0,0.0,0.6,0.0,47.0
3044,3044,Darrill Schoonover,74.0,220,82.0, Orthodox,1.2,0.33,4.35,0.38,0.0,0.0,0.5,1.1,38.0
3045,3045,Elias Theodorou,73.0,185,75.0, Orthodox,4.19,0.42,2.39,0.53,1.27,0.28,0.59,0.0,35.0
3046,3046,Milton Vieira,72.0,145,72.0, Orthodox,1.13,0.35,2.36,0.48,2.67,0.53,0.12,0.7,45.0
3047,3047,Walt Harris,77.0,250,77.0, Southpaw,3.05,0.39,3.33,0.54,0.29,0.28,0.7,0.1,40.0
3048,3048,Joselyne Edwards,68.0,135,70.0, Orthodox,4.71,0.52,3.36,0.5,1.0,0.33,0.64,0.3,28.0
3049,3049,Andy Ogle,68.0,145,69.0, Orthodox,2.24,0.44,2.23,0.5,1.44,0.26,0.58,0.0,35.0
3050,3050,Ronda Rousey,67.0,135,66.0, Orthodox,4.17,0.52,4.14,0.44,6.26,0.68,0.5,4.8,37.0
3051,3051,Christian Ocon,68.0,135,69.0, Orthodox,1.73,0.53,5.27,0.34,0.0,0.0,0.63,0.0,28.0
3052,3052,Anthony Rocco Martin,72.0,170,73.0, Orthodox,2.68,0.37,2.59,0.58,0.71,0.27,0.68,1.0,34.0
3053,3053,Joe Camacho,69.0,155,70.0, Orthodox,0.31,0.17,5.0,0.42,0.0,0.0,0.0,0.0,52.0
3054,3054,Tatsuya Saika,72.0,155,73.0, Orthodox,0.0,0.0,0.0,0.0,0.0,0.0,0.0,0.0,33.0
3055,3055,Cameron Rowston,,185,,,0.0,0.0,0.0,0.0,0.0,0.0,0.0,0.0,29.0
3056,3056,Edmen Shahbazyan,74.0,185,75.0, Orthodox,3.6,0.52,4.09,0.45,2.24,0.38,0.63,0.6,26.0
3057,3057,Marcelo Brito,73.0,170,71.0, Orthodox,0.6,0.2,3.53,0.55,0.0,0.0,0.5,0.0,46.0
3058,3058,Hiromitsu Kanehara,70.0,200,73.0, Orthodox,0.76,0.22,4.39,0.4,0.0,0.0,0.4,0.4,53.0
3059,3059,Marvin Maldonado,66.0,135,68.0,,0.87,0.56,3.47,0.43,0.0,0.0,0.2,0.0,
3060,3060,Nikolas Motta,69.0,155,70.0, Orthodox,3.08,0.33,4.78,0.51,0.0,0.0,0.82,0.0,31.0
3061,3061,Dominick Cruz,68.0,135,68.0, Orthodox,3.91,0.33,2.61,0.7,2.82,0.42,0.83,0.1,39.0
3062,3062,Alex Hunter,69.0,226,, Orthodox,0.0,0.0,0.0,0.0,0.0,0.0,0.0,0.0,
3063,3063,Ken Cross,72.0,155,72.0, Southpaw,2.2,0.57,1.4,0.55,1.0,0.12,0.66,0.0,29.0
3064,3064,Ivana Petrovic,68.0,125,70.0, Southpaw,2.19,0.42,2.45,0.53,2.83,0.5,0.6,1.7,29.0
3065,3065,Herbert Burns,69.0,145,73.0, Orthodox,1.73,0.4,4.6,0.41,3.0,0.42,0.66,2.5,36.0
3066,3066,Rafa Garcia,67.0,155,70.0, Orthodox,4.19,0.42,4.21,0.61,3.61,0.44,0.79,0.3,29.0
3067,3067,Kyung Ho Kang,69.0,135,73.0, Orthodox,3.35,0.48,3.33,0.55,1.87,0.57,0.68,0.8,36.0
3068,3068,Anderson Dos Santos,65.0,135,70.0, Orthodox,2.7,0.25,5.37,0.49,0.98,0.14,0.66,0.7,38.0
3069,3069,Josh Epps,,130,,,0.0,0.0,0.0,0.0,0.0,0.0,0.0,0.0,37.0
3070,3070,John Howard,67.0,170,72.0, Orthodox,2.15,0.5,3.08,0.51,2.7,0.49,0.53,0.4,41.0
3071,3071,Aaron Simpson,72.0,170,73.0, Orthodox,3.6,0.52,2.53,0.56,3.78,0.34,0.83,0.5,49.0
3072,3072,Karl Amoussou,71.0,185,70.0, Orthodox,1.47,0.34,2.67,0.54,0.0,0.0,0.25,1.0,38.0
3073,3073,Alatengheili,65.0,135,66.0, Orthodox,2.64,0.32,4.67,0.57,1.99,0.45,0.75,0.0,32.0
3074,3074,Emilio Cuellar,,125,,,0.0,0.0,0.0,0.0,0.0,0.0,0.0,0.0,
3075,3075,Mostapha Al-Turk,74.0,245,77.0, Orthodox,1.36,0.19,3.61,0.53,0.0,0.0,0.0,0.0,50.0
3076,3076,David Velasquez,65.0,145,, Orthodox,0.0,0.0,0.0,0.0,0.0,0.0,0.0,0.0,
3077,3077,Mario Bautista,69.0,135,69.0, Switch,5.69,0.48,3.99,0.53,2.25,0.44,0.66,1.0,30.0
3078,3078,Mads Burnell,68.0,145,69.0, Orthodox,1.28,0.41,2.71,0.51,3.45,0.47,0.22,0.4,30.0
3079,3079,Marc Diakiese,70.0,155,73.0, Orthodox,2.54,0.4,2.64,0.52,3.29,0.43,0.66,0.0,31.0
3080,3080,Adam Schindler,68.0,155,,,0.0,0.0,0.0,0.0,0.0,0.0,0.0,0.0,41.0
3081,3081,David Zawada,72.0,170,75.0, Orthodox,3.84,0.41,4.54,0.55,0.97,0.33,0.57,1.7,33.0
3082,3082,Charles McTorry,, --,,,0.0,0.0,0.0,0.0,0.0,0.0,0.0,0.0,
3083,3083,Glover Teixeira,74.0,205,76.0, Orthodox,3.73,0.49,4.43,0.51,2.11,0.33,0.6,0.9,44.0
3084,3084,Jon Delos Reyes,66.0,125,67.0, Orthodox,2.99,0.38,4.14,0.51,3.2,0.83,0.55,1.9,36.0
3085,3085,Kasey Tanner,67.0,135,69.0, Orthodox,6.6,0.5,6.67,0.63,2.0,0.33,0.0,0.0,32.0
3086,3086,Antonio Arroyo,75.0,185,73.0, Orthodox,2.82,0.66,2.02,0.5,1.14,0.41,0.41,0.2,34.0
3087,3087,Dominique Steele,70.0,170,74.0, Orthodox,2.32,0.49,2.42,0.5,2.95,0.42,0.76,0.0,36.0
3088,3088,Dong Sik Yoon,72.0,185,74.0, Orthodox,0.99,0.36,2.33,0.51,1.6,0.29,0.33,1.3,51.0
3089,3089,Patricky Freire,67.0,155,71.0,,3.06,0.44,3.34,0.69,1.26,0.33,1.0,0.0,37.0
3090,3090,Sean Pierson,72.0,170,76.0, Southpaw,3.84,0.39,3.73,0.64,0.39,0.18,0.66,0.4,48.0
3091,3091,Gilles Arsene,69.0,190,73.0, Southpaw,0.06,0.1,2.45,0.32,0.0,0.0,0.0,0.0,
3092,3092,Chan Sung Jung,67.0,145,72.0, Orthodox,3.93,0.41,4.52,0.52,0.7,0.44,0.72,0.6,37.0
3093,3093,Loma Lookboonmee,61.0,115,61.0, Orthodox,4.1,0.57,2.48,0.53,1.9,0.5,0.72,0.1,28.0
3094,3094,Ramona Pascual,67.0,135,66.0, Southpaw,3.87,0.57,8.43,0.46,1.81,0.19,1.0,0.0,35.0
3095,3095,Noad Lahat,69.0,145,69.0, Orthodox,2.79,0.46,1.47,0.63,2.37,0.26,0.16,2.4,39.0
3096,3096,Charles McCarthy,70.0,185,71.0, Orthodox,0.18,0.12,4.03,0.56,2.67,0.6,0.0,2.7,43.0
3097,3097,Brad Pickett,66.0,135,68.0, Orthodox,3.02,0.31,4.63,0.55,2.47,0.44,0.58,0.4,45.0
3098,3098,Charles Johnson,69.0,125,70.0, Switch,4.48,0.52,3.16,0.59,0.41,0.23,0.67,0.6,33.0
3099,3099,Jeremy Malaterre,71.0,155,,,0.0,0.0,0.0,0.0,0.0,0.0,0.0,0.0,
3100,3100,Kristof Midoux,73.0,220,74.0, Orthodox,0.7,0.43,2.89,0.49,0.0,0.0,0.0,0.0,49.0
3101,3101,Vitor Petrino,74.0,205,77.0, Orthodox,2.82,0.45,2.58,0.45,3.98,0.66,0.71,0.8,26.0
3102,3102,Brandon Visher,66.0,135,68.0, Orthodox,2.55,0.45,3.76,0.42,0.67,0.2,0.0,0.0,40.0
3103,3103,Yokthai Sithoar,67.0,143,,,0.0,0.0,0.0,0.0,0.0,0.0,0.0,0.0,49.0
3104,3104,Mike Dolce,71.0,185,,,0.0,0.0,0.0,0.0,0.0,0.0,0.0,0.0,48.0
3105,3105,Andre Walker,71.0,205,82.0, Southpaw,2.28,0.31,4.36,0.34,0.0,0.0,0.0,0.0,
3106,3106,Reese Andy,72.0,205,73.0, Orthodox,2.87,0.5,3.5,0.58,0.67,0.2,0.4,0.0,51.0
3107,3107,Eun Soo Lee,73.0,215,74.0, Orthodox,0.0,0.0,3.05,0.6,0.0,0.0,0.5,0.0,42.0
3108,3108,Mario Sousa,75.0,185,79.0, Orthodox,2.82,0.5,2.99,0.28,0.52,0.25,0.37,0.5,27.0
3109,3109,Rich Attonito,70.0,170,72.0, Orthodox,2.28,0.47,2.13,0.59,0.74,0.37,0.75,0.0,46.0
3110,3110,Matt Horwich,73.0,185,71.0, Orthodox,1.11,0.62,2.16,0.38,0.33,0.09,0.28,2.7,45.0
3111,3111,Kevin Lee,69.0,170,77.0, Orthodox,3.88,0.42,3.6,0.5,3.18,0.43,0.75,0.8,31.0
3112,3112,Khalid Murtazaliev,72.0,185,76.0, Orthodox,4.8,0.69,0.4,0.78,7.5,1.0,0.33,0.0,30.0
3113,3113,Scott Ventimiglia,71.0,185,,,0.0,0.0,0.0,0.0,0.0,0.0,0.0,0.0,51.0
3114,3114,James Wallace,70.0,155,69.0, Orthodox,0.52,0.28,3.41,0.35,0.0,0.0,0.0,0.0,31.0
3115,3115,Gabriel Miglioli,68.0,170,,,0.0,0.0,0.0,0.0,0.0,0.0,0.0,0.0,
3116,3116,Scott Holtzman,69.0,155,69.0, Orthodox,4.32,0.47,3.66,0.55,1.88,0.56,0.67,0.2,40.0
3117,3117,Austin Lingo,70.0,145,70.0, Orthodox,3.86,0.37,4.86,0.57,0.43,0.66,0.75,0.0,29.0
3118,3118,Sean Daugherty,72.0,175,,,0.0,0.0,0.0,0.0,0.0,0.0,0.0,0.0,48.0
3119,3119,Ian Butler,68.0,155,73.0,,2.09,0.14,6.69,0.36,0.0,0.0,0.5,0.0,
3120,3120,Matt Lucas,73.0,205,73.0,,1.27,0.48,3.93,0.4,1.0,0.1,0.0,0.0,
3121,3121,Tristan Arenal,,155,,,0.0,0.0,0.0,0.0,0.0,0.0,0.0,0.0,
3122,3122,John Salter,73.0,185,74.0, Southpaw,1.68,0.32,1.68,0.68,2.85,0.46,0.66,0.5,39.0
3123,3123,Salvador Woods,71.0,170,,,0.0,0.0,0.0,0.0,0.0,0.0,0.0,0.0,39.0
3124,3124,Danny Barlow,74.0,170,79.0, Southpaw,8.8,0.52,3.65,0.57,0.0,0.0,1.0,0.0,28.0
3125,3125,Falaniko Vitale,70.0,185,72.0, Orthodox,1.88,0.49,3.68,0.47,0.72,0.33,0.86,0.0,49.0
3126,3126,Otar Tanzilov,,135,,,0.0,0.0,0.0,0.0,0.0,0.0,0.0,0.0,26.0
3127,3127,Silvana Gomez Juarez,63.0,115,65.0, Orthodox,4.26,0.32,4.04,0.61,0.0,0.0,0.3,0.0,39.0
3128,3128,Raphael Pessoa,75.0,262,78.0, Orthodox,2.16,0.26,3.43,0.42,0.0,0.0,1.0,0.0,35.0
3129,3129,Jonathan Martinez,68.0,135,70.0, Southpaw,4.54,0.49,3.87,0.57,0.41,0.35,0.68,0.1,30.0
3130,3130,Collin Huckbody,75.0,185,76.0, Orthodox,2.05,0.6,2.73,0.42,10.23,1.0,0.0,20.4,29.0
3131,3131,Brad Morris,74.0,205,74.0, Orthodox,0.5,0.62,6.95,0.27,0.0,0.0,0.0,0.0,44.0
3132,3132,Takafumi Otsuka,66.0,139,68.0, Orthodox,1.29,0.27,2.12,0.67,1.64,0.27,0.65,0.0,
3133,3133,Jarjis Danho,75.0,265,74.0, Orthodox,3.38,0.5,5.25,0.49,0.51,0.16,1.0,0.0,40.0
3134,3134,Ryan MacDonald,71.0,135,71.0, Switch,2.28,0.29,6.49,0.45,0.0,0.0,0.0,0.0,31.0
3135,3135,Chalid Arrab,71.0,205,73.0, Orthodox,1.56,0.34,1.63,0.56,3.05,0.75,0.37,1.0,48.0
3136,3136,Travis Johnson,,205,,,0.0,0.0,0.0,0.0,0.0,0.0,0.0,0.0,
3137,3137,Shamil Gamzatov,74.0,205,76.0, Orthodox,5.35,0.48,3.46,0.51,0.0,0.0,0.5,0.0,33.0
3138,3138,Philip Preece,68.0,205,70.0, Orthodox,0.8,0.72,0.7,0.63,0.0,0.0,0.0,0.0,
3139,3139,Steven Peterson,70.0,145,70.0, Orthodox,4.76,0.4,5.94,0.53,1.42,0.26,0.64,0.7,33.0
3140,3140,Yoshihisa Yamamoto,74.0,220,75.0, Southpaw,1.65,0.38,3.05,0.53,1.0,0.2,0.5,0.6,53.0
3141,3141,Amador Ramirez,72.0,135,72.0,,4.93,0.51,2.07,0.69,1.0,0.33,0.0,0.0,33.0
3142,3142,Raymond Daniels,74.0,185,75.0, Southpaw,0.0,0.0,2.61,0.38,0.0,0.0,0.33,3.0,
3143,3143,Matt Foki,67.0,220,68.0, Orthodox,0.0,0.0,3.37,0.56,0.0,0.0,0.0,0.0,
3144,3144,Chris Manuel,69.0,135,69.0, Orthodox,2.53,0.4,2.67,0.66,1.0,0.2,1.0,0.0,36.0
3145,3145,Trevor Prangley,73.0,185,75.0, Orthodox,2.59,0.6,2.02,0.48,3.38,0.55,0.74,1.0,51.0
3146,3146,Fabio Aguiar,72.0,185,,,0.0,0.0,0.0,0.0,0.0,0.0,0.0,0.0,36.0
3147,3147,Ryan Keenan,70.0,170,,,0.0,0.0,0.0,0.0,0.0,0.0,0.0,0.0,38.0
3148,3148,Matt Ramirez,65.0,125,63.0,,3.03,0.5,0.67,0.75,2.53,0.16,1.0,0.0,
3149,3149,JR Coughran,66.0,145,71.0, Orthodox,12.29,0.57,6.8,0.45,0.0,0.0,0.75,0.0,30.0
3150,3150,Steve Mensing,71.0,185,73.0, Orthodox,0.0,0.0,9.51,0.42,0.0,0.0,0.0,0.0,46.0
3151,3151,Jonny Parsons,69.0,170,69.0, Orthodox,4.65,0.44,4.89,0.6,0.0,0.0,0.66,0.0,32.0
3152,3152,Eperaim Ginting,64.0,135,64.0, Orthodox,0.0,0.0,0.0,1.0,15.52,1.0,0.0,0.0,28.0
3153,3153,Joe Jordan,66.0,155,67.0, Orthodox,1.85,0.25,4.27,0.59,0.0,0.0,0.66,0.0,45.0
3154,3154,Dusko Todorovic,73.0,185,74.0, Orthodox,5.54,0.57,4.55,0.46,0.96,0.12,0.45,0.0,30.0
3155,3155,Kengo Ura,69.0,165,71.0,,1.05,0.37,2.38,0.48,2.85,0.28,0.5,1.4,42.0
3156,3156,Yizha,67.0,145,71.0, Orthodox,2.82,0.44,2.2,0.54,4.55,0.32,0.59,1.4,27.0
3157,3157,Besam Yousef,71.0,170,72.0, Orthodox,3.14,0.53,3.98,0.38,1.33,0.66,0.5,0.0,39.0
3158,3158,Lucas Stark,66.0,155,67.0,,1.6,0.25,3.2,0.66,12.0,1.0,0.0,0.0,
3159,3159,Fabricio Camoes,70.0,155,71.0, Orthodox,1.29,0.33,1.85,0.61,2.34,0.32,0.2,1.5,45.0
3160,3160,Brad Gumm,71.0,170,, Orthodox,0.0,0.0,0.0,0.0,0.0,0.0,0.0,0.0,
3161,3161,Moti Horenstein,76.0,230,, Orthodox,0.0,0.0,0.0,0.0,0.0,0.0,0.0,0.0,
3162,3162,Kazuyuki Fujita,72.0,235,73.0, Orthodox,1.05,0.49,1.99,0.52,2.78,0.36,0.85,0.6,53.0
3163,3163,Jimmy Lawson,72.0,265,77.0, Orthodox,0.07,0.08,1.6,0.44,0.0,0.0,0.0,0.0,32.0
3164,3164,Chris Drumm,68.0,145,,,0.0,0.0,0.0,0.0,0.0,0.0,0.0,0.0,
3165,3165,Montel Jackson,70.0,135,75.0, Southpaw,3.36,0.53,1.41,0.64,3.42,0.71,0.69,0.3,32.0
3166,3166,Caolan Loughran,66.0,135,68.0, Orthodox,6.27,0.47,5.73,0.56,2.5,0.33,0.0,0.0,28.0
3167,3167,Aaron Miller,69.0,145,,,0.0,0.0,0.0,0.0,0.0,0.0,0.0,0.0,
3168,3168,Tanner Boser,74.0,205,75.0, Orthodox,4.7,0.52,2.75,0.58,0.0,0.0,0.63,0.0,32.0
3169,3169,Makoto Takimoto,67.0,205,69.0, Southpaw,1.37,0.39,1.71,0.55,1.48,0.5,0.25,1.1,44.0
3170,3170,Daiju Takase,72.0,170,73.0, Southpaw,0.49,0.3,1.64,0.47,0.84,0.17,0.21,1.2,46.0
3171,3171,Bobby McAndrews,70.0, --,72.0, Orthodox,2.56,0.83,1.03,0.5,0.0,0.0,0.33,7.7,
3172,3172,Ricky Calatayud,69.0,125,,,0.0,0.0,0.0,0.0,0.0,0.0,0.0,0.0,41.0
3173,3173,Ariane da Silva,66.0,125,67.0, Orthodox,4.1,0.41,3.96,0.53,0.56,0.55,0.71,0.3,30.0
3174,3174,Seth Petruzelli,72.0,205,76.0, Orthodox,2.17,0.41,2.08,0.55,0.46,0.5,0.47,2.3,44.0
3175,3175,Erisson Ferreira,66.0,125,70.0, Orthodox,1.75,0.32,2.75,0.56,1.11,1.0,0.66,1.7,33.0
3176,3176,Joe Giannetti,72.0,155,74.0, Southpaw,1.93,0.38,2.8,0.4,1.0,0.16,0.0,0.0,28.0
3177,3177,Michael Lerma,, --,,,0.0,0.0,6.47,0.45,0.0,0.0,0.0,0.0,
3178,3178,Anthony Ivy,74.0,185,74.0, Orthodox,2.5,0.42,4.57,0.51,4.69,0.2,1.0,0.0,34.0
3179,3179,Mike Brown,66.0,145,70.0, Orthodox,2.98,0.44,2.45,0.6,3.23,0.4,0.66,0.6,48.0
3180,3180,Kelly Dullanty,68.0,155,, Orthodox,0.0,0.0,0.67,0.75,0.0,0.0,0.66,0.0,46.0
3181,3181,Ryan McGivern,72.0,185,74.0, Orthodox,2.22,0.29,2.22,0.57,0.0,0.0,0.0,0.0,44.0
3182,3182,Gustavo Lopez,65.0,135,67.0, Orthodox,2.48,0.4,3.87,0.57,1.74,0.41,0.31,0.7,34.0
3183,3183,Darrell Horcher,70.0,155,70.0, Southpaw,2.05,0.44,4.21,0.39,0.35,0.5,0.47,0.7,36.0
3184,3184,Jon Fitch,72.0,170,74.0, Orthodox,2.61,0.5,1.65,0.54,3.6,0.51,0.56,0.8,46.0
3185,3185,Tracy Cortez,65.0,125,65.0, Orthodox,4.11,0.53,2.79,0.6,2.33,0.46,0.75,0.3,30.0
3186,3186,Phil Baroni,69.0,170,72.0, Orthodox,2.77,0.45,3.93,0.4,1.46,0.47,0.6,0.5,48.0
3187,3187,Jan Nortje,73.0,310,84.0, Southpaw,3.32,0.51,4.5,0.32,0.0,0.0,0.66,2.9,49.0
3188,3188,Carina Damm,64.0,135,,,0.0,0.0,0.0,0.0,0.0,0.0,0.0,0.0,
3189,3189,Mitch Gagnon,65.0,135,65.0, Southpaw,2.76,0.46,2.21,0.61,1.16,0.25,0.65,1.9,39.0
3190,3190,Kyle Dietz,68.0,135,70.0, Orthodox,1.82,0.45,2.08,0.62,0.0,0.0,0.0,0.0,38.0
3191,3191,Chris Mickle,69.0,145,71.0, Orthodox,3.03,0.27,9.7,0.48,0.0,0.0,0.0,0.0,40.0
3192,3192,Anthony Taylor,67.0,145,,,0.0,0.0,0.0,0.0,0.0,0.0,0.0,0.0,
3193,3193,Julie Kedzie,65.0,135,65.0, Orthodox,2.9,0.36,3.18,0.46,1.14,0.23,0.78,0.0,43.0
3194,3194,Roman Bogatov,68.0,155,73.0, Orthodox,3.33,0.42,4.4,0.44,1.0,0.09,0.5,0.0,33.0
3195,3195,Manon Fiorot,67.0,125,65.0, Orthodox,6.26,0.41,3.77,0.68,1.17,0.42,0.93,0.0,34.0
3196,3196,Henry Martinez,67.0,155,69.0, Southpaw,2.79,0.25,4.01,0.6,0.0,0.0,0.8,0.0,40.0
3197,3197,John Dodson,63.0,135,66.0, Orthodox,3.2,0.4,3.58,0.61,0.71,0.28,0.82,0.0,39.0
3198,3198,Mike Easton,66.0,135,70.0, Southpaw,3.51,0.37,4.28,0.61,0.75,0.22,0.66,0.0,40.0
3199,3199,Bojan Velickovic,72.0,170,76.0, Southpaw,2.18,0.34,2.31,0.57,0.67,0.25,0.55,0.5,35.0
3200,3200,Fabio Silva,71.0,205,73.0, Orthodox,0.09,0.11,5.9,0.38,0.0,0.0,0.0,0.0,42.0
3201,3201,Jeremiah Labiano,70.0,135,,,0.0,0.0,0.0,0.0,0.0,0.0,0.0,0.0,
3202,3202,Marcio Alexandre Junior,72.0,185,75.0, Southpaw,1.61,0.45,2.89,0.42,0.35,0.2,0.66,0.7,35.0
3203,3203,Parker Porter,72.0,265,75.0, Orthodox,6.55,0.5,6.32,0.51,1.35,0.26,0.66,0.5,39.0
3204,3204,Josh Ferguson,65.0,125,66.0, Orthodox,2.13,0.43,4.18,0.32,0.59,0.11,0.54,0.0,36.0
3205,3205,Jimy Hettes,69.0,145,71.0, Southpaw,3.47,0.57,3.5,0.57,5.2,0.44,0.61,1.4,36.0
3206,3206,Paul Ruiz,66.0,135,68.0,,1.4,0.33,1.4,0.75,0.0,0.0,1.0,20.9,36.0
3207,3207,Sim Kai Xiong,65.0,125,66.0, Orthodox,3.19,0.63,4.56,0.47,6.84,0.28,0.0,0.0,26.0
3208,3208,David Barrios,66.0,145,,,0.0,0.0,0.0,0.0,0.0,0.0,0.0,0.0,
3209,3209,Jimmy Ambriz,74.0,315,75.0, Southpaw,0.83,0.29,3.76,0.4,3.13,0.57,1.0,0.8,54.0
3210,3210,James Vick,75.0,155,76.0, Orthodox,4.13,0.39,3.31,0.6,0.26,0.33,0.57,0.7,37.0
3211,3211,Murilo Rua,71.0,185,74.0, Orthodox,2.48,0.45,1.85,0.53,1.97,0.45,0.37,1.2,44.0
3212,3212,John Halverson,69.0,155,71.0, Southpaw,2.94,0.43,5.29,0.47,0.0,0.0,0.66,2.0,51.0
3213,3213,Kali Robbins,63.0,115,63.0, Orthodox,3.73,0.46,9.4,0.44,2.0,0.33,0.0,0.0,39.0
3214,3214,Charalampos Grigoriou,67.0,135,67.0, Orthodox,2.13,0.4,5.56,0.46,3.75,0.8,1.0,0.0,32.0
3215,3215,Imani Lee,77.0, --,77.0, Orthodox,0.0,0.0,0.94,0.33,0.0,0.0,0.0,0.0,
3216,3216,Charlie Ward,71.0,170,73.0, Orthodox,1.64,0.19,7.21,0.53,0.0,0.0,0.0,0.0,43.0
3217,3217,Khaos Williams,72.0,170,77.0, Orthodox,5.81,0.39,5.42,0.42,0.0,0.0,0.8,0.0,30.0
3218,3218,Chris Herrera,70.0,185,70.0,,2.04,0.37,3.35,0.48,1.8,1.0,1.0,0.0,
3219,3219,Russell Doane,67.0,135,70.0, Orthodox,1.75,0.4,1.68,0.53,2.11,0.45,0.52,0.8,37.0
3220,3220,Antonio Jones,71.0,185,74.0, Orthodox,7.5,0.55,30.0,0.42,0.0,0.0,0.0,0.0,39.0
3221,3221,Thanh Le,69.0,145,74.0, Orthodox,1.97,0.4,1.82,0.7,0.0,0.0,1.0,0.0,38.0
3222,3222,Dean Barry,70.0,170,72.0, Orthodox,9.31,0.4,4.66,0.51,0.0,0.0,1.0,0.0,31.0
3223,3223,Stipe Miocic,76.0,240,80.0, Orthodox,4.82,0.53,3.82,0.54,1.86,0.34,0.68,0.0,41.0
3224,3224,Lucrezia Ria,66.0,125,67.0, Orthodox,4.07,0.46,4.4,0.45,1.0,0.33,0.0,0.0,31.0
3225,3225,Zach Underwood,74.0,185,,,0.0,0.0,0.0,0.0,0.0,0.0,0.0,0.0,
3226,3226,Helio Dipp,77.0,185,78.0, Orthodox,0.6,0.25,1.8,0.62,0.0,0.0,0.5,0.0,
3227,3227,Jan Finney,68.0,135,65.0, Orthodox,2.16,0.28,8.75,0.42,0.77,0.11,0.25,0.0,
3228,3228,Joe Hernandez,, --,,,0.0,0.0,0.0,0.0,0.0,0.0,0.0,0.0,
3229,3229,Jay Bogan,,145,,,0.0,0.0,0.0,0.0,0.0,0.0,0.0,0.0,
3230,3230,Dan Hooker,72.0,155,75.0, Switch,5.08,0.48,4.76,0.51,0.79,0.34,0.8,0.4,34.0
3231,3231,Cory Devela,60.0,185,77.0, Orthodox,4.07,0.41,4.0,0.47,1.07,0.12,0.62,0.0,
3232,3232,Corey Anderson,75.0,205,79.0, Orthodox,4.43,0.46,2.22,0.59,4.89,0.5,0.83,0.0,34.0
3233,3233,Nasrat Haqparast,70.0,155,72.0, Southpaw,5.78,0.44,5.25,0.64,0.31,0.2,0.78,0.0,28.0
3234,3234,Rex Richards,77.0,265,78.0,,17.65,0.58,5.29,0.72,0.0,0.0,0.0,0.0,
3235,3235,Ivan Serati,72.0,205,73.0, Orthodox,0.86,0.26,5.33,0.29,0.0,0.0,0.0,0.0,
3236,3236,Claudio Puelles,70.0,155,72.0, Southpaw,1.56,0.49,2.78,0.46,3.17,0.36,0.6,1.2,28.0
3237,3237,John Dave Almanza,67.0,125,67.0, Southpaw,0.0,0.0,0.0,0.0,0.0,0.0,0.0,0.0,20.0
3238,3238,Tereza Bleda,69.0,125,71.0, Orthodox,3.02,0.53,1.86,0.46,1.81,0.27,0.83,0.7,22.0
3239,3239,Chris Padilla,69.0,155,74.0, Orthodox,2.64,0.46,4.18,0.52,9.89,1.0,0.0,3.3,28.0
3240,3240,Dooho Choi,70.0,145,70.0, Orthodox,4.74,0.53,4.91,0.54,0.29,0.2,0.5,0.0,33.0
3241,3241,Joanne Wood,66.0,125,65.0, Orthodox,7.1,0.51,4.89,0.51,1.52,0.55,0.58,0.3,38.0
3242,3242,Daijiro Matsui,69.0,200,71.0, Orthodox,0.84,0.45,1.69,0.55,1.83,0.3,0.43,0.4,51.0
3243,3243,Caio Bittencourt,72.0,185,75.0, Orthodox,0.29,0.16,0.57,0.33,0.0,0.0,0.0,0.0,33.0
3244,3244,Gerald Harris,71.0,185,77.0, Southpaw,1.41,0.29,1.58,0.62,2.96,0.54,0.72,0.0,44.0
3245,3245,Jorge Lopez,70.0,170,72.0, Orthodox,2.47,0.59,2.57,0.5,3.5,0.41,0.81,0.0,35.0
3246,3246,Zachary Borrego,74.0,185,78.0, Switch,0.0,0.0,1.94,0.33,0.0,0.0,0.0,0.0,27.0
3247,3247,Todd Brown,71.0,205,74.0, Orthodox,2.15,0.45,3.85,0.48,0.0,0.0,0.5,0.0,47.0
3248,3248,Paulo Thiago,71.0,170,74.0, Orthodox,1.71,0.39,1.99,0.63,1.42,0.31,0.63,1.2,43.0
3249,3249,Ryo Kawamura,71.0,205,73.0, Orthodox,0.6,0.16,3.93,0.39,0.0,0.0,0.06,0.0,42.0
3250,3250,Dave Berry,, --,,,0.0,0.0,0.0,0.0,0.0,0.0,0.0,0.0,
3251,3251,Adrian Serrano,68.0,170,,,0.0,0.0,0.0,0.0,0.0,0.0,0.0,0.0,60.0
3252,3252,AJ Cunningham,70.0,155,71.0, Orthodox,7.66,0.29,11.9,0.48,0.0,0.0,0.33,0.0,29.0
3253,3253,Damir Hadzovic,69.0,155,70.0, Orthodox,3.36,0.48,3.26,0.62,0.78,0.55,0.34,0.2,37.0
3254,3254,Lee Gibson,67.0,155,,,0.0,0.0,0.0,0.0,0.0,0.0,0.0,0.0,
3255,3255,Fiona Muxlow,64.0,145,66.0,,1.44,0.27,5.45,0.34,0.0,0.0,0.0,0.0,47.0
3256,3256,Melissa Gatto,65.0,135,69.0, Orthodox,3.78,0.49,2.84,0.54,1.47,0.28,0.63,0.5,28.0
3257,3257,Gisele Moreira,66.0,135,69.0, Orthodox,5.93,0.42,6.33,0.48,4.0,0.57,0.0,0.0,43.0
3258,3258,Edwin Figueroa,67.0,135,69.0, Orthodox,2.57,0.39,3.06,0.51,0.2,1.0,0.37,0.6,39.0
3259,3259,Todd Lally,67.0,145,, Orthodox,0.0,0.0,0.0,0.0,0.0,0.0,0.0,0.0,
3260,3260,Hernani Perpetuo,72.0,170,74.0, Orthodox,2.73,0.29,4.37,0.55,0.0,0.0,0.37,0.5,39.0
3261,3261,Jordan Rinaldi,70.0,145,72.0, Orthodox,1.56,0.35,2.32,0.59,1.45,0.35,0.2,1.2,36.0
3262,3262,Yoshihiro Takayama,77.0,280,79.0, Orthodox,3.4,0.54,5.69,0.29,0.67,0.33,0.55,0.0,55.0
3263,3263,Anying Wang,72.0,170,74.0, Orthodox,1.32,0.26,1.63,0.44,0.0,0.0,0.33,0.0,33.0
3264,3264,John Dixson,72.0,275,, Orthodox,0.0,0.0,0.0,0.0,0.0,0.0,0.0,0.0,
3265,3265,Mandy Bohm,67.0,125,71.0, Orthodox,2.51,0.45,3.24,0.6,0.72,0.18,0.75,0.7,34.0
3266,3266,Chad Hanekom,76.0,185,74.0, Orthodox,0.73,0.47,1.47,0.33,0.0,0.0,0.71,1.0,34.0
3267,3267,Kailan Hill,73.0,185,77.0, Southpaw,2.6,0.53,4.8,0.37,3.0,0.42,0.0,0.0,29.0
3268,3268,Abongo Humphrey,71.0,205,75.0, Orthodox,1.45,0.4,3.83,0.46,1.41,0.37,0.33,3.8,
3269,3269,Arthur Lopes,,265,,,0.0,0.0,0.0,0.0,0.0,0.0,0.0,0.0,31.0
3270,3270,David Abbott,72.0,265,73.0, Switch,1.35,0.3,3.55,0.38,1.07,0.33,0.66,0.0,
3271,3271,Trey Ogden,71.0,155,72.0, Orthodox,3.38,0.47,3.59,0.58,1.64,0.23,1.0,0.6,34.0
3272,3272,Ryan Spann,77.0,205,79.0, Orthodox,3.25,0.4,3.89,0.44,1.34,0.35,0.47,1.5,32.0
3273,3273,Scott Graham,76.0,185,78.0, Orthodox,0.91,0.42,2.27,0.28,0.0,0.0,0.0,0.0,
3274,3274,Shannon Ritch,69.0,190,71.0, Orthodox,1.0,1.0,6.0,0.5,0.0,0.0,0.0,0.0,53.0
3275,3275,Johnny Cisneros,71.0,170,,,0.0,0.0,0.0,0.0,0.0,0.0,0.0,0.0,44.0
3276,3276,Top Noi Kiwram,65.0,125,67.0, Southpaw,4.47,0.59,3.23,0.66,2.72,0.85,0.74,0.0,31.0
3277,3277,Denis Sobolev,75.0,216,75.0, Orthodox,0.0,0.0,5.45,0.33,0.0,0.0,0.0,0.0,
3278,3278,Anton Berzin,74.0,205,78.0, Orthodox,4.4,0.46,6.8,0.67,2.0,0.28,0.0,1.0,34.0
3279,3279,Jamey Simmons,66.0,135,70.0, Orthodox,0.79,0.21,1.92,0.74,0.0,0.0,0.5,0.0,31.0
3280,3280,Randy Couture,73.0,205,75.0, Orthodox,2.85,0.57,1.53,0.59,2.78,0.46,0.58,0.5,60.0
3281,3281,Gustavo Gabriel,66.0,125,69.0, Orthodox,4.06,0.65,4.26,0.46,0.0,0.0,0.5,0.0,30.0
3282,3282,Kyle Bolt,74.0,185,79.0,,7.27,0.52,7.27,0.45,0.0,0.0,0.0,0.0,
3283,3283,Kazuki Tokudome,71.0,155,73.0, Southpaw,2.26,0.41,3.63,0.53,2.0,0.38,0.78,0.0,37.0
3284,3284,Remo Cardarelli,68.0,135,66.0,,2.27,0.47,1.47,0.59,0.0,0.0,1.0,0.0,
3285,3285,Acacio Dos Santos,76.0,205,79.0, Orthodox,1.27,0.41,1.4,0.43,0.0,0.0,0.31,0.0,32.0
3286,3286,Eugenio Tadeu,68.0,160,, Orthodox,0.0,0.0,0.0,0.0,0.0,0.0,0.0,0.0,
3287,3287,Dean Lister,73.0,185,75.0, Orthodox,1.26,0.35,1.89,0.61,1.58,0.15,0.5,1.1,48.0
3288,3288,Justin Davis,71.0,205,,,0.0,0.0,0.0,0.0,0.0,0.0,0.0,0.0,41.0
3289,3289,Ilia Topuria,67.0,145,69.0, Orthodox,4.4,0.46,3.35,0.65,1.92,0.56,0.92,1.3,27.0
3290,3290,Maiara Amanajas dos Santos,65.0,115,63.0, Southpaw,5.53,0.35,24.47,0.33,0.0,0.0,1.0,0.0,36.0
3291,3291,Mark Vorgeas,70.0,135,69.0,,3.87,0.32,4.19,0.51,0.0,0.0,0.5,0.8,
3292,3292,Godofredo Pepey,67.0,145,73.0, Orthodox,2.32,0.38,3.23,0.47,0.37,0.07,0.35,1.5,36.0
3293,3293,Nate Moore,72.0,170,73.0,,2.21,0.25,2.87,0.42,1.23,0.16,0.25,0.0,
3294,3294,Kerry Vera,67.0,135,, Orthodox,0.0,0.0,0.0,0.0,0.0,0.0,0.0,0.0,
3295,3295,Gunnar Nelson,71.0,170,72.0, Switch,1.84,0.61,3.0,0.49,1.9,0.59,0.66,1.0,35.0
3296,3296,Jesse Lennox,69.0,170,72.0, Orthodox,2.69,0.32,3.2,0.64,1.22,0.66,0.63,0.3,42.0
3297,3297,Pete Sell,71.0,170,75.0, Orthodox,2.6,0.42,3.65,0.51,0.91,0.21,0.47,0.9,41.0
3298,3298,Carlston Harris,72.0,170,76.0, Orthodox,3.18,0.49,2.66,0.52,1.97,0.29,0.55,0.8,36.0
3299,3299,Poliana Botelho,68.0,125,67.0, Orthodox,2.9,0.58,2.8,0.54,0.85,0.57,0.76,0.0,35.0
3300,3300,Cameron Dollar,71.0,155,72.0, Orthodox,5.04,0.38,2.94,0.61,0.0,0.0,0.0,0.0,37.0
3301,3301,Carla Esparza,61.0,115,63.0, Orthodox,2.16,0.4,2.69,0.55,3.22,0.35,0.47,0.3,36.0
3302,3302,Maurice Mitchell,69.0,145,74.0, Orthodox,3.8,0.55,3.54,0.6,0.0,0.0,1.0,0.0,36.0
3303,3303,Roan Carneiro,71.0,170,76.0, Orthodox,1.46,0.46,1.82,0.62,3.05,0.42,0.83,1.4,45.0
3304,3304,Chris Honeycutt,70.0,170,73.0,,2.99,0.44,1.41,0.66,3.4,0.45,0.75,0.0,35.0
3305,3305,Mike Rhodes,73.0,170,74.0, Orthodox,3.2,0.39,4.13,0.64,0.96,0.33,0.75,0.5,34.0
3306,3306,Anthony Romero,71.0,155,70.0, Orthodox,5.87,0.52,4.0,0.65,2.0,0.22,1.0,0.0,27.0
3307,3307,Shungo Oyama,71.0,185,73.0, Southpaw,0.64,0.25,1.96,0.57,1.07,0.57,0.62,0.5,50.0
3308,3308,Mario Soto,72.0,145,71.0,,1.43,0.23,5.23,0.42,0.0,0.0,0.0,0.0,
3309,3309,LC Davis,68.0,135,69.0, Southpaw,2.04,0.3,2.1,0.59,2.27,0.46,0.66,0.2,43.0
3310,3310,Gregor Gillespie,67.0,155,71.0, Orthodox,3.74,0.52,2.3,0.57,6.86,0.48,1.0,0.8,37.0
3311,3311,Valerie Letourneau,67.0,115,68.0, Orthodox,4.51,0.37,5.4,0.58,0.77,0.45,0.66,0.3,41.0
3312,3312,Jon Murphy,75.0,260,76.0, Orthodox,3.93,0.66,8.85,0.43,0.0,0.0,0.0,0.0,46.0
3313,3313,Fabiano Scherner,75.0,257,76.0, Orthodox,1.31,0.31,3.2,0.38,1.09,0.33,0.4,0.0,51.0
3314,3314,Crafton Wallace,72.0,185,74.0, Orthodox,1.55,0.44,2.36,0.47,0.0,0.0,0.42,0.0,48.0
3315,3315,Marvin Vettori,72.0,185,74.0, Southpaw,4.56,0.45,4.24,0.56,1.66,0.45,0.69,0.5,30.0
3316,3316,Mitchell Sipe,74.0,245,76.0, Orthodox,5.5,0.56,9.98,0.46,1.53,0.2,0.0,0.0,28.0
3317,3317,Caio Magalhaes,73.0,185,73.0, Orthodox,2.27,0.4,2.78,0.56,1.05,0.15,0.58,1.6,36.0
3318,3318,Sherman Pendergarst,73.0,235,75.0, Orthodox,1.23,0.36,3.08,0.16,4.62,1.0,0.0,0.0,56.0
3319,3319,Khadis Ibragimov,75.0,205,78.0, Orthodox,3.55,0.49,4.26,0.47,0.97,0.3,0.8,0.3,29.0
3320,3320,Yuya Shirai,68.0,168,70.0, Orthodox,1.02,1.0,4.07,0.55,0.0,0.0,0.0,0.0,44.0
3321,3321,Blake Watkins,74.0,185,76.0,,5.45,0.62,7.64,0.61,0.0,0.0,0.0,0.0,
3322,3322,Daniel Gracie,74.0,225,71.0, Orthodox,1.9,0.38,1.33,0.59,0.36,1.0,0.8,2.1,
3323,3323,Adam Fugitt,73.0,170,77.0, Southpaw,4.3,0.54,5.13,0.48,3.43,0.33,0.5,0.0,35.0
3324,3324,Andre Galvao,67.0,168,72.0, Orthodox,2.34,0.52,1.56,0.58,2.02,0.27,0.0,2.8,41.0
3325,3325,Rubin Williams,73.0,185,74.0, Orthodox,0.0,0.0,1.39,0.6,0.0,0.0,0.0,0.0,48.0
3326,3326,Fazlo Mulabitinovic,,135,71.0,,0.54,0.16,0.0,1.0,0.0,0.0,0.0,8.0,
3327,3327,Coltin Cole,,185,,,0.0,0.0,0.0,0.0,0.0,0.0,0.0,0.0,35.0
3328,3328,Abel Cullum,67.0,139,69.0, Orthodox,1.82,0.4,1.23,0.46,4.01,0.52,0.0,2.8,37.0
3329,3329,Robbie Lawler,71.0,170,74.0, Southpaw,3.85,0.47,4.67,0.59,0.65,0.64,0.65,0.0,42.0
3330,3330,Anthony Adams,73.0,185,76.0, Orthodox,3.17,0.41,5.93,0.44,0.0,0.0,0.0,0.0,36.0
3331,3331,Ramazan Emeev,70.0,170,76.0, Southpaw,2.53,0.45,2.14,0.65,2.37,0.29,0.66,0.7,37.0
3332,3332,Rafael Silva,67.0,135,72.0,,0.67,0.5,0.73,0.67,0.0,0.0,0.25,1.0,39.0
3333,3333,Eric Esch,71.0,350,72.0, Orthodox,3.07,0.71,1.74,0.43,0.0,0.0,0.0,2.0,55.0
3334,3334,Jules Bruchez,72.0,205,73.0, Southpaw,0.69,0.5,5.52,0.46,0.0,0.0,0.0,0.0,46.0
3335,3335,Levi Alford,, --,,,0.0,0.0,0.0,0.0,0.0,0.0,0.0,0.0,
3336,3336,Taneisha Tennant,67.0,145,70.0, Orthodox,5.67,0.55,3.4,0.71,0.0,0.0,1.0,0.0,34.0
3337,3337,Jim Mullen,73.0,215,, Southpaw,0.0,0.0,0.0,0.0,0.0,0.0,0.0,0.0,
3338,3338,Egidijus Valavicius,72.0,200,, Orthodox,0.0,0.0,0.0,0.0,0.0,0.0,0.0,0.0,
3339,3339,Jeremy Horn,73.0,185,74.0, Orthodox,1.19,0.39,1.99,0.55,1.83,0.38,0.29,1.1,48.0
3340,3340,Seth Dikun,70.0,135,69.0, Orthodox,1.45,0.26,2.18,0.55,0.0,0.0,0.45,0.9,43.0
3341,3341,Sean Loeffler,75.0,185,, Orthodox,0.0,0.0,0.0,0.0,0.0,0.0,0.0,0.0,42.0
3342,3342,Renato Verissimo,73.0,170,73.0, Orthodox,0.92,0.48,1.87,0.47,1.46,0.3,0.5,2.5,50.0
3343,3343,Bea Malecki,69.0,135,74.0, Orthodox,6.84,0.46,6.96,0.62,0.0,0.0,0.78,1.1,32.0
3344,3344,Luiz Azeredo,69.0,154,71.0, Orthodox,2.16,0.39,2.76,0.57,1.07,0.5,0.45,0.3,47.0
3345,3345,Mack Brewer,,205,71.0,,0.0,0.0,6.67,0.36,0.0,0.0,0.0,0.0,
3346,3346,Royler Gracie,68.0,150,, Southpaw,0.0,0.0,0.0,0.0,0.0,0.0,0.0,0.0,58.0
3347,3347,Chad Anheliger,66.0,135,64.0, Orthodox,3.6,0.45,3.11,0.53,0.82,0.3,0.42,0.6,37.0
3348,3348,Justin Jones,71.0,185,79.0, Orthodox,1.7,0.36,3.17,0.45,1.0,0.15,0.46,0.5,36.0
3349,3349,Natalia Silva,64.0,125,65.0, Southpaw,4.53,0.44,2.1,0.65,0.5,0.28,0.91,0.0,27.0
3350,3350,Josh Janousek,71.0,185,, Orthodox,0.0,0.0,0.0,0.0,0.0,0.0,0.0,0.0,43.0
3351,3351,Jess Bouscal,,155,,,0.0,0.0,0.0,0.0,0.0,0.0,0.0,0.0,
3352,3352,Minoru Toyonaga,71.0,195,, Southpaw,0.0,0.0,0.0,0.0,0.0,0.0,0.0,0.0,
3353,3353,Mateusz Gamrot,70.0,155,70.0, Southpaw,3.09,0.51,3.07,0.59,5.28,0.35,0.9,0.1,33.0
3354,3354,Angad Bisht,67.0,125,67.0, Orthodox,0.0,0.0,0.0,0.0,0.0,0.0,0.0,0.0,28.0
3355,3355,Steve Ramirez,67.0,125,,,0.0,0.0,0.0,0.0,0.0,0.0,0.0,0.0,
3356,3356,Ryan Quinn,68.0,145,72.0,,2.31,0.41,1.67,0.48,0.0,0.0,0.0,1.9,
3357,3357,Brad Scott,73.0,170,76.0, Orthodox,3.52,0.41,4.31,0.57,0.32,0.15,0.63,0.7,34.0
3358,3358,Alonzo Martinez,70.0,155,69.0,,3.07,0.27,7.33,0.52,0.0,0.0,0.0,0.0,40.0
3359,3359,SeungWoo Choi,72.0,145,74.0, Orthodox,3.48,0.38,3.02,0.47,0.87,0.54,0.69,0.0,31.0
3360,3360,Caol Uno,67.0,155,70.0, Southpaw,1.91,0.49,1.9,0.5,1.95,0.31,0.37,0.5,49.0
3361,3361,Tim Boetsch,72.0,185,74.0, Orthodox,2.93,0.5,2.9,0.57,1.45,0.34,0.59,0.8,43.0
3362,3362,Chris Brown,,170,,,0.0,0.0,0.0,0.0,0.0,0.0,0.0,0.0,
3363,3363,Markus Perez,73.0,185,73.0, Orthodox,2.6,0.47,3.72,0.52,0.81,0.25,0.77,1.0,35.0
3364,3364,Pat Sabatini,68.0,145,70.0, Orthodox,2.02,0.59,1.54,0.49,3.73,0.42,0.5,1.9,33.0
3365,3365,Bobby Hoffman,74.0,245,75.0, Orthodox,2.02,0.7,1.32,0.19,1.17,0.5,0.0,1.2,55.0
3366,3366,Gian Siqueira,73.0,170,74.0, Orthodox,0.8,1.0,3.41,0.19,0.0,0.0,0.0,0.0,29.0
3367,3367,Brian Johnston,75.0,230,, Orthodox,0.0,0.0,0.0,0.0,0.0,0.0,0.0,0.0,
3368,3368,Eric Schwartz,,205,,,0.0,0.0,0.0,0.0,0.0,0.0,0.0,0.0,
3369,3369,Shayna Baszler,67.0,135,68.0, Orthodox,2.49,0.3,6.36,0.51,0.67,0.18,0.44,1.3,43.0
3370,3370,Shelton Graves,74.0,255,76.0, Southpaw,2.19,0.69,0.81,0.33,4.86,0.57,0.0,0.0,38.0
3371,3371,Ailiya Muratbek,,155,,,0.0,0.0,0.0,0.0,0.0,0.0,0.0,0.0,
3372,3372,Larry Parker,71.0,205,, Orthodox,0.0,0.0,0.0,0.0,0.0,0.0,0.0,0.0,
3373,3373,Dave Zitanick,,170,,,0.0,0.0,0.0,0.0,0.0,0.0,0.0,0.0,44.0
3374,3374,Wanderlei Silva,71.0,205,74.0, Orthodox,2.79,0.4,2.19,0.6,0.97,0.53,0.62,0.6,47.0
3375,3375,Trevor Harris,66.0,145,68.0,,1.73,0.5,0.43,0.75,0.0,0.0,0.5,6.5,
3376,3376,Cody Sons,69.0,205,,,0.0,0.0,0.0,0.0,0.0,0.0,0.0,0.0,
3377,3377,Chris Hawk,73.0,205,,,0.0,0.0,0.0,0.0,0.0,0.0,0.0,0.0,
3378,3378,Diego Lopes,71.0,145,72.0, Orthodox,3.22,0.58,4.73,0.37,0.0,0.0,0.42,5.0,29.0
3379,3379,Marcus Bossett,73.0,215,, Orthodox,0.0,0.0,0.0,0.0,0.0,0.0,0.0,0.0,
3380,3380,Alex Huddleston,79.0,254,82.0,,2.47,0.42,2.59,0.67,0.0,0.0,0.0,0.9,37.0
3381,3381,Yuneisy Duben,,125,,,0.0,0.0,0.0,0.0,0.0,0.0,0.0,0.0,
3382,3382,Andrew Valladerez,,135,,,0.0,0.0,0.0,0.0,0.0,0.0,0.0,0.0,
3383,3383,Clifford Starks,72.0,185,78.0, Orthodox,1.94,0.33,2.49,0.58,1.94,1.0,0.6,0.0,43.0
3384,3384,Josh Copeland,73.0,265,75.0, Orthodox,1.03,0.31,3.01,0.55,0.0,0.0,0.57,0.0,41.0
3385,3385,Damir Ismagulov,70.0,155,74.0, Orthodox,3.36,0.42,2.44,0.61,1.0,0.28,0.7,0.0,33.0
3386,3386,Roland Delorme,69.0,135,71.0, Orthodox,2.28,0.44,4.32,0.4,2.51,0.34,0.42,1.6,40.0
3387,3387,Sung Bin Jo,72.0,145,72.0, Orthodox,1.4,0.33,2.67,0.51,1.0,0.33,0.83,1.0,31.0
3388,3388,TJ Dillashaw,66.0,135,67.0, Orthodox,5.09,0.41,3.47,0.62,1.56,0.3,0.77,0.8,38.0
3389,3389,Merab Dvalishvili,66.0,135,68.0, Orthodox,4.5,0.41,2.37,0.57,6.43,0.36,0.8,0.3,33.0
3390,3390,Andreas Stahl,71.0,170,73.0, Orthodox,2.83,0.37,4.74,0.57,1.55,0.66,0.8,0.0,36.0
3391,3391,Won Jin Eoh,67.0,160,69.0, Orthodox,3.74,0.44,3.58,0.46,0.0,0.0,0.5,0.0,
3392,3392,John Marsh,72.0,265,73.0, Orthodox,0.83,0.42,2.23,0.4,0.43,1.0,0.54,0.4,53.0
3393,3393,Adam Hunter,73.0,185,, Orthodox,0.0,0.0,0.0,0.0,0.0,0.0,0.0,0.0,40.0
3394,3394,Nordine Taleb,73.0,170,74.0, Orthodox,3.66,0.51,2.62,0.66,1.94,0.76,0.73,0.0,42.0
3395,3395,Alexis Davis,66.0,135,68.0, Orthodox,4.63,0.49,4.45,0.54,0.95,0.44,0.34,0.7,39.0
3396,3396,Alex Zuniga,,145,,,0.0,0.0,0.0,0.0,0.0,0.0,0.0,0.0,
3397,3397,CJ Fernandes,74.0,170,,,0.0,0.0,0.0,0.0,0.0,0.0,0.0,0.0,46.0
3398,3398,Samandar Murodov,73.0,170,75.0, Orthodox,3.41,0.8,0.8,0.0,3.01,1.0,0.0,3.0,24.0
3399,3399,Rafael Rios,,150,,,0.0,0.0,0.0,0.0,0.0,0.0,0.0,0.0,
3400,3400,Erik Silva,69.0,145,71.0, Orthodox,2.07,0.7,1.57,0.4,3.76,0.8,0.62,0.0,37.0
3401,3401,Tyler Hill,75.0,170,77.0, Switch,3.64,0.39,5.33,0.47,0.0,0.0,0.0,0.0,32.0
3402,3402,Josh Neal,72.0,185,,,0.0,0.0,0.0,0.0,0.0,0.0,0.0,0.0,
3403,3403,Bobby Lashley,75.0,255,78.0, Orthodox,3.1,0.63,0.76,0.63,11.47,0.7,0.0,0.0,47.0
3404,3404,Lyle Beerbohm,70.0,155,70.0, Southpaw,1.98,0.55,1.61,0.54,2.1,0.23,0.64,0.3,45.0
3405,3405,Janay Harding,,135,,,0.0,0.0,0.0,0.0,0.0,0.0,0.0,0.0,
3406,3406,Ricco Rodriguez,76.0,265,77.0, Orthodox,1.85,0.51,1.15,0.61,2.3,0.39,0.4,1.0,46.0
3407,3407,Shunichi Shimizu,65.0,135,67.0, Orthodox,0.14,0.33,4.68,0.3,0.0,0.0,0.0,0.0,39.0
3408,3408,Justin Salas,68.0,155,70.0, Southpaw,3.42,0.43,2.96,0.68,2.43,0.2,0.0,0.0,42.0
3409,3409,Kris McCray,72.0,170,76.0, Orthodox,2.69,0.45,2.57,0.54,2.88,0.55,0.38,0.0,42.0
3410,3410,Brock Lesnar,75.0,265,81.0, Orthodox,3.53,0.72,2.11,0.5,3.9,0.55,0.6,0.5,46.0
3411,3411,Michael Chandler,68.0,155,71.0, Orthodox,4.89,0.46,4.58,0.46,2.17,0.38,0.71,0.9,38.0
3412,3412,Matthieu Duclos,,185,,,0.0,0.0,0.0,0.0,0.0,0.0,0.0,0.0,
3413,3413,Federico Lopez,64.0,139,69.0, Orthodox,1.78,0.23,5.35,0.3,0.0,0.0,0.0,0.0,
3414,3414,CM Punk,73.0,170,73.0, Orthodox,1.1,0.23,4.87,0.4,0.87,0.11,0.0,0.0,45.0
3415,3415,Wesley Correira,75.0,260,77.0, Orthodox,2.6,0.36,8.8,0.4,0.0,0.0,0.9,0.0,45.0
3416,3416,Rafael Dos Anjos,68.0,155,70.0, Southpaw,3.48,0.47,3.21,0.6,1.95,0.35,0.55,0.6,39.0
3417,3417,Jeremy Kimball,72.0,205,72.0, Switch,2.81,0.46,3.84,0.49,1.41,0.2,0.5,0.0,33.0
3418,3418,David Rasouri,67.0,155,,,0.0,0.0,0.0,0.0,0.0,0.0,0.0,0.0,
3419,3419,Yoji Anjo,71.0,205,72.0, Orthodox,0.0,0.0,3.13,0.25,0.0,0.0,0.0,0.0,57.0
3420,3420,Rory Markham,72.0,170,71.0, Orthodox,1.98,0.21,10.27,0.45,0.0,0.0,0.0,0.0,42.0
3421,3421,Oluwale Bamgbose,71.0,185,78.0, Switch,2.45,0.48,2.7,0.55,0.94,0.33,0.37,0.0,36.0
3422,3422,Liang Na,65.0,125,67.0, Orthodox,1.99,0.42,3.95,0.36,3.6,0.58,0.25,0.5,27.0
3423,3423,Ian Entwistle,65.0,135,64.0, Orthodox,0.11,0.07,7.36,0.31,0.0,0.0,0.0,12.1,37.0
3424,3424,Ron Fields,74.0,200,75.0, Orthodox,0.33,0.33,2.64,0.11,0.0,0.0,0.0,0.0,49.0
3425,3425,Frank Mir,75.0,264,79.0, Southpaw,2.18,0.47,3.84,0.38,2.02,0.4,0.54,2.0,45.0
3426,3426,Thiago Moises,69.0,155,70.0, Orthodox,2.47,0.4,4.19,0.55,1.64,0.44,0.56,1.3,29.0
3427,3427,John Campetella,69.0,235,, Orthodox,0.0,0.0,0.0,0.0,0.0,0.0,0.0,0.0,
3428,3428,Mitsuhiro Ishida,66.0,154,67.0, Southpaw,1.46,0.41,1.13,0.61,4.76,0.53,0.33,0.7,45.0
3429,3429,Steve Bruno,70.0,170,72.0, Orthodox,0.96,0.52,3.38,0.36,1.94,0.25,0.46,0.4,42.0
3430,3430,Matthew Lopez,67.0,135,69.0, Southpaw,3.13,0.5,3.73,0.55,3.32,0.6,0.71,1.3,37.0
3431,3431,Leonardo Mafra,70.0,155,70.0, Orthodox,4.55,0.48,4.38,0.43,2.12,0.83,0.69,0.4,35.0
3432,3432,Muslim Salikhov,71.0,170,70.0, Orthodox,3.36,0.51,2.94,0.62,1.27,0.4,0.73,0.0,39.0
3433,3433,Pietro Menga,67.0,125,68.0, Southpaw,0.0,0.0,0.0,0.0,0.0,0.0,0.0,0.0,36.0
3434,3434,Tiki Ghosn,70.0,170,72.0, Orthodox,2.78,0.46,2.94,0.58,0.41,0.5,0.61,0.0,47.0
3435,3435,Kazunori Yokota,68.0,154,70.0, Orthodox,0.67,0.31,1.13,0.57,0.0,0.0,0.0,0.0,46.0
3436,3436,Jose Alday,67.0,135,68.0, Orthodox,3.13,0.44,3.13,0.58,0.0,0.0,0.57,0.0,32.0
3437,3437,Justin DeMoney,,170,,,0.0,0.0,0.0,0.0,0.0,0.0,0.0,0.0,38.0
3438,3438,Jack May,80.0,255,78.0, Switch,1.52,0.38,3.29,0.33,0.91,0.33,0.2,0.0,43.0
3439,3439,Philip Perez,65.0,155,70.0, Southpaw,1.36,1.0,0.68,0.66,10.23,1.0,0.0,10.2,
3440,3440,TJ Hepburn,67.0,155,72.0,,0.73,0.37,0.13,0.81,2.0,0.4,0.6,0.0,
3441,3441,Jimi Manuwa,73.0,205,79.0, Orthodox,3.43,0.54,3.97,0.49,0.53,0.18,0.7,0.4,44.0
3442,3442,Chan-Mi Jeon,65.0,115,67.0, Orthodox,6.23,0.31,7.77,0.55,0.0,0.0,0.0,0.0,26.0
3443,3443,Mick Parkin,76.0,265,79.0, Orthodox,4.54,0.51,3.94,0.59,1.6,0.41,0.5,0.3,28.0
3444,3444,Tommy Hayden,69.0,145,72.0, Southpaw,1.48,0.27,2.05,0.55,3.42,0.33,0.66,0.0,38.0
3445,3445,Igor Pokrajac,72.0,205,74.0, Orthodox,2.25,0.45,4.26,0.4,0.87,0.29,0.51,0.2,45.0
3446,3446,Damian Stasiak,65.0,135,70.0, Orthodox,1.86,0.36,3.1,0.52,2.64,0.35,0.43,0.6,34.0
3447,3447,Miranda Granger,67.0,115,68.0, Orthodox,2.79,0.47,2.57,0.57,0.0,0.0,0.33,0.0,32.0
3448,3448,SuYoung You,66.0,135,65.0, Orthodox,0.0,0.0,0.0,0.0,0.0,0.0,0.0,0.0,28.0
3449,3449,Yuki Ishikawa,71.0,205,73.0, Orthodox,1.07,0.28,8.57,0.11,0.0,0.0,0.5,0.0,
3450,3450,Chris Leben,71.0,185,73.0, Southpaw,2.87,0.42,2.87,0.52,1.14,0.41,0.53,0.8,43.0
3451,3451,Tito Ortiz,75.0,205,74.0, Orthodox,2.59,0.46,2.88,0.6,2.47,0.35,0.54,0.6,49.0
3452,3452,Julia Polastri,62.0,115,63.0, Orthodox,6.19,0.52,5.11,0.62,0.62,1.0,0.42,0.6,26.0
3453,3453,Alex Ricci,71.0,155,69.0, Orthodox,2.48,0.41,2.53,0.64,0.0,0.0,0.64,0.0,41.0
3454,3454,OJ Dominguez,, --,,,0.0,0.0,0.0,0.0,0.0,0.0,0.0,0.0,
3455,3455,Peter Sobotta,72.0,170,75.0, Southpaw,2.14,0.4,2.9,0.58,1.53,0.32,0.77,0.5,37.0
3456,3456,Bristol Marunde,73.0,170,75.0, Orthodox,1.42,0.21,4.4,0.47,1.6,0.33,0.14,0.0,42.0
3457,3457,Rick Davis,69.0,155,71.0, Orthodox,3.09,0.5,6.19,0.64,0.0,0.0,0.0,0.0,
3458,3458,Jerome LeBanner,75.0,265,76.0, Southpaw,0.92,0.35,1.03,0.37,0.0,0.0,0.5,0.0,51.0
3459,3459,Vinicius Oliveira,69.0,135,70.0, Switch,5.42,0.47,2.94,0.5,1.69,0.5,0.4,0.0,28.0
3460,3460,Isabela de Padua,63.0,125,64.0, Orthodox,1.0,0.35,2.07,0.5,2.0,0.66,0.0,1.0,32.0
3461,3461,Daniel Kelly,72.0,185,70.0, Southpaw,3.62,0.38,4.64,0.61,1.86,0.34,0.78,0.3,46.0
3462,3462,Brandon Lewis,64.0,135,70.0, Orthodox,2.17,0.29,3.63,0.53,1.0,0.15,0.2,0.0,26.0
3463,3463,Diego Nunes,66.0,145,67.0, Orthodox,2.72,0.43,2.59,0.58,1.18,0.44,0.65,0.6,41.0
3464,3464,James Reese,69.0,155,,,0.0,0.0,0.0,0.0,0.0,0.0,0.0,0.0,43.0
3465,3465,James Gray,69.0,135,70.0, Orthodox,2.61,0.5,18.26,0.44,0.0,0.0,0.0,0.0,36.0
3466,3466,James Krause,74.0,170,73.0, Orthodox,4.79,0.49,4.11,0.61,0.96,0.18,0.59,0.9,37.0
3467,3467,Bojan Mihajlovic,71.0,205,73.0, Orthodox,1.23,0.35,5.95,0.47,0.0,0.0,0.33,0.0,44.0
3468,3468,Andrew Martinez,69.0,215,70.0,,3.4,0.31,2.3,0.47,1.5,0.5,0.0,0.0,
3469,3469,Antonina Shevchenko,68.0,125,67.0, Southpaw,3.86,0.55,2.93,0.52,0.43,0.42,0.53,0.4,39.0
3470,3470,Roger Carroll,70.0,170,70.0,,7.62,0.61,10.48,0.43,0.0,0.0,1.0,0.0,
3471,3471,Anthony Hernandez,72.0,185,75.0, Orthodox,4.3,0.59,3.46,0.45,6.62,0.49,0.63,3.0,30.0
3472,3472,Kyle Nelson,71.0,145,71.0, Switch,3.65,0.45,4.69,0.52,1.1,0.2,0.73,0.6,33.0
3473,3473,Christian Aguilera,69.0,170,72.0, Switch,2.54,0.37,4.04,0.48,0.0,0.0,0.6,0.0,32.0
3474,3474,Dave Cochran,66.0,155,,,0.0,0.0,0.0,0.0,0.0,0.0,0.0,0.0,51.0
3475,3475,Dave Courchaine,68.0,170,,,0.0,0.0,0.0,0.0,0.0,0.0,0.0,0.0,
3476,3476,Mikhail Iloukhine,69.0,205,71.0, Orthodox,0.16,0.2,2.95,0.26,0.0,0.0,0.0,7.0,57.0
3477,3477,Tecia Pennington,61.0,115,60.0, Orthodox,4.78,0.47,3.59,0.61,0.61,0.14,0.65,0.1,34.0
3478,3478,Xue Do Won,67.0,165,,,0.0,0.0,0.0,0.0,0.0,0.0,0.0,0.0,
3479,3479,Elias Garcia,65.0,125,67.0, Southpaw,1.59,0.27,5.05,0.5,0.68,0.14,0.33,1.4,31.0
3480,3480,Francis Marshall,69.0,145,72.0, Orthodox,3.66,0.33,4.07,0.53,3.29,0.5,0.0,0.7,25.0
3481,3481,Brandon Royval,69.0,125,68.0, Southpaw,4.33,0.36,3.42,0.46,0.47,0.6,0.4,1.1,31.0
3482,3482,Nariman Abbasov,68.0,155,66.0, Orthodox,3.0,0.2,5.67,0.46,0.0,0.0,0.66,0.0,30.0
3483,3483,James Te Huna,74.0,185,75.0, Orthodox,4.04,0.51,2.99,0.62,2.75,0.37,0.58,0.2,42.0
3484,3484,Tebaris Gordon,73.0,265,76.0, Orthodox,3.53,0.16,49.41,0.22,0.0,0.0,0.0,0.0,35.0
3485,3485,Kenneth Alexander,69.0,155,70.0, Orthodox,0.88,0.19,2.2,0.66,4.71,0.26,0.0,0.0,46.0
3486,3486,Angel Pacheco,68.0,135,70.0, Orthodox,9.5,0.39,11.47,0.41,0.0,0.0,0.28,0.0,32.0
3487,3487,Stefan Struve,83.0,265,84.0, Orthodox,3.12,0.47,4.04,0.46,0.56,0.46,0.55,1.7,36.0
3488,3488,Dominic Brown,71.0,190,,,0.0,0.0,0.0,0.0,0.0,0.0,0.0,0.0,41.0
3489,3489,Han Ten Yun,71.0,220,,,0.0,0.0,0.0,0.0,0.0,0.0,0.0,0.0,
3490,3490,Tomasz Drwal,73.0,205,76.0, Orthodox,3.29,0.38,2.26,0.57,3.55,0.6,0.82,0.4,42.0
3491,3491,Alistair Overeem,76.0,265,80.0, Orthodox,3.67,0.64,2.44,0.57,1.42,0.55,0.73,0.8,44.0
3492,3492,Thomas Paull,67.0,155,67.0, Orthodox,7.33,0.33,8.67,0.64,0.0,0.0,0.0,0.0,29.0
3493,3493,Eric Lawson,72.0,185,73.0, Orthodox,1.58,0.57,1.97,0.44,8.88,0.42,0.0,3.0,
3494,3494,Vincent Eazelle,71.0,155,,,0.0,0.0,0.0,0.0,0.0,0.0,0.0,0.0,43.0
3495,3495,Devin Johnson,, --,,,0.0,0.0,0.0,0.0,0.0,0.0,0.0,0.0,
3496,3496,Ian Freeman,71.0,225,73.0, Orthodox,2.54,0.48,3.11,0.44,1.44,0.4,0.8,0.7,57.0
3497,3497,Geoff Neal,71.0,170,75.0, Southpaw,4.97,0.5,5.47,0.57,0.46,0.44,0.87,0.1,33.0
3498,3498,Janaina Silva,61.0,115,60.0, Orthodox,0.0,0.0,1.5,0.62,0.0,0.0,0.0,0.0,32.0
3499,3499,Nicholas Sergiacomi,69.0,170,71.0,,4.38,0.55,3.94,0.59,0.0,0.0,0.0,0.0,
3500,3500,Marloes Coenen,69.0,145,67.0,,2.15,0.51,1.9,0.67,0.82,0.3,0.41,2.5,43.0
3501,3501,David Loiseau,72.0,185,76.0, Orthodox,1.59,0.44,3.64,0.43,0.43,0.42,0.36,0.1,44.0
3502,3502,Dominic Waters,73.0,170,79.0, Orthodox,0.48,0.23,2.53,0.39,4.07,0.52,0.28,0.0,35.0
3503,3503,Atsushi Yamamoto,66.0,139,68.0, Orthodox,1.97,0.39,1.27,0.7,1.12,0.33,1.0,0.0,43.0
3504,3504,Wendell Oliveira Marques,70.0,170,72.0, Orthodox,3.77,0.47,4.4,0.47,0.0,0.0,1.0,0.0,40.0
3505,3505,Mark Weir,74.0,185,75.0, Southpaw,1.54,0.56,2.5,0.38,0.8,0.5,0.25,2.4,56.0
3506,3506,Eryk Anders,73.0,185,75.0, Southpaw,3.41,0.47,4.17,0.5,1.79,0.26,0.79,0.1,37.0
3507,3507,Alexandru Lungu,72.0,385,74.0, Orthodox,3.61,0.66,7.22,0.4,0.0,0.0,0.0,0.0,49.0
3508,3508,Elvis Sinosic,75.0,205,77.0, Orthodox,1.13,0.37,4.6,0.53,0.0,0.0,0.0,1.2,53.0
3509,3509,Buddy Roberts,74.0,185,76.0, Orthodox,2.17,0.34,2.08,0.7,0.0,0.0,0.76,0.7,41.0
3510,3510,Clay Guida,67.0,155,70.0, Orthodox,2.64,0.33,3.01,0.61,3.13,0.36,0.67,0.6,42.0
3511,3511,Miguel Cosio,76.0,205,,,0.0,0.0,0.0,0.0,0.0,0.0,0.0,0.0,
3512,3512,Eric Schambari,71.0,185,73.0, Orthodox,1.43,0.42,1.07,0.54,3.0,0.42,0.0,1.0,46.0
3513,3513,Damien Trites,71.0,165,,,0.0,0.0,0.0,0.0,0.0,0.0,0.0,0.0,44.0
3514,3514,Alexander Sarnavskiy,71.0,155,71.0,,1.43,0.66,2.06,0.42,0.0,0.0,0.75,0.0,35.0
3515,3515,Alexander Yakovlev,75.0,155,74.0, Southpaw,1.74,0.47,2.41,0.58,1.66,0.35,0.72,0.1,39.0
3516,3516,Stephanie Frausto,62.0,115,61.0, Orthodox,1.43,0.21,3.57,0.6,0.0,0.0,0.0,0.0,33.0
3517,3517,Christian Lohsen,74.0,155,77.0, Southpaw,5.27,0.49,6.93,0.44,0.0,0.0,0.0,2.0,29.0
3518,3518,Jordan Dowdy,,170,75.0,,2.11,0.44,2.63,0.5,0.0,0.0,0.0,0.0,
3519,3519,Bill Algeo,72.0,145,73.0, Switch,6.16,0.52,4.52,0.47,0.86,0.46,0.56,0.1,34.0
3520,3520,Marnic Mann,60.0,115,64.0, Southpaw,1.47,0.41,5.08,0.31,1.9,0.33,0.25,0.4,31.0
3521,3521,Jason Dent,70.0,155,71.0, Orthodox,2.01,0.39,3.7,0.62,0.0,0.0,0.26,1.4,43.0
3522,3522,Victor Dias,66.0,125,69.0, Orthodox,2.87,0.44,5.8,0.55,5.0,0.41,0.0,0.0,33.0
3523,3523,Ryuki Ueyama,71.0,180,72.0, Southpaw,0.13,0.21,1.4,0.46,0.5,1.0,0.0,1.5,48.0
3524,3524,Aurelijus Kerpe,, --,, Orthodox,1.26,0.16,8.21,0.31,0.0,0.0,0.0,0.0,
3525,3525,Klayton Mai,69.0,125,68.0,,1.53,0.42,1.02,0.63,3.83,1.0,0.0,7.7,37.0
3526,3526,Duane Ludwig,70.0,170,70.0, Orthodox,4.62,0.44,3.05,0.57,0.43,0.25,0.59,0.1,45.0
3527,3527,Renan Barao,66.0,145,70.0, Orthodox,3.78,0.36,3.9,0.57,1.49,0.41,0.91,0.5,37.0
3528,3528,Felipe Portela,,170,,,0.0,0.0,0.0,0.0,0.0,0.0,0.0,0.0,36.0
3529,3529,Hayder Hassan,70.0,170,72.0,,2.11,0.46,3.16,0.48,0.0,0.0,0.25,0.0,41.0
3530,3530,Andrew Todhunter,72.0,185,73.0, Switch,0.0,0.0,0.0,0.0,0.0,0.0,0.0,0.0,36.0
3531,3531,Impa Kasanganay,71.0,170,75.0, Orthodox,4.96,0.48,3.66,0.58,1.75,0.58,0.66,0.2,30.0
3532,3532,Gavin Tucker,66.0,145,66.0, Southpaw,4.29,0.44,4.18,0.57,3.13,0.44,0.53,1.5,37.0
3533,3533,Fedor Emelianenko,72.0,230,74.0, Orthodox,3.18,0.51,1.0,0.63,2.0,0.63,0.82,1.9,47.0
3534,3534,Luke Zachrich,74.0,185,74.0, Orthodox,4.56,0.32,4.46,0.62,0.74,0.33,0.8,0.0,42.0
3535,3535,Darren Elkins,70.0,145,71.0, Orthodox,3.44,0.38,3.27,0.52,2.85,0.35,0.56,1.1,40.0
3536,3536,Cindy Dandois,67.0,135,70.0, Orthodox,3.13,0.32,3.4,0.58,5.0,0.55,0.0,0.0,39.0
3537,3537,Cezar Ferreira,73.0,185,78.0, Southpaw,1.9,0.42,2.44,0.53,2.69,0.53,0.84,0.5,39.0
3538,3538,Antonio Rodrigo Nogueira,75.0,240,77.0, Orthodox,1.95,0.42,2.4,0.55,1.3,0.29,0.36,2.4,47.0
3539,3539,Bruno Silva,72.0,185,74.0, Orthodox,4.12,0.49,5.45,0.41,0.93,0.27,0.73,0.0,34.0
3540,3540,Cody Brundage,72.0,185,72.0, Orthodox,1.62,0.54,2.3,0.43,2.33,0.52,0.68,0.9,30.0
3541,3541,Masakatsu Funaki,72.0,185,73.0, Southpaw,1.82,0.68,2.92,0.35,0.0,0.0,0.0,5.5,55.0
3542,3542,Floyd Sword,72.0,185,72.0, Orthodox,0.78,0.42,1.57,0.4,0.0,0.0,0.33,0.0,47.0
3543,3543,Sirwan Kakai,65.0,135,68.0, Orthodox,3.57,0.41,4.63,0.62,4.0,0.42,0.83,0.0,34.0
3544,3544,Josh Thornburg,72.0,170,71.0,,1.2,0.5,3.13,0.38,2.0,0.66,0.42,2.0,40.0
3545,3545,Blagoy Ivanov,71.0,250,73.0, Southpaw,3.25,0.4,4.2,0.53,0.69,0.4,0.61,0.1,37.0
3546,3546,Scott Ettling,69.0,135,68.0,,0.0,0.0,0.54,0.83,8.04,1.0,0.0,0.0,
3547,3547,Fellipe Andrew,, --,,,0.0,0.0,0.0,0.0,0.0,0.0,0.0,0.0,29.0
3548,3548,Brian Cobb,71.0,155,72.0, Orthodox,0.0,0.0,3.68,0.55,5.81,0.5,0.0,0.0,
3549,3549,Andrew Craig,73.0,170,76.0, Orthodox,2.39,0.4,3.01,0.5,0.53,0.37,0.72,0.0,38.0
3550,3550,Jake Ellenberger,69.0,170,71.0, Orthodox,2.47,0.39,2.83,0.6,2.04,0.47,0.86,0.4,39.0
3551,3551,Leonardo Santos,72.0,155,75.0, Orthodox,2.82,0.46,3.4,0.54,0.88,0.25,0.86,0.2,44.0
3552,3552,Jesse Juarez,73.0,170,77.0, Orthodox,1.71,0.48,2.87,0.52,2.69,0.33,0.5,0.0,43.0
3553,3553,Luiz Cane,74.0,185,77.0, Southpaw,4.79,0.41,5.0,0.6,0.56,0.28,1.0,0.3,43.0
3554,3554,Emily Ducote,62.0,115,63.0, Orthodox,7.45,0.52,7.84,0.57,0.2,0.14,0.94,0.0,30.0
3555,3555,Rhys McKee,74.0,170,78.0, Orthodox,4.8,0.45,7.85,0.42,0.0,0.0,0.41,0.0,28.0
3556,3556,Jason Young,69.0,145,73.0, Orthodox,2.97,0.37,3.2,0.5,1.98,0.66,0.55,0.0,37.0
3557,3557,Danilo Belluardo,72.0,155,74.0, Southpaw,1.52,0.61,4.79,0.41,3.5,1.0,0.5,0.0,29.0
3558,3558,Alavutdin Gadjiev,74.0,185,73.0, Orthodox,0.99,0.27,0.99,0.57,0.0,0.0,0.5,0.0,41.0
3559,3559,Livinha Souza,63.0,115,63.0, Orthodox,1.75,0.45,3.6,0.56,2.54,0.45,0.4,1.4,33.0
3560,3560,Artem Lobov,69.0,145,65.0, Southpaw,3.52,0.41,4.82,0.5,0.39,0.25,0.52,0.0,37.0
3561,3561,Chris Sanford,71.0,185,70.0, Orthodox,0.23,0.5,3.22,0.17,0.0,0.0,0.0,3.5,56.0
3562,3562,Sam Stout,69.0,155,70.0, Orthodox,4.17,0.28,4.08,0.57,0.63,0.38,0.77,0.1,40.0
3563,3563,Adam Steele,,170,,,0.0,0.0,0.0,0.0,0.0,0.0,0.0,0.0,
3564,3564,Shin Haraguchi,65.0,145,68.0, Switch,2.69,0.62,2.26,0.45,10.43,0.48,0.0,0.0,25.0
3565,3565,Lina Kvokov,69.0,135,70.0, Orthodox,2.31,0.3,12.12,0.19,0.0,0.0,0.0,0.0,
3566,3566,Bryan Battle,73.0,170,77.0, Orthodox,4.52,0.51,3.74,0.44,1.12,0.28,0.47,0.6,29.0
3567,3567,Nurullo Aliev,70.0,155,72.0, Orthodox,2.5,0.51,0.46,0.59,3.06,0.44,0.0,0.0,23.0
3568,3568,Chad Mendes,66.0,145,66.0, Orthodox,2.78,0.49,2.35,0.67,4.13,0.55,1.0,0.3,39.0
3569,3569,Iouri Kotchkine,74.0,235,75.0, Orthodox,0.67,0.38,4.92,0.15,0.0,0.0,0.25,0.0,
3570,3570,Daniel Teymur,65.0,145,69.0, Orthodox,3.08,0.46,3.93,0.56,0.56,0.18,0.6,0.3,36.0
3571,3571,Brad Kohler,69.0,220,, Orthodox,0.0,0.0,0.0,0.0,0.0,0.0,0.0,0.0,59.0
3572,3572,Eric Schafer,75.0,185,76.0, Orthodox,1.89,0.34,3.38,0.56,1.81,0.36,0.5,1.8,46.0
3573,3573,Kim Couture,68.0,135,69.0, Orthodox,12.12,0.8,2.31,0.69,0.0,0.0,0.0,0.0,48.0
3574,3574,Thomas Diagne,73.0,154,76.0,,4.53,0.48,4.53,0.63,2.0,1.0,0.66,0.0,40.0
3575,3575,Russell Patrick,69.0,145,,,0.0,0.0,0.0,0.0,0.0,0.0,0.0,0.0,
3576,3576,Rayanne dos Santos,62.0,115,62.0, Orthodox,3.73,0.36,4.63,0.65,0.5,0.2,0.88,0.0,28.0
3577,3577,Elisha Helsper,66.0,135,, Orthodox,0.0,0.0,0.0,0.0,0.0,0.0,0.0,0.0,41.0
3578,3578,Paddy Pimblett,70.0,155,73.0, Orthodox,5.13,0.52,3.7,0.41,0.98,0.25,0.56,1.6,29.0
3579,3579,Konstantin Erokhin,71.0,230,73.0, Orthodox,1.07,0.36,1.83,0.47,0.0,0.0,0.7,0.0,41.0
3580,3580,Edson Gomez,68.0,170,69.0, Switch,2.66,0.32,8.78,0.45,0.0,0.0,0.0,0.0,33.0
3581,3581,Nick Newell,70.0,155,60.0, Southpaw,3.53,0.46,4.07,0.36,0.0,0.0,0.33,0.0,38.0
3582,3582,Oron Kahlon,68.0,135,70.0, Orthodox,0.85,0.37,4.93,0.36,0.0,0.0,0.4,0.0,39.0
3583,3583,Joe Lauzon,70.0,155,71.0, Orthodox,2.84,0.39,5.39,0.54,2.39,0.45,0.54,2.0,40.0
3584,3584,Cleber Luciano,66.0,155,,,0.0,0.0,0.0,0.0,0.0,0.0,0.0,0.0,
3585,3585,Erik Apple,72.0,170,72.0, Orthodox,0.0,0.0,0.54,0.81,0.0,0.0,0.0,8.1,46.0
3586,3586,Will Santiago,67.0,185,71.0, Orthodox,1.47,0.39,5.53,0.56,1.0,0.5,1.0,0.0,41.0
3587,3587,Rodrigo Ruas,70.0,185,72.0, Orthodox,1.28,0.35,7.0,0.41,0.0,0.0,0.0,0.0,46.0
3588,3588,Joanderson Brito,68.0,145,72.0, Orthodox,3.35,0.51,2.65,0.46,3.11,0.76,0.62,0.6,29.0
3589,3589,Justin Edwards,70.0,155,70.0, Orthodox,2.68,0.42,3.32,0.51,2.14,0.26,0.27,1.0,41.0
3590,3590,Yazan Hajeh,69.0,145,72.0, Orthodox,1.54,0.25,17.44,0.44,0.0,0.0,1.0,0.0,31.0
3591,3591,Amanda Ribas,63.0,125,66.0, Orthodox,4.63,0.4,3.4,0.61,2.07,0.51,0.85,0.7,30.0
3592,3592,Luke Stewart,71.0,170,72.0, Orthodox,3.75,0.56,2.34,0.53,3.75,0.33,0.5,1.9,
3593,3593,Tor Troeng,74.0,185,78.0, Orthodox,1.16,0.46,3.26,0.32,0.62,0.07,0.66,0.3,41.0
3594,3594,Armen Petrosyan,75.0,185,71.0, Orthodox,5.69,0.52,2.9,0.56,0.22,0.33,0.31,0.0,33.0
3595,3595,Simeon Thoresen,73.0,170,79.0, Orthodox,3.85,0.43,3.85,0.64,1.12,0.4,0.5,1.7,40.0
3596,3596,Angela Hill,63.0,115,64.0, Orthodox,5.38,0.49,4.86,0.61,0.8,0.33,0.76,0.1,39.0
3597,3597,Rostem Akman,70.0,170,72.0, Switch,1.8,0.25,3.97,0.57,1.0,0.4,0.87,0.0,32.0
3598,3598,Amilcar Alves,72.0,170,73.0, Southpaw,0.5,0.46,2.02,0.3,0.0,0.0,0.53,0.0,35.0
3599,3599,David Marshall,74.0,170,,,0.0,0.0,0.0,0.0,0.0,0.0,0.0,0.0,39.0
3600,3600,Montserrat Rendon,68.0,135,68.0, Orthodox,3.13,0.28,3.9,0.54,3.0,0.54,1.0,0.0,35.0
3601,3601,Yuri Vaulin,76.0,197,, Southpaw,0.0,0.0,0.0,0.0,0.0,0.0,0.0,0.0,
3602,3602,Kay Hansen,62.0,115,63.0, Orthodox,3.01,0.5,3.19,0.51,1.83,0.22,0.37,0.8,24.0
3603,3603,Ricardo Almeida,72.0,170,74.0, Orthodox,2.02,0.49,1.2,0.61,3.74,0.38,0.31,1.2,47.0
3604,3604,Akbarh Arreola,70.0,155,71.0, Southpaw,2.32,0.45,4.01,0.56,1.07,1.0,0.33,0.4,41.0
3605,3605,Rafael Fiziev,68.0,155,71.0, Switch,4.9,0.51,4.97,0.49,0.29,0.4,0.89,0.0,31.0
3606,3606,Richie Smullen,69.0,155,68.0, Orthodox,1.98,0.77,2.26,0.65,8.49,0.66,0.0,0.0,32.0
3607,3607,Alex Morono,71.0,170,72.0, Orthodox,4.87,0.4,4.16,0.58,0.32,0.22,0.55,0.4,33.0
3608,3608,Rainy Martinez,72.0,199,, Orthodox,0.0,0.0,0.0,0.0,0.0,0.0,0.0,0.0,
3609,3609,Mateusz Rebecki,67.0,155,66.0, Southpaw,4.69,0.48,4.15,0.54,4.12,0.75,0.33,1.0,31.0
3610,3610,David Hulett,70.0,170,,,0.0,0.0,0.0,0.0,0.0,0.0,0.0,0.0,43.0
3611,3611,Tomomi Iwama,63.0,155,66.0, Orthodox,1.0,0.2,3.0,0.7,0.0,0.0,0.0,0.0,
3612,3612,Chad Leonhardt,72.0,170,,,0.0,0.0,0.0,0.0,0.0,0.0,0.0,0.0,44.0
3613,3613,Paul Taylor,72.0,155,72.0, Orthodox,4.44,0.47,4.47,0.55,0.27,0.25,0.56,0.5,44.0
3614,3614,Danny Martinez,66.0,125,67.0, Orthodox,2.73,0.28,3.77,0.63,3.0,0.45,0.36,0.0,38.0
3615,3615,Josh Emmett,66.0,145,70.0, Orthodox,4.04,0.36,4.61,0.61,0.91,0.37,0.46,0.1,39.0
3616,3616,Jon Manley,73.0,170,74.0, Orthodox,1.13,0.2,4.33,0.45,1.0,0.07,0.2,0.0,37.0
3617,3617,Jennifer Gonzalez,62.0,125,,,0.0,0.0,0.0,0.0,0.0,0.0,0.0,0.0,38.0
3618,3618,James Moontasri,70.0,170,71.0, Switch,2.39,0.48,3.86,0.4,0.0,0.0,0.79,0.2,36.0
3619,3619,Cameron VanCamp,74.0,155,74.0, Switch,5.31,0.47,6.41,0.4,0.0,0.0,0.0,0.0,31.0
3620,3620,Joseph Morales,66.0,125,69.0, Switch,1.58,0.37,1.72,0.6,0.53,0.5,0.23,2.6,29.0
3621,3621,Jair Farias,73.0,145,76.0, Orthodox,3.8,0.39,5.33,0.51,0.0,0.0,0.41,0.0,31.0
3622,3622,Guy Mezger,73.0,200,74.0, Orthodox,2.3,0.32,1.36,0.72,0.39,0.5,0.88,0.0,56.0
3623,3623,Casey Olson,67.0,145,68.0, Orthodox,2.48,0.6,0.0,1.0,3.54,0.57,1.0,1.8,
3624,3624,Paul Rodriguez,67.0,155,69.0, Orthodox,0.84,1.0,1.68,0.68,0.0,0.0,0.5,0.0,
3625,3625,Brandon Shuey,67.0,155,68.0, Orthodox,0.68,0.33,1.36,0.0,0.0,0.0,0.0,10.2,48.0
3626,3626,Sijara Eubanks,64.0,125,67.0, Orthodox,4.3,0.43,3.43,0.57,1.9,0.44,0.66,0.3,39.0
3627,3627,Valentina Shevchenko,65.0,125,66.0, Southpaw,3.28,0.52,2.11,0.62,2.56,0.63,0.71,0.4,36.0
3628,3628,Jumabieke Tuerxun,67.0,135,67.0, Orthodox,1.6,0.28,3.08,0.59,0.47,0.11,0.66,0.9,38.0
3629,3629,Igor Borisov,72.0,235,, Orthodox,0.0,0.0,0.0,0.0,0.0,0.0,0.0,0.0,
3630,3630,Mario Piazzon,69.0,265,73.0, Orthodox,1.35,0.73,1.16,0.4,18.87,0.5,0.5,0.0,26.0
3631,3631,Coty Wheeler,66.0,135,67.0, Orthodox,1.88,0.22,3.16,0.59,0.87,0.37,0.33,2.6,45.0
3632,3632,Kestutis Smirnovas,70.0,200,73.0, Orthodox,4.95,0.52,5.05,0.54,1.55,0.5,1.0,1.6,
3633,3633,Tony Sims,71.0,155,70.0, Southpaw,1.81,0.63,0.76,0.65,0.71,0.5,0.5,0.7,38.0
3634,3634,Adam Antolin,65.0,125,63.0, Orthodox,5.73,0.52,5.0,0.69,0.0,0.0,1.0,0.0,42.0
3635,3635,Chelsea Hackett,64.0,125,66.0, Switch,2.58,0.51,4.85,0.46,0.0,0.0,0.57,0.0,25.0
3636,3636,Deiveson Figueiredo,65.0,135,68.0, Orthodox,3.01,0.55,3.38,0.5,1.65,0.42,0.58,1.7,36.0
3637,3637,Niklas Backstrom,73.0,145,74.0, Orthodox,1.12,0.41,3.65,0.4,2.92,0.8,0.72,2.2,34.0
3638,3638,Sean O'Connell,73.0,205,74.0, Orthodox,5.46,0.48,6.77,0.45,0.0,0.0,0.3,0.5,40.0
3639,3639,Milana Dudieva,63.0,135,72.0, Orthodox,0.87,0.31,3.43,0.58,2.34,0.45,0.0,0.0,34.0
3640,3640,Ronys Torres,67.0,155,69.0, Orthodox,0.87,0.26,1.93,0.57,4.0,0.47,0.16,0.5,48.0
3641,3641,Koya Kanda,69.0,145,75.0, Southpaw,3.63,0.41,2.9,0.53,2.0,0.18,1.0,0.0,28.0
3642,3642,Darrius Flowers,69.0,155,71.0, Orthodox,2.94,0.54,5.16,0.43,0.63,0.2,0.6,0.0,29.0
3643,3643,Rin Nakai,61.0,135,61.0, Orthodox,1.57,0.33,3.9,0.6,3.0,0.18,0.75,0.5,37.0
3644,3644,Dwight Joseph,66.0,135,68.0, Switch,2.6,0.52,2.87,0.55,1.0,0.2,0.2,1.0,34.0
3645,3645,Brandon Girtz,67.0,155,69.0,,2.5,0.6,1.92,0.47,5.76,1.0,1.0,0.0,39.0
3646,3646,Ryan Thomas,72.0,170,76.0, Orthodox,2.01,0.36,4.17,0.3,5.59,0.33,0.0,2.2,39.0
3647,3647,Alejandro Villalobos,67.0,145,67.0,,3.93,0.46,4.07,0.67,1.0,0.5,0.0,0.0,44.0
3648,3648,Marius Enache,71.0,155,70.0,,1.71,0.34,0.66,0.84,3.94,1.0,0.0,3.9,48.0
3649,3649,Tateki Matsuda,67.0,125,66.0, Orthodox,3.2,0.34,3.43,0.69,0.0,0.0,0.16,0.0,38.0
3650,3650,AJ Siscoe,67.0,135,,,0.0,0.0,0.0,0.0,0.0,0.0,0.0,0.0,
3651,3651,Brad Mitchell,71.0,145,67.0,,1.15,0.33,4.2,0.52,0.0,0.0,1.0,1.9,49.0
3652,3652,Cyrillo Padilha,71.0,155,,,0.0,0.0,0.0,0.0,0.0,0.0,0.0,0.0,46.0
3653,3653,Leandro Issa,67.0,135,69.0, Orthodox,2.08,0.37,3.17,0.58,2.38,0.22,0.5,1.2,40.0
3654,3654,Dustin Pague,69.0,135,74.0, Orthodox,1.65,0.53,2.96,0.41,1.03,0.44,0.55,2.6,36.0
3655,3655,Zach Rosol,,243,,,0.0,0.0,14.21,0.25,0.0,0.0,0.0,0.0,
3656,3656,Erin Blanchfield,64.0,125,66.0, Orthodox,5.47,0.45,4.34,0.58,2.05,0.33,0.81,1.0,25.0
3657,3657,Kazushi Sakuraba,72.0,185,73.0, Southpaw,1.26,0.41,2.03,0.51,1.26,0.31,0.48,1.7,54.0
3658,3658,Derek Downey,73.0,185,75.0, Orthodox,0.32,1.0,3.36,0.12,2.4,0.16,0.0,0.0,44.0
3659,3659,Oscar Cota,72.0,230,72.0, Orthodox,0.33,0.41,2.47,0.41,0.0,0.0,0.6,1.0,39.0
3660,3660,Jamie Mullarkey,72.0,155,74.0, Orthodox,4.39,0.46,4.53,0.53,2.31,0.34,0.78,0.1,29.0
3661,3661,Joe Ellenberger,69.0,155,72.0, Orthodox,1.62,0.47,3.45,0.48,3.17,0.4,0.0,1.1,39.0
3662,3662,Chris Saunders,68.0,155,71.0,,1.48,0.22,2.96,0.75,3.7,1.0,0.0,0.0,38.0
3663,3663,Tedd Williams,73.0,275,, Orthodox,0.0,0.0,0.0,0.0,0.0,0.0,0.0,0.0,54.0
3664,3664,Brandon Davis,70.0,135,72.0, Orthodox,4.68,0.35,4.62,0.58,0.74,0.42,0.57,0.1,34.0
3665,3665,Nick Agallar,68.0,155,69.0, Orthodox,0.69,0.11,4.56,0.42,0.0,0.0,0.0,0.0,45.0
3666,3666,Romie Aram,70.0,170,72.0, Orthodox,1.8,0.35,2.83,0.5,2.5,0.62,0.83,0.0,46.0
3667,3667,Gary Frazier,72.0,245,75.0, Orthodox,1.5,0.39,2.77,0.46,0.0,0.0,1.0,0.0,
3668,3668,Fernie Garcia,67.0,135,67.0, Orthodox,2.04,0.34,3.79,0.48,0.28,0.5,0.5,0.6,32.0
3669,3669,Jon Hess,79.0,295,,,0.0,0.0,0.0,0.0,0.0,0.0,0.0,0.0,
3670,3670,Brandon Vera,75.0,230,78.0, Orthodox,3.03,0.56,2.81,0.52,0.7,0.53,0.59,0.2,46.0
3671,3671,Adam Lynn,70.0,155,70.0, Orthodox,1.47,0.63,6.95,0.1,0.0,0.0,0.5,0.0,
3672,3672,Jake Lindsey,71.0,155,73.0, Switch,3.44,0.52,4.01,0.46,0.65,0.33,0.5,0.0,37.0
3673,3673,Shauna Bannon,65.0,115,65.0, Switch,3.6,0.37,3.73,0.37,0.0,0.0,0.33,0.0,30.0
3674,3674,Cole Province,69.0,145,68.0, Orthodox,1.47,0.44,2.72,0.43,2.4,0.5,0.83,1.0,43.0
3675,3675,Miranda Maverick,63.0,125,65.0, Southpaw,3.8,0.47,2.6,0.59,2.49,0.46,0.4,0.4,26.0
3676,3676,Marius Zaromskis,69.0,170,72.0, Orthodox,5.02,0.34,5.93,0.5,0.73,0.42,0.73,0.0,43.0
3677,3677,Henry Cejudo,64.0,135,64.0, Orthodox,3.77,0.46,3.29,0.6,1.99,0.32,0.75,0.2,37.0
3678,3678,Jamelle Jones,72.0,205,75.0, Orthodox,1.78,0.8,3.11,0.65,0.0,0.0,0.0,0.0,36.0
3679,3679,Amiran Gogoladze,73.0,170,74.0, Switch,1.64,0.66,0.82,0.0,0.0,0.0,0.0,0.0,26.0
3680,3680,Josh Barnett,75.0,250,78.0, Orthodox,3.2,0.5,2.11,0.57,1.26,0.55,0.55,1.4,46.0
3681,3681,Alexander Soldatkin,74.0,250,75.0, Orthodox,1.16,0.6,1.35,0.26,1.45,0.5,0.5,0.0,30.0
3682,3682,Michael Morales,72.0,170,79.0, Orthodox,5.28,0.46,3.6,0.52,1.24,0.41,0.91,0.0,24.0
3683,3683,Nikolajus Cilkinas,, --,, Orthodox,0.0,0.0,5.88,0.16,0.0,0.0,0.0,0.0,
3684,3684,Erick Sanchez,70.0,145,,,0.0,0.0,0.0,0.0,0.0,0.0,0.0,0.0,33.0
3685,3685,Vladimir Matyushenko,72.0,205,74.0, Orthodox,1.9,0.44,1.62,0.59,3.25,0.46,0.7,0.1,53.0
3686,3686,Tsuyoshi Tamakairiki,72.0,220,74.0, Orthodox,0.0,0.0,26.67,0.5,0.0,0.0,0.0,0.0,
3687,3687,Elizabeth Phillips,66.0,135,65.0, Orthodox,2.6,0.33,3.07,0.58,0.75,0.25,0.53,0.2,37.0
3688,3688,Jeremiah Riggs,72.0,185,,,0.0,0.0,0.0,0.0,0.0,0.0,0.0,0.0,41.0
3689,3689,Jimmie Rivera,64.0,135,68.0, Orthodox,4.03,0.4,3.9,0.6,0.88,0.27,0.92,0.1,34.0
3690,3690,Jeff Monson,69.0,247,74.0, Orthodox,0.97,0.3,2.87,0.59,1.06,0.12,0.66,0.7,53.0
3691,3691,Ikram Aliskerov,72.0,185,76.0, Southpaw,8.24,0.65,7.15,0.36,2.33,0.33,0.0,2.3,31.0
3692,3692,Khalid Taha,65.0,135,69.0, Orthodox,2.64,0.32,4.12,0.46,0.0,0.0,0.61,0.2,32.0
3693,3693,Roosevelt Roberts,74.0,155,73.0, Orthodox,3.05,0.44,3.12,0.52,1.39,0.29,0.52,0.9,30.0
3694,3694,Karl Williams,75.0,235,79.0, Orthodox,2.87,0.52,1.7,0.6,4.75,0.5,1.0,0.2,34.0
3695,3695,Jorge Gonzalez,74.0,205,76.0, Orthodox,0.0,0.0,0.0,0.0,0.0,0.0,0.0,0.0,40.0
3696,3696,Emilio Chavez,69.0,145,70.0,,2.73,0.48,1.53,0.54,3.0,0.5,0.0,0.0,
3697,3697,Emiliano Linares,68.0,145,72.0, Orthodox,1.17,0.28,3.59,0.26,0.0,0.0,0.33,0.0,27.0
3698,3698,Taiyilake Nueraji,74.0,170,75.0, Southpaw,11.01,0.48,7.39,0.58,0.0,0.0,0.0,0.0,23.0
3699,3699,Paul Redmond,70.0,145,71.0, Orthodox,0.72,0.34,2.99,0.41,0.0,0.0,0.5,0.0,37.0
3700,3700,Landon Quinones,69.0,155,70.0, Southpaw,6.77,0.4,7.7,0.55,0.5,0.33,1.0,0.0,28.0
3701,3701,Albert Cheng,71.0,170,71.0, Orthodox,1.0,0.41,2.6,0.71,0.0,0.0,0.0,0.0,39.0
3702,3702,Kwan Ho Kwak,65.0,135,70.0, Switch,3.29,0.41,3.45,0.47,0.78,1.0,0.26,0.0,34.0
3703,3703,Kyle Stewart,72.0,170,76.0, Orthodox,1.41,0.35,2.42,0.43,1.32,0.2,0.6,0.0,35.0
3704,3704,Danny Davis,74.0,170,,,0.0,0.0,0.0,0.0,0.0,0.0,0.0,0.0,41.0
3705,3705,JJ Okanovich,71.0,155,76.0, Orthodox,6.93,0.55,5.27,0.5,0.0,0.0,1.0,0.0,33.0
3706,3706,Chad Corvin,77.0,255,,,0.0,0.0,0.0,0.0,0.0,0.0,0.0,0.0,
3707,3707,Ivan Cole,69.0,135,69.0,,2.68,0.36,4.69,0.46,0.0,0.0,0.0,0.0,33.0
3708,3708,Alexander Otsuka,73.0,205,74.0, Orthodox,0.9,0.55,1.16,0.51,1.51,0.43,0.53,0.8,52.0
3709,3709,Ray Perales,70.0,170,72.0, Orthodox,0.18,0.25,2.39,0.32,0.0,0.0,0.33,0.0,
3710,3710,Daron Cruickshank,68.0,155,72.0, Switch,2.88,0.38,2.98,0.57,2.04,0.41,0.6,0.2,38.0
3711,3711,Alexander Volkov,79.0,250,80.0, Orthodox,5.1,0.57,3.0,0.54,0.49,0.63,0.73,0.2,35.0
3712,3712,Kevin Randleman,70.0,205,73.0, Orthodox,1.26,0.54,1.12,0.57,2.0,0.56,0.3,0.8,52.0
3713,3713,Logan Clark,74.0,185,75.0, Orthodox,2.2,0.54,1.49,0.53,0.31,1.0,0.3,2.1,39.0
3714,3714,Bibiano Fernandes,67.0,139,67.0, Orthodox,2.91,0.4,2.02,0.72,3.97,0.53,0.77,0.6,44.0
3715,3715,Rafael  Del Real,71.0,225,,,5.58,0.4,0.0,0.0,20.93,1.0,1.0,0.0,
3716,3716,Lloyd Van Dams,73.0,240,74.0, Southpaw,0.0,0.0,3.01,0.15,0.0,0.0,0.0,0.0,52.0
3717,3717,Javy Ayala,73.0,265,76.0,,0.83,0.25,5.0,0.33,0.0,0.0,0.0,0.0,35.0
3718,3718,Josh Bryant,70.0,185,72.0, Orthodox,1.1,0.2,6.1,0.43,0.0,0.0,0.0,0.0,44.0
3719,3719,David Baron,66.0,155,68.0, Switch,1.17,0.3,2.1,0.56,0.0,0.0,0.14,0.7,51.0
3720,3720,Artem Frolov,70.0,185,,,0.0,0.0,0.0,0.0,0.0,0.0,0.0,0.0,32.0
3721,3721,Mario Miranda,75.0,185,74.0, Orthodox,1.96,0.54,2.46,0.36,1.02,0.6,0.54,0.0,44.0
3722,3722,Mikheil Sazhiniani,,205,,,0.0,0.0,0.0,0.0,0.0,0.0,0.0,0.0,
3723,3723,Ryan Jimmo,73.0,205,73.0, Orthodox,3.12,0.66,2.77,0.46,0.45,0.28,0.87,0.0,42.0
3724,3724,Sergio Pettis,66.0,125,69.0, Orthodox,3.88,0.37,2.91,0.65,0.85,0.4,0.67,0.4,30.0
3725,3725,Gaetano Pirrello,67.0,135,65.0, Orthodox,0.99,0.55,2.44,0.42,0.0,0.0,0.3,0.0,32.0
3726,3726,Aaron Wilkinson,70.0,155,72.0, Orthodox,0.0,0.0,0.0,1.0,7.32,1.0,0.0,0.0,37.0
3727,3727,Don Shainis,66.0,145,67.0, Orthodox,3.42,0.5,5.87,0.31,0.97,0.25,0.2,1.9,33.0
3728,3728,Heather Clark,66.0,115,64.0, Orthodox,3.69,0.49,5.62,0.5,0.33,0.04,0.8,0.3,43.0
3729,3729,Islam Dulatov,,170,,,0.0,0.0,0.0,0.0,0.0,0.0,0.0,0.0,
3730,3730,Tabatha Ricci,61.0,115,61.0, Orthodox,4.28,0.37,4.94,0.6,2.99,0.35,0.77,0.2,29.0
3731,3731,Marcos Vinicius,69.0,125,69.0, Orthodox,1.93,0.49,2.91,0.47,0.0,0.0,0.25,0.5,44.0
3732,3732,Nick Penner,76.0,205,77.0, Southpaw,1.25,0.3,4.6,0.38,0.0,0.0,0.4,0.0,44.0
3733,3733,Kurt Holobaugh,71.0,155,70.0, Orthodox,4.37,0.43,4.07,0.48,0.71,0.36,0.46,0.9,37.0
3734,3734,Val Woodburn,68.0,170,74.0, Orthodox,1.6,0.35,4.93,0.36,1.92,1.0,0.5,0.0,30.0
3735,3735,Gil Castillo,69.0,170,70.0, Southpaw,0.6,0.45,2.22,0.44,3.33,0.45,0.5,0.0,58.0
3736,3736,David Teymur,69.0,155,73.0, Southpaw,4.69,0.43,3.53,0.55,0.94,0.33,0.77,0.0,35.0
3737,3737,Anthony Christodoulou,69.0,155,72.0, Orthodox,2.19,0.26,5.9,0.45,0.0,0.0,0.4,0.0,36.0
3738,3738,Mason Jones,70.0,155,74.0, Orthodox,5.61,0.44,4.94,0.46,3.16,0.45,0.8,0.0,29.0
3739,3739,Akiyo Nishiura,68.0,139,70.0, Southpaw,1.59,0.57,1.26,0.57,0.0,0.0,0.52,0.3,40.0
3740,3740,Kengo Watanabe,76.0,220,77.0, Orthodox,0.6,0.4,3.4,0.35,1.0,1.0,0.37,0.0,48.0
3741,3741,Rodolfo Marques Diniz,66.0,135,69.0,,1.08,0.32,2.36,0.33,0.0,0.0,0.5,1.8,40.0
3742,3742,Devin Smyth,70.0,170,72.0, Switch,2.6,0.68,6.73,0.25,4.0,0.26,1.0,0.0,28.0
3743,3743,Clint Hester,74.0,205,77.0, Orthodox,3.36,0.42,3.44,0.56,1.02,0.35,0.6,0.0,37.0
3744,3744,Chris Beal,67.0,125,69.0, Orthodox,3.45,0.35,3.18,0.61,1.6,0.58,0.78,0.2,38.0
3745,3745,Treston Thomison,68.0,145,,,0.0,0.0,0.0,0.0,0.0,0.0,0.0,0.0,
3746,3746,Billy Giovanella,68.0,125,69.0,,1.27,0.4,2.02,0.52,0.87,0.12,1.0,1.7,38.0
3747,3747,Francisco France,72.0,205,75.0,,0.54,0.33,3.51,0.27,0.0,0.0,0.0,6.1,41.0
3748,3748,AJ Matthews,71.0,185,74.0,,5.11,0.52,4.96,0.51,0.0,0.0,1.0,0.0,
3749,3749,Jonathan Rivera,69.0,155,72.0,,4.36,0.49,3.9,0.6,0.0,0.0,0.0,0.0,
3750,3750,Cameron Smotherman,69.0,135,69.0, Orthodox,4.0,0.36,13.0,0.35,0.0,0.0,0.0,0.0,26.0
3751,3751,Wulijiburen,69.0,135,69.0, Orthodox,1.61,0.42,3.02,0.56,3.28,0.42,0.77,0.4,35.0
3752,3752,John Makdessi,68.0,155,68.0, Orthodox,5.52,0.49,4.15,0.68,0.0,0.0,0.86,0.0,39.0
3753,3753,Jocelyn Jones-Lybarger,67.0,115,64.0, Orthodox,2.96,0.31,4.83,0.56,0.34,0.25,0.81,0.0,38.0
3754,3754,YoungJae Song,67.0,145,70.0, Orthodox,0.0,0.0,0.0,0.0,0.0,0.0,0.0,0.0,28.0
3755,3755,Ron van Clief,70.0,190,, Orthodox,0.0,0.0,0.0,0.0,0.0,0.0,0.0,0.0,81.0
3756,3756,Lorenz Larkin,71.0,170,72.0, Orthodox,3.53,0.46,2.74,0.63,0.27,0.42,0.79,0.1,37.0
3757,3757,Azamat Gashimov,66.0,125,67.0, Orthodox,1.24,0.21,4.75,0.53,1.69,0.25,0.0,0.0,34.0
3758,3758,Rulon Gardner,75.0,265,77.0, Orthodox,2.05,0.25,1.45,0.6,0.75,1.0,1.0,0.0,52.0
3759,3759,Diana Belbita,67.0,115,68.0, Orthodox,6.54,0.42,6.55,0.51,0.91,0.62,0.65,0.0,27.0
3760,3760,Kevin Vallejos,67.0,145,68.0, Switch,4.73,0.44,5.8,0.51,0.0,0.0,0.66,0.0,22.0
3761,3761,Joey Beltran,73.0,185,75.0, Orthodox,4.92,0.36,5.27,0.54,0.48,0.18,0.75,0.0,42.0
3762,3762,Artur Oumakhanov,67.0,154,69.0, Orthodox,1.2,0.33,1.67,0.82,3.0,0.75,0.33,0.0,45.0
3763,3763,Rashad Evans,72.0,205,75.0, Orthodox,2.14,0.37,2.42,0.63,2.98,0.44,0.73,0.0,44.0
3764,3764,Lina Lansberg,67.0,135,65.0, Orthodox,2.69,0.55,3.87,0.44,0.52,0.27,0.47,0.1,42.0
3765,3765,Ricardo Ramos,69.0,145,72.0, Orthodox,3.21,0.37,3.74,0.57,3.02,0.6,0.72,0.7,28.0
3766,3766,Nicholas Musoke,72.0,170,75.0, Orthodox,3.56,0.35,3.8,0.57,1.16,0.19,0.82,0.2,38.0
3767,3767,Dinis Paiva Jr.,69.0,145,71.0, Southpaw,2.6,0.41,2.73,0.67,0.0,0.0,0.81,0.0,35.0
3768,3768,Matt Dixon,70.0,170,75.0, Switch,1.97,0.43,4.56,0.37,3.06,0.3,0.0,0.0,28.0
3769,3769,Viscardi Andrade,71.0,170,75.0, Orthodox,3.26,0.42,2.77,0.63,1.93,0.5,0.66,0.3,40.0
3770,3770,Marcos Bonilla,70.0,145,70.0,,0.47,0.12,0.47,0.94,0.0,0.0,0.0,0.0,
3771,3771,Yusup Saadulaev,66.0,135,68.0,,0.57,0.45,0.96,0.66,5.73,0.6,0.0,1.0,39.0
3772,3772,Youssef Zalal,70.0,145,72.0, Switch,2.88,0.49,1.73,0.65,2.28,0.34,0.6,1.3,27.0
3773,3773,Karen Darabedyan,67.0,155,68.0, Orthodox,3.43,0.51,2.62,0.67,2.14,0.75,0.0,0.0,37.0
3774,3774,Modestas Bukauskas,75.0,205,78.0, Switch,3.28,0.41,3.87,0.5,0.0,0.0,0.71,0.0,30.0
3775,3775,Jose Medina,72.0,205,74.0, Orthodox,1.6,0.26,4.87,0.53,0.0,0.0,0.14,0.0,33.0
3776,3776,Ibo Aslan,75.0,205,77.0, Orthodox,6.83,0.45,4.53,0.64,0.0,0.0,1.0,0.0,28.0
3777,3777,Roman Kopylov,72.0,185,75.0, Southpaw,4.66,0.54,4.1,0.6,0.42,0.5,0.87,0.0,33.0
3778,3778,Paul Bradley,69.0,170,72.0, Orthodox,2.26,0.32,4.13,0.56,1.12,0.16,1.0,0.0,40.0
3779,3779,Lauren Mueller,65.0,125,67.0, Orthodox,4.08,0.41,3.77,0.58,0.7,0.5,0.71,0.0,32.0
3780,3780,Esteban Ribovics,70.0,155,69.0, Orthodox,6.2,0.52,3.49,0.53,0.93,0.66,0.6,0.5,28.0
3781,3781,Herschel Walker,73.0,215,76.0, Orthodox,3.42,0.67,0.45,0.46,1.94,1.0,1.0,0.0,62.0
3782,3782,Matt Ricehouse,72.0,155,72.0,,3.7,0.44,4.8,0.47,1.0,0.22,0.81,0.0,37.0
3783,3783,Dante Rivera,73.0,185,68.0, Southpaw,2.27,0.53,4.0,0.25,0.0,0.0,0.16,0.0,49.0
3784,3784,Leonardo Silva de Oliveira,74.0,185,76.0, Orthodox,1.07,0.4,0.54,0.5,24.11,0.5,0.0,0.0,32.0
3785,3785,Billy Brand,,135,,,0.0,0.0,0.0,0.0,0.0,0.0,0.0,0.0,27.0
3786,3786,Frankie Saenz,66.0,135,66.0, Orthodox,3.94,0.47,3.5,0.52,1.74,0.31,0.61,0.1,43.0
3787,3787,Marcus LeVesseur,69.0,155,70.0, Southpaw,2.55,0.64,3.7,0.37,3.89,0.36,0.83,0.6,41.0
3788,3788,Tim Sylvia,80.0,265,80.0, Orthodox,4.23,0.41,2.61,0.61,0.11,1.0,0.75,0.1,48.0
3789,3789,Ronald Carillo,,125,,,0.0,0.0,0.0,0.0,0.0,0.0,0.0,0.0,
3790,3790,KyeungPyo Kim,69.0,155,71.0, Orthodox,6.77,0.46,6.32,0.63,3.87,0.4,1.0,0.0,32.0
3791,3791,Paulo Renato Junior,72.0,205,73.0, Orthodox,4.89,0.45,5.18,0.56,0.0,0.0,1.0,0.0,30.0
3792,3792,Marilia Santos,64.0,125,68.0, Orthodox,4.4,0.54,4.07,0.53,1.0,1.0,0.66,1.0,31.0
3793,3793,Jason Tan,70.0,170,71.0, Orthodox,0.69,0.29,7.37,0.18,0.0,0.0,0.0,0.0,42.0
3794,3794,John Donaldson,68.0,145,68.0,,1.21,0.23,4.22,0.51,0.0,0.0,0.0,0.0,31.0
3795,3795,Mike Wessel,72.0,260,71.0, Orthodox,1.82,0.56,6.43,0.22,6.29,0.5,0.0,0.0,46.0
3796,3796,Dave Strasser,70.0,170,72.0, Orthodox,3.04,0.45,1.88,0.59,0.72,0.33,0.33,0.0,54.0
3797,3797,Chad Sutton,73.0,185,,,0.0,0.0,0.0,0.0,0.0,0.0,0.0,0.0,41.0
3798,3798,Dino Pezao,,205,, Orthodox,0.66,0.3,3.28,0.31,0.0,0.0,0.0,0.0,
3799,3799,Nick Urso,66.0,125,66.0, Southpaw,3.61,0.45,5.06,0.36,0.0,0.0,0.0,0.0,38.0
3800,3800,Drakkar Klose,69.0,155,70.0, Orthodox,4.37,0.55,3.46,0.51,1.58,0.26,0.69,0.0,36.0
3801,3801,Israel Albuquerque,,185,, Orthodox,0.32,0.13,3.34,0.25,0.0,0.0,0.0,0.0,
3802,3802,Jorge de Oliveira,68.0,155,71.0, Orthodox,1.26,0.31,4.84,0.48,0.0,0.0,0.22,0.0,44.0
3803,3803,Trevor Peek,69.0,155,70.0, Switch,4.58,0.54,4.17,0.44,1.82,0.53,0.54,0.0,29.0
3804,3804,Brendan Loughnane,70.0,145,70.0, Switch,6.23,0.63,6.7,0.53,1.5,0.3,0.92,0.0,34.0
3805,3805,Beneil Dariush,70.0,155,72.0, Southpaw,3.78,0.48,2.65,0.57,1.9,0.34,0.8,0.9,35.0
3806,3806,Paul Daley,69.0,170,76.0, Orthodox,3.14,0.47,2.37,0.6,0.91,0.4,0.64,0.0,41.0
3807,3807,Ryo Chonan,69.0,170,70.0, Orthodox,2.57,0.43,2.25,0.6,0.61,0.41,0.39,0.3,47.0
3808,3808,Melvin Guillard,69.0,155,71.0, Orthodox,2.96,0.4,1.85,0.66,1.3,0.63,0.61,0.2,41.0
3809,3809,Harold Howard,74.0,240,, Orthodox,0.0,0.0,0.0,0.0,0.0,0.0,0.0,0.0,
3810,3810,Caio Machado,76.0,250,78.0, Southpaw,6.07,0.58,2.73,0.63,0.0,0.0,0.82,0.0,29.0
3811,3811,Olaf Alfonso,74.0,170,71.0, Orthodox,1.65,0.38,4.77,0.53,0.37,0.07,0.22,0.7,49.0
3812,3812,Scott McDonald,, --,,,0.0,0.0,0.0,0.0,0.0,0.0,0.0,0.0,
3813,3813,Wayne Phillips,,185,,,0.0,0.0,0.0,0.0,0.0,0.0,0.0,0.0,40.0
3814,3814,Michael Mangan,72.0,155,73.0,,1.94,0.33,4.52,0.46,19.35,0.5,1.0,0.0,
3815,3815,William Gomis,72.0,145,73.0, Southpaw,2.62,0.46,1.49,0.75,1.06,0.6,0.81,0.7,26.0
3816,3816,Gadzhimurad Antigulov,71.0,205,70.0, Orthodox,2.08,0.55,4.21,0.4,5.08,0.36,0.0,1.4,37.0
3817,3817,Sheldon Westcott,73.0,170,71.0, Southpaw,2.26,0.4,3.73,0.37,3.23,0.37,0.14,0.0,39.0
3818,3818,Rilley Dutro,68.0,125,70.0, Orthodox,4.74,0.54,5.95,0.33,0.0,0.0,0.83,0.0,36.0
3819,3819,Adam Piccolotti,71.0,155,72.0,,4.61,0.5,2.83,0.71,2.96,0.6,1.0,3.0,35.0
3820,3820,Jay Silva,74.0,185,75.0, Southpaw,1.13,0.34,3.07,0.4,0.0,0.0,0.38,1.0,
3821,3821,Ronal Siahaan,67.0,125,71.0, Southpaw,0.63,0.66,6.17,0.25,0.0,0.0,0.25,0.0,28.0
3822,3822,Micah Miller,72.0,145,74.0, Orthodox,1.33,0.33,2.15,0.54,0.98,0.37,0.21,2.0,37.0
3823,3823,Stephen Thompson,72.0,170,75.0, Orthodox,4.11,0.46,3.03,0.54,0.26,0.41,0.65,0.0,41.0
3824,3824,Vinicius Magalhaes,,145,,,0.0,0.0,0.0,0.0,0.0,0.0,0.0,0.0,52.0
3825,3825,Shamil Abdurakhimov,75.0,235,76.0, Orthodox,2.41,0.44,3.02,0.55,1.01,0.23,0.45,0.1,42.0
3826,3826,Ryan Larson,,170,,,0.0,0.0,0.0,0.0,0.0,0.0,0.0,0.0,43.0
3827,3827,Cesar Gracie,70.0,181,, Orthodox,0.0,0.0,17.14,0.5,0.0,0.0,0.0,0.0,
3828,3828,Andre Soukhamthath,69.0,135,70.0, Orthodox,2.77,0.44,4.31,0.49,1.25,0.53,0.58,0.2,35.0
3829,3829,Ed Herman,73.0,205,77.0, Orthodox,3.31,0.48,3.71,0.42,1.96,0.47,0.59,1.0,43.0
3830,3830,Kenji Osawa,67.0,135,66.0, Orthodox,2.34,0.35,2.14,0.63,0.91,0.58,0.68,0.7,47.0
3831,3831,Jessica Penne,65.0,115,67.0, Orthodox,2.52,0.31,4.75,0.46,1.32,0.21,0.36,0.6,41.0
3832,3832,Dieusel Berto,69.0,200,,,0.0,0.0,0.0,0.0,0.0,0.0,0.0,0.0,
3833,3833,Jeff Hougland,67.0,135,68.0, Orthodox,1.86,0.48,3.46,0.47,0.86,0.18,0.0,1.1,45.0
3834,3834,Daniel Straus,67.0,145,71.0,,4.76,0.43,2.99,0.57,0.84,0.15,0.81,1.1,39.0
3835,3835,Dennis Reed,,205,, Orthodox,0.0,0.0,0.0,0.0,0.0,0.0,0.0,0.0,
3836,3836,Jamie Houston,,185,,,0.0,0.0,0.0,0.0,0.0,0.0,0.0,0.0,
3837,3837,Greg Hardy,77.0,265,80.0, Orthodox,4.79,0.5,3.31,0.55,0.2,0.33,0.64,0.0,35.0
3838,3838,Lando Vannata,69.0,155,71.0, Orthodox,4.52,0.45,4.76,0.55,1.09,0.37,0.69,0.3,32.0
3839,3839,Stephen Banaszak,72.0,145,74.0,,4.2,0.47,1.15,0.66,0.0,0.0,1.0,1.9,33.0
3840,3840,Anton Kuivanen,68.0,155,72.0, Orthodox,2.27,0.38,1.63,0.67,1.2,1.0,0.71,0.4,40.0
3841,3841,Willie Peeters,69.0,220,, Orthodox,0.0,0.0,0.0,0.0,0.0,0.0,0.0,0.0,58.0
3842,3842,Yan Cabral,71.0,155,73.0, Orthodox,2.02,0.47,1.98,0.62,2.89,0.35,0.37,1.2,41.0
3843,3843,Eduardo Bustillos,68.0,135,68.0,,2.61,0.59,6.22,0.35,0.0,0.0,1.0,0.0,36.0
3844,3844,Brunno Ferreira,70.0,185,72.0, Orthodox,5.0,0.5,4.17,0.48,1.25,0.16,0.66,0.0,31.0
3845,3845,Joey Roberts,74.0,200,,,0.0,0.0,0.0,0.0,0.0,0.0,0.0,0.0,
3846,3846,Zak Cummings,72.0,205,75.0, Southpaw,2.96,0.35,2.91,0.55,0.62,0.28,0.66,0.6,39.0
3847,3847,Marcus McGhee,68.0,135,69.0, Orthodox,5.43,0.51,2.52,0.71,0.84,0.33,1.0,0.8,34.0
3848,3848,Gilbert Jimenez,,155,,,0.0,0.0,0.0,0.0,0.0,0.0,0.0,0.0,
3849,3849,James Thompson,77.0,265,77.0, Orthodox,5.13,0.52,3.19,0.41,3.14,0.36,0.53,1.3,45.0
3850,3850,Nathaniel Wood,66.0,145,69.0, Orthodox,5.91,0.5,4.22,0.56,1.74,0.48,0.7,0.5,31.0
3851,3851,Brian Ebersole,72.0,170,73.0, Southpaw,2.32,0.49,2.14,0.56,1.7,0.23,0.61,0.1,43.0
3852,3852,Genki Sudo,69.0,155,68.0, Orthodox,1.55,0.39,2.23,0.33,3.58,0.6,0.5,4.2,46.0
3853,3853,Martin Kampmann,72.0,170,72.0, Orthodox,3.22,0.42,3.28,0.62,1.86,0.41,0.78,2.0,42.0
3854,3854,Dhiego Lima,74.0,170,75.0, Orthodox,3.12,0.39,3.88,0.58,1.26,0.34,0.73,0.6,35.0
3855,3855,Nick Sperling,66.0,135,66.0,,1.4,0.25,1.4,0.66,0.0,0.0,0.0,0.0,
3856,3856,Jason Suttie,72.0,210,72.0, Orthodox,2.07,0.83,4.97,0.36,0.0,0.0,0.0,0.0,50.0
3857,3857,Askar Askar,67.0,145,69.0, Orthodox,0.0,0.0,0.0,0.0,0.0,0.0,0.0,0.0,29.0
3858,3858,Rodolfo Bellato,75.0,205,77.0, Orthodox,6.47,0.61,5.9,0.44,1.09,0.25,1.0,0.5,28.0
3859,3859,Rory Singer,74.0,185,77.0, Orthodox,2.55,0.39,2.42,0.63,0.39,0.25,0.64,0.8,47.0
3860,3860,Francisco Prado,70.0,155,69.0, Orthodox,4.58,0.41,5.66,0.52,0.0,0.0,0.25,0.4,21.0
3861,3861,Len Bentley,69.0,155,,,0.0,0.0,0.0,0.0,0.0,0.0,0.0,0.0,41.0
3862,3862,Kenny Ento,74.0,192,73.0,,8.41,0.79,0.0,1.0,5.49,1.0,0.0,11.0,
3863,3863,Marcos Conrado Jr.,74.0,220,75.0, Orthodox,1.6,0.34,9.69,0.35,1.84,0.14,0.0,0.0,42.0
3864,3864,Joey Gambino,67.0,145,70.0, Orthodox,2.47,0.35,2.53,0.51,0.0,0.0,0.42,0.8,35.0
3865,3865,Denis Tiuliulin,73.0,185,77.0, Orthodox,4.5,0.41,6.15,0.36,0.0,0.0,0.73,0.0,36.0
3866,3866,Zhang Lipeng,71.0,155,71.0, Southpaw,1.28,0.48,1.88,0.53,1.75,0.3,0.69,0.8,34.0
3867,3867,Zach Zane,67.0,145,69.0, Southpaw,0.87,0.56,6.67,0.2,0.0,0.0,0.26,0.0,34.0
3868,3868,Kalindra Faria,67.0,125,62.0, Switch,2.23,0.56,1.44,0.45,1.31,0.66,0.2,0.7,37.0
3869,3869,Forrest Griffin,75.0,205,77.0, Orthodox,4.38,0.36,2.81,0.61,1.05,0.48,0.57,0.7,45.0
3870,3870,Chad Johnson,74.0,230,80.0, Orthodox,5.92,0.68,7.8,0.4,0.0,0.0,0.0,0.0,37.0
3871,3871,Tyson Pedro,75.0,205,79.0, Orthodox,2.9,0.59,2.39,0.56,0.76,0.3,0.5,0.8,32.0
3872,3872,Stephen Palling,64.0,143,,,0.0,0.0,0.0,0.0,0.0,0.0,0.0,0.0,57.0
3873,3873,Marcelo Golm,75.0,249,75.0, Orthodox,4.27,0.58,4.3,0.45,0.45,0.5,0.87,0.5,31.0
3874,3874,Rony Jason,67.0,145,73.0, Orthodox,2.04,0.44,3.14,0.53,0.59,0.3,0.36,0.8,40.0
3875,3875,Mike Santiago,70.0,145,69.0, Orthodox,3.44,0.49,3.58,0.36,2.66,0.5,0.53,1.1,34.0
3876,3876,Mohammed Usman,74.0,239,79.0, Orthodox,3.18,0.37,4.21,0.52,0.89,0.18,0.0,0.0,35.0
3877,3877,Mirko Filipovic,74.0,230,73.0, Southpaw,2.11,0.5,1.89,0.63,0.19,0.4,0.78,0.3,49.0
3878,3878,Ricky Johnson,68.0,145,70.0, Orthodox,1.83,0.25,6.3,0.36,0.0,0.0,0.0,0.0,
3879,3879,Justin Burlinson,73.0,170,74.0, Switch,1.24,0.4,3.09,0.61,0.0,0.0,1.0,9.3,27.0
3880,3880,Mark Hall,72.0,190,, Orthodox,0.0,0.0,0.0,0.0,0.0,0.0,0.0,0.0,
3881,3881,Chris Haseman,71.0,205,72.0, Orthodox,0.93,0.7,4.67,0.28,0.0,0.0,0.4,2.0,54.0
3882,3882,Cedric Doumbe,70.0,170,,,0.0,0.0,0.0,0.0,0.0,0.0,0.0,0.0,31.0
3883,3883,Wilson Gouveia,73.0,185,76.0, Orthodox,3.02,0.39,4.06,0.56,0.9,0.66,0.57,2.2,45.0
3884,3884,Brandon Jenkins,72.0,155,71.0, Switch,2.93,0.41,8.05,0.33,0.0,0.0,0.27,0.0,32.0
3885,3885,Kaynan Kruschewsky,72.0,155,73.0, Orthodox,5.08,0.39,4.79,0.47,2.18,1.0,0.0,2.2,33.0
3886,3886,Damacio Page,66.0,135,66.0, Orthodox,2.05,0.38,2.47,0.51,2.63,0.64,0.23,0.9,41.0
3887,3887,Erick Gonzalez,71.0,155,75.0, Orthodox,2.4,0.36,8.08,0.4,6.0,0.55,0.5,0.0,32.0
3888,3888,Mike Russow,73.0,255,73.0, Orthodox,1.55,0.47,2.9,0.59,4.66,0.43,0.0,0.7,47.0
3889,3889,Scott Morris,70.0,210,, Orthodox,0.0,0.0,0.0,0.0,0.0,0.0,0.0,0.0,
3890,3890,Billy Pasulatan,65.0,125,66.0, Switch,0.65,0.2,5.22,0.48,0.0,0.0,0.0,4.9,32.0
3891,3891,Danilo Suzart,72.0,260,74.0, Orthodox,4.09,0.55,11.73,0.51,0.0,0.0,0.0,0.0,32.0
3892,3892,Tom Sauer,73.0,263,,,0.0,0.0,0.0,0.0,0.0,0.0,0.0,0.0,53.0
3893,3893,Jose Canseco,76.0,240,77.0, Orthodox,0.78,0.1,4.68,0.62,0.0,0.0,0.0,0.0,59.0
3894,3894,David Smith,,155,,,0.0,0.0,0.0,0.0,0.0,0.0,0.0,0.0,
3895,3895,Tyler Stinson,75.0,170,76.0,,2.8,0.23,4.6,0.56,0.5,1.0,0.0,0.5,38.0
3896,3896,Joe Wilk,69.0,145,68.0,,1.0,0.54,2.0,0.72,0.0,0.0,0.0,0.0,42.0
3897,3897,Felix Klinkhammer,72.0,170,73.0,,0.0,0.0,0.0,0.0,0.0,0.0,0.0,0.0,
3898,3898,Kenneth Seegrist,72.0,185,74.0, Orthodox,3.21,0.66,1.28,0.0,0.0,0.0,0.4,14.4,
3899,3899,Ben Jones,,185,,,0.0,0.0,0.0,0.0,0.0,0.0,0.0,0.0,
3900,3900,Rob Kimmons,70.0,185,73.0, Orthodox,1.86,0.48,4.79,0.38,2.08,0.46,0.25,2.4,43.0
3901,3901,Wade Shipp,75.0,245,77.0, Orthodox,4.29,0.86,2.14,0.0,0.0,0.0,0.75,0.0,49.0
3902,3902,Ali AlQaisi,66.0,135,68.0, Orthodox,2.43,0.42,1.97,0.56,3.5,0.29,0.6,1.0,33.0
3903,3903,Igor Zinoviev,73.0,199,, Orthodox,0.0,0.0,0.0,0.0,0.0,0.0,0.0,0.0,
3904,3904,Francisco Rivera,68.0,135,70.0, Orthodox,4.07,0.41,3.16,0.68,1.01,0.63,0.68,0.6,42.0
3905,3905,Trey Waters,77.0,170,77.0, Orthodox,6.43,0.44,5.61,0.56,0.44,0.33,0.85,0.9,29.0
3906,3906,Yao Zhikui,65.0,125,64.0, Orthodox,1.44,0.21,2.82,0.48,0.66,0.16,0.58,0.0,33.0
3907,3907,Hiromitsu Miura,69.0,170,71.0, Orthodox,2.12,0.34,2.12,0.58,2.23,0.5,0.69,0.6,42.0
3908,3908,Francisco Trevino,69.0,155,70.0, Orthodox,2.65,0.42,2.42,0.64,0.97,0.22,0.41,0.0,42.0
3909,3909,Islam Makhachev,70.0,155,70.0, Southpaw,2.46,0.6,1.27,0.61,3.17,0.6,0.9,1.0,32.0
3910,3910,Joe Merritt,72.0,170,73.0, Orthodox,1.53,0.58,0.73,0.66,0.0,0.0,0.68,0.0,40.0
3911,3911,Eddie Mendez,70.0,185,77.0,,1.71,0.33,3.43,0.11,0.0,0.0,0.0,0.0,40.0
3912,3912,Hu Yaozong,75.0,185,72.0, Orthodox,3.35,0.48,5.09,0.35,0.0,0.0,0.33,0.4,29.0
3913,3913,Raphael Assuncao,65.0,135,66.0, Orthodox,3.22,0.42,2.5,0.66,1.65,0.39,0.78,0.2,41.0
3914,3914,Ion Cherdivara,,205,,,0.0,0.0,0.0,0.0,0.0,0.0,0.0,0.0,
3915,3915,Marcelo Guimaraes,72.0,185,73.0, Orthodox,4.67,0.51,4.41,0.62,1.99,0.13,0.0,0.0,40.0
3916,3916,Callan Potter,72.0,170,72.0, Orthodox,3.18,0.5,4.72,0.58,3.29,0.66,1.0,0.0,39.0
3917,3917,Emily Whitmire,65.0,125,63.0, Orthodox,2.5,0.31,2.98,0.54,1.9,0.66,0.7,0.5,33.0
3918,3918,Diego Brandao,67.0,145,64.0, Orthodox,2.94,0.47,3.38,0.62,3.21,0.68,0.8,0.6,36.0
3919,3919,Peter Petties,71.0,145,72.0, Southpaw,2.61,0.29,8.24,0.48,0.0,0.0,0.0,0.0,33.0
3920,3920,Galore Bofando,71.0,170,72.0, Switch,3.63,0.45,3.63,0.54,2.37,1.0,0.5,0.0,42.0
3921,3921,Seth Baczynski,75.0,170,75.0, Orthodox,3.08,0.31,3.14,0.51,0.89,0.16,0.48,0.8,42.0
3922,3922,Akira Corassani,68.0,145,68.0, Orthodox,3.25,0.45,4.91,0.5,0.7,0.28,0.86,0.0,41.0
3923,3923,Loopy Godinez,62.0,115,61.0, Orthodox,4.13,0.48,3.58,0.63,3.04,0.46,0.84,1.0,30.0
3924,3924,James Lee,71.0,205,72.0, Southpaw,1.4,0.42,3.72,0.27,13.95,0.5,0.0,7.0,50.0
3925,3925,Darrick Minner,67.0,145,69.0, Orthodox,2.63,0.65,2.28,0.35,2.4,0.72,0.66,2.7,34.0
3926,3926,Joe Solecki,69.0,155,70.0, Orthodox,2.21,0.56,1.53,0.52,2.65,0.5,0.5,1.5,30.0
3927,3927,Osamu Tachihikari,77.0,300,, Orthodox,0.0,0.0,0.0,0.0,0.0,0.0,0.0,0.0,
3928,3928,Carlos Huachin,64.0,135,67.0, Southpaw,2.1,0.21,4.8,0.5,0.0,0.0,0.66,0.0,27.0
3929,3929,Cory Hendricks,75.0,205,73.0, Switch,3.13,0.39,4.07,0.42,0.0,0.0,1.0,0.0,36.0
3930,3930,Kimo Leopoldo,75.0,235,77.0, Orthodox,0.76,0.83,2.12,0.3,4.55,1.0,0.0,2.3,56.0
3931,3931,Craig Zellner,74.0,205,75.0, Orthodox,0.61,0.09,4.65,0.61,0.0,0.0,0.0,0.0,47.0
3932,3932,Lucas Alexander,71.0,145,73.0, Orthodox,5.23,0.55,1.83,0.71,0.0,0.0,0.57,0.0,28.0
3933,3933,Alexandre Ferreira,67.0,205,69.0, Orthodox,2.57,0.6,8.14,0.42,0.0,0.0,0.0,0.0,45.0
3934,3934,Renee Forte,67.0,155,71.0, Orthodox,2.08,0.32,2.12,0.63,2.32,0.58,0.66,0.0,37.0
3935,3935,Gesias Cavalcante,68.0,155,71.0, Orthodox,1.98,0.35,3.11,0.51,1.25,0.36,0.66,1.1,40.0
3936,3936,TJ Waldburger,71.0,170,75.0, Orthodox,2.02,0.51,2.39,0.4,3.03,0.46,0.4,4.8,36.0
3937,3937,Adam Milstead,75.0,205,76.0, Orthodox,3.85,0.46,4.79,0.43,0.0,0.0,0.64,0.0,36.0
3938,3938,David Roberts,73.0,170,, Orthodox,0.0,0.0,0.0,0.0,0.0,0.0,0.0,0.0,48.0
3939,3939,Steven Graham,73.0,290,, Orthodox,0.0,0.0,0.0,0.0,0.0,0.0,0.0,0.0,
3940,3940,Greg Scott,69.0,145,70.0,,3.9,0.55,7.79,0.37,11.69,1.0,0.0,0.0,
3941,3941,Ben Saunders,74.0,170,77.0, Orthodox,3.23,0.5,3.58,0.51,0.2,0.4,0.66,1.3,41.0
3942,3942,Matt Hughes,69.0,170,73.0, Switch,2.14,0.53,1.36,0.53,2.95,0.5,0.35,1.2,50.0
3943,3943,Armando Villarreal,67.0,135,66.0, Southpaw,3.23,0.55,4.3,0.52,3.23,0.25,0.0,0.0,34.0
3944,3944,Cristiane Justino,68.0,145,68.0, Orthodox,7.28,0.52,2.25,0.64,0.66,0.55,0.94,0.4,38.0
3945,3945,Jason Von Flue,72.0,170,73.0, Orthodox,1.89,0.36,3.23,0.52,0.62,0.16,0.58,1.5,48.0
3946,3946,Chico Camus,66.0,125,66.0, Orthodox,2.58,0.41,2.46,0.64,0.77,0.4,0.72,0.4,39.0
3947,3947,Hugh Pulley,72.0,155,76.0,,4.47,0.63,3.27,0.57,4.0,0.66,0.69,0.0,
3948,3948,Jorge Rivera,73.0,185,73.0, Orthodox,3.16,0.48,2.64,0.54,0.84,0.5,0.63,0.1,52.0
3949,3949,Jared Rosholt,74.0,265,75.0, Orthodox,2.08,0.46,1.52,0.59,1.83,0.41,0.66,0.1,37.0
3950,3950,Fernando Bettega,,170,,,0.0,0.0,0.0,0.0,0.0,0.0,0.0,0.0,44.0
3951,3951,Sean Lally,72.0,170,75.0, Orthodox,5.34,0.39,7.23,0.3,0.0,0.0,0.0,0.0,33.0
3952,3952,Paulo Santos,, --,,,0.0,0.0,0.0,0.0,0.0,0.0,0.0,0.0,
3953,3953,Emmanuel Yarborough,80.0,770,, Open Stance,0.0,0.0,0.0,0.0,0.0,0.0,0.0,0.0,63.0
3954,3954,Hayato Sakurai,67.0,168,69.0, Orthodox,2.45,0.49,1.94,0.59,1.87,0.69,0.56,0.3,48.0
3955,3955,Ruan Potts,74.0,247,75.0, Orthodox,0.85,0.37,5.92,0.22,0.75,0.16,0.33,2.3,46.0
3956,3956,Mairbek Taisumov,69.0,155,73.0, Orthodox,2.98,0.39,3.03,0.64,1.34,0.63,0.88,0.0,35.0
3957,3957,Alex Dunworth,68.0,155,68.0,,1.94,0.31,8.71,0.35,0.0,0.0,0.5,0.0,
3958,3958,Mateus Mendonca,66.0,125,71.0, Orthodox,1.66,0.4,4.14,0.3,2.54,0.27,0.55,0.4,25.0
3959,3959,Zhang Mingyang,74.0,205,75.0, Orthodox,9.23,0.57,6.39,0.57,0.0,0.0,0.0,0.0,25.0
3960,3960,Kier Gooch,,155,,,0.0,0.0,0.0,0.0,0.0,0.0,0.0,0.0,38.0
3961,3961,Louis Gaudinot,63.0,125,63.0, Orthodox,2.34,0.37,6.42,0.48,0.57,0.4,0.31,1.1,39.0
3962,3962,Miguel Linares,, --,,,6.51,0.5,8.84,0.36,0.0,0.0,0.0,0.0,
3963,3963,Francis Carmont,75.0,205,78.0, Orthodox,2.22,0.42,1.64,0.59,1.79,0.36,0.73,0.6,42.0
3964,3964,Dan Argueta,67.0,135,68.0, Southpaw,2.18,0.45,1.9,0.51,4.45,0.48,0.57,1.6,30.0
3965,3965,Merritt Warren,70.0,155,, Southpaw,0.0,0.0,0.0,0.0,0.0,0.0,0.0,0.0,
3966,3966,Cain Carrizosa,68.0,155,74.0, Orthodox,2.72,0.42,5.8,0.51,0.0,0.0,0.14,0.0,37.0
3967,3967,Rashad Coulter,71.0,205,76.0, Orthodox,4.82,0.56,6.68,0.5,0.0,0.0,0.62,0.0,42.0
3968,3968,Jeff Bedard,66.0,145,68.0, Orthodox,0.8,0.51,0.0,1.0,3.43,0.66,1.0,2.6,54.0
3969,3969,Masuto Kawana,66.0,145,69.0, Orthodox,0.0,0.0,0.0,0.0,0.0,0.0,0.0,0.0,29.0
3970,3970,Sanford Alton Meeks,77.0,265,75.0, Orthodox,0.71,0.42,4.47,0.38,7.06,0.25,0.0,0.0,30.0
3971,3971,Andrews Nakahara,73.0,185,75.0, Orthodox,2.68,0.44,1.9,0.57,0.0,0.0,0.72,0.4,41.0
3972,3972,Preston Parsons,71.0,170,71.0, Orthodox,3.83,0.55,3.18,0.51,4.3,0.43,0.8,3.1,28.0
3973,3973,Fredson Paixao,66.0,145,66.0, Orthodox,1.71,0.54,2.31,0.62,0.62,0.11,0.1,2.2,45.0
3974,3974,Justin Gonzales,69.0,145,72.0, Orthodox,6.67,0.8,0.87,0.43,14.0,0.73,1.0,0.0,33.0
3975,3975,Dominik Humburger,,185,,,0.0,0.0,0.0,0.0,0.0,0.0,0.0,0.0,28.0
3976,3976,Ricardo Arona,71.0,205,72.0, Orthodox,1.66,0.48,1.15,0.57,2.41,0.48,0.58,1.2,45.0
3977,3977,Alberta Cerra Leon,68.0,238,,,0.0,0.0,0.0,0.0,0.0,0.0,0.0,0.0,
3978,3978,Noe Hernandez,, --,, Orthodox,0.0,0.0,0.0,0.0,0.0,0.0,0.0,0.0,
3979,3979,Marc Cofer,,185,,,0.0,0.0,0.0,0.0,0.0,0.0,0.0,0.0,52.0
3980,3980,Calvin Kattar,71.0,145,72.0, Orthodox,4.76,0.39,6.75,0.54,0.39,0.29,0.72,0.1,36.0
3981,3981,Daniel Puder,75.0,235,76.0, Orthodox,2.77,0.68,1.17,0.38,1.21,0.5,0.81,9.0,42.0
3982,3982,Neal Ewing,73.0,185,76.0,,2.27,0.6,1.93,0.48,5.0,0.62,0.0,0.0,38.0
3983,3983,MinWoo Kim,68.0,135,72.0, Orthodox,0.0,0.0,0.0,0.0,0.0,0.0,0.0,0.0,30.0
3984,3984,Takashi Sato,70.0,170,73.0, Southpaw,2.21,0.41,3.73,0.44,0.76,0.37,0.6,0.0,33.0
3985,3985,Jason Saggo,71.0,155,71.0, Orthodox,2.5,0.39,2.94,0.52,2.33,0.4,0.23,0.0,38.0
3986,3986,Alexander Volkanovski,66.0,145,71.0, Orthodox,6.16,0.56,3.44,0.58,1.78,0.37,0.7,0.2,35.0
3987,3987,Bogdan Guskov,75.0,205,76.0, Orthodox,3.13,0.48,3.7,0.47,0.0,0.0,0.66,0.0,31.0
3988,3988,Rafael Carvalho,75.0,185,78.0,,1.94,0.5,1.84,0.54,2.77,0.4,0.7,0.0,37.0
3989,3989,Mike Grundy,67.0,145,72.0, Orthodox,2.09,0.45,4.45,0.56,4.06,0.28,0.5,0.4,37.0
3990,3990,Alvin Cacdac,66.0,125,68.0, Orthodox,1.21,0.66,0.61,0.0,0.0,0.0,0.0,0.0,
3991,3991,Doug Evans,69.0,155,70.0, Orthodox,1.79,0.35,2.55,0.55,3.19,0.83,0.69,0.6,43.0
3992,3992,Ron Keslar,72.0,185,74.0,,0.0,0.0,2.05,0.6,0.0,0.0,1.0,7.7,
3993,3993,JungHyun Lee,65.0,125,65.0, Orthodox,4.27,0.39,6.2,0.38,0.0,0.0,0.64,0.0,21.0
3994,3994,Ronnie Lawrence,68.0,135,68.0, Switch,2.78,0.56,1.75,0.52,6.75,0.77,0.45,0.2,31.0
3995,3995,Jacob Volkmann,69.0,155,71.0, Southpaw,1.19,0.34,1.78,0.52,3.19,0.48,0.52,2.0,43.0
3996,3996,Jordan Williams,73.0,185,75.0, Southpaw,5.83,0.5,5.46,0.35,1.11,0.5,0.85,0.0,33.0
3997,3997,Alan Omer,70.0,145,71.0, Orthodox,3.49,0.55,2.21,0.64,1.69,0.42,0.66,0.0,35.0
3998,3998,Mehdi Baghdad,73.0,155,75.0, Orthodox,3.13,0.3,4.56,0.46,0.0,0.0,0.33,0.0,39.0
3999,3999,Alan Gomez,,155,,,0.0,0.0,0.0,0.0,0.0,0.0,0.0,0.0,
4000,4000,Harry Moskowitz,77.0,275,, Orthodox,0.0,0.0,0.0,0.0,0.0,0.0,0.0,0.0,
4001,4001,Ildemar Alcantara,74.0,185,78.0, Orthodox,1.93,0.38,2.63,0.5,2.0,0.68,0.81,0.9,41.0
4002,4002,Yosdenis Cedeno,68.0,155,69.0, Orthodox,1.64,0.29,1.6,0.67,0.0,0.0,0.31,0.3,39.0
4003,4003,Allan Goes,72.0,205,73.0, Orthodox,0.64,0.52,1.35,0.41,1.75,0.4,0.0,2.6,53.0
4004,4004,Mizuki,63.0,115,65.0, Orthodox,4.56,0.5,5.62,0.48,0.33,0.14,0.85,0.0,29.0
4005,4005,Thiago Silva,74.0,205,74.0, Orthodox,3.92,0.5,2.55,0.67,1.03,0.47,0.7,0.7,41.0
4006,4006,Ray Seraille,75.0,246,76.0,,5.29,0.27,17.65,0.41,0.0,0.0,0.0,0.0,
4007,4007,Ryan Parker,75.0,235,, Southpaw,0.0,0.0,0.0,0.0,0.0,0.0,0.0,0.0,
4008,4008,Bobby Cooper,73.0,155,72.0,,2.87,0.25,3.4,0.59,0.0,0.0,0.4,1.0,
4009,4009,Egan Inoue,69.0,190,71.0, Southpaw,1.66,0.36,3.31,0.57,0.0,0.0,0.0,0.0,58.0
4010,4010,Sergey Khandozhko,73.0,170,74.0, Orthodox,3.41,0.41,2.37,0.6,0.76,0.28,0.61,0.0,32.0
4011,4011,Muhammad Naimov,69.0,145,70.0, Orthodox,3.33,0.46,4.57,0.41,1.94,0.33,0.57,0.0,29.0
4012,4012,Emiliano Sordi,74.0,205,, Orthodox,4.79,0.5,4.79,0.48,0.0,0.0,1.0,8.3,33.0
4013,4013,Shannon Gugerty,70.0,155,71.0, Orthodox,1.25,0.39,1.88,0.58,2.13,0.27,0.5,3.4,42.0
4014,4014,Evan Dunham,70.0,155,70.0, Southpaw,5.33,0.39,3.54,0.61,1.82,0.33,0.79,1.0,42.0
4015,4015,Dustin Jacoby,75.0,205,76.0, Orthodox,5.53,0.47,4.07,0.57,0.36,0.25,0.6,0.0,36.0
4016,4016,Nate Smith,66.0,125,69.0, Switch,1.28,0.38,2.04,0.35,0.0,0.0,0.33,2.3,29.0
4017,4017,Thomas Almeida,67.0,145,70.0, Southpaw,4.84,0.43,4.93,0.61,0.17,0.14,0.75,0.0,32.0
4018,4018,Roxanne Modafferi,67.0,125,69.0, Orthodox,3.35,0.3,5.7,0.51,1.35,0.23,0.3,0.1,41.0
4019,4019,Marlon Vera,68.0,135,70.0, Switch,4.31,0.49,5.48,0.5,0.53,0.39,0.7,0.9,31.0
4020,4020,Nicolle Caliari,,125,,,0.0,0.0,0.0,0.0,0.0,0.0,0.0,0.0,27.0
4021,4021,Jamie Yager,73.0,185,73.0, Orthodox,3.08,0.39,2.55,0.63,0.0,0.0,0.66,0.0,40.0
4022,4022,Hyder Amil,69.0,145,70.0, Switch,4.73,0.54,2.16,0.61,0.68,0.33,0.78,2.0,33.0
4023,4023,Donny Walker,69.0,135,71.0,,1.81,0.37,3.85,0.46,0.0,0.0,0.57,1.7,44.0
4024,4024,Tatsuya Kawajiri,67.0,145,69.0, Orthodox,2.04,0.44,2.01,0.5,3.63,0.48,0.63,1.1,46.0
4025,4025,Liana Jojua,64.0,125,62.0, Orthodox,2.42,0.3,5.32,0.54,1.71,0.66,0.5,1.3,29.0
4026,4026,Keith Jardine,74.0,185,76.0, Orthodox,3.25,0.36,2.98,0.59,1.18,0.45,0.62,0.7,48.0
4027,4027,Shane Primm,75.0,205,77.0, Orthodox,0.83,0.26,2.25,0.62,1.78,0.2,0.0,0.0,39.0
4028,4028,Takashi Sugiura,71.0,225,73.0, Southpaw,1.37,0.4,2.08,0.53,1.33,0.66,0.0,0.0,53.0
4029,4029,Brady Hiestand,68.0,135,71.0, Orthodox,2.93,0.52,3.65,0.53,4.06,0.46,0.42,0.3,25.0
4030,4030,Igor Araujo,73.0,170,77.0, Orthodox,1.52,0.42,2.86,0.49,0.86,0.15,0.22,0.6,43.0
4031,4031,Bubba Pugh,70.0,185,71.0,,2.87,0.67,2.6,0.23,4.0,0.57,0.8,0.0,
4032,4032,Iliarde Santos,65.0,125,67.0, Orthodox,3.0,0.3,6.1,0.57,1.66,0.23,0.83,0.0,43.0
4033,4033,Billy Ray Goff,70.0,170,72.0, Switch,8.56,0.46,5.71,0.59,2.01,0.17,1.0,0.0,25.0
4034,4034,Deividas Taurosevicius,69.0,145,68.0, Southpaw,2.13,0.43,1.82,0.59,2.0,0.28,0.5,0.3,46.0
4035,4035,JJ Ambrose,70.0,170,70.0, Orthodox,3.16,0.69,6.32,0.33,0.0,0.0,0.5,0.0,
4036,4036,Richard Dalton,73.0,205,74.0, Orthodox,1.2,0.69,3.27,0.25,1.0,0.11,0.0,0.0,
4037,4037,Nick Pica,70.0,185,,,0.0,0.0,0.0,0.0,0.0,0.0,0.0,0.0,
4038,4038,Scott Harper,72.0,185,73.0, Orthodox,1.3,0.54,4.98,0.47,3.25,1.0,0.0,0.0,52.0
4039,4039,Tamires Vidal,66.0,135,68.0, Orthodox,3.2,0.55,3.9,0.54,0.0,0.0,0.28,1.0,25.0
4040,4040,Junior Tafa,75.0,240,75.0, Orthodox,1.81,0.4,1.86,0.5,0.0,0.0,0.81,0.0,27.0
4041,4041,Amir Sadollah,70.0,170,75.0, Orthodox,4.71,0.46,3.55,0.6,0.57,0.27,0.6,0.3,43.0
4042,4042,Jessica Eye,66.0,125,66.0, Orthodox,3.86,0.37,4.19,0.55,0.58,0.4,0.57,0.5,37.0
4043,4043,Bruno Santos,69.0,185,73.0, Orthodox,1.18,0.46,2.27,0.56,3.0,0.37,0.66,0.3,36.0
4044,4044,Serhiy Sidey,71.0,135,72.0, Switch,5.16,0.35,4.19,0.56,0.0,0.0,0.0,0.0,27.0
4045,4045,Magomed Sultanakhmedov,74.0,185,72.0, Southpaw,0.0,0.0,2.4,0.42,9.0,1.0,0.0,9.0,
4046,4046,Din Thomas,69.0,155,75.0, Orthodox,1.85,0.37,2.6,0.59,1.38,0.52,0.76,1.2,47.0
4047,4047,Andy Uhrich,72.0,170,,,0.0,0.0,0.0,0.0,0.0,0.0,0.0,0.0,
4048,4048,Victor Reyna,71.0,170,74.0, Southpaw,5.8,0.63,4.75,0.42,0.0,0.0,1.0,0.0,37.0
4049,4049,Marcus Davis,70.0,170,70.0, Southpaw,2.72,0.39,2.79,0.65,1.6,0.48,0.47,1.4,50.0
4050,4050,Martin Buday,76.0,265,77.0, Orthodox,5.17,0.52,5.7,0.54,0.26,0.25,1.0,0.3,32.0
4051,4051,Garett Whiteley,72.0,155,72.0, Orthodox,3.72,0.48,4.04,0.46,0.0,0.0,0.27,0.9,43.0
4052,4052,Meng Ding,,170,,,0.0,0.0,0.0,0.0,0.0,0.0,0.0,0.0,29.0
4053,4053,Ernest Chavez,68.0,145,70.0, Orthodox,2.79,0.4,3.89,0.59,0.89,0.33,0.5,0.0,40.0
4054,4054,Jeff Joslin,72.0,170,73.0, Orthodox,2.17,0.39,1.57,0.65,0.5,0.33,0.64,0.5,49.0
4055,4055,Shannon Clark,,125,,,0.0,0.0,0.0,0.0,0.0,0.0,0.0,0.0,31.0
4056,4056,Josh Thomson,70.0,155,71.0, Orthodox,2.59,0.47,2.12,0.64,1.92,0.39,0.54,1.3,45.0
4057,4057,Tyson Griffin,66.0,145,68.0, Orthodox,3.71,0.41,2.3,0.65,1.87,0.46,0.59,0.9,40.0
4058,4058,Thomas Ramirez,73.0,410,, Sideways,0.0,0.0,0.0,0.0,0.0,0.0,0.0,0.0,
4059,4059,Ashe Bowman,69.0,155,70.0,,2.43,0.42,4.86,0.57,0.0,0.0,0.0,0.0,47.0
4060,4060,Andrew Sanchez,73.0,185,74.0, Orthodox,4.3,0.43,5.1,0.5,2.55,0.36,1.0,0.0,36.0
4061,4061,Eddie Gordon,72.0,185,76.0, Orthodox,2.03,0.32,2.57,0.6,1.93,0.83,0.63,0.0,40.0
4062,4062,Spencer Hearns,71.0,185,,,0.0,0.0,0.0,0.0,0.0,0.0,0.0,0.0,
4063,4063,Albert Duraev,71.0,185,75.0, Orthodox,2.99,0.4,3.01,0.59,1.97,0.29,0.66,0.6,35.0
4064,4064,Daniel Pineda,67.0,145,69.0, Orthodox,3.09,0.49,3.18,0.46,1.71,0.25,0.48,1.7,38.0
4065,4065,Irina Alekseeva,68.0,135,67.0, Orthodox,3.84,0.43,3.55,0.48,0.87,0.2,1.0,0.9,33.0
4066,4066,Elise Reed,63.0,115,63.0, Orthodox,2.66,0.49,3.06,0.52,0.58,0.6,0.42,0.0,31.0
4067,4067,Kuniyoshi Hironaka,70.0,168,70.0, Orthodox,1.98,0.4,3.01,0.54,1.91,0.3,0.25,0.6,47.0
4068,4068,Amir Aliakbari,75.0,250,,,0.0,0.0,0.0,0.0,0.0,0.0,0.0,0.0,39.0
4069,4069,Darryl Cobb,69.0,185,,,0.0,0.0,0.0,0.0,0.0,0.0,0.0,0.0,43.0
4070,4070,Chelsea Chandler,68.0,135,68.0, Southpaw,3.45,0.45,3.09,0.49,1.31,0.6,0.33,0.0,33.0
4071,4071,Garrett Gross,69.0,155,69.0, Orthodox,2.39,0.45,1.67,0.46,0.0,0.0,0.52,0.0,35.0
4072,4072,Yoshihiro Akiyama,70.0,170,75.0, Orthodox,3.1,0.41,3.62,0.57,2.29,0.67,0.92,1.0,48.0
4073,4073,Dan Lauzon,70.0,155,72.0, Orthodox,1.34,0.25,4.09,0.61,1.63,0.33,0.8,2.7,36.0
4074,4074,Ivan Valenzuela,74.0,185,77.0, Orthodox,0.0,0.0,9.6,0.33,0.0,0.0,0.0,0.0,31.0
4075,4075,Timur Valiev,66.0,135,67.0, Orthodox,5.19,0.53,3.33,0.45,1.73,0.4,0.55,0.3,34.0
4076,4076,Karolina Kowalkiewicz,63.0,115,64.0, Orthodox,5.71,0.43,5.55,0.58,0.34,0.23,0.73,0.2,38.0
4077,4077,Angga,67.0,145,68.0, Orthodox,3.56,0.38,3.77,0.53,0.0,0.0,0.33,0.0,35.0
4078,4078,Quillan Salkilld,72.0,155,76.0, Orthodox,0.0,0.0,0.0,0.0,0.0,0.0,0.0,0.0,24.0
4079,4079,Alen Amedovski,70.0,185,74.0, Orthodox,0.99,0.3,3.85,0.46,0.0,0.0,0.0,0.0,36.0
4080,4080,Rogerio Nogueira,74.0,205,75.0, Southpaw,2.43,0.35,2.34,0.59,0.64,0.44,0.62,0.8,47.0
4081,4081,Sean Spencer,70.0,170,74.0, Orthodox,4.24,0.32,4.02,0.6,0.14,0.33,0.68,0.0,36.0
4082,4082,Joe Cason,75.0,205,76.0,,4.17,0.55,10.83,0.23,0.0,0.0,0.0,0.0,36.0
4083,4083,Jake Matthews,71.0,170,73.0, Orthodox,3.3,0.45,2.56,0.6,1.59,0.4,0.62,0.6,29.0
4084,4084,Edgar Cardenas,,145,,,0.0,0.0,0.0,0.0,0.0,0.0,0.0,0.0,
4085,4085,Marina Rodriguez,66.0,115,65.0, Orthodox,4.82,0.47,3.12,0.55,0.23,0.42,0.65,0.2,37.0
4086,4086,Aaron Rosa,76.0,205,77.0, Orthodox,4.03,0.47,4.41,0.45,0.36,0.33,0.85,0.4,40.0
4087,4087,Brent Primus,70.0,155,73.0,,1.73,0.39,2.27,0.59,5.0,0.38,0.0,2.0,39.0
4088,4088,Justin Ledet,76.0,205,80.0, Orthodox,3.35,0.39,4.82,0.49,0.23,0.5,0.42,0.2,35.0
4089,4089,John Gunther,69.0,155,72.0, Orthodox,1.65,0.37,3.72,0.46,7.08,0.42,0.0,0.0,38.0
4090,4090,Darian Weeks,71.0,170,72.0, Orthodox,4.49,0.51,4.56,0.51,2.0,0.3,1.0,0.0,30.0
4091,4091,Taylor Lapilus,66.0,135,73.0, Southpaw,3.91,0.46,2.37,0.61,0.37,0.4,0.77,0.4,32.0
4092,4092,Pete Spratt,69.0,170,71.0, Orthodox,1.63,0.48,1.33,0.55,0.3,1.0,0.46,0.3,53.0
4093,4093,Drew Brokenshire,, --,,,0.0,0.0,0.0,0.0,0.0,0.0,0.0,0.0,
4094,4094,Ryan McGillivray,71.0,170,73.0,,1.27,0.2,2.2,0.52,0.0,0.0,0.44,0.0,37.0
4095,4095,Liudvik Sholinian,70.0,135,71.0, Orthodox,2.5,0.3,5.67,0.55,0.0,0.0,0.66,0.0,34.0
4096,4096,Dave Dalgliesh,74.0,205,75.0, Orthodox,0.0,0.0,1.85,0.5,0.0,0.0,0.0,0.0,46.0
4097,4097,Donald Cerrone,73.0,155,73.0, Orthodox,4.41,0.46,4.48,0.53,1.16,0.33,0.73,1.2,41.0
4098,4098,Eliot Marshall,74.0,205,77.0, Orthodox,1.93,0.27,2.39,0.67,0.47,0.33,0.79,0.9,43.0
4099,4099,Ivan Lopez,66.0,135,73.0, Southpaw,0.9,0.26,2.24,0.65,0.0,0.0,0.3,0.0,
4100,4100,Francisco Figueiredo,66.0,125,68.0, Southpaw,2.04,0.61,2.59,0.61,2.51,0.75,0.76,0.4,34.0
4101,4101,Vernon White,72.0,205,73.0, Southpaw,2.11,0.38,2.2,0.54,0.88,0.28,0.44,0.0,52.0
4102,4102,Hidehiko Yoshida,71.0,225,73.0, Orthodox,1.05,0.36,1.89,0.62,1.09,0.33,0.71,2.2,54.0
4103,4103,Zhang Tiequan,68.0,155,69.0, Orthodox,1.23,0.36,2.14,0.51,1.95,0.58,0.75,3.4,45.0
4104,4104,Francimar Barroso,73.0,205,75.0, Orthodox,2.77,0.52,3.07,0.59,2.22,0.24,0.83,0.0,44.0
4105,4105,Davi Bittencourt,65.0,135,65.0, Orthodox,4.15,0.66,1.51,0.46,14.15,0.33,0.0,0.0,29.0
4106,4106,Johnny Bedford,70.0,135,71.0, Orthodox,4.53,0.5,1.75,0.63,1.83,0.62,0.62,0.0,41.0
4107,4107,Rama Supandhi,65.0,125,66.0, Southpaw,2.2,0.42,3.53,0.48,1.0,0.11,0.0,0.0,32.0
4108,4108,Rhadi Ferguson,67.0,205,,,0.0,0.0,0.0,0.0,0.0,0.0,0.0,0.0,
4109,4109,Jeremy Larsen,70.0,145,70.0, Orthodox,4.87,0.48,5.75,0.57,2.49,0.33,0.0,0.0,40.0
4110,4110,Bernardo Magalhaes,69.0,155,68.0, Orthodox,1.8,0.27,3.37,0.68,0.0,0.0,0.0,0.5,43.0
4111,4111,Ismail Naurdiev,70.0,170,74.0, Orthodox,3.17,0.52,1.3,0.68,1.25,0.71,0.7,0.2,27.0
4112,4112,Slim Trabelsi,75.0,235,,,0.0,0.0,0.0,0.0,0.0,0.0,0.0,0.0,31.0
4113,4113,Ante Delija,76.0,245,, Orthodox,0.0,0.0,0.0,0.0,0.0,0.0,0.0,0.0,33.0
4114,4114,Fabiano Iha,68.0,155,70.0, Orthodox,1.73,0.47,2.49,0.42,2.88,0.4,0.5,2.9,53.0
4115,4115,Todd Butler,73.0,200,, Southpaw,0.0,0.0,0.0,0.0,0.0,0.0,0.0,0.0,
4116,4116,Kyle Jensen,69.0,170,71.0, Orthodox,0.0,0.0,0.92,0.6,6.92,1.0,0.0,6.9,44.0
4117,4117,Trevin Giles,72.0,170,74.0, Orthodox,3.27,0.55,2.22,0.58,1.19,0.5,0.71,0.3,31.0
4118,4118,Bryan Baker,75.0,185,77.0, Orthodox,1.78,0.52,2.83,0.45,0.44,0.5,0.37,0.9,38.0
4119,4119,Gugun Gusman,67.0,135,68.0, Orthodox,0.88,0.27,6.18,0.41,0.0,0.0,0.33,0.0,34.0
4120,4120,Teila Tuli,72.0,430,, Orthodox,0.0,0.0,0.0,0.0,0.0,0.0,0.0,0.0,54.0
4121,4121,JJ Aldrich,65.0,125,67.0, Southpaw,3.88,0.46,4.38,0.6,0.66,0.23,0.66,0.0,31.0
4122,4122,Bruno Carvalho,68.0,154,71.0,,0.6,0.45,0.93,0.53,0.0,0.0,0.66,4.0,41.0
4123,4123,Yuki Sasaki,74.0,185,73.0, Orthodox,1.09,0.43,1.2,0.57,0.43,1.0,0.66,0.0,47.0
4124,4124,Jonathan Wiezorek,75.0,250,76.0, Southpaw,1.27,0.58,5.47,0.31,1.91,0.2,0.0,0.0,46.0
4125,4125,Jon Jones,76.0,248,84.0, Orthodox,4.29,0.57,2.22,0.64,1.93,0.45,0.95,0.5,36.0
4126,4126,Nissen Osterneck,74.0,185,76.0, Orthodox,3.15,0.58,2.9,0.41,0.63,0.12,0.42,1.3,43.0
4127,4127,Punahele Soriano,71.0,170,72.0, Southpaw,3.96,0.45,4.55,0.48,0.79,0.4,0.33,0.0,31.0
4128,4128,Warlley Alves,71.0,185,72.0, Orthodox,3.04,0.48,3.95,0.5,1.22,0.5,0.62,0.8,33.0
4129,4129,Bendy Casimir,65.0,145,67.0, Southpaw,0.74,0.27,3.42,0.54,0.0,0.0,1.0,0.0,43.0
4130,4130,Trevor Smith,75.0,185,75.0, Orthodox,3.29,0.55,3.31,0.51,1.7,0.32,0.6,0.7,43.0
4131,4131,Everett Sims,77.0,260,77.0, Southpaw,0.81,0.66,2.19,0.3,0.0,0.0,0.42,1.2,35.0
4132,4132,Izabela Badurek,65.0,115,65.0, Orthodox,3.74,0.71,4.9,0.32,1.75,0.12,1.0,0.0,32.0
4133,4133,Corinne Laframboise,,125,,,0.0,0.0,0.0,0.0,0.0,0.0,0.0,0.0,
4134,4134,Ricky Legere Jr.,68.0,170,73.0,,1.07,0.41,1.53,0.6,5.0,0.41,0.0,0.0,
4135,4135,Joe Proctor,70.0,155,72.0, Orthodox,3.39,0.36,3.93,0.59,0.0,0.0,0.7,1.8,38.0
4136,4136,Joe Schilling,75.0,185,76.0,,2.84,0.52,2.64,0.48,0.0,0.0,0.44,0.0,
4137,4137,Israel Giron,68.0,155,,,0.0,0.0,0.0,0.0,0.0,0.0,0.0,0.0,50.0
4138,4138,Bobby Escalante,,130,,,0.0,0.0,0.0,0.0,0.0,0.0,0.0,0.0,
4139,4139,Ian Murphy,73.0,185,71.0, Orthodox,0.0,0.0,1.93,0.3,4.13,1.0,0.0,0.0,38.0
4140,4140,Courtney Buck,70.0,135,74.0, Orthodox,1.49,0.28,3.24,0.54,0.0,0.0,0.33,0.0,42.0
4141,4141,Mark Eddiva,68.0,145,68.0, Orthodox,3.37,0.45,2.98,0.54,1.45,0.22,0.63,0.0,38.0
4142,4142,Roshaun Jones,68.0,135,,,0.0,0.0,0.0,0.0,0.0,0.0,0.0,0.0,
4143,4143,Brian Stann,73.0,205,74.0, Orthodox,3.28,0.42,2.65,0.59,0.12,0.12,0.6,0.3,43.0
4144,4144,Austin Arnett,72.0,145,72.0, Orthodox,4.52,0.41,6.38,0.62,0.44,0.18,0.57,0.2,32.0
4145,4145,Mayra Bueno Silva,66.0,135,66.0, Orthodox,3.84,0.57,4.86,0.53,0.68,0.38,0.68,1.6,32.0
4146,4146,Takanori Gomi,67.0,155,70.0, Southpaw,3.81,0.41,3.52,0.6,1.23,0.65,0.63,0.8,45.0
4147,4147,Viktoriia Dudakova,65.0,125,67.0, Orthodox,3.14,0.52,2.45,0.5,2.45,0.41,0.5,0.0,25.0
4148,4148,Tomoya Miyashita,67.0,139,69.0, Southpaw,1.67,0.65,0.93,0.33,4.0,0.8,0.0,2.0,
4149,4149,Flavio Luiz Moura,71.0,183,73.0, Open Stance,0.67,0.16,0.0,0.0,0.0,0.0,0.0,0.0,
4150,4150,Kemran Lachinov,,170,,,0.0,0.0,0.0,0.0,0.0,0.0,0.0,0.0,
4151,4151,Travis Galbraith,72.0,170,74.0, Orthodox,2.21,0.4,3.45,0.48,1.33,0.25,0.0,1.3,43.0
4152,4152,Bobby Southworth,74.0,205,76.0, Orthodox,0.99,0.39,1.38,0.65,3.98,0.78,0.64,1.3,54.0
4153,4153,Jiniushiyue,66.0,125,68.0, Southpaw,2.86,0.39,1.95,0.61,1.3,0.66,0.8,0.0,23.0
4154,4154,Tony Johnson,73.0,265,74.0,,2.0,0.53,4.73,0.31,2.0,0.22,0.0,0.0,
4155,4155,Eric Shelton,66.0,125,68.0, Orthodox,2.57,0.42,1.88,0.63,2.83,0.51,0.46,0.2,33.0
4156,4156,Lucasz Sudolski,76.0,205,75.0, Orthodox,5.7,0.67,4.89,0.28,0.0,0.0,1.0,0.0,30.0
4157,4157,Rashid Magomedov,69.0,155,70.0, Orthodox,4.4,0.49,3.05,0.54,0.67,0.57,0.89,0.2,39.0
4158,4158,Isi Fitikefu,70.0,205,,,0.0,0.0,0.0,0.0,0.0,0.0,0.0,0.0,
4159,4159,Rex Holman,75.0,205,76.0, Southpaw,2.75,0.34,7.25,0.4,0.0,0.0,1.0,0.0,
4160,4160,Anthony Ruiz,74.0,205,79.0, Orthodox,2.56,0.64,1.67,0.28,1.43,0.31,0.21,0.0,46.0
4161,4161,Mark Hominick,68.0,145,68.0, Orthodox,4.08,0.42,4.18,0.69,0.25,0.66,0.71,0.9,41.0
4162,4162,Demian Maia,73.0,170,72.0, Southpaw,1.8,0.43,2.07,0.63,2.49,0.24,0.61,1.0,46.0
4163,4163,Ashkan Mokhtarian,66.0,125,67.0, Southpaw,1.95,0.43,3.66,0.43,0.54,0.16,0.33,0.0,38.0
4164,4164,Matt Frevola,69.0,155,71.0, Orthodox,3.71,0.42,3.57,0.59,2.59,0.4,0.42,0.9,33.0
4165,4165,Rodney Faverus,72.0,215,74.0, Southpaw,2.3,0.53,1.6,0.54,4.5,1.0,0.25,0.0,
4166,4166,Carlos Mota,64.0,125,69.0, Orthodox,0.8,0.41,1.13,0.54,0.0,0.0,0.5,1.0,29.0
4167,4167,Jeff Cox,70.0,155,69.0, Orthodox,0.56,0.25,1.69,0.33,4.23,0.5,0.8,0.0,55.0
4168,4168,Tatsuro Taira,67.0,125,70.0, Orthodox,3.51,0.71,1.15,0.47,2.12,0.41,0.71,2.4,24.0
4169,4169,Magomed Mustafaev,68.0,155,71.0, Orthodox,2.59,0.58,2.68,0.41,3.31,0.5,0.23,0.4,35.0
4170,4170,Royce Alger,70.0,199,, Orthodox,0.0,0.0,0.0,0.0,0.0,0.0,0.0,0.0,
4171,4171,Alex Nicholson,76.0,185,77.0, Orthodox,4.12,0.43,4.65,0.47,0.0,0.0,0.5,0.5,34.0
4172,4172,Nik Theotikos,,185,, Orthodox,0.0,0.0,5.48,0.19,0.0,0.0,0.0,4.8,
4173,4173,Elves Brener,70.0,155,72.0, Orthodox,4.19,0.47,4.82,0.52,1.59,0.31,0.75,0.0,26.0
4174,4174,Forrest Petz,69.0,170,71.0, Orthodox,2.27,0.29,2.2,0.57,1.3,1.0,0.66,0.0,48.0
4175,4175,Louis Cosce,69.0,170,71.0, Orthodox,4.31,0.45,5.35,0.47,1.04,0.2,0.5,0.5,28.0
4176,4176,Rick Story,69.0,170,71.0, Southpaw,3.8,0.41,2.17,0.62,2.53,0.48,0.63,0.9,39.0
4177,4177,James Bochnovic,76.0,205,81.0, Orthodox,0.65,0.26,3.64,0.21,0.0,0.0,0.0,0.0,35.0
4178,4178,Daniel Cormier,71.0,235,72.0, Orthodox,4.25,0.52,2.92,0.54,1.83,0.44,0.8,0.4,45.0
4179,4179,Emily Fernandez,, --,,,0.0,0.0,0.0,0.0,0.0,0.0,0.0,0.0,
4180,4180,Magnus Cedenblad,77.0,185,79.0, Orthodox,2.38,0.51,3.02,0.4,2.87,0.64,0.66,1.0,42.0
4181,4181,Angelo Trevino,71.0,170,74.0, Switch,5.19,0.54,3.9,0.47,0.0,0.0,1.0,0.0,30.0
4182,4182,Alex White,72.0,155,71.0, Southpaw,3.76,0.42,3.07,0.6,0.92,0.28,0.71,0.5,35.0
4183,4183,Gabriel Arges,,170,,,0.0,0.0,0.0,0.0,0.0,0.0,0.0,0.0,31.0
4184,4184,Abu Azaitar,69.0,185,76.0, Orthodox,4.38,0.43,4.32,0.51,1.0,0.37,0.42,0.0,38.0
