Event,Favorite,Underdog,Winner,odds_delta,delta_height,delta_reach,delta_SLPM,delta_Str Acc,delta_SApm,delta_Str. Def,delta_TD Avg,delta_TD Acc,delta_TD Def,delta_Sub Avg,delta_age
UFC 159 - Jones vs. Sonnen,Jon Jones,Chael Sonnen,Favorite,-7.87,3,11,1.21,0.13,1.12,0.02,-1.88,-0.14,0.28,0.09,-11
UFC 159 - Jones vs. Sonnen,Michael Bisping,Alan Belcher,Favorite,-2.93,-1,0,1.63,-0.03,-0.4,0.06,0.61,0.17,0.07,-0.61,5
UFC 159 - Jones vs. Sonnen,Roy Nelson,Cheick Kongo,Favorite,-1.77,-4,-9,-1.15,-0.21,3.51,-0.09,-1.16,-0.3,0.13,-0.1,-2
UFC 159 - Jones vs. Sonnen,Phil Davis,Vinny Magalhaes,Favorite,-2.19,-1,4,0.71,0.1,-2.64,0.03,1.44,-0.06,0.05,-0.21,0
UFC 159 - Jones vs. Sonnen,Jim Miller,Pat Healy,Underdog,-2,-4,-1,0.42,0.06,0.93,0.06,-1.55,0.07,-0.09,0.59,0
UFC 159 - Jones vs. Sonnen,Rustam Khabilov,Yancy Medeiros,Favorite,-1.86,-2,-2,-2.39,-0.03,-3.51,0.18,3.62,-0.1,-0.12,-0.6,1
UFC 159 - Jones vs. Sonnen,Ovince St Preux,Gian Villante,Favorite,-0.71,0,4,-1.35,0.02,-2.15,-0.09,0.65,0.12,-0.16,0.5,3
UFC 159 - Jones vs. Sonnen,Sara McMann,Sheila Gaff,Favorite,-4.62,1,2,0.65,-0.04,-0.98,0.18,4.38,0.65,0.3,0.5,9
UFC 159 - Jones vs. Sonnen,Johnny Bedford,Bryan Caraway,Underdog,-0.24,2,3,2,0.15,-1.86,0.08,-0.74,0.37,-0.19,-0.8,2
UFC 159 - Jones vs. Sonnen,Leonard Garcia,Cody McKenzie,Underdog,-1.4,-2,-4,1.03,-0.11,2.29,-0.16,-2.21,0.01,0.27,-2,8
UFC 159 - Jones vs. Sonnen,Steven Siler,Kurt Holobaugh,Favorite,-0.11,0,0,-1.17,-0.03,-1.12,0.06,-0.24,-0.15,0.09,0.7,0
UFC on FX 8 - Belfort vs. Rockhold,Vitor Belfort,Luke Rockhold,Favorite,-0.09,-3,-3,-2.51,-0.03,0.14,-0.04,0.32,0.31,-0.12,-0.4,8
UFC on FX 8 - Belfort vs. Rockhold,Ronaldo Souza,Chris Camozzi,Favorite,-4.83,-4,-5,0.16,-0.05,2.34,-0.12,0.23,-0.03,0.03,-0.5,-9
UFC on FX 8 - Belfort vs. Rockhold,Rafael dos Anjos,Evan Dunham,Favorite,-1.41,-2,0,-1.85,0.07,-0.34,-0.02,0.12,0.01,-0.24,-0.4,-3
UFC on FX 8 - Belfort vs. Rockhold,Rafael Natal,Joao Zeferino,Favorite,-2.34,1,8,2.27,0.1,-0.13,0.08,2.04,0.29,0.27,-0.5,3
UFC on FX 8 - Belfort vs. Rockhold,Nik Lentz,Hacran Dias,Favorite,-0.11,0,-1,1.36,0.06,-0.07,-0.06,0.79,-0.08,-0.33,0.7,0
UFC on FX 8 - Belfort vs. Rockhold,Francisco Trinaldo,Mike Rio,Favorite,-2.57,-1,0,1.45,0.06,-0.33,0.06,-1.6,0.14,0.6,-0.5,3
UFC on FX 8 - Belfort vs. Rockhold,Gleison Tibau,John Cholish,Favorite,-1.93,-1,-3,-0.7,-0.18,0.21,-0.1,2.25,0.22,0.14,0.4,0
UFC on FX 8 - Belfort vs. Rockhold,Paulo Thiago,Michel Prazeres,Favorite,-1.19,5,7,-0.67,-0.08,-0.52,0.06,-2.52,-0.05,0.16,0.6,1
UFC on FX 8 - Belfort vs. Rockhold,Yuri Alcantara,Iliarde Santos,Favorite,-4.3,4,4,-0.28,0.15,-3.31,-0.08,-0.22,0.39,-0.23,0.8,0
UFC on FX 8 - Belfort vs. Rockhold,Fabio Maldonado,Roger Hollett,Favorite,-2.07,2,2,3.46,0.1,-2.16,0.19,-0.57,0.28,0.31,0.6,-1
UFC on FX 8 - Belfort vs. Rockhold,Azamat Gashimov,John Lineker,Underdog,-0.23,3,0,-4.12,-0.2,0.48,-0.04,1.12,-0.33,-0.67,-0.6,1
UFC on FX 8 - Belfort vs. Rockhold,Jussier Formiga,Chris Cariaso,Favorite,-0.9,2,3,-1.94,-0.04,0.1,0.03,0.71,-0.05,0.3,-0.21,-3
UFC on FX 8 - Belfort vs. Rockhold,Lucas Martins,Jeremy Larsen,Favorite,-2.52,2,2,-2,-0.13,-1.62,0.03,-2.5,-0.33,0.76,0.5,-5
UFC 160 - Velasquez vs. Bigfoot 2,Cain Velasquez,Antonio Silva,Favorite,-5.59,-3,-5,3.48,0.11,-0.76,0.06,4.3,0.16,0.18,-0.4,-3
UFC 160 - Velasquez vs. Bigfoot 2,Junior dos Santos,Mark Hunt,Favorite,-4,6,5,1.68,0.03,0.43,0.05,-0.22,-0.06,0.17,-0.1,-10
UFC 160 - Velasquez vs. Bigfoot 2,Glover Teixeira,James Te Huna,Favorite,-3.42,0,1,-0.32,-0.03,1.43,-0.11,-0.65,-0.04,0.02,0.7,2
UFC 160 - Velasquez vs. Bigfoot 2,Gray Maynard,T.J. Grant,Underdog,-0.91,-1,-2,-2.04,-0.23,-0.57,0.09,1.28,0.03,0.45,0.09,5
UFC 160 - Velasquez vs. Bigfoot 2,Donald Cerrone,K.J. Noons,Favorite,-2.11,3,3,0.73,0.11,0.7,-0.12,1.07,0.13,0.04,1.2,0
UFC 160 - Velasquez vs. Bigfoot 2,Rick Story,Mike Pyle,Underdog,-0.83,-3,-3,1.05,-0.05,-0.67,0.02,0.72,0.13,-0.07,-0.6,-9
UFC 160 - Velasquez vs. Bigfoot 2,Dennis Bermudez,Max Holloway,Favorite,-2.25,-5,-3,-2.75,-0.02,-1.65,0,3.64,-0.13,-0.03,0.8,5
UFC 160 - Velasquez vs. Bigfoot 2,Colton Smith,Robert Whittaker,Underdog,-1.04,0,-2,-2.94,-0.02,-1.16,-0.08,3.28,-0.03,-0.57,1.4,3
UFC 160 - Velasquez vs. Bigfoot 2,Khabib Nurmagomedov,Abel Trujillo,Favorite,-2.35,2,0,1.44,0.07,-0.57,0.06,3.14,0.02,0.43,0.4,-5
UFC 160 - Velasquez vs. Bigfoot 2,Stephen Thompson,Nah-Shon Burrell,Favorite,-1.02,1,4,-0.72,-0.01,-0.43,-0.03,0.26,0.41,0.13,-0.3,7
UFC 160 - Velasquez vs. Bigfoot 2,Brian Bowles,George Roop,Underdog,-2.3,-6,-2,-1.08,-0.09,0.5,0.04,0.33,0.13,-0.05,1.29,1
UFC 160 - Velasquez vs. Bigfoot 2,Jeremy Stephens,Estevan Payan,Favorite,-1.3,-1,-1,-1.08,-0.02,-0.54,0.01,0.8,-0.62,0.05,0,-5
UFC on Fox 8 - Johnson vs. Moraga,Demetrious Johnson,John Moraga,Favorite,-3.5,-3,0,0.86,0.11,-0.89,0.1,2.73,0.33,0.21,-0.61,-3
UFC on Fox 8 - Johnson vs. Moraga,Rory MacDonald,Jake Ellenberger,Favorite,-1.71,3,5,1.27,0.02,-0.04,0.02,-0.27,0,0.02,0,-5
UFC on Fox 8 - Johnson vs. Moraga,Robbie Lawler,Bobby Voelker,Favorite,-2.86,-1,0,-0.16,0.12,-1.17,0.17,-0.39,0.14,-0.02,0,-3
UFC on Fox 8 - Johnson vs. Moraga,Liz Carmouche,Jessica Andrade,Favorite,-4.55,5,4,-3.85,0.04,-2.87,0.05,0.19,-0.05,-0.07,0,8
UFC on Fox 8 - Johnson vs. Moraga,Jorge Masvidal,Michael Chiesa,Favorite,-2.15,-2,-1,2.17,0.06,1.35,0.09,-1.96,0.08,0.12,-0.7,3
UFC on Fox 8 - Johnson vs. Moraga,Danny Castillo,Tim Means,Favorite,-1.95,-5,-4,-2.52,-0.08,-1.69,0.02,1.79,-0.03,-0.03,0,4
UFC on Fox 8 - Johnson vs. Moraga,Melvin Guillard,Mac Danzig,Favorite,-0.54,1,1,-0.44,-0.08,-1.59,0.09,0.1,0.26,0.14,-0.4,-3
UFC on Fox 8 - Johnson vs. Moraga,Daron Cruickshank,Yves Edwards,Favorite,-1.08,-1,-1,-0.04,-0.04,0.64,-0.1,1.28,-0.13,-0.09,-0.5,-9
UFC on Fox 8 - Johnson vs. Moraga,Ed Herman,Trevor Smith,Favorite,-1.43,-2,2,0.02,-0.08,0.39,-0.1,0.26,0.14,-0.02,0.3,0
UFC on Fox 8 - Johnson vs. Moraga,Germaine de Randamie,Julie Kedzie,Favorite,-1.07,4,6,-0.34,0.1,-1.19,0.19,-1.14,-0.23,-0.13,0.4,-3
UFC on Fox 8 - Johnson vs. Moraga,Justin Salas,Aaron Riley,Favorite,-1.75,0,1,-0.04,0.08,-0.82,0.07,1.25,-0.15,-0.6,-0.1,-1
UFC on Fox 8 - Johnson vs. Moraga,John Albert,Yaotzin Meza,Underdog,-1.83,-1,-3,1.62,0.08,1.19,-0.3,-1.06,-0.2,0.32,4.69,-6
UFC 163 - Aldo vs. Korean Zombie,Jose Aldo,Chan Sung Jung,Favorite,-6.9,0,-2,-0.31,0.05,-0.79,0.07,-0.19,0.09,0.19,-0.5,0
UFC 163 - Aldo vs. Korean Zombie,Phil Davis,Lyoto Machida,Favorite,-2.65,1,5,0.26,-0.19,-0.24,0.1,1.78,-0.27,-0.04,0.19,-6
UFC 163 - Aldo vs. Korean Zombie,Cezar Ferreira,Thiago Santos,Favorite,-3.88,-1,2,-1.83,-0.06,-0.13,0,1.81,0.2,0.18,0.4,-1
UFC 163 - Aldo vs. Korean Zombie,Thales Leites,Tom Watson,Favorite,-0.81,0,5,-1.88,-0.04,-1.42,0.02,1.95,0.2,-0.13,1.1,1
UFC 163 - Aldo vs. Korean Zombie,John Lineker,Jose Maria Tome,Favorite,-3.28,-2,2,2.16,-0.13,0.28,0.04,-1.76,0.3,0.34,-1.7,-9
UFC 163 - Aldo vs. Korean Zombie,Vinny Magalhaes,Anthony Perosh,Underdog,-4.13,0,0,-0.13,-0.19,0.2,0.15,-0.48,0.22,0.33,-0.31,-12
UFC 163 - Aldo vs. Korean Zombie,Amanda Nunes,Sheila Gaff,Favorite,-1.49,3,5,2.95,0.01,-0.27,0.28,2.73,0.54,0.61,0.7,1
UFC 163 - Aldo vs. Korean Zombie,Sergio Moraes,Neil Magny,Favorite,-0.79,-3,-8,-1.06,-0.05,1.31,0.06,-0.97,-0.03,0.2,0.1,5
UFC 163 - Aldo vs. Korean Zombie,Ian McCall,Iliarde Santos,Favorite,-3.83,0,-3,0.58,0.09,-2.85,0.1,0.42,0.06,0.05,0,-3
UFC 163 - Aldo vs. Korean Zombie,Rani Yahya,Josh Clopton,Favorite,-8.04,0,,0.1,-0.26,-0.79,0,0.73,-0.37,-0.46,1.8,-3
UFC 163 - Aldo vs. Korean Zombie,Ednaldo Oliveira,Francimar Barroso,Underdog,-0.57,4,7,-1.74,-0.31,-1.27,-0.07,-2.23,-0.24,-0.41,0,-4
UFC 163 - Aldo vs. Korean Zombie,Viscardi Andrade,Bristol Marunde,Favorite,-1.2,-2,0,1.84,0.21,-1.64,0.16,0.32,0.17,0.52,0.3,-2
UFC Fight Night 26 - Shogun vs. Sonnen,Mauricio Rua,Chael Sonnen,Underdog,-0.88,0,3,0.48,0.07,1.69,-0.08,-1.81,-0.11,-0.18,0.29,-5
UFC Fight Night 26 - Shogun vs. Sonnen,Alistair Overeem,Travis Browne,Underdog,-1.03,-2,1,0.73,0.23,-1.87,0.14,0.2,-0.13,-0.03,0.6,3
UFC Fight Night 26 - Shogun vs. Sonnen,Urijah Faber,Yuri Alcantara,Favorite,-1.58,-3,-4,-0.08,-0.05,-0.21,0.15,0.1,-0.32,-0.03,0,2
UFC Fight Night 26 - Shogun vs. Sonnen,Matt Brown,Mike Pyle,Favorite,-0.5,0,1,1.01,0.1,0.08,-0.05,-0.13,0.11,-0.07,-0.2,-5
UFC Fight Night 26 - Shogun vs. Sonnen,Urijah Hall,John Howard,Underdog,-3.98,5,7,1.08,-0.03,0.77,0.03,-2.16,-0.11,0.1,-0.31,-2
UFC Fight Night 26 - Shogun vs. Sonnen,Joe Lauzon,Michael Johnson,Underdog,-2.18,0,-2,-1.43,0,1.55,-0.03,1.77,0.04,-0.27,2,3
UFC Fight Night 26 - Shogun vs. Sonnen,Michael McDonald,Brad Pickett,Favorite,-2.72,5,4,-3.02,-0.31,-4.23,-0.06,-2.48,-0.44,-0.58,-0.4,14
UFC Fight Night 26 - Shogun vs. Sonnen,Conor McGregor,Max Holloway,Favorite,-2.43,-2,5,-1.85,0.01,-0.06,-0.05,0.42,0.02,-0.18,-0.2,3
UFC Fight Night 26 - Shogun vs. Sonnen,Mike Brown,Steven Siler,Underdog,-1.4,-5,0,-0.23,0.03,-0.51,0.05,2.76,0.19,0.1,-1,11
UFC Fight Night 26 - Shogun vs. Sonnen,Diego Brandao,Daniel Pineda,Favorite,-1.43,0,-5,-0.15,-0.03,0.19,0.15,1.5,0.43,0.32,-1.11,-2
UFC Fight Night 26 - Shogun vs. Sonnen,Manny Gamburyan,Cole Miller,Favorite,-0.51,-8,-6,-0.88,0.07,-1.05,-0.04,2.65,-0.02,0.3,-1.11,3
UFC Fight Night 26 - Shogun vs. Sonnen,Ovince St Preux,Cody Donovan,Favorite,-3.32,0,6,-2.59,-0.12,-2.13,0.01,-0.57,0.07,0.67,-1.2,-2
UFC Fight Night 26 - Shogun vs. Sonnen,Ramsey Nijem,James Vick,Underdog,-1.18,-4,-1,-1.08,0.04,-1.69,0.02,5.06,0.28,-0.02,0.4,-1
UFC 167 - St. Pierre vs. Hendricks,Georges St. Pierre,Johny Hendricks,Favorite,-1.31,2,7,0.28,0.08,-2.6,0.18,0.33,0.27,0.19,0.8,3
UFC 167 - St. Pierre vs. Hendricks,Rashad Evans,Chael Sonnen,Favorite,-1.7,-1,2,-0.94,-0.06,1.31,0.01,-0.83,-0.15,0.06,-0.4,-3
UFC 167 - St. Pierre vs. Hendricks,Rory MacDonald,Robbie Lawler,Underdog,-3.39,1,2,-0.11,-0.05,-1.87,0.03,1.12,-0.18,0.23,0.4,-8
UFC 167 - St. Pierre vs. Hendricks,Tyron Woodley,Josh Koscheck,Favorite,-0.35,-1,1,0.56,0.12,0.48,-0.09,-1.4,-0.08,0.23,0,-4
UFC 167 - St. Pierre vs. Hendricks,Tim Elliott,Ali Bagautinov,Underdog,-0.83,3,1,0.54,0.02,-0.43,0.04,1.22,0.1,-0.07,0.7,-1
UFC 167 - St. Pierre vs. Hendricks,Donald Cerrone,Evan Dunham,Favorite,-0.28,3,3,-0.92,0.07,0.94,-0.08,-0.67,0,-0.07,0.19,-1
UFC 167 - St. Pierre vs. Hendricks,Thales Leites,Ed Herman,Favorite,-1.1,0,1,-1.19,-0.08,-0.72,0.1,0.14,-0.2,-0.29,0.1,-1
UFC 167 - St. Pierre vs. Hendricks,Rick Story,Brian Ebersole,Favorite,-1.52,-3,-2,1.48,-0.09,0.02,0.05,0.82,0.24,0.02,0.8,-4
UFC 167 - St. Pierre vs. Hendricks,Erik Perez,Edwin Figueroa,Favorite,-3.54,1,-1,0.59,0.01,-0.98,0.15,2.96,-0.45,0.31,-0.4,-5
UFC 167 - St. Pierre vs. Hendricks,Jason High,Anthony Lapsley,Favorite,-2.58,-1,0,0.75,0.07,0.98,-0.19,2.36,0.63,0.17,2.8,-2
UFC 167 - St. Pierre vs. Hendricks,Sergio Pettis,Will Campuzano,Favorite,-3.29,-3,-1,1.44,0.06,-0.91,0.08,-0.04,-0.05,0.19,0.2,-7
UFC 167 - St. Pierre vs. Hendricks,Gian Villante,Cody Donovan,Favorite,-2.79,0,2,-1.24,-0.15,0.02,0.1,-1.22,-0.06,0.83,-1.7,-5
UFC - The Ultimate Fighter 18 Finale,Gray Maynard,Nate Diaz,Underdog,-0.31,-3,-6,-2.66,-0.13,-1.13,0.14,1.86,0.17,0.4,-0.61,6
UFC - The Ultimate Fighter 18 Finale,Julianna Pena,Jessica Rakoczy,Favorite,-2.24,-1,1,0.66,0.02,-1.25,-0.15,1.19,0.35,0.23,0,-13
UFC - The Ultimate Fighter 18 Finale,Chris Holdsworth,Davey Grant,Favorite,-1.45,3,2,-2.92,-0.13,-1.88,0.02,2.12,0.21,0.39,1.8,-2
UFC - The Ultimate Fighter 18 Finale,Jessamyn Duke,Peggy Morgan,Favorite,-1.82,-2,2,2.56,0.3,-3.77,0.23,1.27,0.36,0,1.9,-7
UFC - The Ultimate Fighter 18 Finale,Raquel Pennington,Roxanne Modafferi,Favorite,-3.9,0,-2,0.78,0.22,-2.41,0.08,-0.46,0.04,0.33,0.6,-6
UFC - The Ultimate Fighter 18 Finale,Maximo Blanco,Akira Corassani,Underdog,-1.22,0,3,0.86,-0.02,-1.73,0.16,1.15,0.07,-0.23,0.3,-1
UFC - The Ultimate Fighter 18 Finale,Rani Yahya,Tom Niinimaki,Underdog,-0.05,-3,-2,-0.2,-0.17,-0.23,-0.08,-0.25,-0.17,-0.05,1.3,-2
UFC - The Ultimate Fighter 18 Finale,Jared Rosholt,Walt Harris,Favorite,-2.05,-3,-2,-0.97,0.07,-1.81,0.04,1.54,0.12,-0.04,0,-3
UFC - The Ultimate Fighter 18 Finale,Sean Spencer,Drew Dober,Favorite,-1.65,2,4,-0.1,-0.09,-0.22,0.08,-0.57,0.15,0.12,-0.1,1
UFC - The Ultimate Fighter 18 Finale,Josh Sampo,Ryan Benoit,Favorite,-0.18,-1,-4,-0.89,-0.04,-0.69,-0.03,0.78,0.11,-0.32,1.7,5
UFC Fight Night 33 - Hunt vs. Bigfoot,Antonio Silva,Mark Hunt,Underdog,-0.65,6,10,0.08,0.02,0.18,-0.02,0.3,-0.27,0.02,0.6,-6
UFC Fight Night 33 - Hunt vs. Bigfoot,Ryan Bader,Anthony Perosh,Favorite,-4.44,-1,-1,0.54,0,-2.38,0.17,1.34,0.22,0.47,-0.7,-11
UFC Fight Night 33 - Hunt vs. Bigfoot,Pat Barry,Soa Palelei,Underdog,-1.01,-5,-7,0.25,-0.05,0.85,0.1,-2.21,-0.47,0.09,0.2,-2
UFC Fight Night 33 - Hunt vs. Bigfoot,Dylan Andrews,Clint Hester,Underdog,-0.56,-1,-3,-1.15,0.08,-0.72,-0.11,1.81,0.15,-0.04,0.4,7
UFC Fight Night 33 - Hunt vs. Bigfoot,Julie Kedzie,Bethe Correia,Underdog,-0.99,0,1,-1.48,-0.08,-1.75,-0.11,0.74,0.05,-0.07,0,3
UFC Fight Night 33 - Hunt vs. Bigfoot,Takeya Mizugaki,Nam Phan,Favorite,-2.67,1,-1,-1.15,0,-3.28,-0.03,1.28,0.38,0.09,-0.1,-1
UFC Fight Night 33 - Hunt vs. Bigfoot,Nick Ring,Caio Magalhaes,Underdog,-1.28,-1,1,1.25,0.01,0.7,0.05,0.31,0.21,-0.06,-1.3,9
UFC Fight Night 33 - Hunt vs. Bigfoot,Justin Scoggins,Richie Vaculik,Favorite,-2.8,1,-3,-0.13,0.04,-1.93,-0.02,0.41,0.18,0.51,-0.5,-8
UFC Fight Night 33 - Hunt vs. Bigfoot,Bruno Santos,Krzysztof Jotko,Underdog,-1.7,-4,-4,-1.8,0.04,0.04,-0.01,1.67,-0.03,-0.16,0.2,2
UFC Fight Night 33 - Hunt vs. Bigfoot,Alex Garcia,Ben Wall,Favorite,-5.39,-1,-1,0.34,0.02,-5.5,0.3,3.72,0.52,-0.34,0.1,1
UFC 168 - Weidman vs. Silva 2,Anderson Silva,Chris Weidman,Underdog,-1.17,0,-1,-0.14,0.15,-1.18,0.08,-2.94,0.35,0.03,0,10
UFC 168 - Weidman vs. Silva 2,Ronda Rousey,Miesha Tate,Favorite,-5.38,1,1,1.54,0.07,1.15,-0.08,4.24,0.37,-0.06,3.5,0
UFC 168 - Weidman vs. Silva 2,Josh Barnett,Travis Browne,Underdog,-0.61,-3,-1,0.27,0.09,-2.2,0.14,0.05,-0.13,-0.2,1.2,5
UFC 168 - Weidman vs. Silva 2,Jim Miller,Fabricio Camoes,Favorite,-3.5,-2,0,1.7,0.08,1.65,-0.05,-0.81,0.12,0.26,0.19,-5
UFC 168 - Weidman vs. Silva 2,Dustin Poirier,Diego Brandao,Favorite,-1.74,2,8,2.51,0.04,0.98,-0.09,-1.88,-0.33,-0.18,0.8,-1
UFC 168 - Weidman vs. Silva 2,Urijah Hall,Chris Leben,Favorite,-2.58,1,6,0.35,0.06,0.98,0.02,-0.6,-0.03,0.1,-0.7,-4
UFC 168 - Weidman vs. Silva 2,Michael Johnson,Gleison Tibau,Favorite,-0.64,0,2,2.31,0.08,1.32,-0.07,-3.46,-0.13,-0.11,-0.8,-3
UFC 168 - Weidman vs. Silva 2,Dennis Siver,Manny Gamburyan,Favorite,-2.51,1,3,1.74,-0.09,-0.17,0.09,-2.39,-0.03,-0.04,-0.4,2
UFC 168 - Weidman vs. Silva 2,Siyar Bahadurzada,John Howard,Underdog,-0.71,4,1,0.76,-0.1,0.14,-0.03,-1.38,0.12,0.08,-0.11,-1
UFC 168 - Weidman vs. Silva 2,Bobby Voelker,William Macario,Underdog,-0.48,1,-1,-0.92,-0.2,1.88,-0.24,-0.81,0.04,-0.12,0,13
UFC 168 - Weidman vs. Silva 2,Robbie Peralta,Estevan Payan,Favorite,-1.04,-2,-1,-0.5,0.02,-0.61,-0.04,0.23,-0.34,0.05,-0.4,-4
UFC Fight Night 34 - Saffiedine vs. Lim,Tarec Saffiedine,Hyun Gyu Lim,Favorite,-1.64,-5,-7,-0.41,0.06,-2.02,0.1,0.29,-0.64,0.1,-0.1,-2
UFC Fight Night 34 - Saffiedine vs. Lim,Tatsuya Kawajiri,Sean Soriano,Favorite,-0.32,-2,-1,-1.15,-0.17,-0.14,-0.07,2.29,-0.08,0.1,1.1,12
UFC Fight Night 34 - Saffiedine vs. Lim,Luiz Dutra,Kiichi Kunimoto,Underdog,-0.78,1,1,2.04,0.06,0.87,0,-1.59,-0.2,0.72,-0.3,-1
UFC Fight Night 34 - Saffiedine vs. Lim,Kyung Ho Kang,Shunichi Shimizu,Favorite,-2.62,4,6,3.21,0.14,-1.35,0.25,1.87,0.56,0.68,0.8,-3
UFC Fight Night 34 - Saffiedine vs. Lim,Max Holloway,Will Chope,Favorite,-2.03,-5,-7,2.74,0.2,-5.21,0.12,0.25,0.53,0.84,0.3,-1
UFC Fight Night 34 - Saffiedine vs. Lim,Katsunori Kikuno,Quinn Mulhern,Favorite,-1.09,-7,-10,1.16,0.12,0.38,0.09,0.51,0.55,0.43,0.8,3
UFC Fight Night 34 - Saffiedine vs. Lim,Dave Galera,Royston Wee,Underdog,-1.18,4,5,0.56,0.08,-1.93,-0.16,-3.38,-0.81,0.14,2,9
UFC Fight Night 34 - Saffiedine vs. Lim,Mairbek Taisumov,Tae Hyun Bang,Favorite,-2.89,0,2,0.25,0.01,0.96,-0.03,0.85,0.3,0.31,-0.5,-6
UFC Fight Night 34 - Saffiedine vs. Lim,Dustin Kimura,Jon delos Reyes,Favorite,-2.89,1,4,-1.66,-0.17,-0.32,0,-2.27,-0.46,-0.06,0.3,-1
UFC Fight Night 34 - Saffiedine vs. Lim,Leandro Issa,Russell Doane,Underdog,-0.32,0,-1,0.33,-0.04,1.49,0.04,0.27,-0.23,-0.03,0.39,3
UFC Fight Night 35 - Rockhold vs. Philippou,Luke Rockhold,Costas Philippou,Favorite,-3.31,4,4,1.9,0.14,-0.05,-0.02,0.29,-0.13,0,0.7,-5
UFC Fight Night 35 - Rockhold vs. Philippou,Lorenz Larkin,Brad Tavares,Underdog,-1.97,-2,-2,0.14,0.03,-0.41,0.07,-0.51,0.15,-0.03,0.1,1
UFC Fight Night 35 - Rockhold vs. Philippou,T.J. Dillashaw,Mike Easton,Favorite,-2.43,0,-3,1.58,0.03,-0.81,0.01,0.81,0.07,0.1,0.8,-2
UFC Fight Night 35 - Rockhold vs. Philippou,Yoel Romero,Derek Brunson,Favorite,-1.63,-1,-4,-0.07,0.02,0,0.08,-1.57,-0.04,-0.07,-0.6,7
UFC Fight Night 35 - Rockhold vs. Philippou,John Moraga,Dustin Ortiz,Favorite,-2.11,1,1,-0.38,-0.02,0.37,0,-2.39,-0.13,-0.09,1,5
UFC Fight Night 35 - Rockhold vs. Philippou,Cole Miller,Sam Sicilia,Favorite,-0.37,5,6,0.54,0,0.33,0,-0.85,-0.08,-0.32,0.9,2
UFC Fight Night 35 - Rockhold vs. Philippou,Ramsey Nijem,Justin Edwards,Favorite,-0.81,1,5,0.36,0.02,-1.7,0.1,3.18,0.36,0.28,0.1,-5
UFC Fight Night 35 - Rockhold vs. Philippou,Elias Silverio,Isaac Vallie-Flagg,Favorite,-1,3,3,-1.89,0.02,-2.63,0.06,1.42,0.26,0.27,0.2,-9
UFC Fight Night 35 - Rockhold vs. Philippou,Brian Houston,Trevor Smith,Underdog,-0.51,-1,3,-1.39,-0.21,0.35,0.02,-0.75,0.68,0.27,-0.7,0
UFC Fight Night 35 - Rockhold vs. Philippou,Alptekin Ozkilic,Louis Smolka,Underdog,-2.38,-4,-3,-0.86,-0.15,1.6,0.05,2.52,0.23,0.43,-1.8,6
UFC Fight Night 35 - Rockhold vs. Philippou,Vinc Pichel,Garett Whiteley,Favorite,-0.72,-2,0,-0.11,-0.02,-1,0.09,2.78,0.54,-0.03,-0.7,-2
UFC Fight Night 35 - Rockhold vs. Philippou,Charlie Brenneman,Beneil Dariush,Underdog,-1.24,0,-2,-2.26,0.08,-1.1,-0.11,2.33,0.07,-0.09,-0.9,8
UFC on Fox 10 - Henderson vs. Thomson,Benson Henderson,Josh Thomson,Favorite,-2.44,-1,-1,0.34,-0.02,-0.34,-0.02,0.48,0.06,0.08,-0.5,-5
UFC on Fox 10 - Henderson vs. Thomson,Stipe Miocic,Gabriel Gonzaga,Favorite,-2.2,2,4,2.7,0.08,0.87,-0.03,-0.94,-0.05,0.02,-1.11,-4
UFC on Fox 10 - Henderson vs. Thomson,Donald Cerrone,Adriano Martins,Favorite,-1.03,3,1,2.61,0.08,2.34,-0.12,0.32,-0.47,-0.09,0.8,0
UFC on Fox 10 - Henderson vs. Thomson,Jeremy Stephens,Darren Elkins,Favorite,-0.27,-1,0,-0.27,0.02,-0.23,0.05,-1.7,0.03,0.08,-0.7,-3
UFC on Fox 10 - Henderson vs. Thomson,Sergio Pettis,Alex Caceres,Underdog,-1.36,-4,-4,-0.34,-0.12,-0.18,0.03,0.3,-0.29,0.03,-0.3,-5
UFC on Fox 10 - Henderson vs. Thomson,Eddie Wineland,Yves Jabouin,Favorite,-4.02,0,1,0.33,-0.12,0.82,0.06,-1.6,-0.27,0.04,0,-5
UFC on Fox 10 - Henderson vs. Thomson,Chico Camus,Yaotzin Meza,Favorite,-1.26,-3,-5,1.15,0,0.83,0,-0.3,0.2,0.54,-1,-4
UFC on Fox 10 - Henderson vs. Thomson,Hugo Viana,Ramiro Hernandez,Favorite,-2.62,-3,-3,0.32,0.09,-2.31,-0.08,0.22,0.06,0.5,0,4
UFC on Fox 10 - Henderson vs. Thomson,Daron Cruickshank,Mike Rio,Favorite,-1.82,-2,2,1.2,-0.02,-0.02,0.03,-0.54,0.13,0.6,-0.8,-4
UFC on Fox 10 - Henderson vs. Thomson,Mike Rhodes,George Sullivan,Underdog,-2.15,1,1,-0.33,0,1.71,0.07,-0.42,0.13,0.37,-0.2,-9
UFC on Fox 10 - Henderson vs. Thomson,Walt Harris,Nikita Krylov,Underdog,-3.3,2,0,-1.33,-0.17,0.85,0.1,-2,-0.1,0.16,-1.3,8
UFC 169 - Barao vs. Faber 2,Renan Barao,Urijah Faber,Favorite,-2.75,0,3,1.12,-0.05,1.31,-0.08,-0.06,0.1,0.33,-0.31,-8
UFC 169 - Barao vs. Faber 2,Jose Aldo,Ricardo Lamas,Favorite,-5.86,-1,-1,0.5,-0.01,0.85,0.03,-1.33,0.2,0.45,-0.8,-5
UFC 169 - Barao vs. Faber 2,Alistair Overeem,Frank Mir,Favorite,-3.49,1,1,1.48,0.17,-1.4,0.18,-0.61,0.15,0.18,-1.2,-1
UFC 169 - Barao vs. Faber 2,Ali Bagautinov,John Lineker,Favorite,-0.75,1,-2,-2.52,0.01,-1.18,-0.05,1.94,-0.22,-0.03,-0.3,5
UFC 169 - Barao vs. Faber 2,Jamie Varner,Abel Trujillo,Underdog,-0.23,0,1,0.27,-0.07,0.23,-0.02,1.31,0.08,0.26,0.4,-1
UFC 169 - Barao vs. Faber 2,John Makdessi,Alan Patrick,Underdog,-0.6,-3,-6,3.69,0.08,1.2,0.25,-3.01,-0.33,0.43,-0.3,-1
UFC 169 - Barao vs. Faber 2,Chris Cariaso,Danny Martinez,Favorite,-1.1,-3,-3,0.62,0.14,-1.54,-0.03,-1.89,-0.06,0.2,0.8,4
UFC 169 - Barao vs. Faber 2,Tom Watson,Nick Catone,Underdog,-0.77,1,1,1.9,0,2.09,-0.13,-3.56,-0.37,-0.4,-0.5,-1
UFC 169 - Barao vs. Faber 2,Al Iaquinta,Kevin Lee,Favorite,-1.43,1,-7,0.17,-0.02,0.93,0.1,-2.56,-0.25,-0.02,-0.61,6
UFC 169 - Barao vs. Faber 2,Clint Hester,Andy Enz,Favorite,-1.33,-1,-1,-0.15,0.18,-1.89,-0.01,1.02,0.35,0.02,0,5
UFC 169 - Barao vs. Faber 2,Rashid Magomedov,Tony Martin,Favorite,-1.49,-3,-3,1.72,0.12,0.46,-0.04,-0.04,0.29,0.2,-0.8,5
UFC 169 - Barao vs. Faber 2,Gasan Umalatov,Neil Magny,Underdog,-0.96,-4,-9,-1.25,-0.08,1.67,0.06,-1.42,-0.23,0.36,-0.3,5
UFC Fight Night 36 - Machida vs. Mousasi,Lyoto Machida,Gegard Mousasi,Favorite,-1.5,-1,-2,-1.17,0.03,0.36,-0.08,-0.39,0.05,0.16,-0.7,7
UFC Fight Night 36 - Machida vs. Mousasi,Ronaldo Souza,Francis Carmont,Favorite,-4.29,-5,-8,1.5,-0.03,3.66,-0.14,-1.29,-0.2,-0.13,-0.6,-14
UFC Fight Night 36 - Machida vs. Mousasi,Erick Silva,Takenori Sato,Favorite,-8.92,2,3,2.04,0.14,-8.74,0.4,0.85,0.35,0.56,1.4,1
UFC Fight Night 36 - Machida vs. Mousasi,Viscardi Andrade,Nico Musoke,Underdog,-0.57,-1,0,-0.31,0.07,-1.03,0.06,0.77,0.31,-0.16,0.09,2
UFC Fight Night 36 - Machida vs. Mousasi,Charles Oliveira,Andy Ogle,Favorite,-6.24,2,5,1.14,0.09,0.97,0.01,0.73,0.14,-0.03,2.8,-1
UFC Fight Night 36 - Machida vs. Mousasi,Joe Proctor,Cristiano Marcello,Favorite,-1.87,1,0,0.83,0.02,0.32,0.01,-0.44,-0.11,0.49,0.9,-8
UFC Fight Night 36 - Machida vs. Mousasi,Ivan Jorge,Rodrigo Damm,Underdog,-0.87,2,2,-0.09,0.13,-2.7,0.02,1.12,0,-0.06,0.3,-1
UFC Fight Night 36 - Machida vs. Mousasi,Francisco Trinaldo,Jesse Ronson,Favorite,-0.9,-1,0,-0.42,-0.02,-0.73,0.03,0.52,0.13,0.03,0,7
UFC Fight Night 36 - Machida vs. Mousasi,Yuri Alcantara,Wilson Reis,Favorite,-1.72,5,6,0.89,0.16,-0.25,-0.07,-3.72,0.2,0.13,0.2,4
UFC Fight Night 36 - Machida vs. Mousasi,Felipe Arantes,Maximo Blanco,Favorite,-0.2,0,2,-1.75,0.01,-0.53,-0.03,-0.92,0.1,-0.23,0.4,-4
UFC Fight Night 36 - Machida vs. Mousasi,Albert Tumenov,Ildemar Alcantara,Underdog,-1.57,-3,-5,1.82,0.03,0.71,0.07,-1.8,-0.49,-0.07,-0.9,-9
UFC Fight Night 36 - Machida vs. Mousasi,Zubaira Tukhugov,Douglas Silva de Andrade,Favorite,-0.09,1,0,-0.5,0.01,-0.93,0.05,1.52,-0.08,0.3,-0.2,-5
UFC Fight Night 38 - Shogun vs. Henderson 2,Mauricio Rua,Dan Henderson,Underdog,-0.9,2,2,1.12,0.03,0.08,0.03,0.48,-0.05,-0.08,0.4,-11
UFC Fight Night 38 - Shogun vs. Henderson 2,Cezar Ferreira,C.B. Dollaway,Underdog,-3.28,-1,2,-0.75,-0.05,-0.15,-0.02,-0.86,-0.02,0.21,-0.7,-1
UFC Fight Night 38 - Shogun vs. Henderson 2,Gian Villante,Fabio Maldonado,Underdog,-2.28,2,1,-0.92,-0.14,1.16,0.02,0.01,-0.34,0.21,-0.6,-6
UFC Fight Night 38 - Shogun vs. Henderson 2,Mairbek Taisumov,Michel Prazeres,Underdog,-2.53,3,6,0.6,-0.08,0.52,0.07,-2.6,0.27,0.41,-0.6,-7
UFC Fight Night 38 - Shogun vs. Henderson 2,Rony Jason,Steven Siler,Favorite,-1.14,-4,3,-1.17,0.03,0.18,-0.02,0.12,0.09,-0.2,-0.8,3
UFC Fight Night 38 - Shogun vs. Henderson 2,Ronny Markes,Thiago Santos,Underdog,-6.47,-1,-1,-1.56,0.05,-0.14,-0.09,2.25,0.07,0.35,0.4,-4
UFC Fight Night 38 - Shogun vs. Henderson 2,Scott Jorgensen,Jussier Formiga,Underdog,-1.21,0,-1,1.95,0.01,1.07,0.01,0.78,0.1,-0.29,0.09,2
UFC Fight Night 38 - Shogun vs. Henderson 2,Thiago de Oliveira Perpetuo,Kenny Robertson,Underdog,-0.5,-5,-7,1.16,0.06,0.75,0.14,-0.64,0.1,0.08,-0.31,-12
UFC Fight Night 38 - Shogun vs. Henderson 2,Francimar Barroso,Hans Stringer,Underdog,-0.5,-2,1,-0.4,-0.09,0.23,0.18,-0.18,-0.12,0.2,0,8
UFC Fight Night 38 - Shogun vs. Henderson 2,Noad Lahat,Godofredo Pepey,Underdog,-2.49,2,-4,0.47,0.08,-1.76,0.16,2,0.19,-0.19,0.89,3
UFC - The Ultimate Fighter Nations Finale,Michael Bisping,Tim Kennedy,Underdog,-1.35,2,1,1.55,-0.09,0.86,0.03,-1.53,0.08,-0.07,-0.4,1
UFC - The Ultimate Fighter Nations Finale,Kyle Noke,Patrick Cote,Underdog,-1.33,2,1,0.41,0.02,-1.13,0.16,0.85,0.34,0.23,0.6,0
UFC - The Ultimate Fighter Nations Finale,Elias Theodorou,Sheldon Westcott,Favorite,-1.24,0,4,1.93,0.01,-1.34,0.16,-1.96,-0.09,0.44,0,-4
UFC - The Ultimate Fighter Nations Finale,Olivier Aubin-Mercier,Chad Laprise,Underdog,-0.78,-1,-1,-2.31,0.09,-0.62,-0.1,1.3,-0.22,-0.09,0.5,-2
UFC - The Ultimate Fighter Nations Finale,Dustin Poirier,Akira Corassani,Favorite,-8.4,1,4,2.2,0.06,-0.55,0.03,0.63,0.07,-0.23,1.4,-6
UFC - The Ultimate Fighter Nations Finale,Sam Stout,K.J. Noons,Underdog,-0.05,-1,0,0.48,-0.07,0.3,-0.09,0.55,0.18,0.08,0.1,-1
UFC - The Ultimate Fighter Nations Finale,Sarah Kaufman,Leslie Smith,Favorite,-2.05,-4,0,-0.91,0.06,-4.41,0.1,0.38,0.56,0.19,0,-3
UFC - The Ultimate Fighter Nations Finale,Ryan Jimmo,Sean O'Connell,Favorite,-5.98,0,-1,-2.34,0.18,-4,0.01,0.45,0.28,0.57,-0.5,2
UFC - The Ultimate Fighter Nations Finale,George Roop,Dustin Kimura,Favorite,-0.8,6,1,2.1,0.13,-1.35,0.08,0.12,0.19,0.08,-2.1,7
UFC - The Ultimate Fighter Nations Finale,Mark Bocek,Mike de la Torre,Favorite,-5.54,-3,4,-0.88,0.03,-2.44,0.08,3.29,0.2,-0.52,1.3,5
UFC - The Ultimate Fighter Nations Finale,Nordine Taleb,Vik Grujic,Favorite,-1.75,2,1,1.42,0.03,-0.77,0.25,0.76,0.43,0.47,-0.4,-5
UFC - The Ultimate Fighter Nations Finale,Richard Walsh,Chris Indich,Favorite,-1.73,2,0,2.52,0.16,-1.6,0.14,0.8,-0.1,0.16,-1.3,-2
UFC - The Ultimate Fighter Nations Finale,Mitch Gagnon,Tim Gorman,Favorite,-2.58,0,-4,0.02,0.15,-3.37,0.14,0.15,0.16,0.32,1.9,-2
UFC on Fox 11 - Werdum vs. Browne,Travis Browne,Fabricio Werdum,Underdog,-1.7,2,2,-0.66,-0.12,1.66,-0.14,-0.54,0.37,0.44,-1,-5
UFC on Fox 11 - Werdum vs. Browne,Miesha Tate,Liz Carmouche,Favorite,-1.25,0,-1,-0.16,-0.1,0.47,-0.1,-0.55,-0.2,-0.1,1,-3
UFC on Fox 11 - Werdum vs. Browne,Edson Barboza,Donald Cerrone,Underdog,-0.91,-2,2,-0.3,-0.03,0.16,0.03,-0.71,0.17,-0.02,-1.1,-3
UFC on Fox 11 - Werdum vs. Browne,Brad Tavares,Yoel Romero,Underdog,-0.64,1,1,-0.07,-0.06,0.1,-0.05,-0.79,-0.04,0.03,0,-11
UFC on Fox 11 - Werdum vs. Browne,Khabib Nurmagomedov,Rafael dos Anjos,Favorite,-2.39,2,0,0.61,0.01,-1.46,0.05,3.37,0.13,0.28,0.2,-4
UFC on Fox 11 - Werdum vs. Browne,Thiago Alves,Seth Baczynski,Favorite,-3.99,-6,-5,0.64,0.09,0.27,0.1,-0.19,0.43,0.15,-0.5,-2
UFC on Fox 11 - Werdum vs. Browne,Jorge Masvidal,Pat Healy,Favorite,-2.1,-1,2,1.48,0.1,0.48,0.14,-1.71,0.21,0.16,-0.8,-1
UFC on Fox 11 - Werdum vs. Browne,Estevan Payan,Alex White,Underdog,-0.43,-2,1,0.49,0,0.51,-0.04,-0.57,0.72,-0.11,-0.1,7
UFC on Fox 11 - Werdum vs. Browne,Caio Magalhaes,Luke Zachrich,Favorite,-2.51,-1,-1,-2.29,0.08,-1.69,-0.06,0.31,-0.19,-0.23,1.6,-6
UFC on Fox 11 - Werdum vs. Browne,Jordan Mein,Hernani Perpetuo,Favorite,-3.51,0,-1,0.62,0.15,-1.83,0.13,1.56,0.57,0.29,-0.3,-5
UFC on Fox 11 - Werdum vs. Browne,Dustin Ortiz,Ray Borg,Favorite,-0.83,1,2,1.42,-0.09,0.24,0.08,-0.89,-0.15,0.06,-0.9,5
UFC on Fox 11 - Werdum vs. Browne,Mirsad Bektic,Chas Skelly,Favorite,-0.56,-3,-2,0.42,0,-1.41,0.07,2.24,0.18,0.53,-1.9,-6
UFC on Fox 11 - Werdum vs. Browne,Derrick Lewis,Jack May,Favorite,-2.26,-5,1,0.96,0.12,-0.81,0.07,-0.35,-0.08,0.32,0,-4
UFC 172 - Jones vs. Teixeira,Jon Jones,Glover Teixeira,Favorite,-3.81,2,8,0.56,0.07,-2.21,0.13,-0.18,0.12,0.35,-0.4,-8
UFC 172 - Jones vs. Teixeira,Phil Davis,Anthony Johnson,Underdog,-1.73,0,1,-0.4,-0.13,-0.5,0.12,0.56,-0.19,-0.06,0,-1
UFC 172 - Jones vs. Teixeira,Luke Rockhold,Tim Boetsch,Favorite,-7.86,3,3,1.16,-0.02,-0.22,-0.04,-0.75,-0.06,0.06,0.19,-4
UFC 172 - Jones vs. Teixeira,Jim Miller,Yancy Medeiros,Favorite,-1.15,-2,-4,-1.37,0.04,-2.17,0.09,1.2,-0.06,-0.26,1,4
UFC 172 - Jones vs. Teixeira,Andre Fili,Max Holloway,Underdog,-0.48,0,5,-3.32,-0.11,-0.61,-0.08,1.91,-0.07,-0.16,0,1
UFC 172 - Jones vs. Teixeira,Joseph Benavidez,Tim Elliott,Favorite,-3.76,-3,-1,0.12,-0.1,0,0.04,-2.33,-0.17,0.03,-0.4,2
UFC 172 - Jones vs. Teixeira,Takanori Gomi,Isaac Vallie-Flagg,Favorite,-0.86,-1,0,-1.75,-0.06,-2.08,0.14,1.03,0.53,0.05,0.8,-1
UFC 172 - Jones vs. Teixeira,Jessamyn Duke,Bethe Correia,Underdog,-0.42,6,9,0.46,0.1,-0.5,0,0.88,0.18,-0.35,1.9,-3
UFC 172 - Jones vs. Teixeira,Danny Castillo,Charlie Brenneman,Favorite,-2.91,-1,1,1.04,-0.15,0.4,0.15,-1.29,-0.04,-0.09,0.2,1
UFC 172 - Jones vs. Teixeira,Chris Beal,Patrick Williams,Favorite,-0.3,-1,-4,-0.67,-0.17,-0.94,0.08,-1.11,0.17,-0.22,-0.3,-4
UFC Fight Night 40 - Brown vs. Silva,Erick Silva,Matt Brown,Underdog,-1.54,0,-1,-1.26,-0.08,1.25,-0.07,-0.83,-0.12,-0.07,0.09,-4
UFC Fight Night 40 - Brown vs. Silva,Lorenz Larkin,Costas Philippou,Underdog,-1.61,0,-1,1.34,0.11,0.01,0.08,-0.13,0,0.14,-0.2,-7
UFC Fight Night 40 - Brown vs. Silva,Erik Koch,Daron Cruickshank,Underdog,-2.71,2,-1,-0.55,0.03,-0.17,-0.1,-1.02,0.01,0.21,0.8,-3
UFC Fight Night 40 - Brown vs. Silva,Neil Magny,Tim Means,Favorite,-2.49,1,5,-1.61,-0.03,-1.23,-0.08,1.01,0,-0.11,0.09,-4
UFC Fight Night 40 - Brown vs. Silva,Soa Palelei,Ruan Potts,Favorite,-2.62,2,6,1.62,0.19,-3.24,0.26,1.45,0.3,0.33,-2.3,0
UFC Fight Night 40 - Brown vs. Silva,Louis Smolka,Chris Cariaso,Underdog,-0.67,6,4,1.31,0.03,1.88,-0.08,0.57,-0.05,-0.25,1,-10
UFC Fight Night 40 - Brown vs. Silva,Rafael Natal,Ed Herman,Underdog,-1.06,-1,0,-0.21,-0.02,-1.23,0.14,0.58,-0.13,0.18,-0.5,-2
UFC Fight Night 40 - Brown vs. Silva,Kyoji Horiguchi,Darrell Montague,Favorite,-1.38,-1,-1,1.68,0.2,-2.93,0.09,1.28,0.19,0.22,-1.4,-3
UFC Fight Night 40 - Brown vs. Silva,Yan Cabral,Zak Cummings,Underdog,-4.56,-1,-2,-0.94,0.12,-0.94,0.06,2.27,0.06,-0.3,0.6,2
UFC Fight Night 40 - Brown vs. Silva,Eddie Wineland,Johnny Eduardo,Underdog,-7.22,0,-2,0.44,-0.11,0.53,0.05,0.12,0.13,0.28,-0.31,-6
UFC Fight Night 40 - Brown vs. Silva,Nik Lentz,Manny Gamburyan,Favorite,-4.39,3,1,1.31,0.06,0.41,-0.06,0.04,-0.03,-0.26,0.5,-4
UFC Fight Night 40 - Brown vs. Silva,Justin Salas,Ben Wall,Favorite,-2.24,-2,-3,1.95,0.14,-5.57,0.39,2.43,0.2,-1,0,7
UFC Fight Night 40 - Brown vs. Silva,Albert Tumenov,Anthony Lapsley,Favorite,-2.05,2,0,3.22,0.07,2.76,-0.09,0.2,0.2,0.55,0,-12
UFC Fight Night 42 - Henderson vs. Khabilov,Benson Henderson,Rustam Khabilov,Favorite,-1.71,1,-3,0.95,0.1,-0.38,-0.03,-1.56,0.04,0.02,0.7,3
UFC Fight Night 42 - Henderson vs. Khabilov,Ross Pearson,Diego Sanchez,Underdog,-0.63,-2,-3,0.99,0.03,1.06,0.05,-0.77,0.1,0.28,-0.8,-3
UFC Fight Night 42 - Henderson vs. Khabilov,John Dodson,John Moraga,Favorite,-4.6,-3,0,0.63,-0.03,1.03,0.04,0.08,0.05,0.37,-1.11,-1
UFC Fight Night 42 - Henderson vs. Khabilov,Rafael dos Anjos,Jason High,Favorite,-2.17,0,-3,2.2,0.04,1.65,0.12,-0.41,-0.29,0.18,-2.2,-3
UFC Fight Night 42 - Henderson vs. Khabilov,Piotr Hallmann,Yves Edwards,Favorite,-0.85,0,-2,1.06,0.03,0.83,-0.09,1.78,-0.1,0.01,-0.3,-11
UFC Fight Night 42 - Henderson vs. Khabilov,Erik Perez,Bryan Caraway,Underdog,-0.32,0,0,0.63,0.06,-1.52,0.12,0.59,0.3,-0.12,-0.61,-5
UFC Fight Night 42 - Henderson vs. Khabilov,Sergio Pettis,Yaotzin Meza,Favorite,-5.22,-3,-2,2.45,-0.04,1.29,0.01,-0.22,0.2,0.49,-1,-13
UFC Fight Night 42 - Henderson vs. Khabilov,Bobby Voelker,Lance Benoist,Underdog,-0.05,1,2,0.32,-0.17,3.13,-0.15,-0.46,0.17,0.05,0,10
UFC Fight Night 42 - Henderson vs. Khabilov,Scott Jorgensen,Danny Martinez,Favorite,-1.83,-1,-1,0.64,0.12,-0.36,0.02,-0.4,0,0.23,0.7,3
UFC Fight Night 42 - Henderson vs. Khabilov,Jon Tuck,Jake Lindsey,Favorite,-0.77,0,0,-0.44,-0.12,-0.27,0.13,-0.24,0,0,1,2
UFC Fight Night 42 - Henderson vs. Khabilov,Patrick Cummins,Roger Narvaez,Favorite,-2.53,-1,-3,2.13,0.13,0.03,-0.09,4.49,0.41,-0.22,-0.8,3
UFC 174 - Johnson vs. Bagautinov,Demetrious Johnson,Ali Bagautinov,Favorite,-5.42,-1,1,0.58,0.12,-1.43,0.15,0.84,0.2,0,0.2,-1
UFC 174 - Johnson vs. Bagautinov,Rory MacDonald,Tyron Woodley,Favorite,-0.1,3,2,1.39,-0.06,0.04,0.07,0.71,0.06,0.01,0,-8
UFC 174 - Johnson vs. Bagautinov,Ryan Bader,Rafael Cavalcante,Favorite,-0.92,1,0,0.1,-0.11,-2.24,0.21,2.77,0.03,0.17,0.3,-4
UFC 174 - Johnson vs. Bagautinov,Brendan Schaub,Andrei Arlovski,Underdog,-0.69,1,1,-0.86,-0.09,-0.98,0,1.94,0.1,-0.05,0.2,-4
UFC 174 - Johnson vs. Bagautinov,Ovince St Preux,Ryan Jimmo,Favorite,-0.98,2,7,-0.1,-0.2,0.54,0,0.65,0.07,-0.2,0.5,-1
UFC 174 - Johnson vs. Bagautinov,Daniel Sarafian,Kiichi Kunimoto,Underdog,-3.93,-1,2,0.35,0.02,-0.82,0.17,-1.23,-0.13,0.25,0.4,-2
UFC 174 - Johnson vs. Bagautinov,Elizabeth Phillips,Valerie Letourneau,Underdog,-0.42,-1,-3,-1.91,-0.04,-2.34,0,-0.03,-0.2,-0.13,-0.1,-4
UFC 174 - Johnson vs. Bagautinov,Mike Easton,Yves Jabouin,Underdog,-1.53,-1,2,0.44,-0.04,1.35,-0.02,-1.19,-0.38,-0.16,-0.1,-4
UFC 174 - Johnson vs. Bagautinov,Kajan Johnson,Tae Hyun Bang,Underdog,-1.14,2,4,-0.25,0.03,-0.48,-0.03,1.05,0.03,0.05,-0.3,-1
UFC 174 - Johnson vs. Bagautinov,Michinori Tanaka,Roland Delorme,Favorite,-0.73,-4,-4,-0.31,-0.08,-2.33,0.09,-0.11,0.03,0.01,-1.4,-7
UFC 174 - Johnson vs. Bagautinov,Josh Shockley,Jason Saggo,Underdog,-0.05,2,4,-1.11,-0.06,-1.19,0.07,-2.33,-0.4,0.38,0.8,-4
UFC Fight Night 44 - Swanson vs. Stephens,Cub Swanson,Jeremy Stephens,Favorite,-1.6,-1,-1,1.53,0.09,0.79,0.01,-0.07,0.14,-0.05,0,3
UFC Fight Night 44 - Swanson vs. Stephens,Kelvin Gastelum,Nico Musoke,Favorite,-2.54,-3,-4,-0.02,0.06,-0.57,0.01,-0.2,0.1,-0.23,-0.1,-6
UFC Fight Night 44 - Swanson vs. Stephens,Cezar Ferreira,Andrew Craig,Favorite,-2.52,0,2,-0.5,0.01,-0.57,0.03,2.16,0.16,0.12,0.5,1
UFC Fight Night 44 - Swanson vs. Stephens,Ricardo Lamas,Hacran Dias,Favorite,-2.08,0,2,1.04,0.06,-0.44,0.01,-0.66,-0.06,-0.3,0.4,3
UFC Fight Night 44 - Swanson vs. Stephens,Antonio Braga Neto,Clint Hester,Underdog,-0.78,1,0,-2,-0.09,0.48,-0.12,2.04,0.02,-0.6,0.5,-1
UFC Fight Night 44 - Swanson vs. Stephens,Joe Ellenberger,James Moontasri,Favorite,-1.23,-1,1,-0.77,-0.02,-0.41,0.07,3.17,0.4,-0.79,0.9,3
UFC Fight Night 44 - Swanson vs. Stephens,Carlos Diego Ferreira,Colton Smith,Favorite,-1.21,-3,3,3.4,-0.02,1.13,0.05,-3.13,-0.06,0.35,-0.8,3
UFC Fight Night 44 - Swanson vs. Stephens,Johnny Bedford,Cody Gibson,Underdog,-1.18,0,0,0.53,0.07,-2.33,0.06,0.55,0.34,-0.07,-0.2,5
UFC Fight Night 44 - Swanson vs. Stephens,Andy Enz,Marcelo Guimaraes,Underdog,-1.42,3,5,-1.17,-0.29,0.91,-0.06,-1.99,-0.13,0.57,0,-8
UFC Fight Night 44 - Swanson vs. Stephens,Ray Borg,Shane Howell,Favorite,-3.86,-4,-7,0.25,0.2,-0.62,0.06,3.89,0.5,0.26,1,-10
UFC Fight Night 44 - Swanson vs. Stephens,Aleksei Oleinik,Anthony Hamilton,Favorite,-0.57,-3,4,-0.63,-0.18,0.77,-0.02,-0.8,0.04,-0.41,1.9,2
UFC Fight Night 46 - McGregor vs. Brandao,Conor McGregor,Diego Brandao,Favorite,-5.42,2,10,2.38,0.02,1.28,-0.08,-2.54,-0.13,-0.15,-0.5,-1
UFC Fight Night 46 - McGregor vs. Brandao,Gunnar Nelson,Zak Cummings,Favorite,-6.44,-1,-3,-1.12,0.26,0.08,-0.07,1.27,0.3,0,0.4,-4
UFC Fight Night 46 - McGregor vs. Brandao,Ian McCall,Brad Pickett,Favorite,-0.83,-1,-4,0.56,0.08,-1.38,0.12,-0.4,-0.15,0.3,-0.4,-5
UFC Fight Night 46 - McGregor vs. Brandao,Norman Parke,Naoyuki Kotani,Favorite,-3.9,3,4,2.04,0.03,-0.02,0.14,1.14,0.1,0.31,-0.8,-5
UFC Fight Night 46 - McGregor vs. Brandao,Ilir Latifi,Chris Dempsey,Favorite,-2.27,0,1,-0.21,0.13,0.11,-0.09,-0.54,0.11,0.84,0.3,5
UFC Fight Night 46 - McGregor vs. Brandao,Neil Seery,Phil Harris,Favorite,-0.8,0,-1,1.22,0.14,0.62,-0.11,-0.98,0.06,-0.07,1.6,4
UFC Fight Night 46 - McGregor vs. Brandao,Cathal Pendred,Mike King,Favorite,-0.53,-2,0,-1.96,-0.14,1.71,-0.17,0.71,-0.02,0.42,-3.1,-4
UFC Fight Night 46 - McGregor vs. Brandao,Tor Troeng,Trevor Smith,Underdog,-0.8,-1,3,-2.13,-0.1,-0.06,-0.19,-1.08,-0.25,0.06,-0.4,-2
UFC Fight Night 46 - McGregor vs. Brandao,Nikita Krylov,Cody Donovan,Favorite,-0.33,0,3,-1.24,-0.04,-2.97,-0.02,0.62,0.09,0.53,-0.31,-11
UFC Fight Night 46 - McGregor vs. Brandao,Josh Sampo,Patrick Holohan,Underdog,-1.81,-7,-10,0.16,-0.05,0,0.12,-1.95,0,-0.03,1.8,-1
UFC on Fox 12 - Lawler vs. Brown,Robbie Lawler,Matt Brown,Favorite,-3.65,-1,-1,0.09,-0.09,1.75,0.03,-1.03,0.18,0.02,-1.3,-1
UFC on Fox 12 - Lawler vs. Brown,Anthony Johnson,Rogerio Nogueira,Favorite,-5.23,0,3,0.81,0.12,-0.51,0.01,1.79,0.12,0.15,-0.21,-7
UFC on Fox 12 - Lawler vs. Brown,Dennis Bermudez,Clay Guida,Favorite,-1.23,-1,-4,1.77,0.13,0.06,-0.03,0.76,0.04,0.14,0.5,-5
UFC on Fox 12 - Lawler vs. Brown,Josh Thomson,Bobby Green,Underdog,-3.14,0,0,-3.87,-0.06,-1.63,0.02,0.73,0.01,-0.2,1,8
UFC on Fox 12 - Lawler vs. Brown,Jorge Masvidal,Daron Cruickshank,Favorite,-1.68,3,2,1.17,0.08,0.06,0.07,-0.67,0.18,0.12,0.09,1
UFC on Fox 12 - Lawler vs. Brown,Patrick Cummins,Kyle Kingsbury,Favorite,-1.55,-2,-3,1.28,0.09,-0.46,0.04,1.85,0,-0.24,0.1,1
UFC on Fox 12 - Lawler vs. Brown,Tim Means,Hernani Perpetuo,Favorite,-1.44,2,1,2.35,0.2,-0.73,0.04,1.15,0.4,0.28,-0.3,1
UFC on Fox 12 - Lawler vs. Brown,Brian Ortega,Mike de la Torre,Favorite,-1.22,-3,-2,0.86,-0.02,1.79,-0.03,0.81,0.11,-0.26,1.2,-4
UFC on Fox 12 - Lawler vs. Brown,Tiago Trator,Akbarh Arreola,Favorite,-2.35,-1,-1,1.37,-0.11,0.22,0.02,-0.45,-0.89,0,-0.11,-4
UFC on Fox 12 - Lawler vs. Brown,Gilbert Burns,Andreas Stahl,Favorite,-0.78,-1,-2,0.46,0.1,-1.33,-0.03,0.69,-0.29,-0.31,0.5,1
UFC on Fox 12 - Lawler vs. Brown,Joanna Jedrzejczyk,Juliana Lima,Favorite,-2.53,1,0,4.34,0.03,1.14,0.06,-1.45,0.31,0.1,0.1,-6
UFC on Fox 12 - Lawler vs. Brown,Steven Siler,Noad Lahat,Underdog,-1.59,2,1,0.41,-0.06,1.49,-0.09,-1.9,-0.06,0.39,-0.8,-2
UFC Fight Night 48 - Bisping vs. Le,Michael Bisping,Cung Le,Favorite,-2.12,4,5,-0.04,-0.1,-0.27,-0.02,-0.33,-0.28,-0.25,0,-6
UFC Fight Night 48 - Bisping vs. Le,Tyron Woodley,Dong Hyun Kim,Favorite,-1.35,-5,-2,0.23,-0.02,0.86,-0.04,-1.87,-0.03,0.16,-0.2,0
UFC Fight Night 48 - Bisping vs. Le,Brendan O'Reilly,Zhang Lipeng,Underdog,-0.61,-4,-2,0.61,-0.02,0.89,-0.15,0.47,0.13,-0.33,-0.21,2
UFC Fight Night 48 - Bisping vs. Le,Yang Jianping,Ning Guangyou,Underdog,-1.57,3,1,-1.27,-0.15,0.15,0.04,-0.1,-0.25,-0.29,-0.3,-7
UFC Fight Night 48 - Bisping vs. Le,Danny Mitchell,Wang Sai,Underdog,-1.31,2,4,-0.65,0.02,0.25,-0.02,0,0,0.23,3,-1
UFC Fight Night 48 - Bisping vs. Le,Alberto Mina,Shinsho Anzai,Favorite,-1.86,5,7,0,-0.2,-0.05,0.01,0.02,0.04,-0.25,0,4
UFC Fight Night 48 - Bisping vs. Le,Yuta Sasaki,Roland Delorme,Favorite,-0.64,1,0,-0.12,-0.04,-1.83,0.09,0.52,0.08,-0.02,-0.41,-6
UFC Fight Night 48 - Bisping vs. Le,Colby Covington,Wang Anying,Favorite,-3.96,-1,-2,2.55,0.12,1.35,0.11,3.79,0.44,0.34,0.2,3
UFC Fight Night 48 - Bisping vs. Le,Royston Wee,Zhuikui Yao,Favorite,-1.95,2,3,-0.34,0.39,-0.37,0.01,2.72,0.65,-0.58,0,4
UFC Fight Night 48 - Bisping vs. Le,Milana Dudieva,Elizabeth Phillips,Favorite,-0.62,-3,7,-1.73,-0.03,0.36,0,1.59,0.2,-0.53,-0.2,-3
UFC 177 - Dillashaw vs. Soto,T.J. Dillashaw,Joe Soto,Favorite,-8.9,0,2,1.73,0,-1.9,-0.06,0.71,0.09,0.07,-1.1,1
UFC 177 - Dillashaw vs. Soto,Tony Ferguson,Danny Castillo,Favorite,-2.03,2,5,2.37,0.03,2.45,-0.07,-2.56,-0.04,0.04,0.7,-4
UFC 177 - Dillashaw vs. Soto,Bethe Correia,Shayna Baszler,Favorite,-0.7,-2,-4,1.88,0.13,-1.44,0.05,-0.29,0,0.41,-1.3,-3
UFC 177 - Dillashaw vs. Soto,Carlos Diego Ferreira,Ramsey Nijem,Favorite,-1.14,-2,-1,1.99,-0.05,1.81,-0.06,-4.37,-0.32,0.04,-0.51,3
UFC 177 - Dillashaw vs. Soto,Yancy Medeiros,Damon Jackson,Favorite,-0.1,-1,4,1.36,-0.04,2.38,-0.05,-2.18,0.15,0.32,-0.7,1
UFC 177 - Dillashaw vs. Soto,Derek Brunson,Lorenz Larkin,Favorite,-1.04,2,5,-0.03,0,0.3,-0.12,2.87,-0.09,0.05,0.5,3
UFC 177 - Dillashaw vs. Soto,Anthony Hamilton,Ruan Potts,Favorite,-1.6,3,1,3.06,0.28,-2.9,0.23,1.87,0.26,0.45,-2.3,-2
UFC 177 - Dillashaw vs. Soto,Chris Wade,Cain Carrizosa,Favorite,-0.67,2,-4,-1.03,0.11,-4.05,0,2.6,0.51,0.41,1.1,-1
UFC Fight Night 51 - Bigfoot vs. Arlovski 2,Antonio Silva,Andrei Arlovski,Underdog,-3.56,1,5,-0.89,0,-0.12,-0.07,0.43,-0.08,-0.1,0.6,-1
UFC Fight Night 51 - Bigfoot vs. Arlovski 2,Gleison Tibau,Piotr Hallmann,Favorite,-2.07,1,0,-2.04,-0.15,-0.67,0.05,1.53,0.09,0.22,0.4,4
UFC Fight Night 51 - Bigfoot vs. Arlovski 2,Leonardo Santos,Efrain Escudero,Favorite,-1.77,3,4,-0.11,0.02,1.1,-0.09,-0.44,-0.16,0.19,-0.61,6
UFC Fight Night 51 - Bigfoot vs. Arlovski 2,Santiago Ponzinibbio,Wendell Oliveira,Favorite,-0.05,2,1,1.13,-0.06,0.26,0.14,0.48,0.3,-0.4,0,-3
UFC Fight Night 51 - Bigfoot vs. Arlovski 2,Yuri Alcantara,Russell Doane,Favorite,-2.53,2,1,0.97,0.04,1.11,-0.05,-0.67,0.17,0.07,0,6
UFC Fight Night 51 - Bigfoot vs. Arlovski 2,Jessica Andrade,Larissa Pacheco,Favorite,-0.14,-6,-7,5.41,0.31,1.23,0,2.37,0.55,0.72,0.3,3
UFC Fight Night 51 - Bigfoot vs. Arlovski 2,Godofredo Pepey,Dashon Johnson,Favorite,-0.48,0,2,1.3,-0.31,-0.61,0.12,-0.48,-0.26,-0.29,0.7,0
UFC Fight Night 51 - Bigfoot vs. Arlovski 2,Igor Araujo,George Sullivan,Underdog,-0.58,1,4,-2.01,0.02,0.43,-0.08,-0.52,-0.06,-0.16,-0.1,0
UFC Fight Night 51 - Bigfoot vs. Arlovski 2,Francisco Trinaldo,Leandro Silva,Favorite,-1.14,0,-2,0.73,-0.03,0.58,-0.04,-0.78,0.04,-0.06,0.09,7
UFC Fight Night 51 - Bigfoot vs. Arlovski 2,Sean Spencer,Paulo Thiago,Favorite,-1.65,-1,0,2.53,-0.08,2.02,-0.04,-1.28,0.02,0.05,-1.2,-7
UFC Fight Night 51 - Bigfoot vs. Arlovski 2,Johnny Bedford,Rani Yahya,Underdog,-0.45,4,4,2.82,0.12,-0.34,0.13,-0.9,0.32,0.33,-1.8,2
UFC Fight Night 52 - Hunt vs. Nelson,Mark Hunt,Roy Nelson,Favorite,-0.04,-2,-1,0.62,0.07,-1.89,0.04,-0.63,0.28,-0.02,0.1,3
UFC Fight Night 52 - Hunt vs. Nelson,Myles Jury,Takanori Gomi,Favorite,-4.87,3,3,-0.88,0.01,-1.36,0.06,0.93,-0.1,-0.13,-0.5,-10
UFC Fight Night 52 - Hunt vs. Nelson,Yoshihiro Akiyama,Amir Sadollah,Favorite,-1.12,0,0,-1.61,-0.06,0.07,-0.04,1.72,0.4,0.32,0.7,5
UFC Fight Night 52 - Hunt vs. Nelson,Miesha Tate,Rin Nakai,Favorite,-2.56,5,4,1.05,0.12,-0.92,-0.09,-0.98,0.13,-0.2,0.8,0
UFC Fight Night 52 - Hunt vs. Nelson,Kiichi Kunimoto,Richard Walsh,Favorite,-1.72,-2,-2,-1.97,-0.03,1.19,-0.17,0.04,-0.2,-0.38,0.09,8
UFC Fight Night 52 - Hunt vs. Nelson,Kyoji Horiguchi,Jon delos Reyes,Favorite,-5.33,-1,-1,0.6,0.07,-1.69,0.1,-1.21,-0.39,0,-1.9,-3
UFC Fight Night 52 - Hunt vs. Nelson,Alex Caceres,Masanori Kanehara,Underdog,-2.3,3,6,2.33,0,1.46,0,-0.9,0.18,0.01,-0.21,-6
UFC Fight Night 52 - Hunt vs. Nelson,Katsunori Kikuno,Sam Sicilia,Favorite,-0.63,0,-1,0.18,0.07,-1.08,0.02,0.42,0.32,0.06,-0.1,4
UFC Fight Night 52 - Hunt vs. Nelson,Hyun Gyu Lim,Takenori Sato,Favorite,-5.38,5,6,3.99,0.07,-7.85,0.42,0.23,1,0.73,0.2,1
UFC Fight Night 52 - Hunt vs. Nelson,Michinori Tanaka,Kyung Ho Kang,Underdog,-0.8,-4,-6,-1.38,-0.11,-1.34,-0.06,0.52,-0.19,-0.26,-0.61,-3
UFC Fight Night 52 - Hunt vs. Nelson,Kazuki Tokudome,Johnny Case,Underdog,-0.51,1,1,-1.7,0.02,0.96,-0.08,0.3,-0.08,0.06,-0.2,3
UFC Fight Night 52 - Hunt vs. Nelson,Maximo Blanco,Daniel Hooker,Favorite,-0.6,-4,-4,-0.97,-0.04,-1.57,0.15,1.06,0.01,-0.18,-0.11,6
UFC 178 - Johnson vs. Cariaso,Demetrious Johnson,Chris Cariaso,Favorite,-11.43,0,2,0.08,0.11,-0.58,0.06,2.24,0.17,0.08,-0.31,-5
UFC 178 - Johnson vs. Cariaso,Donald Cerrone,Eddie Alvarez,Favorite,-0.5,4,4,0.08,0.05,0.09,-0.03,-1.76,-0.03,-0.2,0.7,1
UFC 178 - Johnson vs. Cariaso,Conor McGregor,Dustin Poirier,Favorite,-1.96,0,2,-0.13,-0.03,0.29,0.01,-0.66,0.19,0.03,-1.3,0
UFC 178 - Johnson vs. Cariaso,Tim Kennedy,Yoel Romero,Underdog,-0.22,-1,1,-0.67,-0.03,-1.21,0.02,1.01,0.04,-0.09,0.7,-3
UFC 178 - Johnson vs. Cariaso,Cat Zingano,Amanda Nunes,Favorite,-1.49,-2,-1,-1.98,0.09,-1,-0.1,0.04,0.1,-0.4,0.1,6
UFC 178 - Johnson vs. Cariaso,Dominick Cruz,Takeya Mizugaki,Favorite,-4.54,1,-1,0.54,-0.04,-0.67,0.13,1.36,-0.15,0.13,0,-1
UFC 178 - Johnson vs. Cariaso,Jorge Masvidal,James Krause,Favorite,-2.62,-3,1,-0.75,-0.03,-1.07,0.03,0.41,0.41,0.13,-0.61,2
UFC 178 - Johnson vs. Cariaso,Stephen Thompson,Patrick Cote,Favorite,-3.11,1,0,1.3,-0.02,-0.19,0.06,-0.43,0.2,0.22,-0.2,-3
UFC 178 - Johnson vs. Cariaso,John Howard,Brian Ebersole,Underdog,-1.7,-5,-1,-0.17,0.01,0.94,-0.06,1,0.26,-0.08,0.3,-2
UFC 178 - Johnson vs. Cariaso,Kevin Lee,Jon Tuck,Favorite,-1.76,-2,4,0.87,0.01,-0.15,-0.1,2.76,0.09,0.25,-0.2,-8
UFC 178 - Johnson vs. Cariaso,Cody Gibson,Manny Gamburyan,Underdog,-0.9,5,4,1.87,0.02,1.25,0.01,-1.98,-0.06,-0.01,-0.5,-7
UFC Fight Night 53 - Nelson vs. Story,Gunnar Nelson,Rick Story,Underdog,-3,2,1,-1.96,0.2,0.83,-0.13,-0.63,0.1,0.03,0.09,-4
UFC Fight Night 53 - Nelson vs. Story,Max Holloway,Akira Corassani,Favorite,-4.61,3,1,3.92,0.02,-0.2,0.08,-0.45,0.25,-0.03,0.3,-9
UFC Fight Night 53 - Nelson vs. Story,Ilir Latifi,Jan Blachowicz,Underdog,-2.13,-4,-5,-1.37,-0.05,0.02,0.03,1.01,-0.16,0.31,0,0
UFC Fight Night 53 - Nelson vs. Story,Niklas Backstrom,Mike Wilkinson,Underdog,-6.88,6,8,-1.23,0.02,-0.06,0.05,2,0.66,0.16,1.3,-2
UFC Fight Night 53 - Nelson vs. Story,Magnus Cedenblad,Scott Askham,Favorite,-0.42,2,4,-0.65,0.04,-0.5,-0.12,2.43,0.46,0.01,0.3,6
UFC Fight Night 53 - Nelson vs. Story,Nico Musoke,Alexander Yakovlev,Favorite,-1.51,-3,1,1.82,-0.12,1.38,-0.02,-0.5,-0.16,0.09,0.1,-1
UFC Fight Night 53 - Nelson vs. Story,Dennis Siver,Charles Rosa,Favorite,-2.31,-3,1,0.79,-0.04,-1.19,0.18,-0.8,-0.03,0.27,-0.7,8
UFC Fight Night 53 - Nelson vs. Story,Cathal Pendred,Gasan Umalatov,Favorite,-0.67,2,4,0.26,0.04,-1.09,-0.04,1.71,0.06,-0.08,0.4,-5
UFC Fight Night 53 - Nelson vs. Story,Krzysztof Jotko,Tor Troeng,Favorite,-0.47,-1,-1,1.82,-0.05,-1.03,0.24,0.71,0.32,0.15,-0.2,-7
UFC Fight Night 53 - Nelson vs. Story,Mairbek Taisumov,Marcin Bandel,Favorite,-0.83,-1,3,2.19,-0.11,-2.23,0.41,1.34,0.63,0.88,0,1
UFC Fight Night 53 - Nelson vs. Story,Zubaira Tukhugov,Ernest Chavez,Favorite,-2.08,0,-2,0.37,-0.02,-0.83,0.04,1.23,0.06,0.5,0,-7
UFC Fight Night - Rockhold vs. Bisping,Luke Rockhold,Michael Bisping,Favorite,-3.53,2,2,-0.24,0.1,-0.03,-0.12,-0.36,-0.15,0.02,0.7,-6
UFC Fight Night - Rockhold vs. Bisping,Ross Pearson,Al Iaquinta,Underdog,-0.83,-2,-1,-0.38,0,-0.45,0.01,0.1,0.17,0.01,-0.2,2
UFC Fight Night - Rockhold vs. Bisping,Soa Palelei,Walt Harris,Favorite,-0.77,-1,4,-0.58,0.17,-0.65,-0.07,1.91,0.18,-0.04,-0.1,6
UFC Fight Night - Rockhold vs. Bisping,Jake Matthews,Vagner Rocha,Favorite,-3.07,1,0,0.65,0.03,-1.94,0.12,0.19,0.07,0.12,-1.3,-12
UFC Fight Night - Rockhold vs. Bisping,Guto Inocente,Anthony Perosh,Underdog,-1.32,0,2,1.86,0.23,-0.86,0.01,-1.36,0.11,0.33,-0.41,-14
UFC Fight Night - Rockhold vs. Bisping,Dylan Andrews,Sam Alvey,Underdog,-0.89,-1,-1,-1.07,0.06,-0.91,-0.06,2.77,0.36,-0.25,0.3,6
UFC Fight Night - Rockhold vs. Bisping,Louis Smolka,Richie Vaculik,Favorite,-2.68,3,-1,0.98,0,0.02,-0.04,-1.31,-0.11,0.01,0.8,-8
UFC Fight Night - Rockhold vs. Bisping,Vik Grujic,Chris Clements,Underdog,-0.52,1,3,-0.96,-0.02,1.02,-0.04,1.18,0.33,-0.06,0.1,-1
UFC Fight Night - Rockhold vs. Bisping,Luke Zachrich,Daniel Kelly,Underdog,-2.22,2,4,0.93,-0.06,-0.18,0.01,-1.13,-0.02,0.02,-0.3,-4
UFC Fight Night - Rockhold vs. Bisping,Marcus Brimage,Jumabieke Tuerxun,Favorite,-4.36,-3,4,2.37,0.06,0.56,-0.03,0.09,0.89,0.14,-0.9,1
UFC Fight Night - Shogun vs. St. Preux,Mauricio Rua,Ovince St Preux,Underdog,-1.16,-2,-4,0.54,0.03,-0.53,0.07,0.9,0.12,-0.19,0.19,1
UFC Fight Night - Shogun vs. St. Preux,Warlley Alves,Alan Jouban,Favorite,-1.58,-1,-1,-2.63,-0.03,0.18,-0.1,0.71,0.06,0.04,0.5,-9
UFC Fight Night - Shogun vs. St. Preux,Leon Edwards,Claudio Silva,Underdog,-1.09,3,3,0.27,0.11,-0.67,0.08,-1.6,0.08,0.25,-0.7,-9
UFC Fight Night - Shogun vs. St. Preux,Dhiego Lima,Jorge Antonio Cezario de Oliveira,Favorite,-2.38,9,12,0.43,0.06,0.73,0,-0.37,-0.28,-0.13,0.19,-9
UFC Fight Night - Shogun vs. St. Preux,Nina Nunes,Juliana Lima,Underdog,-0.69,0,-1,2.44,0.01,1.36,0,-1.48,0.02,0.03,0.5,-4
UFC Fight Night - Shogun vs. St. Preux,Diego Rivas,Rodolfo Rubio Perez,Favorite,-0.18,3,3,0.24,0.04,1.14,-0.1,-0.21,0.26,0.31,0.9,-5
UFC Fight Night - Shogun vs. St. Preux,Caio Magalhaes,Trevor Smith,Favorite,-1.47,-2,-2,-1.02,-0.16,-0.54,0.05,-0.65,-0.17,-0.03,0.9,-7
UFC Fight Night - Shogun vs. St. Preux,Leandro Silva,Charlie Brenneman,Favorite,-0.86,-1,2,0.87,-0.09,0.53,0.17,-2.48,-0.05,-0.07,0.4,-5
UFC Fight Night - Shogun vs. St. Preux,Thomas Almeida,Tim Gorman,Favorite,-2.4,2,1,2.11,0.12,-0.65,0.14,-0.83,0.05,0.42,0,-9
UFC Fight Night - Shogun vs. St. Preux,Colby Covington,Wagner Silva Gomes,Favorite,-3.53,-1,0,2.19,0.09,0.1,-0.1,3.79,0.44,0.09,0.2,-1
UFC 180 - Werdum vs. Hunt,Fabricio Werdum,Mark Hunt,Favorite,-3.28,6,5,0.77,0.09,-0.26,0.04,1.24,-0.25,-0.33,1,-4
UFC 180 - Werdum vs. Hunt,Kelvin Gastelum,Jake Ellenberger,Favorite,-1.47,0,0,1.07,0.01,0.39,-0.03,-1.08,-0.17,-0.27,-0.31,-7
UFC 180 - Werdum vs. Hunt,Dennis Bermudez,Ricardo Lamas,Underdog,-1.11,-2,-5,1.29,-0.01,0.19,0.02,2.04,0.07,0.35,0.2,-5
UFC 180 - Werdum vs. Hunt,Augusto Montano,Chris Heatherly,Favorite,-1.47,4,4,2.38,0.01,-0.01,0.04,-3.39,-0.5,-0.34,-0.7,3
UFC 180 - Werdum vs. Hunt,Edgar Garcia,Hector Urbina,Underdog,-1.24,-1,-2,2.19,-0.1,1.79,0.2,2.21,0.56,0.12,-3.2,4
UFC 180 - Werdum vs. Hunt,Jose Quinonez,Alejandro Perez,Underdog,-1.56,2,2,0.14,0.1,-0.19,0.03,2.16,0.24,-0.28,0.3,-1
UFC 180 - Werdum vs. Hunt,Jessica Eye,Leslie Smith,Favorite,-1.7,-3,0,-3.7,-0.04,-4.22,0.04,0.57,0.4,-0.06,0.5,-4
UFC 180 - Werdum vs. Hunt,Gabriel Benitez,Humberto Brown Morrison,Favorite,-2.87,-2,0,3.55,-0.1,2.3,0.01,-1.21,0.25,0.55,0.9,-4
UFC 180 - Werdum vs. Hunt,Enrique Briones,Guido Cannetti,Favorite,-0.15,4,7,-2.01,-0.23,0.16,-0.02,0.23,-0.18,-0.05,0.6,-7
UFC 180 - Werdum vs. Hunt,Marlon Vera,Marco Beltran,Underdog,-1.94,0,1,2.23,0.12,3.55,-0.13,-0.17,-0.11,0.23,0.7,-7
UFC Fight Night - Edgar vs. Swanson,Frankie Edgar,Cub Swanson,Favorite,-1.56,-2,-2,-0.94,-0.1,-1.02,0.06,1.2,-0.22,0.04,-0.11,2
UFC Fight Night - Edgar vs. Swanson,Edson Barboza,Bobby Green,Favorite,-0.08,1,4,-2.34,-0.09,0.9,-0.06,-0.74,0.12,-0.03,-0.2,1
UFC Fight Night - Edgar vs. Swanson,Brad Pickett,Chico Camus,Underdog,-1.51,0,2,0.43,-0.1,2.17,-0.09,1.7,0.03,-0.15,0,6
UFC Fight Night - Edgar vs. Swanson,Jared Rosholt,Aleksei Oleinik,Underdog,-1.56,0,-5,-1.21,-0.02,-2.28,0.14,0.01,-0.06,0.29,-1.8,-9
UFC Fight Night - Edgar vs. Swanson,Joseph Benavidez,Dustin Ortiz,Favorite,-3.08,-1,0,0.58,-0.1,0.5,0.04,-1.6,-0.06,0.09,0.5,4
UFC Fight Night - Edgar vs. Swanson,Matt Wiman,Isaac Vallie-Flagg,Favorite,-1.24,2,-2,-2.39,0.03,-2.03,0.06,1.93,0.25,-0.02,1.5,-6
UFC Fight Night - Edgar vs. Swanson,Ruslan Magomedov,Josh Copeland,Favorite,-1.45,2,3,2.98,0.15,-1.54,0.1,0.33,1,0.31,0,-4
UFC Fight Night - Edgar vs. Swanson,Luke Barnatt,Roger Narvaez,Underdog,-2.24,3,-2,2.3,-0.02,0.55,-0.06,0.63,0.42,0.13,-0.5,-4
UFC Fight Night - Edgar vs. Swanson,James Vick,Nick Hein,Favorite,-1.29,9,10,1.48,0.04,-0.3,0.01,-0.6,0,-0.26,0.7,-3
UFC Fight Night - Edgar vs. Swanson,Yves Edwards,Akbarh Arreola,Underdog,-1.24,-1,2,0.59,-0.04,-1.67,0.09,-0.32,-0.47,0.35,0.29,6
UFC Fight Night - Edgar vs. Swanson,Paige VanZant,Kailin Curran,Favorite,-0.69,0,0,-0.54,0.09,-2.13,-0.12,-0.73,-0.24,-0.27,0.4,-3
UFC Fight Night - Edgar vs. Swanson,Doo Ho Choi,Juan Manuel Puig,Favorite,-2.55,1,-2,-0.17,0.3,-2.26,0.03,0.28,0.2,0.5,0,-2
UFC 181 - Hendricks vs. Lawler 2,Johny Hendricks,Robbie Lawler,Underdog,-1.45,-2,-5,-0.36,-0.02,-0.68,-0.06,3.18,-0.18,-0.03,0.3,-2
UFC 181 - Hendricks vs. Lawler 2,Anthony Pettis,Gilbert Melendez,Favorite,-1.72,1,-1,-0.4,0.13,0.91,-0.09,-1.03,0.09,-0.11,0.9,-5
UFC 181 - Hendricks vs. Lawler 2,Travis Browne,Brendan Schaub,Favorite,-2.53,2,1,0.01,0.03,2.08,-0.15,-1.11,0.22,0.03,-0.2,0
UFC 181 - Hendricks vs. Lawler 2,Todd Duffee,Anthony Hamilton,Favorite,-2.37,-2,2,2.01,-0.29,-0.15,0.11,-1.9,-0.17,0.12,0,-6
UFC 181 - Hendricks vs. Lawler 2,Tony Ferguson,Abel Trujillo,Favorite,-1.7,3,6,2.29,0.04,2.1,-0.04,-1.79,-0.11,0.27,0.5,0
UFC 181 - Hendricks vs. Lawler 2,Urijah Faber,Francisco Rivera,Favorite,-3.77,-2,-3,-1.43,-0.01,-0.58,-0.05,0.53,-0.33,-0.11,0.2,3
UFC 181 - Hendricks vs. Lawler 2,Eddie Gordon,Josh Samman,Underdog,-0.8,-3,-3,-0.06,-0.2,0.09,0.25,0.83,0.49,0.3,-0.4,4
UFC 181 - Hendricks vs. Lawler 2,Corey Anderson,Justin Jones,Favorite,-2.53,4,0,2.72,0.1,-0.95,0.13,3.88,0.35,0.36,-0.5,-2
UFC 181 - Hendricks vs. Lawler 2,Ashlee Evans-Smith,Raquel Pennington,Underdog,-1.16,1,0,-0.11,-0.18,1.29,-0.07,0.04,-0.06,-0.13,-0.7,1
UFC 181 - Hendricks vs. Lawler 2,Sergio Pettis,Matt Hobar,Favorite,-2.37,-4,-1,0.64,-0.05,-1.36,0.13,-2.81,-0.04,0.17,0.4,-7
UFC 181 - Hendricks vs. Lawler 2,Alex White,Clay Collard,Underdog,-0.47,1,-2,-0.46,0.09,-1.94,0.09,-1.89,-0.11,0,0,4
UFC - The Ultimate Fighter 20 Finale,Rose Namajunas,Carla Esparza,Underdog,-1.07,4,2,1.52,0,0.81,0.07,-1.85,0.12,0.12,0.2,-5
UFC - The Ultimate Fighter 20 Finale,Jeremy Stephens,Charles Oliveira,Underdog,-0.44,-1,-3,-0.23,-0.13,-0.16,0.06,-1.01,-0.03,0.09,-2.4,3
UFC - The Ultimate Fighter 20 Finale,Yancy Medeiros,Joe Proctor,Favorite,-1.8,0,3,0.97,0.01,1.73,-0.12,0.33,0.5,0.03,-1.11,-2
UFC - The Ultimate Fighter 20 Finale,Randa Markos,Jessica Penne,Underdog,-0.08,-1,-4,0.45,0.12,-1.65,0.11,-0.2,0.07,0.16,-0.4,-3
UFC - The Ultimate Fighter 20 Finale,Felice Herrig,Lisa Ellis,Favorite,-2.89,0,3,2.16,-0.11,2.87,-0.09,-3.12,-0.35,0.25,0.2,-2
UFC - The Ultimate Fighter 20 Finale,Bec Rawlings,Heather Clark,Underdog,-1.07,0,0,0.79,-0.08,0.04,0.06,0.37,0.36,-0.12,0.1,-8
UFC - The Ultimate Fighter 20 Finale,Joanne Wood,Seo Hee Ham,Favorite,-4.68,4,3,2.89,0.12,-0.27,-0.1,1.52,0.55,-0.09,0.09,1
UFC - The Ultimate Fighter 20 Finale,Tecia Torres,Angela Magana,Favorite,-4.7,6,5,-0.43,0.06,-3.68,0.23,1.66,0.08,0.21,-0.4,-11
UFC - The Ultimate Fighter 20 Finale,Aisling Daly,Alex Chambers,Favorite,-1.45,-1,1,-0.06,-0.03,-3.7,0.05,-0.17,0,-0.2,-0.1,-9
UFC - The Ultimate Fighter 20 Finale,Angela Hill,Emily Kagan,Favorite,-0.86,0,-2,2.78,0.13,-0.43,0.23,-1.06,0.19,0.26,0.1,-3
UFC on Fox 13 - Dos Santos vs. Miocic,Junior dos Santos,Stipe Miocic,Favorite,-3.27,0,-3,-0.34,-0.07,-0.49,0.02,-1.56,0.15,0.13,0.1,-1
UFC on Fox 13 - Dos Santos vs. Miocic,Rafael dos Anjos,Nate Diaz,Favorite,-2.16,-4,-6,-1.1,0.01,-0.57,0.07,0.89,0.04,0.14,-0.7,0
UFC on Fox 13 - Dos Santos vs. Miocic,Alistair Overeem,Stefan Struve,Favorite,-1.76,-7,-4,0.54,0.17,-1.6,0.1,0.85,0.09,0.17,-0.9,8
UFC on Fox 13 - Dos Santos vs. Miocic,Matt Mitrione,Gabriel Gonzaga,Favorite,-0.43,1,6,1.42,0.04,-0.15,0.07,-2.8,-0.39,-0.11,-0.41,0
UFC on Fox 13 - Dos Santos vs. Miocic,Claudia Gadelha,Joanna Jedrzejczyk,Underdog,-1.8,-2,-2,-2.97,-0.08,1.32,-0.06,2.76,-0.2,-0.23,0.6,-1
UFC on Fox 13 - Dos Santos vs. Miocic,John Moraga,Willie Gates,Favorite,-4.33,-2,-6,0.76,0.04,-1.74,0.18,0.62,0.23,-0.24,0.7,3
UFC on Fox 13 - Dos Santos vs. Miocic,Ben Saunders,Joe Riggs,Favorite,-1.8,2,7,0.81,-0.02,1.89,-0.06,-2.25,-0.16,0.04,0.7,0
UFC on Fox 13 - Dos Santos vs. Miocic,Jamie Varner,Drew Dober,Underdog,-3.07,0,1,-1.42,-0.06,-1.69,0.06,2.78,0.35,0.09,0.7,4
UFC on Fox 13 - Dos Santos vs. Miocic,Joe Ellenberger,Bryan Barberena,Underdog,-1.66,-3,0,-3.73,-0.02,-1.14,0.03,3.04,0.18,-0.5,0.8,4
UFC on Fox 13 - Dos Santos vs. Miocic,David Michaud,Garett Whiteley,Favorite,-1.47,-3,0,-0.48,-0.05,0.41,0.08,2.52,0.57,0.5,-0.21,-8
UFC on Fox 13 - Dos Santos vs. Miocic,Henry Cejudo,Dustin Kimura,Favorite,-1.78,-3,-7,2.44,0.25,-0.53,0.08,1.06,-0.05,0.25,-2,2
UFC on Fox 13 - Dos Santos vs. Miocic,Anthony Birchak,Ian Entwistle,Underdog,-1.56,3,5,3.82,0.28,-3.7,0.25,0.48,0.14,0.61,-11.6,1
UFC Fight Night - Machida vs. Dollaway,Lyoto Machida,C.B. Dollaway,Favorite,-4.7,-1,-2,-0.07,0.06,-1.01,0.06,-2.34,0.1,0.13,-0.8,5
UFC Fight Night - Machida vs. Dollaway,Renan Barao,Mitch Gagnon,Favorite,-6,1,5,1.02,-0.11,1.69,-0.05,0.33,0.15,0.26,-1.4,-2
UFC Fight Night - Machida vs. Dollaway,Patrick Cummins,Antonio Carlos Junior,Favorite,-0.92,0,-3,2.3,0.08,1.21,0.03,1.07,0.01,-0.25,-0.7,9
UFC Fight Night - Machida vs. Dollaway,Rashid Magomedov,Elias Silverio,Favorite,-0.8,-2,-3,0.73,0,0.07,0.03,-0.95,0.18,0.04,0,2
UFC Fight Night - Machida vs. Dollaway,Erick Silva,Mike Rhodes,Favorite,-3.07,-1,0,-0.71,0.08,0.04,-0.16,-0.11,0.01,-0.19,0.89,5
UFC Fight Night - Machida vs. Dollaway,Daniel Sarafian,Antonio Dos Santos Jr.,Favorite,-0.71,-1,1,-3.18,-0.05,-0.84,0.14,0.36,0.07,-0.47,0.7,6
UFC Fight Night - Machida vs. Dollaway,Marcos Rogerio de Lima,Igor Pokrajac,Favorite,-2.67,1,1,1.45,0.11,-1.36,0.1,0.52,0.16,0.07,0.3,-7
UFC Fight Night - Machida vs. Dollaway,Tom Niinimaki,Renato Moicano,Underdog,-0.12,-2,-3,-2.47,0.06,-1.37,-0.03,1.08,0.01,-0.39,-0.1,6
UFC Fight Night - Machida vs. Dollaway,Hacran Dias,Darren Elkins,Favorite,-1.24,-2,-2,-1.36,0.02,0.04,0.03,-0.36,0.04,0.19,-0.61,-1
UFC Fight Night - Machida vs. Dollaway,Yuta Sasaki,Leandro Issa,Underdog,-3.78,3,2,0.08,0.03,-0.67,-0.08,0.64,0.21,-0.1,0,-6
UFC Fight Night - Machida vs. Dollaway,Tim Means,Marcio Alexandre Jr.,Favorite,-1.56,2,0,3.47,0.03,0.75,0.18,0.81,0.2,-0.02,-0.5,5
UFC Fight Night - Machida vs. Dollaway,Jake Collier,Vitor Miranda,Underdog,-0.97,2,1,2.82,-0.02,2.13,-0.08,-0.24,-0.23,0.17,0.4,-10
UFC 182 - Jones vs. Cormier,Jon Jones,Daniel Cormier,Favorite,-0.86,5,12,0.04,0.04,-0.7,0.09,0.09,0.01,0.14,0.09,-9
UFC 182 - Jones vs. Cormier,Donald Cerrone,Myles Jury,Favorite,-1.16,3,0,1.47,0.04,2.32,-0.13,-1.01,-0.23,0.23,0.89,6
UFC 182 - Jones vs. Cormier,Nate Marquardt,Brad Tavares,Underdog,-0.43,-1,0,-0.67,0.06,-0.83,0,1.09,0.25,-0.12,0.8,9
UFC 182 - Jones vs. Cormier,Kyoji Horiguchi,Louis Gaudinot,Favorite,-5.51,2,3,1.26,0.08,-3.97,0.14,1.43,0.03,0.24,-1.11,-6
UFC 182 - Jones vs. Cormier,Hector Lombard,Josh Burkman,Favorite,-5.99,-1,-1,0.33,0.03,0.22,0.02,-0.84,0.12,0.05,0.2,2
UFC 182 - Jones vs. Cormier,Danny Castillo,Paul Felder,Underdog,-1.47,-2,1,-1.14,-0.03,-1.48,0.14,2.66,0.09,-0.02,0,4
UFC 182 - Jones vs. Cormier,Marcus Brimage,Cody Garbrandt,Underdog,-1.14,-4,6,0.99,-0.06,-0.12,-0.04,-0.47,0.65,0,0,7
UFC 182 - Jones vs. Cormier,Shawn Jordan,Jared Cannonier,Favorite,-1.56,1,-2,-1.81,-0.03,-0.83,-0.12,1.53,-0.04,0.13,0.1,-1
UFC 182 - Jones vs. Cormier,Evan Dunham,Rodrigo Damm,Favorite,-4.34,3,-1,1.83,0.03,-2.08,0.04,1.38,0.17,-0.02,0.7,-2
UFC 182 - Jones vs. Cormier,Omari Akhmedov,Mats Nilsson,Favorite,-0.86,-1,-2,-0.03,-0.05,-2.78,-0.08,-1.29,-0.38,0.21,-2.1,-4
UFC 182 - Jones vs. Cormier,Alexis Dufresne,Marion Reneau,Underdog,-1.14,3,1,-1.87,-0.14,-0.19,0.01,0.88,-0.13,0,-0.8,-13
UFC Fight Night - McGregor vs. Siver,Conor McGregor,Dennis Siver,Favorite,-8.89,3,4,1.45,0.17,1.99,-0.11,-0.2,0.23,0.01,-0.2,-10
UFC Fight Night - McGregor vs. Siver,Benson Henderson,Donald Cerrone,Underdog,-0.43,-4,-3,-1.48,-0.02,-2.7,0.09,1.24,0.12,-0.1,-0.4,-1
UFC Fight Night - McGregor vs. Siver,Urijah Hall,Ron Stallings,Favorite,-7.19,-2,4,0,-0.12,0.59,0.03,0.54,0.38,-0.07,0.1,-2
UFC Fight Night - McGregor vs. Siver,Gleison Tibau,Norman Parke,Favorite,-0.55,-1,1,-1.12,-0.04,-0.38,-0.02,2.1,0.27,0.15,0.8,3
UFC Fight Night - McGregor vs. Siver,Sean Spencer,Cathal Pendred,Underdog,-0.71,-3,-1,1.75,-0.12,1,0.04,-2.32,0.1,-0.15,-0.4,0
UFC Fight Night - McGregor vs. Siver,Lorenz Larkin,John Howard,Favorite,-0.71,4,0,1.38,-0.04,-0.34,0.12,-2.44,-0.08,0.26,-0.31,-4
UFC Fight Night - McGregor vs. Siver,Chris Wade,Zhang Lipeng,Favorite,-4.34,-1,-1,0.41,0.05,-0.13,-0.03,0.85,0.21,-0.14,0.3,2
UFC Fight Night - McGregor vs. Siver,Patrick Holohan,Shane Howell,Favorite,-2.18,3,4,0.55,0.08,0.4,0.01,3.01,0.33,0.23,0.3,0
UFC Fight Night - McGregor vs. Siver,Charles Rosa,Sean Soriano,Favorite,-0.47,0,-1,-0.11,-0.25,1.71,-0.1,0.33,-0.21,-0.15,1,3
UFC Fight Night - McGregor vs. Siver,Sean O'Connell,Matt Van Buren,Favorite,-1.22,-4,-3,-2.28,0.02,-0.06,-0.04,0,0,-0.2,0.5,3
UFC Fight Night - McGregor vs. Siver,Joby Sanchez,Tateki Matsuda,Favorite,-0.92,-1,2,0.02,0.01,-0.62,-0.06,0.95,0.71,0.35,0.4,-6
UFC on Fox 14 - Gustafsson vs. Johnson,Alexander Gustafsson,Anthony Johnson,Underdog,-2.35,3,1,0.78,-0.07,1.69,-0.09,-0.91,-0.18,0.05,-0.2,-3
UFC on Fox 14 - Gustafsson vs. Johnson,Gegard Mousasi,Dan Henderson,Favorite,-4.36,3,2,1.31,0.03,-1.5,0.17,0.07,0.07,0.02,0.8,-15
UFC on Fox 14 - Gustafsson vs. Johnson,Phil Davis,Ryan Bader,Underdog,-1.54,0,5,0.03,-0.09,-0.06,0.01,-0.38,-0.06,-0.09,0.19,-1
UFC on Fox 14 - Gustafsson vs. Johnson,Akira Corassani,Sam Sicilia,Underdog,-0.19,0,1,0.79,0.12,1.36,-0.09,-0.75,-0.15,0.16,-0.9,3
UFC on Fox 14 - Gustafsson vs. Johnson,Albert Tumenov,Nico Musoke,Favorite,-0.58,-1,-2,0.19,0.07,-0.46,0.01,-0.96,0.01,-0.07,-0.2,-6
UFC on Fox 14 - Gustafsson vs. Johnson,Sultan Aliev,Kenny Robertson,Underdog,-1.02,1,0,-2.32,-0.02,-0.82,0.04,0.38,0.12,0.43,-0.8,-1
UFC on Fox 14 - Gustafsson vs. Johnson,Andy Ogle,Makwan Amirkhani,Underdog,-0.75,-2,-3,0.91,0,-0.75,0.03,-2.52,-0.17,0.23,-1.11,0
UFC on Fox 14 - Gustafsson vs. Johnson,Nikita Krylov,Stanislav Nedkov,Favorite,-0.31,4,6,1.04,0.12,-2.92,0.01,-0.48,-0.03,0.53,1.4,-10
UFC on Fox 14 - Gustafsson vs. Johnson,Mairbek Taisumov,Anthony Christodoulou,Favorite,-7.21,0,1,0.79,0.13,-2.88,0.19,1.34,0.63,0.48,0,-1
UFC on Fox 14 - Gustafsson vs. Johnson,Mirsad Bektic,Paul Redmond,Favorite,-5.52,-2,-1,1.71,0.06,-1.2,0.15,3.98,0.52,0.42,0.4,-4
UFC on Fox 14 - Gustafsson vs. Johnson,Konstantin Erokhin,Viktor Pesta,Underdog,-3.08,-4,-4,-0.51,0,-0.71,-0.1,-3.29,-0.29,-0.31,0,8
UFC on Fox 14 - Gustafsson vs. Johnson,Chris Beal,Neil Seery,Underdog,-1.24,3,5,-0.11,-0.06,-0.61,0.03,0.82,0.3,0.25,-1.4,-6
UFC 183 - Silva vs. Diaz,Anderson Silva,Nick Diaz,Favorite,-4.06,1,1,-2.66,0.19,-1.79,0.01,-0.78,0.45,0.08,-0.2,9
UFC 183 - Silva vs. Diaz,Kelvin Gastelum,Tyron Woodley,Underdog,-0.33,0,-3,1.19,-0.08,0.47,0.03,-0.11,-0.11,-0.29,-0.31,-10
UFC 183 - Silva vs. Diaz,Al Iaquinta,Joe Lauzon,Favorite,-1.22,0,-1,1.21,0.01,-0.86,0.06,-1.77,-0.27,0.19,-1.8,-3
UFC 183 - Silva vs. Diaz,Thales Leites,Tim Boetsch,Favorite,-3.77,1,4,-0.81,-0.1,0.09,-0.05,0.65,-0.08,-0.29,0.3,-1
UFC 183 - Silva vs. Diaz,Jordan Mein,Thiago Alves,Underdog,-0.52,3,3,-0.38,0.03,-0.88,0.06,0.85,-0.03,0.03,-0.1,-6
UFC 183 - Silva vs. Diaz,Sara McMann,Miesha Tate,Underdog,-1.06,0,1,-0.37,0.01,-1.06,-0.05,2.36,0.34,-0.06,-0.8,6
UFC 183 - Silva vs. Diaz,Derek Brunson,Ed Herman,Favorite,-4.7,0,0,0.19,-0.02,-0.67,0.09,1.18,-0.14,0.26,-0.4,-3
UFC 183 - Silva vs. Diaz,Ian McCall,John Lineker,Underdog,-1.7,2,-3,-1.78,-0.02,-1.02,0.1,1.52,-0.28,0.2,-0.6,7
UFC 183 - Silva vs. Diaz,Rafael Natal,Tom Watson,Favorite,-0.72,-1,4,-0.91,0.02,-1.94,0.06,2.4,0.27,0.34,0.5,0
UFC 183 - Silva vs. Diaz,Ildemar Alcantara,Richardson Moreira,Favorite,-0.95,0,6,0.76,0.09,0.79,-0.18,2,0.68,-0.19,0.9,1
UFC 183 - Silva vs. Diaz,Thiago Santos,Andy Enz,Favorite,-1.11,-1,-2,0.21,0.24,-2.76,-0.04,0.88,0.33,0.07,0.1,8
UFC Fight Night - Henderson vs Thatch,Brandon Thatch,Benson Henderson,Underdog,-0.59,5,4,-0.23,-0.04,1.84,-0.11,-1.04,0.21,-0.13,-0.11,-2
UFC Fight Night - Henderson vs Thatch,Max Holloway,Cole Miller,Favorite,-3.49,-2,-4,4.17,0.14,0.83,0,-0.35,0.17,0.46,-1.5,-8
UFC Fight Night - Henderson vs Thatch,Neil Magny,Kiichi Kunimoto,Favorite,-4.7,5,9,1.6,0.02,-1.5,0.11,0.57,0.2,0.26,0,-7
UFC Fight Night - Henderson vs Thatch,Patrick Walsh,Daniel Kelly,Underdog,-0.99,-1,3,-1.6,-0.19,-1.81,0.03,1.13,0.2,0.21,1.2,-11
UFC Fight Night - Henderson vs Thatch,Kevin Lee,Michel Prazeres,Favorite,-0.64,3,10,1.5,-0.05,1.09,-0.07,-0.76,0.07,0.28,0.2,-11
UFC Fight Night - Henderson vs Thatch,Ray Borg,Chris Kelades,Favorite,-6.55,-3,-5,-0.88,0.09,-0.72,0,2.85,0.32,-0.08,0.7,-13
UFC Fight Night - Henderson vs Thatch,Rodrigo Lima,Efrain Escudero,Underdog,-0.31,-2,4,-1.63,-0.11,3.2,-0.31,1.35,-0.05,-0.66,0.5,-5
UFC Fight Night - Henderson vs Thatch,Chas Skelly,Jim Alers,Favorite,-1.56,2,1,-0.9,0,-1.17,-0.08,-0.52,-0.07,-0.41,1.99,2
UFC Fight Night - Henderson vs Thatch,Zach Makovsky,Tim Elliott,Favorite,-0.04,-3,-2,-1.46,-0.02,-0.42,0.05,-0.03,-0.17,-0.03,-0.7,4
UFC Fight Night - Henderson vs Thatch,James Moontasri,Cody Pfister,Favorite,-1.56,0,-2,0.98,0.23,1.06,-0.11,-2.82,-0.3,0.79,0.2,3
UFC Fight Night - Mir vs. Bigfoot,Antonio Silva,Frank Mir,Underdog,-2,1,3,0.71,-0.02,-0.75,0.12,-1.21,-0.12,0.12,-1.2,-1
UFC Fight Night - Mir vs. Bigfoot,Edson Barboza,Michael Johnson,Underdog,-1.04,1,2,-0.16,0.04,0.82,-0.01,-0.17,0.09,-0.1,0.1,1
UFC Fight Night - Mir vs. Bigfoot,Cezar Ferreira,Sam Alvey,Underdog,-2.85,-1,3,-1.38,-0.03,-1.19,0.01,2.63,0.39,0.02,0.4,1
UFC Fight Night - Mir vs. Bigfoot,Rustam Khabilov,Adriano Martins,Underdog,-4.36,-2,1,0.17,-0.04,0.02,0,3.12,-0.4,-0.21,-0.31,-4
UFC Fight Night - Mir vs. Bigfoot,Yuri Alcantara,Frankie Saenz,Underdog,-6.55,3,5,-1.22,-0.02,-0.71,-0.04,-0.31,0.31,-0.02,0.7,0
UFC Fight Night - Mir vs. Bigfoot,Sean Strickland,Santiago Ponzinibbio,Underdog,-1.32,1,3,1,0,-0.34,0.01,0.37,0.34,0.17,0.2,-4
UFC Fight Night - Mir vs. Bigfoot,Jessica Andrade,Marion Reneau,Underdog,-1.92,-5,-6,3.42,0.09,1.85,-0.04,1.75,-0.08,0.21,-0.5,-14
UFC Fight Night - Mir vs. Bigfoot,William Macario,Matt Dwyer,Underdog,-3.08,-5,-1,2.35,0.2,0.71,0.1,1.41,0.35,0.18,0,-2
UFC Fight Night - Mir vs. Bigfoot,Tiago Trator,Mike de la Torre,Underdog,-1.56,-2,-1,0.48,-0.05,-0.52,0.07,0.27,-0.05,-0.5,0.3,0
UFC Fight Night - Mir vs. Bigfoot,Cody Gibson,Douglas Silva de Andrade,Underdog,-1.8,3,3,0.33,0.04,0.08,-0.02,0.67,-0.18,-0.02,0,-2
UFC Fight Night - Mir vs. Bigfoot,Ivan Jorge,Josh Shockley,Favorite,-1.68,-4,-2,2.01,0.15,1.16,-0.02,1.56,0.16,0.14,-0.21,9
UFC 184 - Rousey vs. Zingano,Ronda Rousey,Cat Zingano,Favorite,-5.96,1,-2,1.6,-0.09,2.5,-0.03,3.49,0.03,0.08,4,-4
UFC 184 - Rousey vs. Zingano,Holly Holm,Raquel Pennington,Favorite,-5.09,1,2,-1.01,-0.12,-0.38,-0.05,-0.04,0.02,0.13,-0.6,7
UFC 184 - Rousey vs. Zingano,Jake Ellenberger,Josh Koscheck,Favorite,-1.26,-1,-2,0.68,0.03,0.56,-0.04,-0.42,-0.02,0.21,0,-7
UFC 184 - Rousey vs. Zingano,Alan Jouban,Richard Walsh,Favorite,-2.52,0,0,1.83,0.03,1.04,0.02,-1.04,0.03,-0.09,0.09,7
UFC 184 - Rousey vs. Zingano,Tony Ferguson,Gleison Tibau,Favorite,-1.8,1,5,2.99,0.14,1.9,-0.08,-3.69,-0.19,-0.25,0.09,0
UFC 184 - Rousey vs. Zingano,Mark Munoz,Roan Carneiro,Underdog,-2.06,1,-5,1.66,0.04,0.43,-0.06,0.12,-0.13,-0.26,-0.8,1
UFC 184 - Rousey vs. Zingano,Tim Means,Dhiego Lima,Favorite,-0.61,0,0,1.96,0.09,-0.24,0.02,-0.11,0.06,-0.08,-0.4,5
UFC 184 - Rousey vs. Zingano,Derrick Lewis,Ruan Potts,Favorite,-4.37,1,4,1.63,0.13,-3.44,0.18,-0.19,0.1,0.19,-2.3,-7
UFC 184 - Rousey vs. Zingano,James Krause,Valmir Lazaro,Underdog,-1.04,2,0,-0.09,0.12,0.02,0,-0.38,-0.23,-0.37,0.9,-1
UFC 184 - Rousey vs. Zingano,Masio Fullen,Alexander Torres,Favorite,-0.71,0,0,-0.02,-0.05,0.77,-0.15,-1.53,0.11,0.18,0,2
UFC 185 - Pettis vs. Dos Anjos,Anthony Pettis,Rafael dos Anjos,Underdog,-3.63,2,2,-0.44,0,0.23,-0.06,-1.34,0.15,0.04,0.5,-2
UFC 185 - Pettis vs. Dos Anjos,Carla Esparza,Joanna Jedrzejczyk,Underdog,-0.85,-5,-2,-4.12,-0.08,-0.57,-0.07,2.95,-0.27,-0.34,0.2,0
UFC 185 - Pettis vs. Dos Anjos,Johny Hendricks,Matt Brown,Favorite,-2.96,-3,-6,-0.27,-0.11,1.07,-0.03,2.15,0,0,-1,-3
UFC 185 - Pettis vs. Dos Anjos,Alistair Overeem,Roy Nelson,Favorite,-1.26,4,7,1.48,0.28,-2.35,0.1,0.28,0.28,0.07,0.7,-3
UFC 185 - Pettis vs. Dos Anjos,Henry Cejudo,Chris Cariaso,Favorite,-4.82,1,0,0.41,0.03,1.06,-0.02,0.87,-0.08,0.18,-0.61,-5
UFC 185 - Pettis vs. Dos Anjos,Ross Pearson,Sam Stout,Favorite,-2.96,-1,-1,-0.49,0.12,0,0.05,0.1,-0.04,-0.03,-0.1,-1
UFC 185 - Pettis vs. Dos Anjos,Elias Theodorou,Roger Narvaez,Favorite,-2.63,-2,-4,2.07,0.04,-0.93,-0.11,1.27,0.28,0.08,-0.9,-5
UFC 185 - Pettis vs. Dos Anjos,Daron Cruickshank,Beneil Dariush,Underdog,-0.64,-2,0,-0.9,-0.1,0.33,0,0.14,0.06,-0.21,-0.7,3
UFC 185 - Pettis vs. Dos Anjos,Jared Rosholt,Josh Copeland,Favorite,-2.37,1,0,1.05,0.15,-1.49,0.03,1.83,0.41,0.09,0.1,-4
UFC 185 - Pettis vs. Dos Anjos,Sergio Pettis,Ryan Benoit,Underdog,-4.13,1,1,1,-0.03,-0.74,0.07,0.56,0.18,-0.05,0,-4
UFC 185 - Pettis vs. Dos Anjos,Joseph Duffy,Jake Lindsey,Favorite,-4.4,-1,0,-0.76,-0.18,-0.23,0.08,0.3,0.33,0.14,0.7,-1
UFC 185 - Pettis vs. Dos Anjos,Larissa Pacheco,Germaine de Randamie,Underdog,-0.69,-2,-2,-1.36,-0.27,2.13,-0.1,0,0,-0.65,-0.4,-11
UFC Fight Night - Maia vs. LaFlare,Ryan LaFlare,Demian Maia,Underdog,-0.43,0,2,1.09,-0.03,-0.21,0,-0.37,0.2,-0.04,-0.8,-6
UFC Fight Night - Maia vs. LaFlare,Erick Silva,Josh Koscheck,Favorite,-4.03,2,1,0.71,0.12,1.9,-0.15,-1.61,-0.13,-0.08,0.99,-7
UFC Fight Night - Maia vs. LaFlare,Tony Martin,Leonardo Santos,Underdog,-0.48,0,-2,-0.14,-0.1,-0.81,0.03,-0.18,0.02,-0.18,0.8,-10
UFC Fight Night - Maia vs. LaFlare,Amanda Nunes,Shayna Baszler,Favorite,-3.77,1,1,2.05,0.21,-3.74,0.05,2.06,0.36,0.37,-0.61,-8
UFC Fight Night - Maia vs. LaFlare,Gilbert Burns,Alex Oliveira,Favorite,-5.07,-1,-5,0.29,-0.04,0.87,0.08,-0.11,0,-0.13,-0.1,1
UFC Fight Night - Maia vs. LaFlare,Andre Fili,Godofredo Pepey,Underdog,-2.37,4,1,1.53,-0.02,0.88,0.04,1.79,0.4,0.34,-1.2,-3
UFC Fight Night - Maia vs. LaFlare,Francisco Trinaldo,Akbarh Arreola,Favorite,-1.34,-1,-1,0.81,0,-1.34,0.03,-0.1,-0.59,0.26,0.09,4
UFC Fight Night - Maia vs. LaFlare,Edmilson Souza,Katsunori Kikuno,Favorite,-1.8,4,8,2.01,0.03,0.43,-0.04,-1.88,-0.75,-0.26,-0.8,-3
UFC Fight Night - Maia vs. LaFlare,Leandro Silva,Drew Dober,Favorite,-0.64,1,2,-1.95,0.07,-2.16,0.12,1.05,0.19,0.08,0.3,3
UFC Fight Night - Maia vs. LaFlare,Leonardo Mafra,Cain Carrizosa,Favorite,-0.86,2,-4,1.82,0.06,-1.42,-0.09,2.12,0.83,0.54,0.4,-2
UFC Fight Night - Maia vs. LaFlare,Christos Giagos,Jorge Antonio Cezario de Oliveira,Favorite,-1.24,5,8,0.33,0.07,0.06,-0.08,1.21,-0.26,-0.34,0,-10
UFC Fight Night - Maia vs. LaFlare,Bentley Syler,Freddy Serrano,Underdog,-0.25,1,3,-0.29,-0.09,-0.16,0.18,-2.84,-0.25,-0.09,0,-3
UFC Fight Night - Mendes vs. Lamas,Chad Mendes,Ricardo Lamas,Favorite,-3.51,-2,-5,-0.36,0.02,-0.52,0.1,2.29,0.22,0.54,-0.61,-3
UFC Fight Night - Mendes vs. Lamas,Jorge Masvidal,Al Iaquinta,Underdog,-0.38,1,4,-0.01,0.06,-1.49,0.03,0.74,0.41,-0.03,0.09,2
UFC Fight Night - Mendes vs. Lamas,Michael Chiesa,Mitch Clarke,Favorite,-2.72,3,2,-0.48,0.06,-1.57,0.07,2.69,0.35,0.09,0.6,-2
UFC Fight Night - Mendes vs. Lamas,Julianna Pena,Milana Dudieva,Favorite,-1.94,3,-3,2.29,0.15,-1.14,-0.08,-0.4,0.1,0.23,0.8,0
UFC Fight Night - Mendes vs. Lamas,Clay Guida,Robbie Peralta,Favorite,-1.7,-1,-1,-1.12,-0.11,0.03,0.07,2.54,-0.31,0.02,0.6,4
UFC Fight Night - Mendes vs. Lamas,Dustin Poirier,Carlos Diego Ferreira,Favorite,-1.07,0,-2,0.41,0.12,0.93,-0.04,0.37,0.06,0.03,0.8,-4
UFC Fight Night - Mendes vs. Lamas,Liz Carmouche,Lauren Murphy,Favorite,-0.04,1,-1,-1.27,0.15,-2.74,0.05,1.53,0.26,-0.04,0.2,0
UFC Fight Night - Mendes vs. Lamas,Alexander Yakovlev,Gray Maynard,Favorite,-0.31,6,4,-0.18,0.14,-0.23,-0.09,-1.26,-0.12,-0.1,-0.6,-6
UFC Fight Night - Mendes vs. Lamas,Shamil Abdurakhimov,Timothy Johnson,Underdog,-1.92,0,-1,-1.02,-0.02,-0.07,0.11,-0.09,-0.01,-0.24,0.1,3
UFC Fight Night - Mendes vs. Lamas,Justin Jones,Ron Stallings,Underdog,-0.38,-3,4,-1.53,-0.24,-0.09,-0.06,1,0.15,-0.25,0.5,-5
UFC Fight Night - Gonzaga vs. Cro Cop 2,Gabriel Gonzaga,Mirko Filipovic,Underdog,-1.45,0,3,0.01,-0.05,1.05,-0.07,2.61,-0.02,-0.12,0.8,-4
UFC Fight Night - Gonzaga vs. Cro Cop 2,Jimi Manuwa,Jan Blachowicz,Favorite,-0.52,-1,1,0.02,0.04,1.06,-0.05,-0.57,-0.32,0.01,0.1,3
UFC Fight Night - Gonzaga vs. Cro Cop 2,Sheldon Westcott,Pawel Pawlak,Underdog,-1.34,1,-2,0.58,0.07,1.5,-0.17,2.23,0,-0.56,0,4
UFC Fight Night - Gonzaga vs. Cro Cop 2,Joanne Wood,Maryna Moroz,Underdog,-5.96,-1,-2,2.68,0.18,0,0,0.82,0.31,0.15,-0.3,6
UFC Fight Night - Gonzaga vs. Cro Cop 2,Leon Edwards,Seth Baczynski,Favorite,-0.33,-1,-1,-0.34,0.22,-0.81,0.03,0.36,0.18,0.21,-0.4,-10
UFC Fight Night - Gonzaga vs. Cro Cop 2,Bartosz Fabinski,Garreth McLellan,Favorite,-0.31,-1,3,-1.33,0.14,-1.48,0.06,5.94,0.48,0.46,-0.9,-3
UFC Fight Night - Gonzaga vs. Cro Cop 2,Sergio Moraes,Mickael Lebout,Favorite,-3.73,1,-1,-0.19,0.07,0.75,0.04,1.2,0.38,0.15,0.4,5
UFC Fight Night - Gonzaga vs. Cro Cop 2,Damian Stasiak,Yaotzin Meza,Underdog,-0.34,-4,-1,0.43,-0.05,1.48,-0.12,1.58,0.14,0.25,-0.8,-9
UFC Fight Night - Gonzaga vs. Cro Cop 2,Daniel Omielanczuk,Anthony Hamilton,Underdog,-0.64,-5,-2,-0.83,-0.09,0.27,0.01,-2.06,-0.16,-0.1,0.1,-3
UFC Fight Night - Gonzaga vs. Cro Cop 2,Alexandra Albu,Izabela Badurek,Favorite,-1.47,-3,-2,1.08,-0.24,0.65,0.06,0.52,0.38,-0.23,0.4,1
UFC Fight Night - Gonzaga vs. Cro Cop 2,Stevie Ray,Marcin Bandel,Favorite,-1.11,0,0,2.94,-0.06,-2.33,0.31,0.75,0.46,0.55,0.6,0
UFC Fight Night - Gonzaga vs. Cro Cop 2,Taylor Lapilus,Rocky Lee,Favorite,-1.34,-3,5,1.44,-0.05,-2.96,0.17,-0.63,0.3,0.44,0.4,-5
UFC on Fox 15 - Rockhold vs. Machida,Luke Rockhold,Lyoto Machida,Favorite,-0.86,2,3,1.5,-0.05,1.11,-0.08,-0.51,-0.37,-0.1,0.6,-6
UFC on Fox 15 - Rockhold vs. Machida,Ronaldo Souza,Chris Camozzi,Favorite,-11.42,-4,-5,0.16,-0.05,2.34,-0.12,0.23,-0.03,0.03,-0.5,-9
UFC on Fox 15 - Rockhold vs. Machida,Cub Swanson,Max Holloway,Underdog,-0.64,-3,1,-2.47,0.02,-0.88,0,0.84,-0.02,-0.23,0.1,8
UFC on Fox 15 - Rockhold vs. Machida,Paige VanZant,Felice Herrig,Favorite,-0.31,0,0,-0.49,0.15,-2.57,-0.06,0.18,0.04,-0.41,0.19,-9
UFC on Fox 15 - Rockhold vs. Machida,Beneil Dariush,Jim Miller,Favorite,-1.02,2,1,0.78,0.06,-0.86,0,0.36,-0.1,0.33,-0.8,-5
UFC on Fox 15 - Rockhold vs. Machida,Patrick Cummins,Ovince St Preux,Underdog,-0.23,-1,-4,1.23,0.03,0.03,0.08,3.39,0.04,-0.39,-0.4,2
UFC on Fox 15 - Rockhold vs. Machida,Corey Anderson,Gian Villante,Underdog,-3.07,0,3,0.04,0.02,-3.25,0.03,4.43,0.27,0,0,-4
UFC on Fox 15 - Rockhold vs. Machida,Aljamain Sterling,Takeya Mizugaki,Favorite,-2.89,0,2,1.24,0.15,-0.98,0.01,0.85,-0.3,-0.25,0.6,-6
UFC on Fox 15 - Rockhold vs. Machida,Tim Means,George Sullivan,Favorite,-0.92,2,2,1.55,0.09,1.22,0.03,-0.22,0.2,0.27,-0.5,-3
UFC on Fox 15 - Rockhold vs. Machida,Diego Brandao,Jimy Hettes,Favorite,-0.77,-2,-7,-0.54,-0.1,-0.13,0.05,-2,0.24,0.19,-0.8,0
UFC on Fox 15 - Rockhold vs. Machida,Eddie Gordon,Chris Dempsey,Underdog,-3.77,2,4,-0.23,0,-0.25,-0.06,-0.72,0.6,0.47,0,4
UFC 186 - Johnson vs. Horiguchi,Demetrious Johnson,Kyoji Horiguchi,Favorite,-6.55,-2,0,-0.17,0.09,-0.8,0.05,1.35,0.12,0.09,0.5,4
UFC 186 - Johnson vs. Horiguchi,Quinton Jackson,Fabio Maldonado,Favorite,-1.9,0,-2,-2.04,-0.04,-1.8,0.02,1.08,-0.01,0.12,-0.5,1
UFC 186 - Johnson vs. Horiguchi,Michael Bisping,C.B. Dollaway,Favorite,-0.64,-1,-1,1.68,-0.09,0.12,0.1,-2.5,-0.12,0.01,-0.9,5
UFC 186 - Johnson vs. Horiguchi,John Makdessi,Shane Campbell,Favorite,-0.83,-4,-3,1.52,-0.1,0.96,0.13,-1.36,-0.29,0.04,0,2
UFC 186 - Johnson vs. Horiguchi,Thomas Almeida,Yves Jabouin,Favorite,-3.53,0,2,1.77,0.02,1.99,-0.02,-1.77,-0.46,-0.07,-0.1,-12
UFC 186 - Johnson vs. Horiguchi,Patrick Cote,Joe Riggs,Favorite,-1.54,-1,5,0.39,-0.04,1.52,-0.09,-1.77,-0.35,-0.19,-0.4,3
UFC 186 - Johnson vs. Horiguchi,Sarah Kaufman,Alexis Davis,Underdog,-1.34,-1,-2,2.02,-0.03,-0.46,0.07,-0.57,0.12,0.47,-0.7,-1
UFC 186 - Johnson vs. Horiguchi,Chad Laprise,Bryan Barberena,Favorite,-3.28,-2,-1,-0.57,-0.06,-1,0.21,0.92,0.32,0.28,-0.3,2
UFC 186 - Johnson vs. Horiguchi,Olivier Aubin-Mercier,David Michaud,Favorite,-3.05,0,-2,-0.77,0.08,-1.48,0.01,-0.17,-0.25,-0.08,-0.2,0
UFC 186 - Johnson vs. Horiguchi,Nordine Taleb,Chris Clements,Favorite,-1.78,3,4,0.46,0.02,0.25,0.22,1.94,0.76,0.41,-0.3,-6
UFC 186 - Johnson vs. Horiguchi,Valerie Letourneau,Jessica Rakoczy,Favorite,-0.83,0,0,2,-0.08,1.85,-0.07,0.02,0.25,0.66,-0.5,-6
UFC 186 - Johnson vs. Horiguchi,Randa Markos,Aisling Daly,Favorite,-2.06,2,-1,0.05,-0.1,1.7,0.02,-1.03,-0.13,0.19,-0.7,2
UFC Fight Night - Hunt vs. Miocic,Stipe Miocic,Mark Hunt,Favorite,-1.68,6,8,2.01,0.1,0.92,0.03,1.35,-0.22,0.04,-0.2,-9
UFC Fight Night - Hunt vs. Miocic,Brad Tavares,Robert Whittaker,Underdog,-0.54,1,1,-1.2,0.01,-0.31,-0.04,-0.04,-0.12,-0.01,0,3
UFC Fight Night - Hunt vs. Miocic,Anthony Perosh,Sean O'Connell,Underdog,-0.61,2,1,-3.19,-0.05,-3,0.08,2.02,0.22,0.03,0.6,11
UFC Fight Night - Hunt vs. Miocic,Jake Matthews,James Vick,Underdog,-1.11,-4,-3,-0.83,0.06,-0.75,0,1.33,0.07,0.05,-0.1,-8
UFC Fight Night - Hunt vs. Miocic,Hatsu Hioki,Daniel Hooker,Underdog,-2.22,-1,-2,-2.66,-0.06,-2.64,0.14,1.75,0.22,-0.26,0.19,6
UFC Fight Night - Hunt vs. Miocic,Kyle Noke,Jonavin Webb,Favorite,-0.12,3,5,1.76,0.2,-0.19,0,-0.97,0.23,0.26,-0.2,9
UFC Fight Night - Hunt vs. Miocic,Sam Alvey,Daniel Kelly,Favorite,-3.08,2,5,-0.35,0.06,-1.01,-0.09,-1.8,-0.2,0.03,-0.2,-8
UFC Fight Night - Hunt vs. Miocic,Bec Rawlings,Lisa Ellis,Favorite,-1.14,2,2,2.8,-0.06,3.34,0,-3.49,-0.23,0.18,-0.2,-6
UFC Fight Night - Hunt vs. Miocic,Dylan Andrews,Brad Scott,Underdog,-0.08,0,-2,-1.31,0.09,-1.59,-0.11,2.51,0.35,-0.07,-0.3,10
UFC Fight Night - Hunt vs. Miocic,Kailin Curran,Alex Chambers,Underdog,-1.68,1,2,0.92,-0.12,-0.35,0.03,-0.32,0.15,0.07,-0.4,-12
UFC Fight Night - Hunt vs. Miocic,Vik Grujic,Brendan O'Reilly,Underdog,-0.23,4,4,0.34,0.01,0.62,0.01,-1.05,-0.1,-0.1,-0.2,11
UFC Fight Night - Hunt vs. Miocic,Alptekin Ozkilic,Ben Nguyen,Underdog,-1.24,0,0,0.3,-0.09,2.71,0,3.96,0.24,0.12,-1,3
UFC Fight Night - Edgar vs. Faber,Frankie Edgar,Urijah Faber,Favorite,-4.01,0,1,1.12,0,0.23,0.01,0.75,0.01,0.07,-0.5,-3
UFC Fight Night - Edgar vs. Faber,Gegard Mousasi,Costas Philippou,Favorite,-4.7,3,3,1.56,0.15,-1.52,0.14,1.19,0.18,-0.07,0.8,-6
UFC Fight Night - Edgar vs. Faber,Luke Barnatt,Mark Munoz,Underdog,-0.63,6,6,1.3,-0.16,1.61,0.02,-2.54,0.13,0.06,-0.2,-10
UFC Fight Night - Edgar vs. Faber,Neil Magny,Hyun Gyu Lim,Favorite,-0.23,0,3,-0.98,0.05,-2.66,0.01,1.94,-0.6,-0.19,0.09,-3
UFC Fight Night - Edgar vs. Faber,Yui Chul Nam,Phillipe Nover,Underdog,-0.95,0,-2,1.73,0.16,-0.48,-0.09,0.34,-0.13,0.12,-0.4,2
UFC Fight Night - Edgar vs. Faber,Levan Makashvili,Mark Eddiva,Favorite,-3.28,0,0,-0.5,0.09,-0.92,0.06,2.21,0.2,0.21,0,-3
UFC Fight Night - Edgar vs. Faber,Jon Tuck,Tae Hyun Bang,Favorite,-0.61,2,2,0.27,0.02,1.67,-0.07,-0.08,0,-0.07,0.5,-2
UFC Fight Night - Edgar vs. Faber,Kajan Johnson,Zhang Lipeng,Favorite,-0.05,0,4,1.19,-0.06,-0.29,0.1,-0.21,0.07,-0.07,-0.61,6
UFC Fight Night - Edgar vs. Faber,Dhiego Lima,Li Jingliang,Underdog,-0.75,2,4,-1.34,-0.03,0.04,0.01,0.01,-0.07,0.13,0.6,-1
UFC Fight Night - Edgar vs. Faber,Ning Guangyou,Royston Wee,Favorite,-0.54,-3,-3,1.56,-0.19,-0.55,0.12,-2.29,-0.32,0.62,0.3,5
UFC Fight Night - Edgar vs. Faber,Jon delos Reyes,Roldan Sangcha-an,Favorite,-1.04,2,2,0.28,-0.09,1.98,0,1.26,0.23,-0.13,1.9,3
UFC Fight Night - Edgar vs. Faber,Nolan Ticman,Zhuikui Yao,Underdog,-2.02,1,5,1.12,0.26,-0.3,0.19,-0.66,-0.16,0.02,0,3
UFC 187 - Cormier vs. Johnson,Anthony Johnson,Daniel Cormier,Underdog,0,3,6,-1,-0.06,-1.09,0.05,0.6,0.12,-0.04,0.19,-5
UFC 187 - Cormier vs. Johnson,Chris Weidman,Vitor Belfort,Favorite,-3.77,2,4,1.59,-0.02,0.39,0.01,2.42,-0.18,0.12,0.2,-8
UFC 187 - Cormier vs. Johnson,Donald Cerrone,John Makdessi,Favorite,-4.7,5,5,-1.11,-0.03,0.33,-0.16,1.15,0.33,-0.13,1.2,2
UFC 187 - Cormier vs. Johnson,Travis Browne,Andrei Arlovski,Underdog,-3.51,3,2,-0.85,-0.05,1.1,-0.15,0.83,0.32,-0.02,0,-4
UFC 187 - Cormier vs. Johnson,Joseph Benavidez,John Moraga,Favorite,-5.07,-2,-1,0.95,-0.09,0.12,0.04,0.78,0.06,0.18,-0.51,-1
UFC 187 - Cormier vs. Johnson,John Dodson,Zach Makovsky,Favorite,-4.7,-1,2,1.26,-0.03,1.34,-0.02,-3,-0.02,0.25,-0.3,-2
UFC 187 - Cormier vs. Johnson,Dong Hyun Kim,Josh Burkman,Favorite,-1.9,4,4,-0.57,0.06,-1.24,0.06,0.4,0.07,-0.02,0.3,-2
UFC 187 - Cormier vs. Johnson,Urijah Hall,Rafael Natal,Underdog,-3.08,0,2,0.12,0.01,1.37,-0.03,-2.01,0.03,-0.13,-0.4,-2
UFC 187 - Cormier vs. Johnson,Colby Covington,Mike Pyle,Favorite,-2.06,-1,-2,1.13,-0.08,0.14,-0.05,1.99,0.09,-0.03,-1.3,-12
UFC 187 - Cormier vs. Johnson,Islam Makhachev,Leo Kuntz,Favorite,-3.07,0,-4,0.78,0.27,-2.53,0.15,1.18,0.35,0.57,0.3,-8
UFC 187 - Cormier vs. Johnson,Justin Scoggins,Josh Sampo,Favorite,-3.3,3,2,1.57,0.15,-0.8,0,2.36,0.3,0.41,-1.6,-7
UFC Fight Night - Condit vs. Alves,Carlos Condit,Thiago Alves,Favorite,-1.7,5,5,-0.07,-0.02,-0.75,-0.07,-0.12,-0.14,-0.25,0.7,0
UFC Fight Night - Condit vs. Alves,Charles Oliveira,Nik Lentz,Favorite,-1.92,2,6,-0.05,0.06,-0.05,0.01,-1.13,0.08,0.12,1.6,-5
UFC Fight Night - Condit vs. Alves,Alex Oliveira,K.J. Noons,Favorite,-0.34,1,6,-0.69,0.16,-1.23,-0.19,2.27,0.18,-0.06,0.6,-5
UFC Fight Night - Condit vs. Alves,Ryan Jimmo,Francimar Barroso,Underdog,-1.94,0,-2,0.35,0.14,-0.3,-0.13,-1.78,0.04,0.04,0,-2
UFC Fight Night - Condit vs. Alves,Norman Parke,Francisco Trinaldo,Underdog,-1.47,2,0,-0.07,-0.11,0.2,0.04,1,-0.16,0.17,-0.5,-8
UFC Fight Night - Condit vs. Alves,Wendell Oliveira,Darren Till,Underdog,-0.15,-2,-2,1.47,0,1.09,-0.1,-0.56,-0.46,0.31,0,9
UFC Fight Night - Condit vs. Alves,Rony Jason,Damon Jackson,Favorite,-1.21,-4,2,-0.96,0.03,-0.15,0.02,-1.92,-0.05,-0.05,-0.6,5
UFC Fight Night - Condit vs. Alves,Jussier Formiga,Wilson Reis,Favorite,-0.55,1,2,-0.42,0.1,-0.71,0.08,-3.33,-0.08,0.4,0,0
UFC Fight Night - Condit vs. Alves,Nicolas Dalby,Elizeu Zaleski dos Santos,Favorite,-2.4,0,1,-0.49,0.01,0.1,-0.05,0.68,0.17,-0.09,-0.31,2
UFC Fight Night - Condit vs. Alves,Mirsad Bektic,Lucas Martins,Favorite,-2.4,-4,-2,-0.44,0.06,-2.34,-0.04,3.98,0.52,0.16,-0.1,-2
UFC Fight Night - Condit vs. Alves,Juliana Lima,Ericka Almeida,Favorite,-1.21,-1,-4,0.86,0.04,-1.23,0.12,1.22,-0.03,0.32,0,7
UFC Fight Night - Condit vs. Alves,Tom Breese,Luiz Dutra,Favorite,-0.48,4,1,-0.59,0,-1.99,0.19,0,0,-0.31,1.1,-10
UFC Fight Night - Boetsch vs. Henderson,Tim Boetsch,Dan Henderson,Underdog,-1.24,1,0,0.49,0.03,0.19,0.05,-0.08,-0.18,0.02,0.5,-10
UFC Fight Night - Boetsch vs. Henderson,Matt Mitrione,Ben Rothwell,Underdog,-1.14,-1,4,-0.17,0.08,-1.84,0.17,-0.68,-0.34,-0.15,0.29,3
UFC Fight Night - Boetsch vs. Henderson,Dustin Poirier,Yancy Medeiros,Favorite,-1.3,-1,-3,1.08,0.14,-1.31,0.06,1,-0.15,-0.1,0.7,-1
UFC Fight Night - Boetsch vs. Henderson,Thiago Tavares,Brian Ortega,Underdog,-0.95,-1,1,-2.08,0.02,-4.24,0.13,2.66,0.14,0.05,0.3,6
UFC Fight Night - Boetsch vs. Henderson,Joe Soto,Anthony Birchak,Underdog,-1.14,-2,-4,-0.58,0.04,1.7,0.1,0.37,0.06,0.08,1.4,-1
UFC Fight Night - Boetsch vs. Henderson,Francisco Rivera,Alex Caceres,Favorite,-0.4,-2,-3,-0.14,-0.09,0.07,0.06,0.47,-0.06,0.04,-0.1,7
UFC Fight Night - Boetsch vs. Henderson,Shawn Jordan,Derrick Lewis,Favorite,-0.08,-3,-4,0.39,0,0.81,0.06,1.4,0.12,0.24,0.1,0
UFC Fight Night - Boetsch vs. Henderson,Omari Akhmedov,Brian Ebersole,Favorite,-0.43,0,0,0.65,-0.15,0.69,-0.02,0.88,0.22,0.04,0.1,-7
UFC Fight Night - Boetsch vs. Henderson,Chris Wade,Christos Giagos,Favorite,-0.95,0,-1,-1.33,0.12,-1.46,0.01,-0.24,0.15,0.03,0.7,2
UFC Fight Night - Boetsch vs. Henderson,Joe Proctor,Justin Edwards,Favorite,-1.37,0,2,0.71,-0.06,0.61,0.07,-2.14,-0.26,0.42,0.8,-3
UFC Fight Night - Boetsch vs. Henderson,Ricardo Abreu,Jake Collier,Underdog,-1.14,-4,-5,-2.01,-0.13,-1.11,0.18,1.42,0.08,0.32,0.09,5
UFC Fight Night - Boetsch vs. Henderson,Leonardo Morales,Jose Quinonez,Underdog,-0.99,0,-1,-1.56,0.01,-0.96,-0.07,-2.7,-0.47,0.2,-0.6,-2
UFC 188 - Velasquez vs. Werdum,Cain Velasquez,Fabricio Werdum,Underdog,-4.06,-3,0,2.78,0.04,-0.32,0.01,3.38,0.14,0.54,-0.8,-5
UFC 188 - Velasquez vs. Werdum,Gilbert Melendez,Eddie Alvarez,Underdog,-0.95,0,4,-0.89,-0.08,-1.86,0.07,-1.28,0.04,-0.22,-0.3,2
UFC 188 - Velasquez vs. Werdum,Kelvin Gastelum,Nate Marquardt,Favorite,-4.04,-3,-3,0.83,-0.09,0.91,0.02,-0.92,-0.22,-0.11,-0.7,-13
UFC 188 - Velasquez vs. Werdum,Charles Rosa,Yair Rodriguez,Underdog,-1.47,-2,-2,-1.58,-0.11,-0.14,-0.06,0.98,0.07,-0.2,0.3,6
UFC 188 - Velasquez vs. Werdum,Tecia Torres,Angela Hill,Favorite,-2.22,4,6,-4.28,-0.15,-3.62,0.04,1.26,0,-0.26,-0.1,-10
UFC 188 - Velasquez vs. Werdum,Henry Cejudo,Chico Camus,Favorite,-8.9,-2,-2,1.19,0.05,0.83,-0.05,1.22,-0.09,0.03,-0.2,-2
UFC 188 - Velasquez vs. Werdum,Drew Dober,Efrain Escudero,Underdog,-0.69,-1,-1,1.42,-0.04,1.93,-0.12,-0.61,-0.23,-0.1,-0.7,-3
UFC 188 - Velasquez vs. Werdum,Alejandro Perez,Patrick Williams,Underdog,-0.86,-2,-6,-0.67,-0.17,-0.94,0.08,-2.17,-0.19,-0.31,-0.2,-8
UFC 188 - Velasquez vs. Werdum,Johnny Case,Frank Trevino,Favorite,-4.03,1,2,1.3,-0.04,0.24,-0.04,0.73,0.23,0.31,0.2,-8
UFC 188 - Velasquez vs. Werdum,Augusto Montano,Cathal Pendred,Underdog,-0.71,0,-2,0.96,0.02,-0.35,0.01,-2.46,-0.23,-0.17,-0.4,3
UFC 188 - Velasquez vs. Werdum,Clay Collard,Gabriel Benitez,Underdog,-1.9,3,2,-1.04,-0.09,0.5,-0.13,2.59,-0.11,0.15,-0.4,-4
UFC Fight Night - Jedrzejczyk vs. Penne,Joanna Jedrzejczyk,Jessica Penne,Favorite,-5.99,1,-2,3.76,0.17,-1.5,0.15,-1.05,0.41,0.44,-0.5,-5
UFC Fight Night - Jedrzejczyk vs. Penne,Dennis Siver,Tatsuya Kawajiri,Underdog,-0.92,-1,1,1.83,-0.12,0.66,0.15,-2.76,-0.16,0.02,-0.8,-1
UFC Fight Night - Jedrzejczyk vs. Penne,Peter Sobotta,Steven Kennedy,Favorite,-2.61,1,4,-0.14,0.05,-2.62,0.12,-0.98,-0.02,0.77,0.5,-4
UFC Fight Night - Jedrzejczyk vs. Penne,Nick Hein,Lukasz Sajewski,Favorite,-0.83,-2,-5,0.58,0,-0.27,0.02,-0.16,0.08,0.16,0,7
UFC Fight Night - Jedrzejczyk vs. Penne,Makwan Amirkhani,Masio Fullen,Favorite,-1.68,0,2,-1.13,0.12,-0.52,-0.09,3.49,0.09,-0.34,1.1,-2
UFC Fight Night - Jedrzejczyk vs. Penne,Mairbek Taisumov,Alan Patrick,Favorite,-0.83,-2,-1,1.15,-0.02,0.07,0.21,-1.67,0.3,0.45,-0.3,-5
UFC Fight Night - Jedrzejczyk vs. Penne,Alan Omer,Arnold Allen,Underdog,-1.11,2,1,0.1,0.15,-0.71,0.03,0.67,-0.09,-0.09,-0.4,5
UFC Fight Night - Jedrzejczyk vs. Penne,Niklas Backstrom,Noad Lahat,Underdog,-1.56,4,5,-1.67,-0.06,2.17,-0.23,0.54,0.54,0.55,-0.2,-5
UFC Fight Night - Jedrzejczyk vs. Penne,Scott Askham,Antonio Dos Santos Jr.,Favorite,-1.68,5,3,-2.38,-0.05,-0.42,0.09,0.44,0.18,-0.35,0.7,1
UFC Fight Night - Jedrzejczyk vs. Penne,Magomed Mustafaev,Piotr Hallmann,Favorite,-0.16,-1,0,-1.39,0.12,-0.49,-0.17,0.76,0.06,-0.47,0,-1
UFC Fight Night - Jedrzejczyk vs. Penne,Yuta Sasaki,Taylor Lapilus,Underdog,-2.16,4,-2,-1.75,-0.06,0.12,-0.11,2.65,0.02,-0.37,0.8,2
UFC Fight Night - Machida vs. Romero,Lyoto Machida,Yoel Romero,Underdog,-1.07,1,1,-0.86,0.04,-1.48,0.01,-0.37,0.35,-0.04,0.4,-2
UFC Fight Night - Machida vs. Romero,Lorenz Larkin,Santiago Ponzinibbio,Favorite,-1.45,-1,-1,-1.38,0.05,-1.93,0.02,-0.21,0.12,0.19,0.1,0
UFC Fight Night - Machida vs. Romero,Antonio Carlos Junior,Eddie Gordon,Favorite,-1.19,2,3,-0.08,0.09,-0.43,-0.08,1.49,-0.44,-0.1,0.8,-6
UFC Fight Night - Machida vs. Romero,Thiago Santos,Steve Bosse,Favorite,-1.32,3,4,-2.27,-0.05,-2.81,0.03,-0.05,0,-0.35,0.1,-2
UFC Fight Night - Machida vs. Romero,Hacran Dias,Levan Makashvili,Favorite,-1.22,0,1,-0.79,-0.14,1.24,-0.06,-1.17,-0.03,-0.09,0.5,4
UFC Fight Night - Machida vs. Romero,Alex Oliveira,Joe Merritt,Favorite,-3.3,-1,3,1.46,-0.07,1.81,-0.2,2.35,0.38,-0.06,0.6,-4
UFC Fight Night - Machida vs. Romero,Leandro Silva,Lewis Gonzalez,Favorite,-1.27,-1,5,0.99,0.1,0.2,0.22,-0.24,0.03,0.03,0.4,2
UFC Fight Night - Machida vs. Romero,Steve Montgomery,Tony Sims,Underdog,-0.08,5,6,3.03,-0.24,3.36,-0.19,-0.71,-0.5,0.14,-0.7,-5
UFC Fight Night - Machida vs. Romero,Danny Martinez,Sirwan Kakai,Underdog,-0.43,1,-1,-0.84,-0.13,-0.86,0.01,-1,0.03,-0.47,0,4
UFC 189 - McGregor vs. Mendes,Conor McGregor,Chad Mendes,Favorite,-1.14,3,8,2.54,0,2.31,-0.13,-3.46,0,-0.34,-0.2,-4
UFC 189 - McGregor vs. Mendes,Rory MacDonald,Robbie Lawler,Underdog,-1.03,1,2,-0.11,-0.05,-1.87,0.03,1.12,-0.18,0.23,0.4,-8
UFC 189 - McGregor vs. Mendes,Dennis Bermudez,Jeremy Stephens,Underdog,-1.47,-3,-5,1.25,0.06,0.02,0.01,2.73,0.02,0.16,0.7,0
UFC 189 - McGregor vs. Mendes,Brandon Thatch,Gunnar Nelson,Underdog,-1.01,3,2,0.86,-0.19,0.62,0.03,-0.54,0.07,-0.17,-0.31,3
UFC 189 - McGregor vs. Mendes,Thomas Almeida,Brad Pickett,Favorite,-5.85,1,2,1.81,0.12,0.29,0.05,-2.31,-0.3,0.17,-0.4,-13
UFC 189 - McGregor vs. Mendes,Matt Brown,Tim Means,Favorite,-1.19,-2,0,-1.33,0.06,-0.73,-0.05,0.52,0.06,-0.03,1.1,3
UFC 189 - McGregor vs. Mendes,Alex Garcia,Mike Swick,Favorite,-3.3,-4,-5,-0.55,-0.06,0.73,0.04,2.66,0.02,0.05,-0.5,-8
UFC 189 - McGregor vs. Mendes,Cathal Pendred,John Howard,Underdog,-0.09,6,3,0.34,-0.06,-0.08,0.04,-0.25,-0.26,0.29,0,-5
UFC 189 - McGregor vs. Mendes,Cody Garbrandt,Enrique Briones,Favorite,-5.25,-2,-10,1.55,0.07,0.75,0.09,-1.47,-0.04,0.2,-1,-5
UFC 189 - McGregor vs. Mendes,Louis Smolka,Neil Seery,Favorite,-0.32,5,4,1.1,0.06,0.32,-0.05,0.9,0.07,-0.22,0.19,-12
UFC 189 - McGregor vs. Mendes,Yosdenis Cedeno,Cody Pfister,Underdog,-1.34,-2,-4,0.23,0.03,-1.2,0.16,-2.82,-0.3,0.31,0.3,6
UFC - The Ultimate Fighter 21 Finale,Stephen Thompson,Jake Ellenberger,Favorite,-1.22,3,4,1.64,0.07,0.19,-0.06,-1.78,-0.06,-0.21,-0.4,2
UFC - The Ultimate Fighter 21 Finale,Kamaru Usman,Hayder Hassan,Favorite,-1.33,2,4,2.25,0.06,-0.42,0.06,2.82,0.45,0.64,0.1,-4
UFC - The Ultimate Fighter 21 Finale,Vicente Luque,Michael Graves,Underdog,-0.22,1,4,3.82,-0.03,3.74,-0.06,-3.8,0.01,-0.05,0.19,-1
UFC - The Ultimate Fighter 21 Finale,Jorge Masvidal,Cezar Ferreira,Favorite,-1.72,-2,-4,2.15,0.04,0.6,0.1,-1.31,0.05,-0.12,-0.2,0
UFC - The Ultimate Fighter 21 Finale,Michelle Waterson,Angela Magana,Favorite,-4.89,2,-3,2.03,0.18,-0.73,0.07,1.02,0.07,0.41,0.29,-2
UFC - The Ultimate Fighter 21 Finale,Maximo Blanco,Mike de la Torre,Favorite,-0.05,-3,0,0.9,0.04,-1.56,0.15,1.49,0.2,-0.2,0.3,3
UFC - The Ultimate Fighter 21 Finale,Caio Magalhaes,Josh Samman,Underdog,-0.26,-2,-6,0.18,-0.12,0.3,0.22,-0.05,-0.19,0.24,1.2,0
UFC - The Ultimate Fighter 21 Finale,Russell Doane,Jerrod Sanders,Underdog,-3.16,-1,-2,0.87,-0.24,0.54,0.07,-0.1,0.12,0.02,-0.8,-7
UFC - The Ultimate Fighter 21 Finale,Dan Miller,Trevor Smith,Underdog,-0.19,-2,-1,-1.27,-0.2,-0.25,-0.03,-0.04,0.22,-0.13,1.1,-1
UFC - The Ultimate Fighter 21 Finale,George Sullivan,Dominic Waters,Favorite,-1.36,-1,-6,3.05,0.16,-0.11,0.17,-2.7,-0.32,0.09,0.7,8
UFC - The Ultimate Fighter 21 Finale,Darrell Montague,Willie Gates,Underdog,-0.13,-2,-5,0.11,-0.13,1.09,0.14,0.72,0.25,-0.34,0.99,-1
UFC Fight Night - Mir vs. Duffee,Todd Duffee,Frank Mir,Underdog,-1.27,0,-1,3.74,-0.1,-0.97,0.18,-1.3,-0.16,0.36,-2,-7
UFC Fight Night - Mir vs. Duffee,Tony Ferguson,Josh Thomson,Favorite,-1.32,1,5,2.35,-0.02,2.29,-0.09,-1.53,-0.05,0.13,-0.4,-5
UFC Fight Night - Mir vs. Duffee,Holly Holm,Marion Reneau,Favorite,-1.35,2,1,-0.08,-0.01,-0.61,-0.04,0.25,-0.33,0.26,-0.7,-4
UFC Fight Night - Mir vs. Duffee,Manny Gamburyan,Scott Jorgensen,Favorite,-0.73,0,1,-1.25,0,-0.59,-0.1,0.64,-0.11,0.09,0,2
UFC Fight Night - Mir vs. Duffee,Kevin Lee,James Moontasri,Favorite,-1.94,-1,6,1.48,-0.06,-0.26,0.09,3.18,0.43,-0.05,0.6,-5
UFC Fight Night - Mir vs. Duffee,Alan Jouban,Matt Dwyer,Favorite,-3.62,-4,-3,3.1,0.15,0.52,0.05,0.07,0.34,-0.03,0.3,8
UFC Fight Night - Mir vs. Duffee,Sam Sicilia,Yaotzin Meza,Favorite,-1.19,-1,-4,1.03,-0.08,1.92,-0.06,0.38,0.23,0.52,-0.5,-5
UFC Fight Night - Mir vs. Duffee,Jessica Andrade,Sarah Moras,Favorite,-2.7,-6,-5,4.34,0.15,1.79,0.05,1.7,0.34,0.38,-0.5,-4
UFC Fight Night - Mir vs. Duffee,Masanori Kanehara,Rani Yahya,Underdog,-0.08,1,0,0.16,0.1,-0.46,0.12,-1.29,0.2,0.34,-0.9,2
UFC Fight Night - Mir vs. Duffee,Sean Strickland,Igor Araujo,Favorite,-2.86,0,-1,4.39,-0.02,1.47,0.13,-0.02,0.49,0.55,-0.4,-10
UFC Fight Night - Mir vs. Duffee,Ildemar Alcantara,Kevin Casey,Underdog,0,3,1,-0.35,-0.16,-1.13,0.03,1.21,0.46,0.54,0.5,-1
UFC Fight Night - Mir vs. Duffee,Lyman Good,Andrew Craig,Favorite,-1.63,-1,-2,2.95,0.07,1,0.13,-0.26,0.63,0.03,0,0
UFC Fight Night - Bisping vs. Leites,Michael Bisping,Thales Leites,Favorite,-0.05,0,-3,2.2,-0.03,-0.29,0.13,-1.05,0.15,0.33,-0.8,3
UFC Fight Night - Bisping vs. Leites,Ross Pearson,Evan Dunham,Underdog,-1.62,-2,-1,-1.65,0.01,0.54,0.01,-1.08,0.01,-0.05,-1,-3
UFC Fight Night - Bisping vs. Leites,Joseph Duffy,Ivan Jorge,Favorite,-5.86,1,0,-0.73,-0.15,0.86,-0.05,-0.61,0.5,-0.11,0.09,-7
UFC Fight Night - Bisping vs. Leites,Joanne Wood,Cortney Casey,Favorite,-2.71,-1,-2,2.8,0.12,0.88,-0.05,1.12,0.24,0.18,-0.2,1
UFC Fight Night - Bisping vs. Leites,Leon Edwards,Pawel Pawlak,Favorite,-2.93,2,1,1.08,0.2,0.11,0.01,0.25,-0.03,0,0.4,-3
UFC Fight Night - Bisping vs. Leites,Stevie Ray,Leonardo Mafra,Favorite,-1.29,0,0,-0.82,-0.04,-1.45,0.11,-1.37,-0.37,-0.14,0.19,-1
UFC Fight Night - Bisping vs. Leites,Patrick Holohan,Vaughan Lee,Favorite,-1.03,5,8,-1.65,-0.07,0.88,-0.27,2.19,0,-0.29,-0.7,-1
UFC Fight Night - Bisping vs. Leites,Ilir Latifi,Hans Stringer,Favorite,-1.62,-5,-1,-1.12,-0.16,0.09,0.15,-0.3,-0.02,0.38,0.3,5
UFC Fight Night - Bisping vs. Leites,Teemu Packalen,Mickael Lebout,Underdog,-0.33,2,2,-0.04,0.2,0.93,-0.08,2.31,0.25,0.4,1.5,1
UFC Fight Night - Bisping vs. Leites,Robert Whiteford,Paul Redmond,Favorite,-0.64,-1,-2,1.61,0.12,-1.01,0.21,1.9,0.3,-0.05,0,4
UFC Fight Night - Bisping vs. Leites,Jimmie Rivera,Marcus Brimage,Favorite,-0.21,0,-3,0.06,0.05,0.25,0.03,0.31,-0.73,0.12,0.1,-5
UFC Fight Night - Bisping vs. Leites,Daniel Omielanczuk,Chris de la Rocha,Favorite,-0.69,-3,-6,-1,0.11,-3.08,0.03,-1.46,-0.04,0.35,-0.9,-4
UFC on Fox 16 - Dillashaw vs. Barao 2,T.J. Dillashaw,Renan Barao,Favorite,-1.47,0,-3,1.31,0.04,-0.43,0.05,0.07,-0.11,-0.15,0.3,1
UFC on Fox 16 - Dillashaw vs. Barao 2,Miesha Tate,Jessica Eye,Favorite,-1.27,0,-1,-1.24,0.08,-1.22,-0.05,1.44,-0.1,-0.02,0.8,0
UFC on Fox 16 - Dillashaw vs. Barao 2,Edson Barboza,Paul Felder,Favorite,-0.5,0,5,0.41,0,1.21,0.08,0.16,0.21,0.07,-0.1,-2
UFC on Fox 16 - Dillashaw vs. Barao 2,Joe Lauzon,Takanori Gomi,Favorite,-2.78,3,1,-0.98,-0.02,1.86,-0.06,1.16,-0.2,-0.09,1.2,-5
UFC on Fox 16 - Dillashaw vs. Barao 2,Gian Villante,Tom Lawlor,Underdog,-1.49,3,2,1.88,0.02,3.05,-0.05,-2.01,-0.09,0.26,-1.4,-3
UFC on Fox 16 - Dillashaw vs. Barao 2,Jim Miller,Danny Castillo,Favorite,-0.23,-1,0,0.42,0,1.54,-0.06,-1.43,0.06,-0.17,1.5,-4
UFC on Fox 16 - Dillashaw vs. Barao 2,Kenny Robertson,Ben Saunders,Underdog,-0.19,-4,-3,0.49,-0.04,-0.57,0.01,1.17,-0.15,-0.1,-0.5,-1
UFC on Fox 16 - Dillashaw vs. Barao 2,Eddie Wineland,Bryan Caraway,Underdog,-0.33,-1,1,0.87,-0.06,0.14,0.14,-2.23,0.08,0.05,-0.7,0
UFC on Fox 16 - Dillashaw vs. Barao 2,Daron Cruickshank,James Krause,Underdog,-1.02,-6,-1,-1.91,-0.11,-1.14,-0.05,1.08,0.23,0.01,-0.7,1
UFC on Fox 16 - Dillashaw vs. Barao 2,Ramsey Nijem,Andrew Holbrook,Underdog,-0.7,0,5,0.84,-0.05,-1.38,0.07,4.47,0.44,0.45,-1,-2
UFC on Fox 16 - Dillashaw vs. Barao 2,Elizabeth Phillips,Jessamyn Duke,Favorite,-0.75,-5,-8,-2.23,-0.2,-1.36,0.01,-0.52,-0.11,0.03,-1.7,0
UFC on Fox 16 - Dillashaw vs. Barao 2,Zak Cummings,Dominique Steele,Favorite,-2.79,2,1,0.64,-0.15,0.49,0.05,-2.33,-0.14,-0.1,0.6,3
UFC 190 - Rousey vs. Correia,Ronda Rousey,Bethe Correia,Favorite,-11.75,2,2,-0.21,0.09,-0.79,-0.13,5.87,0.5,-0.35,4.8,-3
UFC 190 - Rousey vs. Correia,Glaico Franca,Fernando Bruno,Favorite,-0.98,6,6,0.6,0.02,1.68,-0.02,0.66,0.2,0.19,-0.2,-9
UFC 190 - Rousey vs. Correia,Mauricio Rua,Rogerio Nogueira,Favorite,-1.22,-1,1,1.13,0.15,0.45,-0.05,1.36,0.03,-0.13,-0.11,-5
UFC 190 - Rousey vs. Correia,Dileno Lopes,Reginaldo Vieira,Underdog,-2.36,-2,1,-1.39,-0.05,0.43,-0.06,0.53,0.03,0.75,0.7,-2
UFC 190 - Rousey vs. Correia,Stefan Struve,Rodrigo Nogueira,Favorite,-0.9,8,7,1.17,0.04,1.64,-0.1,-0.74,0.17,0.19,-0.7,-11
UFC 190 - Rousey vs. Correia,Soa Palelei,Antonio Silva,Underdog,-1.2,0,-1,-0.42,0.11,-0.41,-0.03,1.38,0.18,0,-0.8,2
UFC 190 - Rousey vs. Correia,Claudia Gadelha,Jessica Aguilar,Favorite,-3.5,1,0,-1.62,-0.1,-2.62,0.03,2.09,0.17,0.07,0.49,-7
UFC 190 - Rousey vs. Correia,Demian Maia,Neil Magny,Favorite,-0.96,-2,-8,-1.68,-0.04,-0.36,0.1,0.32,-0.17,0.06,0.7,10
UFC 190 - Rousey vs. Correia,Patrick Cummins,Rafael Cavalcante,Favorite,-0.78,1,2,1.54,-0.04,-0.27,0.06,3.89,0,-0.35,0,-1
UFC 190 - Rousey vs. Correia,Warlley Alves,Nordine Taleb,Favorite,-1.54,-2,-2,-0.63,-0.04,1.33,-0.17,-0.72,-0.26,-0.11,0.8,-9
UFC 190 - Rousey vs. Correia,Yuri Alcantara,Leandro Issa,Favorite,-1.73,2,2,0.64,0.08,-0.38,-0.09,-0.94,0.4,0.09,-0.4,3
UFC 190 - Rousey vs. Correia,Clint Hester,Vitor Miranda,Underdog,-0.71,1,0,0.37,-0.04,0.48,-0.02,0.07,-0.21,0.09,-0.2,-8
UFC 190 - Rousey vs. Correia,Hugo Viana,Guido Cannetti,Underdog,-2.67,0,-1,-0.4,-0.18,0.36,0.05,-2.05,-0.5,-0.15,-0.4,-3
UFC Fight Night - St. Preux vs. Teixeira,Ovince St Preux,Glover Teixeira,Underdog,0,1,4,-0.71,-0.03,-1.11,-0.05,-1.01,0.02,0.07,-0.4,-3
UFC Fight Night - St. Preux vs. Teixeira,Michael Johnson,Beneil Dariush,Underdog,-0.8,0,1,0.48,-0.09,1.18,0,-1.28,0.06,0.01,-0.9,2
UFC Fight Night - St. Preux vs. Teixeira,Derek Brunson,Sam Alvey,Favorite,-3.29,-1,2,0.23,0.02,-0.59,-0.02,3.08,0.19,0.03,0.5,2
UFC Fight Night - St. Preux vs. Teixeira,Jared Rosholt,Timothy Johnson,Favorite,-1.94,-1,-2,-1.35,0.01,-1.56,0.14,0.74,0.17,-0.03,0.1,-2
UFC Fight Night - St. Preux vs. Teixeira,Sara McMann,Amanda Nunes,Underdog,-1.94,-2,-3,-2.29,-0.05,-0.71,-0.1,1.65,0.1,-0.32,-0.2,8
UFC Fight Night - St. Preux vs. Teixeira,Ray Borg,Geane Herrera,Favorite,-3.71,-1,-3,0.01,0.21,-3.15,-0.05,3.06,0.13,0.08,0.4,-3
UFC Fight Night - St. Preux vs. Teixeira,Urijah Hall,Oluwale Bamgbose,Favorite,-2.97,1,1,0.77,0,1.14,-0.02,-0.4,0.04,0.27,0.1,3
UFC Fight Night - St. Preux vs. Teixeira,Chris Camozzi,Tom Watson,Favorite,-0.58,1,2,-0.44,0,-1.46,0.06,0.12,0.12,0.13,0.5,-4
UFC Fight Night - St. Preux vs. Teixeira,Dustin Ortiz,Willie Gates,Favorite,-3.55,-3,-7,1.13,0.06,-2.12,0.18,3.01,0.36,-0.16,-0.31,-2
UFC Fight Night - St. Preux vs. Teixeira,Sirwan Kakai,Frankie Saenz,Underdog,-0.05,-1,2,-0.38,-0.06,1.12,0.09,2.25,0.1,0.21,-0.1,-9
UFC Fight Night - St. Preux vs. Teixeira,Jonathan Wilson,Chris Dempsey,Favorite,-0.71,4,3,0.67,0.15,2.83,-0.09,-2.27,0.77,0.64,0,0
UFC Fight Night - St. Preux vs. Teixeira,Marlon Vera,Roman Salazar,Favorite,-0.35,1,2,2.35,0.09,2.59,-0.07,-1.24,0.21,0.19,0.9,-5
UFC Fight Night - St. Preux vs. Teixeira,Scott Holtzman,Anthony Christodoulou,Favorite,-6.89,0,-3,2.13,0.2,-2.25,0.1,1.88,0.56,0.27,0.2,4
UFC Fight Night 74 - Holloway vs. Oliveira,Max Holloway,Charles Oliveira,Favorite,-1.64,1,-5,3.78,-0.06,1.51,0.07,-1.92,0.13,0.28,-2.5,-2
UFC Fight Night 74 - Holloway vs. Oliveira,Erick Silva,Neil Magny,Underdog,-1.03,-3,-6,-0.98,0.01,1.75,-0.04,-1.32,-0.06,0.02,1.09,3
UFC Fight Night 74 - Holloway vs. Oliveira,Josh Burkman,Patrick Cote,Underdog,-0.48,-1,-3,-0.13,-0.05,-0.09,0.03,1.84,0.15,0.28,0.09,0
UFC Fight Night 74 - Holloway vs. Oliveira,Chad Laprise,Francisco Trinaldo,Underdog,-3.14,1,1,1.65,-0.04,0.92,0.05,0.07,0.12,0.18,-0.5,-8
UFC Fight Night 74 - Holloway vs. Oliveira,Olivier Aubin-Mercier,Tony Sims,Favorite,-1.5,-2,0,0.67,-0.12,2.21,-0.1,1.65,-0.17,0.19,-0.2,-3
UFC Fight Night 74 - Holloway vs. Oliveira,Maryna Moroz,Valerie Letourneau,Underdog,-1.57,0,-1,-0.09,-0.04,-0.52,-0.07,-0.08,-0.22,-0.25,0.3,-9
UFC Fight Night 74 - Holloway vs. Oliveira,Frankie Perez,Sam Stout,Favorite,-0.42,2,3,-2.54,0.12,-1.91,-0.03,1.12,0.02,-0.27,0.2,-5
UFC Fight Night 74 - Holloway vs. Oliveira,Felipe Arantes,Yves Jabouin,Favorite,-1.57,1,5,-0.69,0.04,-0.27,0.02,-1.01,-0.13,-0.41,0.6,-8
UFC Fight Night 74 - Holloway vs. Oliveira,Marcos Rogerio de Lima,Nikita Krylov,Underdog,-0.94,-2,-2,-0.68,0.01,0.42,0.07,-0.9,0.07,0.05,-0.9,6
UFC Fight Night 74 - Holloway vs. Oliveira,Chris Beal,Chris Kelades,Underdog,-0.8,0,1,1.05,-0.09,0.54,0.13,0.56,0.4,0.25,-0.1,-5
UFC Fight Night 74 - Holloway vs. Oliveira,Elias Silverio,Shane Campbell,Underdog,-1.76,-1,2,-0.33,-0.1,-0.22,-0.05,0.26,0.09,0.03,0.2,0
UFC Fight Night 74 - Holloway vs. Oliveira,Misha Cirkunov,Daniel Jolly,Favorite,-3.49,2,2,2.54,0.04,-0.34,0.12,1.32,0.06,0.26,1.7,-2
UFC 191 - Johnson vs. Dodson 2,Demetrious Johnson,John Dodson,Favorite,-4.55,0,0,0.23,0.14,-1.93,0.06,2.64,0.28,-0.17,0.5,-2
UFC 191 - Johnson vs. Dodson 2,Andrei Arlovski,Frank Mir,Favorite,-0.73,0,-2,1.59,-0.02,-0.64,0.18,-1.64,-0.05,0.21,-1.8,0
UFC 191 - Johnson vs. Dodson 2,Anthony Johnson,Jimi Manuwa,Favorite,-4.9,1,-1,-0.19,-0.08,-2.14,0.1,1.9,0.38,0.07,0.19,-4
UFC 191 - Johnson vs. Dodson 2,Jan Blachowicz,Corey Anderson,Underdog,-0.53,-1,-1,-1.02,0.03,0.69,-0.06,-3.8,0,-0.15,0.3,7
UFC 191 - Johnson vs. Dodson 2,Paige VanZant,Alex Chambers,Favorite,-10.41,1,2,0.37,-0.03,-2.48,-0.09,-1.04,-0.08,-0.19,0,-15
UFC 191 - Johnson vs. Dodson 2,Paul Felder,Ross Pearson,Underdog,-3.58,3,1,0.02,0.03,-0.65,-0.15,-0.45,-0.07,-0.11,0.2,1
UFC 191 - Johnson vs. Dodson 2,John Lineker,Francisco Rivera,Favorite,-0.41,-5,-3,1.29,-0.01,1.1,-0.12,-0.45,-0.06,-0.02,0,-9
UFC 191 - Johnson vs. Dodson 2,Jessica Andrade,Raquel Pennington,Underdog,-1.5,-6,-5,2.48,-0.03,2.08,-0.05,1.47,0.28,0.08,-0.4,-3
UFC 191 - Johnson vs. Dodson 2,Clay Collard,Tiago Trator,Underdog,-0.4,2,3,0.52,-0.03,0.76,-0.09,2.18,0.28,0.37,0.2,-6
UFC 191 - Johnson vs. Dodson 2,Ron Stallings,Joe Riggs,Underdog,-0.96,2,5,0.81,0.08,1.56,-0.06,-2.46,-0.56,0.08,-0.6,0
UFC 191 - Johnson vs. Dodson 2,Nazareno Malegarie,Joaquim Silva,Underdog,-0.6,0,1,0.2,-0.09,-1.27,0.15,0.61,-0.17,-0.69,-0.8,3
UFC Fight Night - Barnett vs. Nelson,Josh Barnett,Roy Nelson,Favorite,-2.46,3,5,1.02,0.14,-2.68,0.1,0.12,0.28,-0.1,1.29,-1
UFC Fight Night - Barnett vs. Nelson,Gegard Mousasi,Urijah Hall,Underdog,-4.29,2,-3,0.52,0.02,-2.64,0.14,1.05,0.21,-0.06,1,-1
UFC Fight Night - Barnett vs. Nelson,Kyoji Horiguchi,Chico Camus,Favorite,-3.21,-1,0,1.02,0.04,-0.01,-0.03,1.23,0.03,-0.17,-0.4,-6
UFC Fight Night - Barnett vs. Nelson,Takeya Mizugaki,George Roop,Favorite,-1.63,-6,-3,-0.07,0.02,0.79,-0.04,0.4,0,0.1,0,-2
UFC Fight Night - Barnett vs. Nelson,Diego Brandao,Katsunori Kikuno,Favorite,-1.64,-1,-2,0.29,0.06,0.9,0.01,1.33,-0.07,0.04,-0.21,-6
UFC Fight Night - Barnett vs. Nelson,Li Jingliang,Keita Nakamura,Underdog,-2.18,1,-2,2.23,0.06,0.63,-0.02,-0.4,-0.08,-0.04,-0.3,-4
UFC Fight Night - Barnett vs. Nelson,Nick Hein,Yusuke Kasuya,Favorite,-2.89,-1,-1,0.48,-0.1,-0.73,0.1,-0.51,0,0.83,0,6
UFC Fight Night - Barnett vs. Nelson,Kajan Johnson,Naoyuki Kotani,Favorite,-2.35,3,9,1.45,0.1,-1.3,0.14,0.71,0.21,0.15,-0.61,-2
UFC Fight Night - Barnett vs. Nelson,Shinsho Anzai,Roger Zapata,Favorite,-0.11,-4,-4,0.62,0.06,1.62,0.09,1.83,0.16,-0.07,-1.4,0
UFC 192 - Cormier vs. Gustafsson,Daniel Cormier,Alexander Gustafsson,Favorite,-2.02,-6,-7,0.21,0.12,-0.61,0.03,0.3,0.04,-0.03,0,8
UFC 192 - Cormier vs. Gustafsson,Rashad Evans,Ryan Bader,Underdog,-0.36,-2,1,-0.68,-0.06,1.03,-0.08,-0.4,0,-0.08,-0.4,4
UFC 192 - Cormier vs. Gustafsson,Ruslan Magomedov,Shawn Jordan,Favorite,-1.14,3,3,1.14,-0.04,-1.83,0.19,-1.64,0.62,0.12,-0.1,-2
UFC 192 - Cormier vs. Gustafsson,Joseph Benavidez,Ali Bagautinov,Favorite,-2.58,0,0,0.67,-0.08,-0.42,0.08,-1.1,-0.06,-0.04,0.3,1
UFC 192 - Cormier vs. Gustafsson,Julianna Pena,Jessica Eye,Favorite,-1.65,0,3,-0.7,0.09,-1.9,-0.06,1.36,0.15,-0.34,0.3,-3
UFC 192 - Cormier vs. Gustafsson,Yair Rodriguez,Daniel Hooker,Favorite,-2.5,-1,-4,-0.43,-0.02,-0.77,0.01,-0.11,-0.08,-0.23,0.29,-3
UFC 192 - Cormier vs. Gustafsson,Albert Tumenov,Alan Jouban,Favorite,-1.97,-1,0,-1.91,-0.09,-0.44,-0.03,-0.31,-0.24,0.17,-0.3,-10
UFC 192 - Cormier vs. Gustafsson,Islam Makhachev,Adriano Martins,Underdog,-0.64,0,-2,0.65,0.21,-0.88,-0.05,2.34,-0.21,0.08,0.6,-9
UFC 192 - Cormier vs. Gustafsson,Rose Namajunas,Angela Hill,Favorite,-1.75,2,1,-1.69,-0.09,-1.36,0.02,0.57,0.13,-0.18,0.4,-8
UFC 192 - Cormier vs. Gustafsson,Sage Northcutt,Frank Trevino,Favorite,-3.57,3,1,0.93,0.1,-0.46,-0.07,0.84,0.12,0,0.6,-14
UFC 192 - Cormier vs. Gustafsson,Sergio Pettis,Chris Cariaso,Favorite,-1.32,3,5,0.52,-0.06,0.68,0.04,-0.27,0.01,0.1,-0.4,-12
UFC 192 - Cormier vs. Gustafsson,Viktor Pesta,Derrick Lewis,Underdog,-0.97,0,-2,-0.9,-0.15,0.06,0.16,2.72,0.02,0.48,0,-6
UFC Fight Night 76 - Holohan vs. Smolka,Louis Smolka,Patrick Holohan,Favorite,-0.5,-2,-6,2.84,0.06,1.16,0.1,-1.32,0.01,-0.11,1.5,-8
UFC Fight Night 76 - Holohan vs. Smolka,Norman Parke,Reza Madadi,Favorite,-1.6,0,-3,0.55,-0.12,-0.44,-0.03,-1.19,-0.08,-0.12,-0.5,-8
UFC Fight Night 76 - Holohan vs. Smolka,Neil Seery,Jon delos Reyes,Favorite,-0.14,-2,-3,0.56,0.02,-0.35,0.06,-2.42,-0.56,-0.03,-0.3,8
UFC Fight Night 76 - Holohan vs. Smolka,Stevie Ray,Mickael Lebout,Favorite,-4.05,-1,-3,1.12,0.09,-0.05,0,0.75,0.46,-0.05,0.6,-2
UFC Fight Night 76 - Holohan vs. Smolka,Ericka Almeida,Aisling Daly,Underdog,0,4,5,-1.85,-0.13,1.93,-0.13,-1.65,-0.08,0.03,-0.9,-1
UFC Fight Night 76 - Holohan vs. Smolka,Scott Askham,Krzysztof Jotko,Underdog,-0.48,2,-2,0.04,0.04,1.29,-0.05,-0.9,-0.22,-0.17,0.6,2
UFC Fight Night 76 - Holohan vs. Smolka,Tom Breese,Cathal Pendred,Favorite,-2.11,2,-2,0.84,0.06,-0.2,0.04,-2.46,-0.23,-0.13,0.7,-4
UFC Fight Night 76 - Holohan vs. Smolka,Darren Elkins,Robert Whiteford,Favorite,-0.69,1,2,1.1,-0.09,1.28,-0.1,0.95,0.04,0.11,1.1,-1
UFC Fight Night 76 - Holohan vs. Smolka,Bubba Bush,Garreth McLellan,Underdog,-2.55,-1,2,-2.93,0.01,4.07,-0.2,1.67,0.28,0.25,-0.9,-3
UFC Fight Night 77: Belfort vs. Henderson 3,Vitor Belfort,Dan Henderson,Favorite,-2.39,1,0,-0.85,-0.01,0.12,-0.02,-0.5,0.07,-0.04,0.3,-6
UFC Fight Night 77: Belfort vs. Henderson 3,Glover Teixeira,Patrick Cummins,Favorite,-3.62,0,0,-0.53,-0.02,1.07,-0.05,-2.39,-0.08,0.31,0.8,1
UFC Fight Night 77: Belfort vs. Henderson 3,Thomas Almeida,Anthony Birchak,Favorite,-3.4,-1,1,0.9,0.07,1.25,0.04,-0.31,0,0.14,-0.5,-6
UFC Fight Night 77: Belfort vs. Henderson 3,Alex Oliveira,Piotr Hallmann,Favorite,-1.53,2,5,-0.99,0.06,-0.63,-0.12,-0.2,-0.06,-0.07,0.19,0
UFC Fight Night 77: Belfort vs. Henderson 3,Rashid Magomedov,Gilbert Burns,Favorite,-1.31,-1,-1,1.11,0.01,-0.38,0,-1.58,0.18,0.39,-0.3,2
UFC Fight Night 77: Belfort vs. Henderson 3,Corey Anderson,Fabio Maldonado,Favorite,-4.61,2,4,-0.87,-0.12,-2.09,0.05,4.44,-0.07,0.21,-0.6,-10
UFC Fight Night 77: Belfort vs. Henderson 3,Gleison Tibau,Abel Trujillo,Favorite,-0.31,2,1,-0.7,-0.1,0.19,0.04,1.9,0.08,0.52,0.4,0
UFC Fight Night 77: Belfort vs. Henderson 3,Johnny Case,Yan Cabral,Favorite,-2.11,-1,-1,1.93,-0.09,0.68,-0.02,-1.2,0.1,0.35,-1,-7
UFC Fight Night 77: Belfort vs. Henderson 3,Clay Guida,Thiago Tavares,Underdog,-0.71,0,0,0.64,-0.08,0.69,-0.02,-0.71,-0.06,0.05,-0.9,3
UFC Fight Night 77: Belfort vs. Henderson 3,Chas Skelly,Edmilson Souza,Favorite,-0.99,-1,-2,-2.65,-0.04,0.29,-0.09,1.74,0.34,-0.11,2.29,0
UFC Fight Night 77: Belfort vs. Henderson 3,Gasan Umalatov,Viscardi Andrade,Underdog,-0.32,0,-4,-1.03,-0.03,1.32,-0.05,-1.18,-0.33,0.24,-0.3,1
UFC Fight Night 77: Belfort vs. Henderson 3,Pedro Munhoz,Jimmie Rivera,Underdog,-0.94,2,-3,1.29,0.02,2.33,-0.04,-0.37,-0.1,-0.11,0.4,3
UFC Fight Night 77: Belfort vs. Henderson 3,Matheus Nicolau,Bruno Korea,Favorite,-1.16,0,1,1.5,0.18,-0.77,0.24,1.38,0.45,0.68,0.8,-1
UFC 193 - Rousey vs. Holm,Ronda Rousey,Holly Holm,Underdog,-11.92,-1,-3,1.04,0.12,1.21,-0.12,5.39,0.38,-0.26,4.7,-5
UFC 193 - Rousey vs. Holm,Joanna Jedrzejczyk,Valerie Letourneau,Favorite,-11.76,-1,-3,1.77,0.1,-2.16,0.04,-0.5,0.17,0.14,-0.2,-5
UFC 193 - Rousey vs. Holm,Mark Hunt,Antonio Silva,Favorite,-1.94,-6,-10,-0.09,-0.03,-0.19,0.01,-0.31,0.26,-0.03,-0.61,6
UFC 193 - Rousey vs. Holm,Urijah Hall,Robert Whittaker,Underdog,-0.59,0,6,-1.35,0.06,0.39,-0.05,-0.27,0,-0.18,0.1,6
UFC 193 - Rousey vs. Holm,Stefan Struve,Jared Rosholt,Underdog,-0.33,9,9,1.04,0,2.52,-0.13,-1.27,0.05,-0.11,1.6,-1
UFC 193 - Rousey vs. Holm,Jake Matthews,Akbarh Arreola,Favorite,-7.36,1,2,0.98,0,-1.45,0.03,0.52,-0.6,0.28,0.19,-12
UFC 193 - Rousey vs. Holm,Peter Sobotta,Kyle Noke,Underdog,-0.97,-1,-1,-1.09,-0.1,0.81,-0.07,0,-0.23,0.1,-0.31,-7
UFC 193 - Rousey vs. Holm,Gian Villante,Anthony Perosh,Favorite,-3.4,0,1,2.11,0.01,1.69,0.02,-1.58,0.01,0.49,-1.11,-13
UFC 193 - Rousey vs. Holm,Danny Martinez,Richie Vaculik,Favorite,-0.09,0,-2,-0.96,-0.18,-0.32,0.06,0,0,0.04,-1,-2
UFC 193 - Rousey vs. Holm,Steve Montgomery,Daniel Kelly,Underdog,-2.01,4,6,1.22,0.01,-0.52,-0.15,-1.86,-0.34,-0.15,-0.3,-13
UFC 193 - Rousey vs. Holm,Richard Walsh,Steven Kennedy,Favorite,-2.59,1,2,1.56,0.11,-2.8,0.12,-0.96,0.07,0.66,0.2,-6
UFC 193 - Rousey vs. Holm,James Moontasri,Anton Zafir,Favorite,-2.59,-1,-1,-0.61,-0.17,1.54,-0.12,-6.11,-0.6,0.79,0.2,-1
UFC 193 - Rousey vs. Holm,Ben Nguyen,Ryan Benoit,Favorite,-0.4,0,-3,0.62,0.01,-0.65,0.01,-0.04,0.11,-0.09,0.6,1
UFC Fight Night 78 - Magny vs. Gastelum,Kelvin Gastelum,Neil Magny,Underdog,-2.46,-6,-9,0.07,-0.06,0.81,0.05,-1.21,-0.11,0.04,-0.2,-4
UFC Fight Night 78 - Magny vs. Gastelum,Ricardo Lamas,Diego Sanchez,Favorite,-4.21,-2,-1,0.43,0.09,-0.15,0,0.33,0.09,0,0.09,0
UFC Fight Night 78 - Magny vs. Gastelum,Henry Cejudo,Jussier Formiga,Favorite,-4.29,-1,-3,2.35,0.07,0.95,-0.05,0.16,-0.03,-0.12,-0.4,-2
UFC Fight Night 78 - Magny vs. Gastelum,Enrique Marin,Erick Montano,Underdog,-1.16,-2,2,-1.36,-0.11,0.94,-0.15,0.2,0.02,-0.07,1,-1
UFC Fight Night 78 - Magny vs. Gastelum,Horacio Gutierrez,Enrique Barzola,Underdog,-1.1,3,-1,-3.05,-0.15,-0.07,-0.23,-4.2,-0.45,-0.17,-0.3,-2
UFC Fight Night 78 - Magny vs. Gastelum,Leandro Silva,Efrain Escudero,Favorite,-0.69,0,1,-0.53,0.03,-0.22,0,0.44,-0.04,-0.02,-0.4,0
UFC Fight Night 78 - Magny vs. Gastelum,Erik Perez,Taylor Lapilus,Favorite,-0.27,2,-5,-0.75,-0.06,-0.29,0.05,2.79,0.15,-0.09,-0.2,2
UFC Fight Night 78 - Magny vs. Gastelum,Bartosz Fabinski,Hector Urbina,Favorite,-1.17,1,2,1.26,0.3,-0.98,0.12,7.1,0.7,0.42,-3.8,2
UFC Fight Night 78 - Magny vs. Gastelum,Scott Jorgensen,Alejandro Perez,Underdog,-0.37,-1,-1,-0.09,0.05,0.23,0.04,2.06,0.23,-0.11,0.4,7
UFC Fight Night 78 - Magny vs. Gastelum,Andre Fili,Gabriel Benitez,Favorite,-1.41,3,3,-1.41,-0.04,-0.38,-0.12,1.94,-0.04,0.13,-0.61,-2
UFC Fight Night 78 - Magny vs. Gastelum,Vernon Ramos,Alvaro Herrera,Underdog,-0.87,-6,-7,2.11,-0.13,4.59,0,0,0,-0.33,-1.11,-3
UFC Fight Night 78 - Magny vs. Gastelum,Cesar Arzamendia,Marco Polo Reyes,Underdog,-1.13,0,0,-0.63,0.08,-0.32,-0.03,7.32,0.75,-0.46,2.4,-6
UFC Fight Night 78 - Magny vs. Gastelum,Michel Prazeres,Valmir Lazaro,Favorite,-0.39,-6,-6,-2.5,0.09,-1.58,-0.05,2.61,-0.05,-0.49,0.6,4
UFC Fight Night 79 - Henderson vs. Masvidal,Benson Henderson,Jorge Masvidal,Favorite,-1.58,-2,-4,-1.12,-0.02,-1.26,-0.02,1.02,-0.14,-0.09,0.5,1
UFC Fight Night 79 - Henderson vs. Masvidal,Dong Hyun Kim,Dominic Waters,Favorite,-5.85,1,-3,1.64,0.26,-0.64,0.18,-1.15,-0.1,0.42,0.6,7
UFC Fight Night 79 - Henderson vs. Masvidal,Yoshihiro Akiyama,Alberto Mina,Underdog,-0.71,-2,-2,-0.13,0.02,-0.09,0.09,0.43,0.47,0.42,1,6
UFC Fight Night 79 - Henderson vs. Masvidal,Doo Ho Choi,Sam Sicilia,Favorite,-1.92,2,3,2.28,0.2,1.36,-0.05,-1.16,-0.23,-0.2,-0.9,-5
UFC Fight Night 79 - Henderson vs. Masvidal,Jake Collier,Dongi Yang,Underdog,-0.19,5,5,2.25,-0.08,1.87,-0.13,-0.99,-0.08,0.06,0.09,-4
UFC Fight Night 79 - Henderson vs. Masvidal,Yui Chul Nam,Mike de la Torre,Underdog,-0.18,-2,-1,0.31,0.12,-2.75,-0.04,0.97,0,-0.26,0.3,5
UFC Fight Night 79 - Henderson vs. Masvidal,Leo Kuntz,Tae Hyun Bang,Underdog,-0.85,1,3,-1.05,-0.06,1.73,-0.22,1.5,-0.09,-0.24,0.19,-1
UFC Fight Night 79 - Henderson vs. Masvidal,Cortney Casey,Seo Hee Ham,Underdog,-0.55,5,5,0.08,0,-1.16,-0.06,0.39,0.31,-0.27,0.3,0
UFC Fight Night 79 - Henderson vs. Masvidal,Freddy Serrano,Zhuikui Yao,Favorite,-0.89,-2,1,0.14,0.05,-0.93,0.13,2.17,0.09,0.26,0,11
UFC Fight Night 79 - Henderson vs. Masvidal,Ning Guangyou,Marco Beltran,Underdog,-0.85,-4,-5,0.59,0.03,-0.03,-0.03,0.39,0,0.15,0.09,4
UFC Fight Night 79 - Henderson vs. Masvidal,Dominique Steele,Dong Hyun Ma,Favorite,-0.39,-1,4,-0.52,0.08,-1.68,-0.05,1.68,-0.12,0.43,0,1
UFC Fight Night - VanZant vs Namajunas,Paige VanZant,Rose Namajunas,Underdog,-0.67,-1,0,-0.34,0.11,-0.89,-0.22,-0.11,-0.14,-0.25,0.5,-1
UFC Fight Night - VanZant vs Namajunas,Michael Chiesa,Jim Miller,Favorite,-0.42,5,4,-1.13,-0.02,-1.8,-0.03,1.8,0.06,0.13,-0.7,-4
UFC Fight Night - VanZant vs Namajunas,Sage Northcutt,Cody Pfister,Favorite,-6.62,2,-2,2.17,0.27,-0.84,0.06,-1.01,0.04,0.41,0.6,-5
UFC Fight Night - VanZant vs Namajunas,Elias Theodorou,Thiago Santos,Underdog,-1.62,-1,-1,0.47,-0.06,-0.18,0,0.39,-0.05,-0.07,-0.1,-5
UFC Fight Night - VanZant vs Namajunas,Tim Means,John Howard,Favorite,-3.14,7,3,2.93,-0.02,0.56,0.08,-1.55,-0.09,0.12,-0.2,-1
UFC Fight Night - VanZant vs Namajunas,Omari Akhmedov,Sergio Moraes,Underdog,-0.48,0,1,0.55,-0.08,-0.9,-0.04,1.38,0.07,-0.1,-0.2,-5
UFC Fight Night - VanZant vs Namajunas,Aljamain Sterling,Johnny Eduardo,Favorite,-4.63,0,0,1.66,0.13,-0.93,-0.06,2.09,0.07,-0.13,0.29,-11
UFC Fight Night - VanZant vs Namajunas,Santiago Ponzinibbio,Andreas Stahl,Favorite,-1.34,1,0,2.07,0.03,-0.08,0.04,-1.07,-0.37,-0.21,0,1
UFC Fight Night - VanZant vs Namajunas,Danny Roberts,Nathan Coy,Favorite,-0.67,3,5,-0.7,-0.13,1.33,-0.11,-2.93,-0.38,0.06,0.2,-9
UFC Fight Night - VanZant vs Namajunas,Zubaira Tukhugov,Phillipe Nover,Favorite,-2.6,-1,-4,1.38,0.04,0.58,0.06,1.13,0.1,0.56,-0.7,-7
UFC Fight Night - VanZant vs Namajunas,Kailin Curran,Emily Kagan,Favorite,-2.68,1,-1,1.29,0.07,-0.54,0.15,0.13,0.42,0.1,0.6,-9
UFC - The Ultimate Fighter 22 Finale,Frankie Edgar,Chad Mendes,Favorite,-0.28,0,2,0.99,-0.09,0.46,-0.03,-1.84,-0.25,-0.35,0,3
UFC - The Ultimate Fighter 22 Finale,Artem Lobov,Ryan Hall,Underdog,-0.89,-1,-5,1.14,-0.1,3.49,-0.16,0.17,0.16,0.52,-2.21,-2
UFC - The Ultimate Fighter 22 Finale,Tony Ferguson,Edson Barboza,Favorite,-1.19,0,1,0.83,0.01,-0.25,-0.02,-0.06,-0.16,-0.05,0.8,2
UFC - The Ultimate Fighter 22 Finale,Evan Dunham,Joe Lauzon,Favorite,-1.38,0,-1,2.49,0,-1.85,0.06,-0.58,-0.12,0.25,-1,2
UFC - The Ultimate Fighter 22 Finale,Tatsuya Kawajiri,Jason Knight,Favorite,-1.94,-3,-2,-0.92,0.1,-1.02,-0.02,2.31,0.17,0.16,-0.6,15
UFC - The Ultimate Fighter 22 Finale,Julian Erosa,Marcin Wrzosek,Favorite,-0.03,4,4,2.66,0.04,2.21,0.03,-1.37,0.21,0.24,0.8,-2
UFC - The Ultimate Fighter 22 Finale,Konstantin Erokhin,Gabriel Gonzaga,Underdog,-0.24,-3,-3,-1.05,-0.1,-1.11,-0.1,-2.8,-0.39,0.03,-1.11,-4
UFC - The Ultimate Fighter 22 Finale,Ryan LaFlare,Mike Pierce,Favorite,-1.51,5,3,0.27,-0.02,-0.5,0.01,-0.96,0.02,-0.13,0,-3
UFC - The Ultimate Fighter 22 Finale,Joby Sanchez,Geane Herrera,Underdog,-0.07,1,2,1.71,0.04,-2.26,0.1,0.12,0.34,0.13,-0.2,-1
UFC - The Ultimate Fighter 22 Finale,Chris Gruetzemacher,Abner Lloveras,Favorite,-1.04,-3,-4,-0.09,0.07,-1.91,0.09,-1.79,0.3,0.65,0,-4
UFC 194 - Aldo vs. McGregor,Jose Aldo,Conor McGregor,Underdog,-0.14,-2,-4,-1.7,-0.03,-0.94,0.05,-0.17,-0.03,0.25,0,2
UFC 194 - Aldo vs. McGregor,Chris Weidman,Luke Rockhold,Underdog,-0.47,-1,1,-0.92,-0.04,0.54,-0.03,2.74,0.13,0,-0.2,0
UFC 194 - Aldo vs. McGregor,Ronaldo Souza,Yoel Romero,Underdog,-0.51,-2,-3,0.29,-0.1,2.25,-0.15,-1.07,-0.14,-0.19,0,-19
UFC 194 - Aldo vs. McGregor,Demian Maia,Gunnar Nelson,Favorite,-0.06,2,0,-0.05,-0.18,-0.94,0.14,0.59,-0.35,-0.06,0,11
UFC 194 - Aldo vs. McGregor,Max Holloway,Jeremy Stephens,Favorite,-4.53,2,-2,4,0.07,1.67,0.01,-0.91,0.15,0.18,-0.11,-5
UFC 194 - Aldo vs. McGregor,Urijah Faber,Frankie Saenz,Favorite,-5.07,0,1,-1.29,-0.07,-0.92,0.12,-0.2,-0.02,-0.04,0.7,2
UFC 194 - Aldo vs. McGregor,Tecia Torres,Jocelyn Jones-Lybarger,Favorite,-2.31,0,6,-1.86,0.03,-3.59,0.08,1.72,0.08,-0.32,0,-9
UFC 194 - Aldo vs. McGregor,Colby Covington,Warlley Alves,Underdog,-0.21,0,0,0.83,-0.1,-0.98,0.05,2.57,-0.06,0.05,-0.61,3
UFC 194 - Aldo vs. McGregor,Kevin Lee,Leonardo Santos,Underdog,-5.23,-3,2,1.06,-0.05,0.2,-0.05,2.3,0.18,-0.11,0.6,-13
UFC 194 - Aldo vs. McGregor,Magomed Mustafaev,Joe Proctor,Favorite,-2.97,-2,-1,-0.81,0.21,-1.25,-0.18,3.31,0.5,-0.47,-1.4,-3
UFC 194 - Aldo vs. McGregor,John Makdessi,Yancy Medeiros,Underdog,-0.87,-2,-7,1.15,0.12,-1.52,0.21,-0.33,-0.5,0.13,-0.7,3
UFC 194 - Aldo vs. McGregor,Court McGee,Marcio Alexandre Jr.,Favorite,-1.01,-1,0,2.98,-0.09,0.73,0.19,1.49,0.04,0.02,-0.3,4
UFC on Fox 17 - Dos Anjos vs. Cerrone 2,Rafael dos Anjos,Donald Cerrone,Favorite,-1.14,-5,-3,-0.94,0,-1.28,0.06,0.79,0.01,-0.18,-0.6,-2
UFC on Fox 17 - Dos Anjos vs. Cerrone 2,Junior dos Santos,Alistair Overeem,Underdog,-2.02,0,-3,0.82,-0.18,0.89,-0.01,-1.12,-0.06,0.08,-0.7,-4
UFC on Fox 17 - Dos Anjos vs. Cerrone 2,Michael Johnson,Nate Diaz,Underdog,-4.01,-2,-3,-0.31,-0.06,0.06,0.04,-0.44,0.1,0.4,-1.3,-2
UFC on Fox 17 - Dos Anjos vs. Cerrone 2,Randa Markos,Karolina Kowalkiewicz,Underdog,-1.25,1,-1,-2.74,0,-2.45,0,0.78,0.05,-0.21,0,0
UFC on Fox 17 - Dos Anjos vs. Cerrone 2,Myles Jury,Charles Oliveira,Underdog,-0.92,0,-1,-0.46,-0.12,-1.04,0.15,-0.01,0.15,-0.06,-2.5,1
UFC on Fox 17 - Dos Anjos vs. Cerrone 2,C.B. Dollaway,Nate Marquardt,Underdog,-3.39,2,2,-0.07,-0.03,0.26,-0.02,1.67,0.03,-0.08,0.39,-5
UFC on Fox 17 - Dos Anjos vs. Cerrone 2,Sarah Kaufman,Valentina Shevchenko,Underdog,-0.64,0,0,3.37,-0.06,1.89,0,-2.19,-0.07,0.1,-0.4,2
UFC on Fox 17 - Dos Anjos vs. Cerrone 2,Josh Samman,Tamdan McCrory,Underdog,-1.22,-1,3,0.01,0.03,0.87,-0.12,-1.19,-0.17,0,-2.1,-1
UFC on Fox 17 - Dos Anjos vs. Cerrone 2,Nik Lentz,Danny Castillo,Favorite,-0.15,-1,-3,0.87,0.04,1.29,-0.12,0.34,-0.06,-0.2,1,-5
UFC on Fox 17 - Dos Anjos vs. Cerrone 2,Kamaru Usman,Leon Edwards,Favorite,-1.94,-2,2,1.61,-0.02,0.4,0,1.56,0.1,0.19,-0.31,5
UFC on Fox 17 - Dos Anjos vs. Cerrone 2,Vicente Luque,Hayder Hassan,Favorite,-0.45,1,3,2.96,0.06,2.04,0.04,1,0.53,0.37,0.6,-9
UFC on Fox 17 - Dos Anjos vs. Cerrone 2,Francis Ngannou,Luis Henrique,Favorite,-0.38,2,9,0.52,-0.03,-0.07,-0.06,-2.33,0.26,0.2,-0.7,7
UFC 195 - Lawler vs Condit,Carlos Condit,Robbie Lawler,Underdog,0,3,1,-0.19,-0.08,-2,-0.04,-0.07,-0.18,-0.27,1,-2
UFC 195 - Lawler vs Condit,Stipe Miocic,Andrei Arlovski,Favorite,-1.51,1,3,1.04,0.08,0.61,-0.03,1.48,-0.02,-0.08,-0.2,-4
UFC 195 - Lawler vs Condit,Albert Tumenov,Lorenz Larkin,Favorite,-1.87,0,1,0.23,-0.05,0.59,-0.06,-0.08,-0.22,-0.05,-0.1,-5
UFC 195 - Lawler vs Condit,Brian Ortega,Diego Brandao,Favorite,-1.11,1,5,1.13,-0.09,3.16,-0.13,-2.04,-0.41,-0.24,0.6,-3
UFC 195 - Lawler vs Condit,Tony Sims,Abel Trujillo,Underdog,-0.55,3,0,-0.84,0.22,-1.55,0.06,-1.48,0.04,0.09,0.29,-2
UFC 195 - Lawler vs Condit,Michael McDonald,Masanori Kanehara,Favorite,-4.61,4,5,-1.88,-0.49,-1.23,-0.12,-1.44,-0.5,-0.63,-0.9,18
UFC 195 - Lawler vs Condit,Kyle Noke,Alex Morono,Underdog,-2.42,2,4,-1.64,0.09,-2.08,0.06,1.21,0.32,0.1,0.4,11
UFC 195 - Lawler vs Condit,Justine Kish,Nina Nunes,Favorite,-1.57,0,0,0.12,0.02,1.11,0.01,0.63,0,-0.23,-0.4,-2
UFC 195 - Lawler vs Condit,Scott Holtzman,Drew Dober,Underdog,-1.08,1,-1,-0.02,0.06,-0.58,0.04,1.17,0.38,0.1,0.1,5
UFC 195 - Lawler vs Condit,Joseph Duffy,Dustin Poirier,Underdog,-0.91,1,1,-2.77,-0.17,-0.59,0.01,-0.38,0.3,0.01,-0.7,1
UFC 195 - Lawler vs Condit,Michinori Tanaka,Joe Soto,Favorite,-0.32,-1,2,-1.39,-0.04,-3.38,-0.18,1.54,0.17,-0.27,-1.7,-4
UFC 195 - Lawler vs Condit,Sheldon Westcott,Edgar Garcia,Favorite,-0.74,3,0,-0.91,0.11,-0.51,-0.23,1.02,-0.2,-0.36,-0.6,-1
UFC Fight Night - Dillashaw vs. Cruz,T.J. Dillashaw,Dominick Cruz,Underdog,-0.59,-2,-1,1.17,0.07,0.86,-0.08,-1.26,-0.12,-0.06,0.7,-1
UFC Fight Night - Dillashaw vs. Cruz,Anthony Pettis,Eddie Alvarez,Underdog,-2.77,1,3,-1.28,0.06,-0.95,-0.02,-2.31,0.14,-0.33,0.6,-3
UFC Fight Night - Dillashaw vs. Cruz,Travis Browne,Matt Mitrione,Favorite,-0.66,3,-3,-0.62,-0.1,1.51,-0.23,1.21,0.68,0.19,-0.5,-4
UFC Fight Night - Dillashaw vs. Cruz,Ross Pearson,Francisco Trinaldo,Underdog,-0.64,-1,-1,0.55,-0.05,1.42,0.02,-0.24,-0.08,0.15,-0.5,-6
UFC Fight Night - Dillashaw vs. Cruz,Ben Saunders,Patrick Cote,Underdog,-0.23,3,2,0.41,0.02,0.37,0.03,-0.49,0.2,0.23,1.1,-3
UFC Fight Night - Dillashaw vs. Cruz,Tim Boetsch,Ed Herman,Underdog,-1.42,-1,-3,-0.38,0.02,-0.81,0.14,-0.51,-0.13,0,-0.2,0
UFC Fight Night - Dillashaw vs. Cruz,Chris Wade,Mehdi Baghdad,Favorite,-2.87,-3,-5,-1.43,0.23,-2.81,0.04,2.6,0.51,0.22,1.1,-3
UFC Fight Night - Dillashaw vs. Cruz,Maximo Blanco,Luke Sanders,Underdog,-0.16,2,4,-2.5,-0.09,-1.19,0.16,1.14,0.06,-0.09,0.09,2
UFC Fight Night - Dillashaw vs. Cruz,Paul Felder,Daron Cruickshank,Favorite,-1.84,3,-2,0.82,0.06,0.46,-0.09,-1.75,-0.13,0.04,0,2
UFC Fight Night - Dillashaw vs. Cruz,Ilir Latifi,Sean O'Connell,Favorite,-1.95,-3,-1,-3.41,-0.03,-3.84,0.11,2.11,0.35,0.7,-0.2,1
UFC Fight Night - Dillashaw vs. Cruz,Charles Rosa,Kyle Bochniak,Favorite,-1.8,2,-1,0.45,0.04,-1.26,-0.11,0.53,0.2,-0.24,1,0
UFC Fight Night - Dillashaw vs. Cruz,Rob Font,Joey Gomez,Favorite,-1.4,-2,-2,3.09,0.17,-0.81,0.01,0.27,-0.65,-0.04,0.3,-1
UFC Fight Night - Dillashaw vs. Cruz,Elvis Mutapcic,Francimar Barroso,Underdog,-0.79,-1,-3,0.64,-0.12,1.19,-0.21,-2.23,-0.24,-0.02,0,-7
UFC on Fox 18 - Johnson vs. Bader,Anthony Johnson,Ryan Bader,Favorite,-1.9,0,4,0.43,0.03,0.44,-0.11,-0.94,0.12,-0.04,0.19,0
UFC on Fox 18 - Johnson vs. Bader,Josh Barnett,Ben Rothwell,Underdog,-0.47,-1,0,-0.51,0.08,-2.52,0.09,0.57,0.21,-0.15,0.99,4
UFC on Fox 18 - Johnson vs. Bader,Jimmie Rivera,Yuri Alcantara,Favorite,-0.84,-5,-3,1.31,-0.05,1.1,0.1,-0.56,-0.35,0.32,-0.7,-9
UFC on Fox 18 - Johnson vs. Bader,Sage Northcutt,Bryan Barberena,Underdog,-2.04,0,-1,-1.77,0.04,-2.63,0.13,1.68,0.12,-0.1,0.3,-7
UFC on Fox 18 - Johnson vs. Bader,Tarec Saffiedine,Jake Ellenberger,Favorite,-1.82,1,-1,1.57,0.07,0.23,0.02,-1.52,-0.11,-0.03,-0.31,-2
UFC on Fox 18 - Johnson vs. Bader,Olivier Aubin-Mercier,Carlos Diego Ferreira,Underdog,-1.89,0,-4,-2.56,0.12,-0.46,-0.02,1.4,0.03,0.09,-0.1,-4
UFC on Fox 18 - Johnson vs. Bader,Rafael Natal,Kevin Casey,Favorite,-0.94,1,0,0.83,-0.07,-1.28,0.1,1.75,0.12,0.5,0.09,-1
UFC on Fox 18 - Johnson vs. Bader,Dustin Ortiz,Wilson Reis,Underdog,-1.63,1,0,1.1,0.15,-0.88,0.01,-2.15,-0.06,0.05,-0.5,-4
UFC on Fox 18 - Johnson vs. Bader,Alexander Yakovlev,George Sullivan,Favorite,-0.21,3,1,-1.79,0.07,-0.01,0.01,0.28,0.14,0.34,-0.6,-4
UFC on Fox 18 - Johnson vs. Bader,Alex Caceres,Masio Fullen,Favorite,-1.91,0,3,1.75,0.17,-0.42,0.07,0.07,0.35,-0.05,0.7,-2
UFC on Fox 18 - Johnson vs. Bader,Randy Brown,Matt Dwyer,Favorite,-0.35,-1,2,1.8,0.12,0.08,0,0.34,0.29,0.14,0.5,-1
UFC on Fox 18 - Johnson vs. Bader,Tony Martin,Felipe Olivieri,Favorite,-0.93,3,1,-4,-0.21,-2.01,0.01,0.71,0.27,-0.03,1,-5
UFC Fight Night 82 - Hendricks vs. Thompson,Johny Hendricks,Stephen Thompson,Underdog,-1.92,-3,-6,-0.63,-0.02,0.96,-0.02,3.57,0.05,-0.03,0.3,-1
UFC Fight Night 82 - Hendricks vs. Thompson,Roy Nelson,Jared Rosholt,Favorite,-0.78,-2,-2,0.1,-0.11,3.27,-0.13,-0.7,-0.14,-0.02,0,10
UFC Fight Night 82 - Hendricks vs. Thompson,Ovince St Preux,Rafael Cavalcante,Favorite,-2.72,2,6,0.31,-0.07,-0.31,-0.03,0.5,-0.05,0.04,0.4,-3
UFC Fight Night 82 - Hendricks vs. Thompson,Joseph Benavidez,Zach Makovsky,Favorite,-3.45,0,1,1.58,-0.09,0.42,-0.02,-2.3,0,0.05,0.3,-2
UFC Fight Night 82 - Hendricks vs. Thompson,Misha Cirkunov,Alex Nicholson,Favorite,-7.12,-1,0,-0.27,0.08,-1.6,0.09,4.15,0.39,0.26,1.2,3
UFC Fight Night 82 - Hendricks vs. Thompson,Sean Spencer,Mike Pyle,Underdog,-0.48,-2,0,1.5,-0.13,1.17,0,-1.66,-0.02,-0.02,-1.5,-12
UFC Fight Night 82 - Hendricks vs. Thompson,Josh Burkman,K.J. Noons,Favorite,-0.78,0,2,-1,0.08,-0.65,-0.15,2.44,0.15,0.03,0.3,3
UFC Fight Night 82 - Hendricks vs. Thompson,Damian Grabowski,Derrick Lewis,Underdog,-0.14,-2,-4,1.52,-0.15,5.17,0.1,-0.57,-0.26,-0.52,0,5
UFC Fight Night 82 - Hendricks vs. Thompson,Ray Borg,Justin Scoggins,Underdog,-1.72,-3,-3,-2.04,0.01,-0.24,-0.08,0.47,-0.13,-0.36,0.5,-2
UFC Fight Night 82 - Hendricks vs. Thompson,Noad Lahat,Diego Rivas,Underdog,-2.72,1,0,1.42,0.06,-0.68,0.1,0.58,-0.34,-0.48,1.5,7
UFC Fight Night 82 - Hendricks vs. Thompson,Mickey Gall,Mike Jackson,Favorite,-4.13,0,0,-1.56,-0.11,0.52,-0.13,0.5,-0.04,-0.52,1.9,-7
UFC Fight Night 82 - Hendricks vs. Thompson,Artem Lobov,Alex White,Underdog,-0.4,-3,-6,-0.24,-0.02,1.75,-0.1,-0.53,-0.04,-0.19,-0.5,2
UFC Fight Night 82 - Cerrone vs. Oliveira,Donald Cerrone,Alex Oliveira,Favorite,-2.05,2,-3,1.42,-0.05,1.93,0.07,-1.2,-0.05,0.09,0.6,5
UFC Fight Night 82 - Cerrone vs. Oliveira,Derek Brunson,Roan Carneiro,Favorite,-3.14,2,1,2.04,0,1.22,-0.11,0.09,-0.09,0.02,-0.8,-5
UFC Fight Night 82 - Cerrone vs. Oliveira,Cody Garbrandt,Augusto Mendes,Favorite,-3.07,2,0,0.56,0.06,-0.16,0.03,-0.72,0.01,0,0,-9
UFC Fight Night 82 - Cerrone vs. Oliveira,Dennis Bermudez,Tatsuya Kawajiri,Favorite,-3.04,-1,-3,2.38,0.02,1.06,0.08,0.26,-0.08,0.18,0,-9
UFC Fight Night 82 - Cerrone vs. Oliveira,Chris Camozzi,Joe Riggs,Favorite,-1.82,2,5,1.15,-0.08,1.27,-0.01,-2.19,-0.37,-0.06,-0.1,-4
UFC Fight Night 82 - Cerrone vs. Oliveira,James Krause,Shane Campbell,Favorite,-0.69,2,2,0.79,-0.1,0.92,0.05,-0.41,-0.11,-0.23,0.9,0
UFC Fight Night 82 - Cerrone vs. Oliveira,Alex Garcia,Sean Strickland,Underdog,-0.18,-4,-4,-4.1,-0.1,-1.31,-0.04,2.87,-0.12,-0.11,-0.1,3
UFC Fight Night 82 - Cerrone vs. Oliveira,Daniel Sarafian,Oluwale Bamgbose,Underdog,-1.08,-2,-5,-0.23,-0.02,0.39,0.02,-0.58,-0.26,0.16,0.7,5
UFC Fight Night 82 - Cerrone vs. Oliveira,Anthony Smith,Leonardo Guimaraes,Favorite,-0.43,4,3,0.87,-0.09,1.47,0.02,0.49,0.26,-0.04,-0.31,-7
UFC Fight Night 82 - Cerrone vs. Oliveira,Jonavin Webb,Nathan Coy,Underdog,-1.91,0,2,-2.41,-0.23,-0.13,0.03,-0.67,-0.16,-0.1,1,-10
UFC Fight Night 82 - Cerrone vs. Oliveira,Marion Reneau,Ashlee Evans-Smith,Underdog,-1.06,-2,1,-0.83,0.06,-1.07,0.05,-0.33,0.41,0,0.8,10
UFC Fight Night 82 - Cerrone vs. Oliveira,Lauren Murphy,Kelly Faszholz,Favorite,-2.67,-3,0,0.04,-0.09,1.64,0.03,1.03,0.25,0.24,0.1,1
UFC Fight Night 82 - Cerrone vs. Oliveira,Shamil Abdurakhimov,Anthony Hamilton,Favorite,-0.1,-2,0,-1.5,-0.22,0,0.1,-1.61,-0.19,-0.33,0.1,-2
UFC Fight Night 84 - Silva vs. Bisping,Anderson Silva,Michael Bisping,Underdog,-2.02,1,2,-1.29,0.23,-0.67,-0.06,-0.56,0.34,0.05,0.5,4
UFC Fight Night 84 - Silva vs. Bisping,Gegard Mousasi,Thales Leites,Favorite,-2.41,1,-2,1.62,0.09,-1.79,0.16,-0.51,0.32,0.28,0,-4
UFC Fight Night 84 - Silva vs. Bisping,Tom Breese,Keita Nakamura,Favorite,-8.13,4,0,1.1,0.14,-0.4,0.02,-1.65,-0.48,0.06,0.8,-8
UFC Fight Night 84 - Silva vs. Bisping,Francisco Rivera,Brad Pickett,Underdog,-0.93,2,2,1.05,0.09,-1.47,0.13,-1.47,0.19,0.1,0.19,-3
UFC Fight Night 84 - Silva vs. Bisping,Makwan Amirkhani,Mike Wilkinson,Favorite,-1.01,3,6,-1.02,0.06,-0.73,0.11,3.04,0.28,-0.21,0.2,-1
UFC Fight Night 84 - Silva vs. Bisping,Davey Grant,Marlon Vera,Favorite,-1.08,0,-1,0.46,-0.08,-1.67,0.05,0.73,0.01,-0.09,-0.7,7
UFC Fight Night 84 - Silva vs. Bisping,Scott Askham,Chris Dempsey,Favorite,-2.85,5,3,0.77,0.14,0.7,-0.13,-2.21,-0.06,0.49,0.7,0
UFC Fight Night 84 - Silva vs. Bisping,Arnold Allen,Yaotzin Meza,Favorite,-2.59,-1,-1,1.96,-0.01,1.29,-0.04,-0.05,0.3,0.57,-1,-13
UFC Fight Night 84 - Silva vs. Bisping,Krzysztof Jotko,Brad Scott,Favorite,-0.85,0,1,-0.54,0.01,-2.08,0,1.01,0.24,0.18,-0.6,0
UFC Fight Night 84 - Silva vs. Bisping,Rustam Khabilov,Norman Parke,Favorite,-1.71,-3,3,-1.08,-0.01,-0.72,0.01,1.97,0.14,-0.17,0.1,0
UFC Fight Night 84 - Silva vs. Bisping,Daniel Omielanczuk,Jarjis Danho,Favorite,-0.23,-3,0,-0.3,0.06,-1.96,-0.03,0.05,0.1,-0.32,0.1,1
UFC Fight Night 84 - Silva vs. Bisping,Thibault Gouti,Teemu Packalen,Underdog,-0.32,-3,-3,1.11,-0.2,1.72,0.03,-1.08,0.55,-0.18,-1.2,0
UFC Fight Night 84 - Silva vs. Bisping,David Teymur,Martin Svensson,Favorite,-1.07,-4,0,2.67,0.04,-2.39,0.17,0.94,0.33,0.77,0,-4
UFC 196 - McGregor vs. Diaz,Conor McGregor,Nate Diaz,Underdog,-3.75,-3,-2,0.75,0.03,0.89,0.02,-0.38,0.25,0.25,-1.2,-4
UFC 196 - McGregor vs. Diaz,Holly Holm,Miesha Tate,Underdog,-2.12,2,4,0.5,-0.05,-0.07,0.04,-1.15,-0.02,0.2,-1.2,5
UFC 196 - McGregor vs. Diaz,Ilir Latifi,Gian Villante,Favorite,-1.14,-5,-3,-2.33,0.01,-2.54,0.01,1.66,0.11,0.17,0.3,3
UFC 196 - McGregor vs. Diaz,Corey Anderson,Tom Lawlor,Favorite,-2.22,3,5,1.92,0.04,-0.19,-0.02,2.42,0.18,0.26,-1.4,-7
UFC 196 - McGregor vs. Diaz,Amanda Nunes,Valentina Shevchenko,Favorite,-0.05,3,3,1.27,-0.02,0.51,-0.06,0.16,-0.09,0.1,0.29,-1
UFC 196 - McGregor vs. Diaz,Brandon Thatch,Siyar Bahadurzada,Underdog,-2.47,3,1,-0.21,0.01,0.39,0.03,0.04,0.05,-0.12,0.4,-2
UFC 196 - McGregor vs. Diaz,Erick Silva,Nordine Taleb,Underdog,-1.61,-1,0,-1.17,-0.04,1.55,-0.18,-1.09,-0.41,-0.17,1.4,-3
UFC 196 - McGregor vs. Diaz,Vitor Miranda,Marcelo Guimaraes,Favorite,-2.28,1,4,-1.69,-0.06,-1.46,-0.05,-1.04,0.42,0.5,0.2,5
UFC 196 - McGregor vs. Diaz,Chas Skelly,Darren Elkins,Underdog,-0.8,1,1,-1.44,0.02,-0.07,-0.04,-1.12,-0.01,-0.18,1.19,-1
UFC 196 - McGregor vs. Diaz,Jim Miller,Diego Sanchez,Underdog,-0.83,-2,-1,0.3,0.04,0.48,0,0.02,0.2,0,0.89,-2
UFC 196 - McGregor vs. Diaz,Jason Saggo,Justin Salas,Favorite,-1.35,3,1,-0.92,-0.04,-0.03,-0.17,-0.11,0.2,0.23,0,-4
UFC 196 - McGregor vs. Diaz,Julian Erosa,Teruto Ishihara,Underdog,-0.99,6,5,2.88,0.03,2.66,-0.07,1.12,0.3,0.27,0.8,2
UFC Fight Night 84 - Hunt vs. Mir,Mark Hunt,Frank Mir,Favorite,-0.43,-5,-7,0.62,-0.04,-0.94,0.13,-1.51,0.15,0.09,-1.8,5
UFC Fight Night 84 - Hunt vs. Mir,Hector Lombard,Neil Magny,Underdog,-0.05,-6,-9,-0.46,0,0.93,0.01,-0.48,0.07,0.23,0.2,10
UFC Fight Night 84 - Hunt vs. Mir,Johnny Case,Jake Matthews,Underdog,-0.1,-1,-1,0.65,-0.08,0.1,0.01,0.1,0.04,0.09,-0.4,5
UFC Fight Night 84 - Hunt vs. Mir,Antonio Carlos Junior,Daniel Kelly,Underdog,-3.75,2,9,-1.68,0.03,-2.5,-0.09,1.55,0.04,-0.25,0.5,-12
UFC Fight Night 84 - Hunt vs. Mir,James Te Huna,Steve Bosse,Underdog,-1.89,3,3,-1.96,-0.02,-2.39,0.12,1.83,0.03,-0.43,0.2,0
UFC Fight Night 84 - Hunt vs. Mir,Seo Hee Ham,Bec Rawlings,Underdog,-0.17,-4,-2,-0.29,-0.03,-0.51,0.04,-0.71,-0.4,-0.03,-0.2,2
UFC Fight Night 84 - Hunt vs. Mir,Alan Jouban,Brendan O'Reilly,Favorite,-4.13,5,4,3.77,0.03,1,0.2,-1.72,0.01,0.21,-0.3,6
UFC Fight Night 84 - Hunt vs. Mir,Daniel Hooker,Mark Eddiva,Favorite,-1.2,4,7,1.71,0.02,1.77,-0.04,-0.66,0.12,0.17,0.4,-4
UFC Fight Night 84 - Hunt vs. Mir,Leslie Smith,Rin Nakai,Favorite,-0.54,8,5,5.98,0.07,4.51,-0.09,-3,-0.18,-0.13,-0.5,4
UFC Fight Night 84 - Hunt vs. Mir,Richard Walsh,Viscardi Andrade,Underdog,-0.2,1,-2,0.58,0.04,-0.05,-0.06,-0.38,-0.1,0,-0.1,-5
UFC Fight Night 84 - Hunt vs. Mir,Chad Laprise,Ross Pearson,Underdog,-0.1,2,2,1.1,0.01,-0.5,0.03,0.31,0.19,0.03,0,-2
UFC Fight Night 84 - Hunt vs. Mir,Alan Patrick,Damien Brown,Favorite,-1.78,1,6,-1.84,0.02,-1.91,-0.08,2.32,0.06,-0.11,-0.4,1
UFC Fight Night 86 - Zagreb,Junior dos Santos,Ben Rothwell,Favorite,-0.28,0,-1,0.78,0.04,-1.3,0.09,-0.39,0.15,0.11,-0.31,-2
UFC Fight Night 86 - Zagreb,Derrick Lewis,Gabriel Gonzaga,Favorite,-0.66,1,3,0.35,0.04,-0.46,-0.17,-2.23,-0.13,-0.15,-1.11,-6
UFC Fight Night 86 - Zagreb,Curtis Blaydes,Francis Ngannou,Underdog,-0.71,0,-3,1.19,0.09,-0.34,0.18,4.96,-0.09,-0.4,-0.3,-4
UFC Fight Night 86 - Zagreb,Marcin Tybura,Timothy Johnson,Underdog,-0.56,0,1,0.16,0.02,0.27,0.11,0.33,0.09,0.1,0.1,-1
UFC Fight Night 86 - Zagreb,Jan Blachowicz,Igor Pokrajac,Favorite,-2.69,2,4,1.16,0.04,-1.35,0.13,0.22,0.21,0.17,0.09,-4
UFC Fight Night 86 - Zagreb,Maryna Moroz,Cristina Stanciu,Favorite,-1.06,4,3,1.92,-0.17,1.81,-0.02,-0.16,-0.76,0.01,-1.11,2
UFC Fight Night 86 - Zagreb,Nicolas Dalby,Zak Cummings,Underdog,-0.17,-1,-1,1.07,0.08,0.52,-0.04,0.49,0.01,-0.07,-0.5,0
UFC Fight Night 86 - Zagreb,Ian Entwistle,Alejandro Perez,Underdog,-0.66,-1,-3,-3.35,-0.28,4.18,-0.3,-0.54,-0.22,-0.7,11.8,3
UFC Fight Night 86 - Zagreb,Mairbek Taisumov,Damir Hadzovic,Favorite,-2.81,0,3,-0.38,-0.09,-0.23,0.02,0.56,0.07,0.54,-0.2,-2
UFC Fight Night 86 - Zagreb,Damian Stasiak,Filip Pejic,Favorite,-0.27,-3,-2,1.86,0.36,2.22,0.19,2.64,0.35,0.43,0.6,3
UFC Fight Night 86 - Zagreb,Lucas Martins,Robert Whiteford,Favorite,-0.21,3,3,0.54,-0.12,2.14,-0.03,-1.9,-0.3,0.31,0.5,-6
UFC Fight Night 86 - Zagreb,Jared Cannonier,Cyril Asker,Favorite,-0.72,-1,3,1.32,0.13,-1.7,0.24,-3.97,-0.2,-0.37,-0.9,2
UFC Fight Night 86 - Zagreb,Bojan Velickovic,Alessio Di Chirico,Favorite,-1.19,0,2,-1.14,-0.05,-1.13,-0.05,-0.79,-0.15,-0.28,0.5,1
UFC on Fox 19 - Teixeira vs. Evans,Glover Teixeira,Rashad Evans,Favorite,-1.32,2,1,1.59,0.12,2,-0.12,-0.88,-0.11,-0.13,0.9,0
UFC on Fox 19 - Teixeira vs. Evans,Rose Namajunas,Tecia Torres,Favorite,-1.04,-2,-5,2.59,0.06,2.26,-0.03,-0.69,0.13,0.08,0.5,2
UFC on Fox 19 - Teixeira vs. Evans,Khabib Nurmagomedov,Darrell Horcher,Favorite,-7.38,0,0,2.04,0.03,-2.46,0.26,4.97,-0.03,0.37,0.1,-1
UFC on Fox 19 - Teixeira vs. Evans,Cub Swanson,Hacran Dias,Favorite,-0.11,0,1,2.62,0.09,0.52,0.03,-1.41,0.13,-0.16,-0.1,1
UFC on Fox 19 - Teixeira vs. Evans,Beneil Dariush,Michael Chiesa,Underdog,-0.94,-3,-3,1.9,0.07,0.95,0.02,-1.44,-0.16,0.2,-0.1,-1
UFC on Fox 19 - Teixeira vs. Evans,Raquel Pennington,Bethe Correia,Favorite,-1.41,2,3,-0.24,0.09,-1.64,0.03,0.51,0.09,-0.22,0.7,-5
UFC on Fox 19 - Teixeira vs. Evans,Santiago Ponzinibbio,Court McGee,Favorite,-0.78,1,-2,0.3,0.03,1.04,0,-1.36,0.04,-0.09,-0.4,-2
UFC on Fox 19 - Teixeira vs. Evans,Michael Graves,Randy Brown,Favorite,-0.4,-5,-7,-3.12,0.08,-1.86,0.03,4.01,0.13,-0.08,-0.1,0
UFC on Fox 19 - Teixeira vs. Evans,John Dodson,Manny Gamburyan,Favorite,-4.4,-2,-1,1.07,-0.01,0.75,0.05,-2.55,-0.06,0.13,-0.7,-4
UFC on Fox 19 - Teixeira vs. Evans,Oluwale Bamgbose,Cezar Ferreira,Underdog,-1.29,-2,0,0.55,0.06,0.26,0.02,-1.75,-0.2,-0.47,-0.5,-3
UFC on Fox 19 - Teixeira vs. Evans,Omari Akhmedov,Elizeu Zaleski dos Santos,Underdog,-0.45,1,0,-1.55,-0.08,-0.5,-0.02,2.15,0.32,-0.04,-0.2,-1
UFC 197 - Jones vs. St Preux,Jon Jones,Ovince St Preux,Favorite,-5,1,4,1.26,0.09,-1.1,0.17,0.82,0.09,0.27,0,-5
UFC 197 - Jones vs. St Preux,Demetrious Johnson,Henry Cejudo,Favorite,-3.29,-1,2,-0.34,0.08,-1.63,0.07,1.36,0.24,-0.1,0.3,0
UFC 197 - Jones vs. St Preux,Anthony Pettis,Edson Barboza,Underdog,-0.92,-1,-3,-1.07,0.02,-1.22,-0.03,0.15,0,-0.12,1,-1
UFC 197 - Jones vs. St Preux,Robert Whittaker,Rafael Natal,Favorite,-2.4,0,-4,1.47,-0.05,0.97,0.02,-1.74,0.03,0.04,-0.5,-8
UFC 197 - Jones vs. St Preux,Yair Rodriguez,Andre Fili,Favorite,-0.32,0,-3,0.8,0.09,-0.13,0.01,-1.48,-0.2,-0.11,0.4,-2
UFC 197 - Jones vs. St Preux,Sergio Pettis,Chris Kelades,Favorite,-1.48,-1,1,1.48,-0.06,0.27,0.17,-0.2,0.22,0.14,0.1,-13
UFC 197 - Jones vs. St Preux,Danny Roberts,Dominique Steele,Favorite,-2.96,3,0,0.86,-0.1,1.31,0,-2.71,-0.33,-0.2,0.2,0
UFC 197 - Jones vs. St Preux,Carla Esparza,Juliana Lima,Favorite,-1.16,-4,-2,0.22,-0.04,0.58,0,1.5,0.03,-0.23,0.3,-6
UFC 197 - Jones vs. St Preux,James Vick,Glaico Franca,Favorite,-1.08,3,-1,1.77,-0.03,-0.15,0.13,-2.42,-0.09,-0.2,0.4,4
UFC 197 - Jones vs. St Preux,Cody East,Walt Harris,Underdog,-1.03,-2,0,1.1,0.03,3.99,-0.15,3.68,0.72,-0.54,-0.1,-5
UFC 197 - Jones vs. St Preux,Marcos Rogerio de Lima,Clint Hester,Favorite,-0.4,-1,-2,0.34,0.14,-0.54,-0.06,0.37,0.1,-0.02,0.5,1
UFC 197 - Jones vs. St Preux,Kevin Lee,Efrain Escudero,Favorite,-3.19,0,6,0.96,-0.03,1.3,-0.13,1.87,0.02,0.08,0,-7
UFC Fight Night - Overeem vs. Arlovski,Alistair Overeem,Andrei Arlovski,Favorite,-1.51,1,3,-0.11,0.19,-0.77,0,1.04,0.19,-0.04,0.6,-1
UFC Fight Night - Overeem vs. Arlovski,Stefan Struve,Antonio Silva,Favorite,-1.37,7,2,0.23,0.01,0.95,-0.04,-0.26,0.17,-0.11,0.89,-8
UFC Fight Night - Overeem vs. Arlovski,Albert Tumenov,Gunnar Nelson,Underdog,-0.94,0,1,1.91,-0.19,0.33,0.08,-1.7,-0.39,0.08,-1,-3
UFC Fight Night - Overeem vs. Arlovski,Germaine de Randamie,Anna Elmose,Favorite,-3.06,6,6,-1.12,-0.03,-2.64,0.08,0,0,0.32,0.4,1
UFC Fight Night - Overeem vs. Arlovski,Nikita Krylov,Francimar Barroso,Favorite,-1.4,2,2,1.61,0.03,-0.6,-0.15,0.06,0.14,-0.3,1.4,-12
UFC Fight Night - Overeem vs. Arlovski,Karolina Kowalkiewicz,Heather Clark,Favorite,-2.05,-3,0,2.02,-0.06,-0.08,0.07,0.01,0.19,-0.08,-0.1,-5
UFC Fight Night - Overeem vs. Arlovski,Rustam Khabilov,Chris Wade,Favorite,-1.18,-2,3,0.28,-0.19,0.41,0.14,1.35,-0.11,0.05,-1,1
UFC Fight Night - Overeem vs. Arlovski,Magnus Cedenblad,Garreth McLellan,Favorite,-2.29,4,7,-1.19,-0.04,0.08,-0.05,1.72,0.42,0.32,0.09,1
UFC Fight Night - Overeem vs. Arlovski,Jon Tuck,Josh Emmett,Underdog,-0.59,5,3,-1.04,0.04,-0.88,-0.02,-0.5,-0.04,0.03,0.9,0
UFC Fight Night - Overeem vs. Arlovski,Yan Cabral,Reza Madadi,Underdog,-0.86,0,0,-0.49,0,-1.33,-0.05,-0.28,0.01,-0.52,0.7,-4
UFC Fight Night - Overeem vs. Arlovski,Kyoji Horiguchi,Neil Seery,Favorite,-5.05,1,2,0.04,0.04,-1.34,0.04,1.22,0.17,0.02,-1.6,-11
UFC Fight Night - Overeem vs. Arlovski,Leon Edwards,Dominic Waters,Favorite,-1.93,1,-5,2.27,0.3,-0.19,0.15,-2.82,-0.18,0.41,0.4,-3
UFC Fight Night - Overeem vs. Arlovski,Willie Gates,Yuta Sasaki,Underdog,-0.48,-2,1,-0.37,-0.03,1.78,-0.12,-3.03,-0.43,0.26,-0.8,3
UFC 198 - Werdum vs. Miocic,Fabricio Werdum,Stipe Miocic,Underdog,-0.83,0,-3,-1.24,-0.02,-1.18,0.01,-0.12,-0.04,-0.38,1.2,5
UFC 198 - Werdum vs. Miocic,Ronaldo Souza,Vitor Belfort,Favorite,-2.48,-2,-4,2.13,-0.08,2.46,-0.05,-0.52,-0.44,0.06,-0.6,-19
UFC 198 - Werdum vs. Miocic,Cristiane Justino,Leslie Smith,Favorite,-12.95,-1,2,-0.28,0.12,-6.16,0.13,0.66,0.55,0.31,0.4,-3
UFC 198 - Werdum vs. Miocic,Corey Anderson,Mauricio Rua,Underdog,-0.71,2,3,0.85,-0.04,-0.57,0.04,2.88,0.02,0.34,-0.7,-8
UFC 198 - Werdum vs. Miocic,Warlley Alves,Bryan Barberena,Underdog,-4.59,-1,0,-2.31,0,-0.64,0.06,1.08,0.28,0.12,0.5,-2
UFC 198 - Werdum vs. Miocic,Demian Maia,Matt Brown,Favorite,-2.61,1,-3,-1.96,-0.13,-0.86,0.07,0.81,-0.23,-0.03,-0.31,3
UFC 198 - Werdum vs. Miocic,Thiago Santos,Nate Marquardt,Favorite,-2.69,2,2,1.01,-0.02,0.25,-0.03,-1,-0.18,-0.05,-0.7,-5
UFC 198 - Werdum vs. Miocic,Francisco Trinaldo,Yancy Medeiros,Favorite,-1.59,-1,-5,-1.24,0.08,-3,0.13,0.64,-0.09,-0.13,-0.2,9
UFC 198 - Werdum vs. Miocic,John Lineker,Rob Font,Favorite,-0.71,-5,-4,-0.17,-0.05,0.61,0,-0.33,0.23,0.21,0.3,-3
UFC 198 - Werdum vs. Miocic,Patrick Cummins,Rogerio Nogueira,Underdog,-1.77,0,1,1.82,0.15,1.01,-0.04,3.85,-0.04,-0.34,-0.7,-4
UFC 198 - Werdum vs. Miocic,Zubaira Tukhugov,Renato Moicano,Underdog,-0.8,-3,-4,-1.21,-0.09,-0.62,0.03,0.24,-0.06,0.28,-0.6,-2
UFC Fight Night - Almeida vs. Garbrandt,Thomas Almeida,Cody Garbrandt,Underdog,-1.01,-1,5,1.86,0.02,1.17,0.01,-0.86,-0.2,-0.06,0,0
UFC Fight Night - Almeida vs. Garbrandt,Renan Barao,Jeremy Stephens,Underdog,-0.83,-3,-1,0.6,-0.05,0.85,-0.02,0.33,0.02,0.26,0.09,0
UFC Fight Night - Almeida vs. Garbrandt,Rick Story,Tarec Saffiedine,Favorite,-0.19,-1,1,-0.25,-0.06,-0.9,0,2,0.12,-0.21,0.8,2
UFC Fight Night - Almeida vs. Garbrandt,Vitor Miranda,Chris Camozzi,Underdog,-0.32,-1,2,-0.59,0.01,-0.01,0.01,0.68,0.36,-0.07,-0.3,8
UFC Fight Night - Almeida vs. Garbrandt,Lorenz Larkin,Jorge Masvidal,Favorite,0,0,-2,-0.52,-0.01,-0.31,-0.02,-1.11,-0.17,0.07,-0.2,-2
UFC Fight Night - Almeida vs. Garbrandt,Paul Felder,Josh Burkman,Favorite,-2.3,1,-2,1.01,0.01,0.31,-0.04,-2.24,-0.08,-0.08,-0.1,-4
UFC Fight Night - Almeida vs. Garbrandt,Sara McMann,Jessica Eye,Favorite,-0.45,0,0,-1.6,0.09,-2.28,-0.09,3.8,0.25,-0.07,0,6
UFC Fight Night - Almeida vs. Garbrandt,Abel Trujillo,Jordan Rinaldi,Favorite,-2.34,-2,-2,1.08,0.06,-0.01,0,0.73,0.1,0.2,-0.8,4
UFC Fight Night - Almeida vs. Garbrandt,Jake Collier,Alberto Emiliano Pereira,Favorite,-0.14,14,15,3.09,0.14,0.59,-0.08,0.46,-0.67,0.39,0.4,5
UFC Fight Night - Almeida vs. Garbrandt,Shane Campbell,Erik Koch,Underdog,-0.55,2,0,1.66,0.17,0.37,0.08,0.34,-0.14,0,-1,2
UFC Fight Night - Almeida vs. Garbrandt,Aljamain Sterling,Bryan Caraway,Underdog,-2.66,-1,3,2.08,0.18,-1.31,0.03,-0.26,0.02,-0.35,-0.11,-5
UFC Fight Night - Almeida vs. Garbrandt,Adam Milstead,Chris de la Rocha,Favorite,-1.84,0,-4,-0.23,0.01,-1.58,0,-2.02,-0.3,0.31,-1,-9
UFC 199 - Rockhold vs Bisping 2,Luke Rockhold,Michael Bisping,Underdog,-5.21,2,2,-0.24,0.1,-0.03,-0.12,-0.36,-0.15,0.02,0.7,-6
UFC 199 - Rockhold vs Bisping 2,Dominick Cruz,Urijah Faber,Favorite,-3.43,2,1,1.26,-0.08,0.02,0.05,1.27,0.12,0.25,-0.7,-6
UFC 199 - Rockhold vs Bisping 2,Max Holloway,Ricardo Lamas,Favorite,-2.16,3,-2,4.04,0.01,1.84,0.02,-1.59,0.2,0.37,-0.61,-10
UFC 199 - Rockhold vs Bisping 2,Hector Lombard,Dan Henderson,Underdog,-2.84,-2,-3,0.58,-0.01,0.64,0.02,0.16,-0.05,0.2,0.2,-7
UFC 199 - Rockhold vs Bisping 2,Dustin Poirier,Bobby Green,Favorite,-0.99,-1,1,-1,-0.02,0.61,-0.09,0.14,-0.03,-0.11,1.09,-2
UFC 199 - Rockhold vs Bisping 2,Brian Ortega,Clay Guida,Favorite,-1.78,1,-1,1.43,0.04,3.53,-0.12,-1.96,-0.09,-0.11,0.6,-9
UFC 199 - Rockhold vs Bisping 2,Beneil Dariush,James Vick,Favorite,-0.66,-5,-4,-0.36,0.08,-0.67,-0.04,1.64,0.01,0.23,0.2,-2
UFC 199 - Rockhold vs Bisping 2,Jessica Andrade,Jessica Penne,Favorite,-0.1,-4,-5,4.09,0.19,0.62,0.09,1.05,0.34,0.36,-0.3,-9
UFC 199 - Rockhold vs Bisping 2,Cole Miller,Alex Caceres,Underdog,-1.04,3,0,-1.21,-0.16,0.79,-0.04,0.05,-0.33,-0.26,1.1,5
UFC 199 - Rockhold vs Bisping 2,Tom Breese,Sean Strickland,Underdog,-0.15,2,-3,-2.57,0.09,-1.52,-0.03,-0.85,-0.64,-0.08,0.9,-1
UFC 199 - Rockhold vs Bisping 2,Jonathan Wilson,Luis Henrique da Silva,Underdog,-1.02,-1,-1,-0.98,-0.12,0.37,0.16,0.12,0.86,0.58,-0.2,2
UFC 199 - Rockhold vs Bisping 2,Marco Polo Reyes,Dong Hyun Ma,Favorite,-0.05,0,1,3.16,-0.04,1.42,0.04,-1.27,-0.53,0.13,0,4
UFC Fight Night - MacDonald vs. Thompson,Rory MacDonald,Stephen Thompson,Underdog,-0.12,0,1,-0.37,-0.05,-0.23,0.07,1.51,0.06,0.23,0.4,-7
UFC Fight Night - MacDonald vs. Thompson,Donald Cerrone,Patrick Cote,Favorite,-0.67,2,-2,1.6,-0.02,1.27,0.05,0.47,0.13,0.3,1,-3
UFC Fight Night - MacDonald vs. Thompson,Steve Bosse,Sean O'Connell,Favorite,-0.51,-2,-2,0.53,0.04,-1.39,0.04,0.92,0.33,0.7,-0.5,2
UFC Fight Night - MacDonald vs. Thompson,Olivier Aubin-Mercier,Thibault Gouti,Favorite,-2.99,-1,-2,-1.21,0.17,-2.67,0.05,1.12,-0.47,-0.13,0.2,-2
UFC Fight Night - MacDonald vs. Thompson,Valerie Letourneau,Joanne Wood,Underdog,-0.82,1,3,-2.59,-0.15,0.51,0.06,-0.75,-0.11,0.08,0,3
UFC Fight Night - MacDonald vs. Thompson,Jason Saggo,Leandro Silva,Favorite,-0.25,2,-1,0.1,-0.09,0.85,-0.11,0.57,0.03,-0.43,-0.4,0
UFC Fight Night - MacDonald vs. Thompson,Misha Cirkunov,Ion Cutelaba,Favorite,-1.31,2,2,-0.59,0.08,-0.38,0.09,-0.02,-0.18,0,1.7,7
UFC Fight Night - MacDonald vs. Thompson,Tamdan McCrory,Krzysztof Jotko,Underdog,-1.17,3,-1,-0.92,0.07,-0.63,-0.11,0.94,0.1,-0.49,2.4,3
UFC Fight Night - MacDonald vs. Thompson,Joe Soto,Chris Beal,Favorite,-0.17,-1,-4,-0.1,0.06,2.19,0.06,-0.76,-0.37,-0.09,1.7,-1
UFC Fight Night - MacDonald vs. Thompson,Elias Theodorou,Sam Alvey,Favorite,-1.82,-1,0,0.91,-0.03,-1.24,0.01,1.21,0.14,-0.23,-0.1,-3
UFC Fight Night - MacDonald vs. Thompson,Randa Markos,Jocelyn Jones-Lybarger,Favorite,-0.44,-3,-1,0.01,0.12,-1.73,0.01,0.78,0.03,-0.3,0.2,0
UFC Fight Night - MacDonald vs. Thompson,Colby Covington,Jonathan Meunier,Favorite,-1.81,-4,-3,0.4,-0.12,1.55,-0.14,3.21,0.1,0.09,0.2,0
UFC Fight Night - MacDonald vs. Thompson,Ali Bagautinov,Geane Herrera,Favorite,-1.85,-1,-1,1.34,0.1,-1.99,0,1.67,-0.02,0.27,-0.3,5
UFC Fight Night - Dos Anjos vs. Alvarez,Rafael dos Anjos,Eddie Alvarez,Underdog,-2.25,-1,1,-0.85,0.06,-1.18,0.04,-0.97,-0.02,-0.37,0.09,-1
UFC Fight Night - Dos Anjos vs. Alvarez,Roy Nelson,Derrick Lewis,Underdog,-0.1,-3,-6,-0.3,-0.15,2.31,0.06,0.56,0.01,0.13,0.1,8
UFC Fight Night - Dos Anjos vs. Alvarez,Alan Jouban,Belal Muhammad,Favorite,-0.29,1,1,1.12,0.07,0.12,0.03,-1.47,0.09,-0.36,0.09,7
UFC Fight Night - Dos Anjos vs. Alvarez,Joseph Duffy,Mitch Clarke,Favorite,-3.25,0,0,0.33,0,0.5,0.07,0.31,0.51,0.14,0.29,-2
UFC Fight Night - Dos Anjos vs. Alvarez,Mike Pyle,Alberto Mina,Underdog,-0.18,0,-3,-0.49,0.07,-0.87,0.13,-0.06,0.14,0.19,1.5,6
UFC Fight Night - Dos Anjos vs. Alvarez,John Makdessi,Mehdi Baghdad,Favorite,-0.43,-5,-7,2.38,0.19,-0.41,0.22,0,0,0.53,0,0
UFC Fight Night - Dos Anjos vs. Alvarez,Anthony Birchak,Dileno Lopes,Favorite,-1.59,3,3,1.56,0,0.33,0.03,-2.02,-0.17,-0.39,-1,-1
UFC Fight Night - Dos Anjos vs. Alvarez,Pedro Munhoz,Russell Doane,Favorite,-1.5,-1,-5,3.57,0.02,4.55,0.03,-1.6,-0.27,0.29,-0.31,0
UFC Fight Night - Dos Anjos vs. Alvarez,Felipe Arantes,Jerrod Sanders,Favorite,-0.78,0,1,1.49,-0.19,1.52,0.18,-1.27,0.13,-0.1,-0.91,-8
UFC Fight Night - Dos Anjos vs. Alvarez,Gilbert Burns,Lukasz Sajewski,Favorite,-1.86,2,0,1.23,0.13,-0.46,-0.03,1.23,0.13,-0.17,0.5,4
UFC Fight Night - Dos Anjos vs. Alvarez,Reginaldo Vieira,Marco Beltran,Underdog,-0.4,-1,-4,1.69,0.03,0.96,-0.05,1.27,-0.23,-0.22,0.6,3
UFC Fight Night - Dos Anjos vs. Alvarez,Vicente Luque,Alvaro Herrera,Favorite,-3.17,-1,1,3.18,0.14,1.81,-0.04,1,0.53,0.28,-0.51,-2
UFC - The Ultimate Fighter 23 Finale,Joanna Jedrzejczyk,Claudia Gadelha,Favorite,-0.27,2,2,2.97,0.07,-1.33,0.05,-2.76,0.2,0.22,-0.6,1
UFC - The Ultimate Fighter 23 Finale,Andrew Sanchez,Khalil Rountree,Favorite,-0.95,0,-2,0.46,0.03,0.92,0,2.54,0.36,0.42,-0.1,2
UFC - The Ultimate Fighter 23 Finale,Tatiana Suarez,Amanda Cooper,Favorite,-3.08,2,2,0.71,0.19,-1.83,0,4.67,0.23,0.72,-0.9,1
UFC - The Ultimate Fighter 23 Finale,Will Brooks,Ross Pearson,Favorite,-3.11,2,3,0.57,0.18,-1.55,-0.06,1.34,0.16,0.06,0.3,-2
UFC - The Ultimate Fighter 23 Finale,Doo Ho Choi,Thiago Tavares,Favorite,-1.44,3,0,2.74,0.13,2.6,-0.08,-3.54,-0.22,-0.12,-1.5,-6
UFC - The Ultimate Fighter 23 Finale,Joaquim Silva,Andrew Holbrook,Favorite,-0.23,-3,-1,1.46,-0.06,1.53,-0.02,-0.46,0.32,0.59,-1.3,-3
UFC - The Ultimate Fighter 23 Finale,Gray Maynard,Fernando Bruno,Favorite,-0.84,3,-1,0.16,-0.08,0.86,0.18,0.89,0.24,0.25,0.19,3
UFC - The Ultimate Fighter 23 Finale,John Moraga,Matheus Nicolau,Underdog,-0.81,0,0,-1.06,-0.1,-0.65,-0.1,-0.76,-0.22,-0.5,0.3,9
UFC - The Ultimate Fighter 23 Finale,Josh Stansbury,Cory Hendricks,Favorite,-0.51,-1,1,0.09,0.15,-0.54,0.12,0,0,-0.13,1,3
UFC - The Ultimate Fighter 23 Finale,Anthony Smith,Cezar Ferreira,Underdog,-0.49,3,-2,1.33,0.06,2.02,-0.08,-2.21,-0.27,-0.35,0.19,-4
UFC - The Ultimate Fighter 23 Finale,Jake Matthews,Kevin Lee,Underdog,-0.52,2,-4,-0.59,0.03,-1.04,0.09,-1.59,-0.03,-0.13,-0.21,-2
UFC - The Ultimate Fighter 23 Finale,Li Jingliang,Anton Zafir,Favorite,-2.52,1,-1,1.46,-0.23,1.52,0.04,-4.87,-0.19,0.6,0,-1
UFC 200 - Tate vs. Nunes,Mark Hunt,Brock Lesnar,Underdog,-0.71,-5,-9,-0.72,-0.29,0.79,0.01,-3.39,0,0.04,-0.3,4
UFC 200 - Tate vs. Nunes,Miesha Tate,Amanda Nunes,Underdog,-1.84,-2,-4,-1.93,-0.06,0.35,-0.06,-0.71,-0.24,-0.27,0.6,2
UFC 200 - Tate vs. Nunes,Frankie Edgar,Jose Aldo,Underdog,-0.06,-1,-2,0.14,-0.06,-0.92,0.05,1.78,-0.23,-0.26,0.2,5
UFC 200 - Tate vs. Nunes,Daniel Cormier,Anderson Silva,Favorite,-3.82,-3,-5,1.2,-0.09,0.87,-0.06,1.33,-0.33,0.11,-0.4,-4
UFC 200 - Tate vs. Nunes,Cain Velasquez,Travis Browne,Favorite,-2.1,-5,-2,3.44,0.15,-1.98,0.14,3.92,-0.24,0.09,0.2,0
UFC 200 - Tate vs. Nunes,T.J. Dillashaw,Raphael Assuncao,Favorite,-2.77,1,1,1.86,-0.02,0.97,-0.05,-0.09,-0.1,-0.02,0.6,-3
UFC 200 - Tate vs. Nunes,Cat Zingano,Julianna Pena,Underdog,-0.65,0,-1,-0.6,0.14,-0.67,-0.04,0.83,0.09,0.18,0,7
UFC 200 - Tate vs. Nunes,Kelvin Gastelum,Johny Hendricks,Favorite,-0.04,0,2,0.05,-0.05,-0.77,0.04,-2.87,-0.17,-0.05,-0.2,-8
UFC 200 - Tate vs. Nunes,Sage Northcutt,Enrique Marin,Favorite,-2.75,2,-4,2.15,0.19,-1.04,0.07,-0.69,-0.04,-0.19,-0.4,-9
UFC 200 - Tate vs. Nunes,Diego Sanchez,Joe Lauzon,Underdog,-0.14,0,1,-0.15,-0.03,-2.37,0.02,-0.89,-0.22,-0.09,-1.2,2
UFC 200 - Tate vs. Nunes,Gegard Mousasi,Thiago Santos,Favorite,-1.82,0,0,0.02,0.02,-1.36,0.15,0.71,0.26,-0.07,1,-2
UFC 200 - Tate vs. Nunes,Jim Miller,Takanori Gomi,Favorite,-2.03,1,1,-0.82,0.01,-0.03,-0.04,0.3,-0.22,-0.17,0.89,-5
UFC Fight Night 91 - McDonald vs. Lineker,John Lineker,Michael McDonald,Favorite,-0.83,-8,-5,5.36,0.4,3.86,0.06,0.56,0.57,0.67,0.6,-26
UFC Fight Night 91 - McDonald vs. Lineker,Tony Ferguson,Lando Vannata,Favorite,-5.9,2,5,0.42,0,-0.35,0,-0.7,-0.03,-0.02,0.6,8
UFC Fight Night 91 - McDonald vs. Lineker,Josh Samman,Tim Boetsch,Underdog,-1.47,3,5,-0.86,0.02,-0.43,-0.23,-0.36,-0.02,-0.26,-0.4,-7
UFC Fight Night 91 - McDonald vs. Lineker,Ben Nguyen,Louis Smolka,Underdog,-0.35,-4,-3,-1.17,-0.07,-1.11,0.05,-1.44,-0.02,0.31,-0.8,3
UFC Fight Night 91 - McDonald vs. Lineker,Aleksei Oleinik,Daniel Omielanczuk,Underdog,-1.22,2,6,0.2,-0.09,0.5,-0.03,1.26,0.2,-0.32,1.79,5
UFC Fight Night 91 - McDonald vs. Lineker,Kyle Noke,Keita Nakamura,Underdog,-0.87,2,3,1,0.14,-1.12,0.06,-0.12,0.06,0.03,0.5,4
UFC Fight Night 91 - McDonald vs. Lineker,Lauren Murphy,Katlyn Chookagian,Underdog,-1.14,-6,-5,1.75,-0.08,2.06,0.01,0.02,-0.25,0.69,0.1,-1
UFC Fight Night 91 - McDonald vs. Lineker,Sam Alvey,Eric Spicely,Favorite,-2.07,1,2,-0.44,-0.02,-2.09,-0.04,-1.25,-0.06,0.06,-0.9,1
UFC Fight Night 91 - McDonald vs. Lineker,Cristina Stanciu,Cortney Casey,Underdog,-0.72,-4,-3,-1.79,0.1,-0.94,-0.04,0.46,0.69,0.01,1.2,-7
UFC Fight Night 91 - McDonald vs. Lineker,Scott Holtzman,Cody Pfister,Favorite,-2.19,-1,-4,2.91,0.21,0.86,0.04,-0.94,0.26,0.67,0.2,7
UFC Fight Night 91 - McDonald vs. Lineker,Matthew Lopez,Rani Yahya,Underdog,-0.81,1,2,1.42,0.12,1.65,0.05,0.58,0.3,0.42,-0.5,-2
UFC Fight Night 91 - McDonald vs. Lineker,Devin Clark,Alex Nicholson,Underdog,-1.58,-4,-2,-1.1,0.11,-1.41,-0.03,2.17,0.32,0.07,-0.4,0
UFC on Fox 20 - Holm vs. Shevchenko,Holly Holm,Valentina Shevchenko,Underdog,-1.75,3,3,-0.15,-0.12,0.81,-0.07,-1.69,-0.33,0.05,-0.31,6
UFC on Fox 20 - Holm vs. Shevchenko,Edson Barboza,Gilbert Melendez,Favorite,-1.27,2,2,0.67,0.1,2.12,-0.07,-1.19,0.09,0.01,-0.1,-4
UFC on Fox 20 - Holm vs. Shevchenko,Francis Ngannou,Bojan Mihajlovic,Favorite,-4.83,5,10,1.1,0.06,-3.79,-0.06,0.76,0.62,0.37,0.3,-7
UFC on Fox 20 - Holm vs. Shevchenko,Kailin Curran,Felice Herrig,Underdog,-0.05,0,0,0.05,0.06,-0.45,0.05,0.92,0.28,-0.15,-0.21,-6
UFC on Fox 20 - Holm vs. Shevchenko,Frankie Saenz,Eddie Wineland,Underdog,-0.72,-1,-3,0.54,0.18,-0.26,-0.17,1.4,-0.03,-0.25,0,4
UFC on Fox 20 - Holm vs. Shevchenko,Darren Elkins,Godofredo Pepey,Favorite,-1.62,3,-2,1.12,0,0.04,0.05,2.48,0.27,0.21,-0.4,4
UFC on Fox 20 - Holm vs. Shevchenko,Kamaru Usman,Alexander Yakovlev,Favorite,-1.86,-3,2,2.62,0.05,0.33,-0.04,1.15,0.1,0.17,0,-2
UFC on Fox 20 - Holm vs. Shevchenko,Michel Prazeres,J.C. Cottrell,Favorite,-1.54,-3,-4,1.59,0.21,-0.25,0.11,3.15,-0.64,-0.04,0.6,8
UFC on Fox 20 - Holm vs. Shevchenko,Alex Oliveira,James Moontasri,Favorite,-1.38,1,5,0.6,0.03,-1.31,0.06,2.35,0.38,-0.17,0.4,0
UFC on Fox 20 - Holm vs. Shevchenko,Jim Alers,Jason Knight,Underdog,-1.09,-1,0,-0.06,0.07,1.36,0.05,0.94,0.09,0.33,-1.4,6
UFC on Fox 20 - Holm vs. Shevchenko,Dmitry Smoliakov,Luis Henrique,Underdog,-0.71,0,0,-0.38,-0.02,1.59,0.08,-3.09,-0.36,0.25,-1,11
UFC 201 - Lawler vs. Woodley,Robbie Lawler,Tyron Woodley,Underdog,-0.35,2,0,1.49,-0.02,1.91,0.04,-0.41,0.24,-0.22,-0.4,0
UFC 201 - Lawler vs. Woodley,Rose Namajunas,Karolina Kowalkiewicz,Underdog,-1.18,2,1,-2.02,-0.03,-2.04,0.05,1.03,0.23,-0.15,0.3,-7
UFC 201 - Lawler vs. Woodley,Matt Brown,Jake Ellenberger,Underdog,-2.25,3,4,1.28,0.16,0.08,-0.05,-0.37,-0.01,-0.23,0.9,4
UFC 201 - Lawler vs. Woodley,Erik Perez,Francisco Rivera,Favorite,-0.66,0,-2,-0.92,-0.01,-1.08,-0.03,2.15,-0.08,0,-0.4,-8
UFC 201 - Lawler vs. Woodley,Freddy Serrano,Ryan Benoit,Underdog,-0.06,-2,-3,-1.3,-0.13,-1.76,0.03,2.55,0.03,0.12,-0.4,10
UFC 201 - Lawler vs. Woodley,Nikita Krylov,Ed Herman,Favorite,-1.58,2,0,1.06,0.07,-1.24,0.02,0.33,-0.09,-0.06,0.39,-11
UFC 201 - Lawler vs. Woodley,Jorge Masvidal,Ross Pearson,Favorite,-1.91,3,5,0.36,0.06,-1.04,0.02,0.63,0.24,-0.04,0.3,0
UFC 201 - Lawler vs. Woodley,Anthony Hamilton,Damian Grabowski,Favorite,-0.4,4,1,-0.09,0.29,-4.64,-0.06,2.62,0.42,0.78,0,0
UFC 201 - Lawler vs. Woodley,Wilson Reis,Hector Sandoval,Favorite,-2.77,2,1,-1.48,-0.24,0.71,-0.1,1.66,0.17,-0.24,-0.8,2
UFC 201 - Lawler vs. Woodley,Damien Brown,Cesar Arzamendia,Favorite,-0.14,-1,-3,-1.71,-0.08,-0.34,-0.07,-6.64,-0.48,0.53,-1.7,6
UFC Fight Night 92 - Rodriguez vs. Caceres,Yair Rodriguez,Alex Caceres,Favorite,-2.07,1,-2,0.44,-0.03,0.9,-0.1,0.14,-0.41,-0.07,0,-4
UFC Fight Night 92 - Rodriguez vs. Caceres,Dennis Bermudez,Rony Jason,Favorite,-1.71,-1,-7,2.38,0.02,-0.08,0.05,3.3,0.1,0.46,0.3,-3
UFC Fight Night 92 - Rodriguez vs. Caceres,Thales Leites,Chris Camozzi,Favorite,-0.94,-1,3,-1.44,-0.04,0.03,-0.05,1.83,0.08,-0.27,0.6,5
UFC Fight Night 92 - Rodriguez vs. Caceres,Santiago Ponzinibbio,Zak Cummings,Favorite,-0.21,0,-2,1.94,0.06,1.75,0.05,-0.15,0.01,-0.07,-0.6,-2
UFC Fight Night 92 - Rodriguez vs. Caceres,Joseph Gigliotti,Trevor Smith,Underdog,-0.35,-4,-6,-2.25,-0.17,-0.4,-0.06,-0.14,0.68,-0.1,0.1,-13
UFC Fight Night 92 - Rodriguez vs. Caceres,Maryna Moroz,Danielle Taylor,Favorite,-1.96,7,7,1.67,0.04,1.57,-0.2,0.49,0.03,-0.28,0.4,-2
UFC Fight Night 92 - Rodriguez vs. Caceres,Court McGee,Dominique Steele,Favorite,-1.38,1,1,2.27,-0.12,1.2,0.1,-1.12,-0.17,-0.08,0.4,3
UFC Fight Night 92 - Rodriguez vs. Caceres,Marcin Tybura,Viktor Pesta,Favorite,-0.51,0,1,2.02,0.12,0.81,-0.02,-1.86,0.04,-0.21,0.1,5
UFC Fight Night 92 - Rodriguez vs. Caceres,David Teymur,Jason Novelli,Favorite,-0.76,-3,-3,2.96,0.19,-0.03,-0.11,0.24,0,-0.23,0,-9
UFC Fight Night 92 - Rodriguez vs. Caceres,Teruto Ishihara,Horacio Gutierrez,Favorite,-1.54,-3,0,2.4,0.18,0.71,0.07,0.5,0.16,-0.2,0,-1
UFC Fight Night 92 - Rodriguez vs. Caceres,Cub Swanson,Tatsuya Kawajiri,Favorite,-2.37,1,1,2.66,0.06,1.83,0.08,-2.54,0.04,-0.03,-0.7,-6
UFC Fight Night 92 - Rodriguez vs. Caceres,Justin Ledet,Chase Sherman,Favorite,-0.37,0,2,-2.69,-0.06,-1.83,-0.04,0.14,0,-0.32,0.2,1
UFC 202 - Diaz vs. McGregor 2,Conor McGregor,Nate Diaz,Favorite,-0.27,-3,-2,0.75,0.03,0.89,0.02,-0.38,0.25,0.25,-1.2,-4
UFC 202 - Diaz vs. McGregor 2,Anthony Johnson,Glover Teixeira,Favorite,-1.32,0,2,-0.48,-0.03,-2.6,0.08,0.32,0.23,0.17,-0.31,-4
UFC 202 - Diaz vs. McGregor 2,Donald Cerrone,Rick Story,Favorite,-0.33,4,2,0.61,0.05,2.31,-0.09,-1.37,-0.15,0.09,0.29,2
UFC 202 - Diaz vs. McGregor 2,Hyun Gyu Lim,Mike Perry,Underdog,-1.88,5,6,0.12,-0.06,-0.09,-0.02,-0.59,0.6,-0.06,0,7
UFC 202 - Diaz vs. McGregor 2,Tim Means,Sabah Homasi,Favorite,-3.14,2,3,0.09,0.01,-3.27,0.13,-1.64,-0.1,-0.02,0.2,5
UFC 202 - Diaz vs. McGregor 2,Cody Garbrandt,Takeya Mizugaki,Favorite,-3.96,1,-4,-0.4,0.03,0.48,0.03,-0.43,-0.23,0.1,-0.1,-8
UFC 202 - Diaz vs. McGregor 2,Raquel Pennington,Elizabeth Phillips,Favorite,-1.9,1,2,1.53,0.19,0.22,0.02,0.15,0.02,0.09,0.49,-2
UFC 202 - Diaz vs. McGregor 2,Artem Lobov,Chris Avila,Favorite,-0.2,-1,-8,1.14,0.1,0.65,0.02,0.39,0.25,0.06,0,6
UFC 202 - Diaz vs. McGregor 2,Randa Markos,Cortney Casey,Underdog,-0.53,-3,-4,-1.32,0.03,-0.9,0.02,0.73,-0.03,0.13,-0.3,1
UFC 202 - Diaz vs. McGregor 2,Neil Magny,Lorenz Larkin,Underdog,-0.29,4,8,-0.06,0,-0.33,-0.11,1.9,-0.02,-0.25,0.2,-1
UFC 202 - Diaz vs. McGregor 2,Colby Covington,Max Griffin,Favorite,-2.62,0,-4,-0.05,-0.11,-0.83,-0.02,2.34,0.03,-0.02,-0.1,-2
UFC 202 - Diaz vs. McGregor 2,Marvin Vettori,Alberto Emiliano Pereira,Favorite,-0.87,11,11,1.85,0.15,-0.25,-0.02,1.41,-0.56,0.4,0.3,0
UFC on Fox 21 - Condit vs. Maia,Carlos Condit,Demian Maia,Underdog,-0.21,1,3,1.86,-0.04,0.6,-0.08,-1.91,0.22,-0.23,0,-6
UFC on Fox 21 - Condit vs. Maia,Anthony Pettis,Charles Oliveira,Favorite,-1.32,0,-2,-0.35,-0.07,0.23,0.03,-1.56,0.09,0.04,-1.7,3
UFC on Fox 21 - Condit vs. Maia,Paige VanZant,Bec Rawlings,Favorite,-1.41,-2,1,-1.14,0.1,-3.04,-0.15,0.56,-0.08,-0.34,0.6,-5
UFC on Fox 21 - Condit vs. Maia,Joe Lauzon,Jim Miller,Underdog,-0.51,2,0,-0.16,-0.03,1.88,-0.03,0.86,0.01,0.07,0.3,0
UFC on Fox 21 - Condit vs. Maia,Sam Alvey,Kevin Casey,Favorite,-1.8,3,-2,1,-0.1,-0.13,0.06,-0.73,-0.08,0.54,-0.31,-4
UFC on Fox 21 - Condit vs. Maia,Kyle Bochniak,Enrique Barzola,Favorite,-0.84,0,0,-1.29,-0.1,2.14,-0.11,-3.07,-0.31,-0.05,-0.3,2
UFC on Fox 21 - Condit vs. Maia,Alessio Di Chirico,Garreth McLellan,Favorite,-2.23,-1,2,-0.25,-0.16,0.5,0.15,0.31,0.17,0.48,-0.9,-7
UFC on Fox 21 - Condit vs. Maia,Shane Campbell,Felipe Silva,Underdog,-0.72,0,-6,-1.41,0.08,1.39,-0.04,0.36,-0.72,0.1,0,-3
UFC on Fox 21 - Condit vs. Maia,Chad Laprise,Thibault Gouti,Favorite,-2.54,0,-1,1.1,0.07,-2.05,0.15,-0.18,-0.26,-0.05,-0.3,0
UFC on Fox 21 - Condit vs. Maia,Jeremy Kennedy,Alex Ricci,Favorite,-0.64,0,2,-0.26,0.05,0.05,-0.18,5.73,0.52,0.02,0,-10
UFC Fight Night - Arlovski vs. Barnett,Josh Barnett,Andrei Arlovski,Favorite,-0.73,0,1,-0.58,0.04,-1.1,0,0.88,0.19,-0.21,1.2,1
UFC Fight Night - Arlovski vs. Barnett,Alexander Gustafsson,Jan Blachowicz,Favorite,-5.18,3,1,0.62,-0.1,0.61,-0.03,0.43,-0.11,0.14,0.1,-4
UFC Fight Night - Arlovski vs. Barnett,Ryan Bader,Ilir Latifi,Favorite,-1.36,4,1,0.77,-0.03,-1.55,0.14,1.26,0.09,-0.2,0.1,-1
UFC Fight Night - Arlovski vs. Barnett,Nick Hein,Tae Hyun Bang,Favorite,-2.39,-3,-5,-0.08,-0.04,1.54,-0.08,0.37,0,0.26,-0.5,-1
UFC Fight Night - Arlovski vs. Barnett,Jim Wallhead,Jessin Ayari,Underdog,-0.51,-2,1,-0.34,-0.11,3.06,-0.09,0,0,0.5,-0.3,9
UFC Fight Night - Arlovski vs. Barnett,Nicolas Dalby,Peter Sobotta,Underdog,-1.06,-1,-1,1.89,0.02,0.53,-0.06,-0.42,-0.03,-0.18,-0.4,2
UFC Fight Night - Arlovski vs. Barnett,Ashlee Evans-Smith,Veronica Macedo,Favorite,-1.95,4,3,0.9,-0.11,0.83,0.06,-0.14,-0.19,-0.1,-0.3,8
UFC Fight Night - Arlovski vs. Barnett,Taylor Lapilus,Leandro Issa,Favorite,-0.73,-1,4,1.83,0.09,-0.8,0.03,-2.01,0.18,0.27,-0.8,-8
UFC Fight Night - Arlovski vs. Barnett,Scott Askham,Jack Hermansson,Underdog,-0.01,2,-2,-2.06,0.02,-0.17,-0.05,-1.1,-0.12,-0.16,0.29,1
UFC Fight Night - Arlovski vs. Barnett,Rustam Khabilov,Leandro Silva,Favorite,-3.5,-1,1,-0.42,-0.14,0.08,0.02,2.19,0.03,-0.05,-0.31,-1
UFC 203 - Miocic vs. Overeem,Stipe Miocic,Alistair Overeem,Favorite,-0.15,0,0,1.15,-0.11,1.38,-0.03,0.44,-0.22,-0.05,-0.8,-3
UFC 203 - Miocic vs. Overeem,Fabricio Werdum,Travis Browne,Favorite,-1.38,-2,-2,0.65,0.11,-1.67,0.13,0.54,-0.38,-0.44,1,5
UFC 203 - Miocic vs. Overeem,Mickey Gall,Phil Brooks,Favorite,-3.64,4,2,-1.32,-0.13,1.71,-0.08,-0.88,-0.22,-0.46,1.6,-5
UFC 203 - Miocic vs. Overeem,Jimmie Rivera,Urijah Faber,Favorite,-0.87,-2,1,1.38,0,1.31,-0.05,-0.66,-0.03,0.34,-0.7,-11
UFC 203 - Miocic vs. Overeem,Jessica Andrade,Joanne Wood,Favorite,-0.49,-5,-3,-0.48,-0.02,0.48,0.04,0.85,0,0.14,0,-6
UFC 203 - Miocic vs. Overeem,Jessica Eye,Bethe Correia,Underdog,-0.59,1,2,-0.52,-0.06,-0.74,-0.02,0.18,0.22,-0.29,0.5,-3
UFC 203 - Miocic vs. Overeem,Brad Tavares,Caio Magalhaes,Favorite,-1.15,0,1,1.1,0.02,0.37,-0.02,-0.27,0.11,0.23,-1.6,0
UFC 203 - Miocic vs. Overeem,Nik Lentz,Michael McBride,Favorite,-3.61,-5,-7,-0.65,-0.02,-2.6,0.09,1.44,-0.1,0.13,0,1
UFC 203 - Miocic vs. Overeem,Drew Dober,Jason Gonzalez,Favorite,-0.85,-6,-4,1.27,0.01,1.1,-0.07,0.71,0.18,0.26,-0.9,1
UFC 203 - Miocic vs. Overeem,Yancy Medeiros,Sean Spencer,Favorite,-0.38,0,1,0.12,0.04,1.65,-0.13,0.19,0.17,0.04,0.7,0
UFC Fight Night 94 - Poirier vs. Johnson,Dustin Poirier,Michael Johnson,Underdog,-0.87,-1,-1,1.18,0.12,0.53,-0.04,0.71,-0.05,-0.19,1.4,-2
UFC Fight Night 94 - Poirier vs. Johnson,Derek Brunson,Urijah Hall,Favorite,-1.32,1,-2,0.27,-0.02,-0.81,-0.04,2.6,-0.05,0.2,0.5,1
UFC Fight Night 94 - Poirier vs. Johnson,Evan Dunham,Rick Glenn,Favorite,-2.68,-2,0,1.39,-0.04,-0.56,0.09,1.27,0.2,0.1,0.6,7
UFC Fight Night 94 - Poirier vs. Johnson,Kenny Robertson,Roan Carneiro,Underdog,-0.15,-1,-2,2.26,0,1.2,-0.1,-1.68,-0.16,-0.26,-0.6,-5
UFC Fight Night 94 - Poirier vs. Johnson,Islam Makhachev,Chris Wade,Favorite,-0.3,0,0,0.76,0.06,-0.48,0.09,0.56,0.08,0.35,-0.11,-4
UFC Fight Night 94 - Poirier vs. Johnson,Chas Skelly,Maximo Blanco,Favorite,-1.16,3,1,-2.11,-0.04,0.02,-0.18,-0.12,-0.02,-0.24,1.99,-1
UFC Fight Night 94 - Poirier vs. Johnson,Sam Sicilia,Gabriel Benitez,Underdog,-0.44,0,-4,-2.8,-0.08,-0.95,-0.05,1.23,-0.08,0.14,0,3
UFC Fight Night 94 - Poirier vs. Johnson,Belal Muhammad,Augusto Montano,Favorite,-3.65,-2,-1,1.08,-0.04,0.98,0,1.98,0.35,0.27,0.2,-4
UFC Fight Night 94 - Poirier vs. Johnson,Antonio Carlos Junior,Leonardo Guimaraes,Favorite,-1.91,2,6,-0.41,-0.15,-0.86,0.08,3.42,0.39,0.01,-0.2,-8
UFC Fight Night 94 - Poirier vs. Johnson,Joey Gomez,Jose Quinonez,Underdog,-0.63,2,4,-1.17,-0.17,1.46,-0.09,-2.08,0.53,0.08,-0.6,4
UFC Fight Night 94 - Poirier vs. Johnson,Randy Brown,Erick Montano,Favorite,-3.55,3,5,1.58,0.02,1.27,-0.1,-1.51,0.03,0.07,0.5,-5
UFC Fight Night 95 - Brasilia,Cristiane Justino,Lina Lansberg,Favorite,-8.4,1,3,4.59,-0.04,-1.62,0.2,0.14,0.28,0.47,0.3,-4
UFC Fight Night 95 - Brasilia,Renan Barao,Phillipe Nover,Favorite,-3.86,-3,-2,1.98,0.01,1.42,0,0.5,0.12,0.47,-0.2,-3
UFC Fight Night 95 - Brasilia,Roy Nelson,Antonio Silva,Favorite,-3.66,-4,-9,-0.71,-0.1,1.7,-0.04,0.31,-0.02,-0.02,-0.7,3
UFC Fight Night 95 - Brasilia,Francisco Trinaldo,Paul Felder,Favorite,-0.21,-2,0,-0.58,0.01,-0.77,0.12,0.69,0.13,-0.05,0.3,5
UFC Fight Night 95 - Brasilia,Thiago Santos,Eric Spicely,Underdog,-4.88,1,3,0.01,0.02,-3.15,-0.03,-0.44,0.13,-0.1,-0.9,3
UFC Fight Night 95 - Brasilia,Godofredo Pepey,Mike de la Torre,Favorite,-0.32,-4,2,-0.9,-0.02,-1.52,-0.05,0.01,-0.09,-0.48,1.5,-1
UFC Fight Night 95 - Brasilia,Gilbert Burns,Michel Prazeres,Underdog,-1.67,4,4,0.91,0.01,0.91,-0.03,-1.7,0.02,0.03,-0.1,-5
UFC Fight Night 95 - Brasilia,Rani Yahya,Michinori Tanaka,Favorite,-0.22,1,0,-0.26,0.01,0.09,0,0.33,-0.09,-0.15,1.6,6
UFC Fight Night 95 - Brasilia,Jussier Formiga,Dustin Ortiz,Favorite,-1.12,0,2,-1.52,-0.05,0.16,0.07,-1.19,-0.02,0.35,0.5,4
UFC Fight Night 95 - Brasilia,Luan Chagas,Erick Silva,Underdog,-0.47,0,1,1.66,-0.02,-0.99,0.13,-0.53,-0.23,0.28,-1.1,-9
UFC Fight Night 95 - Brasilia,Stevie Ray,Alan Patrick,Underdog,-0.85,-1,-4,1.91,0.03,-0.03,0.11,-2.26,0.13,0.12,0.3,-6
UFC Fight Night 95 - Brasilia,Vicente Luque,Hector Urbina,Favorite,-4.13,0,2,4.1,0.14,2.77,0.13,1,0.53,0.24,-3.2,-4
UFC Fight Night 95 - Brasilia,Glaico Franca,Gregor Gillespie,Underdog,-0.39,5,6,-1.39,-0.11,1.16,-0.1,-4.18,-0.06,-0.24,-0.5,-4
UFC Fight Night 96 - Lineker vs. Dodson,John Dodson,John Lineker,Underdog,-0.25,0,-1,-2.16,0,-0.69,0.04,0.14,-0.3,0.14,-0.6,6
UFC Fight Night 96 - Lineker vs. Dodson,Will Brooks,Alex Oliveira,Underdog,-2.29,-1,-4,1.26,0.07,-0.01,0.1,-0.27,0.13,0.18,-0.3,1
UFC Fight Night 96 - Lineker vs. Dodson,Josh Burkman,Zak Ottow,Underdog,-1.72,-1,0,0.06,0.07,0.39,-0.07,1.55,0.07,0.15,-0.11,7
UFC Fight Night 96 - Lineker vs. Dodson,Louis Smolka,Brandon Moreno,Underdog,-3.67,2,-2,0.79,0.02,0.48,-0.06,-0.06,-0.12,-0.31,1.3,2
UFC Fight Night 96 - Lineker vs. Dodson,Luis Henrique da Silva,Joachim Christensen,Favorite,-0.35,0,0,0.11,0.19,1.99,-0.06,0.25,0.14,0.22,0.2,-11
UFC Fight Night 96 - Lineker vs. Dodson,Hacran Dias,Andre Fili,Underdog,-0.99,-3,-5,-1.77,0.03,-0.81,0.04,0.33,-0.08,0.07,0.2,6
UFC Fight Night 96 - Lineker vs. Dodson,Tamdan McCrory,Nate Marquardt,Underdog,-1.46,4,2,-0.65,0,-0.72,-0.1,0.4,-0.02,-0.37,1.7,-8
UFC Fight Night 96 - Lineker vs. Dodson,Shamil Abdurakhimov,Walt Harris,Favorite,-0.32,-2,-1,-0.64,0.04,-0.32,0.01,0.72,-0.06,-0.25,0,2
UFC Fight Night 96 - Lineker vs. Dodson,Curtis Blaydes,Cody East,Favorite,-1.6,1,3,-0.63,0.07,-5.49,0.18,1.74,-0.47,0.15,0,-2
UFC Fight Night 96 - Lineker vs. Dodson,Keita Nakamura,Elizeu Zaleski dos Santos,Underdog,-0.17,0,0,-2.29,-0.06,-0.13,0.01,1.22,0.35,-0.06,-0.11,3
UFC Fight Night 96 - Lineker vs. Dodson,Ion Cutelaba,Jonathan Wilson,Favorite,-1.03,-1,0,1.52,-0.05,-2.23,-0.1,3.8,-0.44,-0.05,0,-6
UFC Fight Night 96 - Lineker vs. Dodson,Kelly Faszholz,Ketlen Vieira,Underdog,-0.14,0,-1,0.96,0.07,-0.32,0.01,-1.51,-0.44,-0.49,-0.6,7
UFC 204 - Bisping vs. Henderson 2,Michael Bisping,Dan Henderson,Favorite,-1.77,2,1,1.89,-0.09,0,0.14,-0.47,-0.1,0.06,0,-8
UFC 204 - Bisping vs. Henderson 2,Gegard Mousasi,Vitor Belfort,Favorite,-2.63,2,2,2.16,0.03,-1.62,0.18,0.57,0,0.05,0.5,-9
UFC 204 - Bisping vs. Henderson 2,Ovince St Preux,Jimi Manuwa,Underdog,-0.78,2,1,-0.41,-0.08,-0.66,-0.03,0.57,0.18,-0.03,0.09,-3
UFC 204 - Bisping vs. Henderson 2,Stefan Struve,Daniel Omielanczuk,Favorite,-1.01,11,10,0.03,-0.1,0.75,-0.01,0,0.2,-0.13,1.6,-5
UFC 204 - Bisping vs. Henderson 2,Mirsad Bektic,Russell Doane,Favorite,-4.87,1,0,0.68,0,0.12,0.03,1.87,0.07,0.4,-0.4,-4
UFC 204 - Bisping vs. Henderson 2,Yuri Alcantara,Brad Pickett,Favorite,-0.64,3,3,-0.3,0.14,-1.84,-0.07,-1.04,0.18,0.02,0.4,-2
UFC 204 - Bisping vs. Henderson 2,Davey Grant,Damian Stasiak,Underdog,-1.13,3,-1,2.9,0.06,0.71,0.03,-1.38,0.06,0.18,-0.4,4
UFC 204 - Bisping vs. Henderson 2,Albert Tumenov,Leon Edwards,Underdog,-1.59,-3,-1,1,-0.12,1,0.03,-1.05,-0.15,0.05,-0.4,0
UFC 204 - Bisping vs. Henderson 2,Marc Diakiese,Lukasz Sajewski,Favorite,-2.15,2,2,0.48,0.05,-1.24,-0.05,2.28,0.18,0,0,-2
UFC 204 - Bisping vs. Henderson 2,Danny Roberts,Mike Perry,Underdog,-0.06,3,3,-1.15,-0.08,-1.44,-0.03,-0.58,-0.32,-0.22,0,4
UFC 204 - Bisping vs. Henderson 2,Adriano Martins,Leonardo Santos,Underdog,-1.32,-2,-3,-1.02,-0.09,-1.26,0.1,-0.06,0.55,-0.05,0.2,-3
UFC Mexico City,Rafael dos Anjos,Tony Ferguson,Underdog,-0.48,-3,-6,-1.47,0.01,-1.21,0.04,1.56,0,-0.12,-0.31,-1
UFC Mexico City,Marcin Held,Diego Sanchez,Underdog,-1.33,-1,-1,-1.28,-0.03,-1,-0.1,0.95,0.22,-0.1,0.5,-10
UFC Mexico City,Charles Oliveira,Ricardo Lamas,Underdog,-0.12,2,3,0.26,0.06,0.33,-0.06,0.32,0.07,0.09,1.9,-8
UFC Mexico City,Claudio Puelles,Martin Bravo,Underdog,-0.09,2,1,-6.1,0.09,-2.94,-0.05,0.56,0.01,-0.25,1.2,-2
UFC Mexico City,Rashid Magomedov,Beneil Dariush,Underdog,-0.98,-1,-2,0.62,0.01,0.39,-0.03,-1.23,0.22,0.08,-0.7,4
UFC Mexico City,Alexa Grasso,Heather Clark,Favorite,-3.65,-1,2,0.98,-0.06,-1.67,0.07,0.07,0.41,-0.22,0.3,-13
UFC Mexico City,Erik Perez,Felipe Arantes,Favorite,-1.36,0,-5,0.79,-0.05,-0.58,0.02,2.23,0.08,0.27,-0.5,-2
UFC Mexico City,Joe Soto,Marco Beltran,Favorite,-0.19,-2,-4,1.29,0.03,3.44,0.04,0.15,-0.3,0.23,1.7,-1
UFC Mexico City,Max Griffin,Erick Montano,Favorite,-0.75,-1,3,1.12,0.04,1.75,-0.08,-0.85,0.04,0.02,0.3,0
UFC Mexico City,Douglas Silva de Andrade,Enrique Briones,Favorite,-0.89,-3,-7,2.23,0.04,0.99,0.07,-1.89,0.08,0.09,-0.8,1
UFC Mexico City,Sam Alvey,Alex Nicholson,Favorite,-1.52,-2,-2,-0.85,0.01,-1.03,0.05,0.06,0.14,0.31,-0.4,4
UFC Mexico City,Marco Polo Reyes,Jason Novelli,Favorite,-1.02,-1,-5,4.26,0.13,1.96,-0.08,-0.7,-0.33,-0.54,0,-5
UFC Mexico City,Enrique Barzola,Chris Avila,Favorite,-3.57,-3,-3,1.54,0.1,-1.2,0.2,4.2,0.45,0.2,0.3,4
UFC 205 - New York City,Conor McGregor,Eddie Alvarez,Favorite,-0.5,0,5,1,0.08,0.27,-0.02,-2.25,0.19,-0.26,-0.4,-5
UFC 205 - New York City,Joanna Jedrzejczyk,Karolina Kowalkiewicz,Favorite,-3.66,3,1,0.57,0.04,-2.3,0.04,-0.08,0.39,0.07,-0.1,-2
UFC 205 - New York City,Chris Weidman,Yoel Romero,Underdog,-0.96,2,5,-0.26,-0.04,0.17,-0.09,1.87,0.12,-0.13,0.8,-8
UFC 205 - New York City,Miesha Tate,Raquel Pennington,Underdog,-1,-1,-2,-1.52,-0.08,-0.32,-0.09,1.12,0.03,-0.08,0.6,2
UFC 205 - New York City,Frankie Edgar,Jeremy Stephens,Favorite,-2.47,-3,-3,0.6,0,-0.23,0.07,1.13,-0.08,0,-0.11,5
UFC 205 - New York City,Khabib Nurmagomedov,Michael Johnson,Favorite,-2.32,0,-3,-0.17,0.08,-2.08,0.08,4.7,0.07,0.02,0.8,-2
UFC 205 - New York City,Rafael Natal,Tim Boetsch,Underdog,-0.73,0,3,0.16,-0.04,-0.42,0,1.09,0,0.18,-0.31,-2
UFC 205 - New York City,Vicente Luque,Belal Muhammad,Favorite,-0.09,0,3,0.52,0.09,1.56,-0.05,-0.98,0.18,-0.32,0.4,-3
UFC 205 - New York City,Thiago Alves,Jim Miller,Underdog,-0.73,1,-1,0.73,-0.02,-0.09,0.05,-0.82,0.15,0.16,-1.4,0
UFC 205 - New York City,Katlyn Chookagian,Liz Carmouche,Underdog,-0.88,5,6,-0.48,-0.08,0.67,-0.07,-1.56,-0.02,-0.65,-0.3,1
UFC Fight Night 99 - Mousasi vs. Hall,Gegard Mousasi,Urijah Hall,Favorite,-4.3,2,-3,0.52,0.02,-2.64,0.14,1.05,0.21,-0.06,1,-1
UFC Fight Night 99 - Mousasi vs. Hall,Stevie Ray,Ross Pearson,Favorite,-0.01,2,1,0.04,0.03,-1.16,-0.08,0.01,0.11,-0.2,0.6,-5
UFC Fight Night 99 - Mousasi vs. Hall,Timothy Johnson,Alexander Volkov,Underdog,-0.61,-4,-3,-1.67,-0.12,0.08,-0.11,0.6,-0.39,-0.05,-0.2,4
UFC Fight Night 99 - Mousasi vs. Hall,Teruto Ishihara,Artem Lobov,Underdog,-1.76,-2,4,-0.27,0.03,-1.2,0.03,0.1,-0.09,-0.23,0,-5
UFC Fight Night 99 - Mousasi vs. Hall,Magnus Cedenblad,Jack Marshman,Underdog,-1.77,5,6,-0.37,0.26,-1.18,-0.17,2.87,0.64,0.46,1,8
UFC Fight Night 99 - Mousasi vs. Hall,Kyoji Horiguchi,Ali Bagautinov,Favorite,-1.32,1,1,0.75,0.03,-0.64,0.09,-0.51,0.08,-0.1,-0.3,-5
UFC Fight Night 99 - Mousasi vs. Hall,Kevin Lee,Magomed Mustafaev,Favorite,-0.23,1,6,1.29,-0.16,0.92,0.09,-0.13,-0.08,0.52,0.4,-4
UFC Fight Night 99 - Mousasi vs. Hall,Amanda Cooper,Anna Elmose,Favorite,-0.17,0,-1,-0.14,-0.05,-1.44,-0.06,1.53,0.38,-0.05,1.8,-7
UFC Fight Night 99 - Mousasi vs. Hall,Justin Ledet,Mark Godbeer,Favorite,-0.58,0,3,-0.63,-0.15,1.52,-0.06,0.23,0.5,0.13,0.2,-5
UFC Fight Night 99 - Mousasi vs. Hall,Zak Cummings,Alexander Yakovlev,Favorite,-0.87,-3,1,1.22,-0.12,0.5,-0.03,-1.04,-0.07,-0.06,0.5,0
UFC Fight Night 99 - Mousasi vs. Hall,Marion Reneau,Milana Dudieva,Favorite,-1.45,3,-4,2.33,0.09,0.08,0.01,-1.72,0.18,0.5,0.8,12
UFC Fight Night 99 - Mousasi vs. Hall,Brett Johns,Kwan Ho Kwak,Favorite,-1.42,2,1,-0.44,0.08,0.38,0.06,4.13,-0.51,0.31,1,-2
UFC Fight Night 99 - Mousasi vs. Hall,Abdul Razak Alhassan,Charlie Ward,Favorite,-2.46,-1,0,1.73,0.28,-3.22,0.02,0.89,0.38,0.5,0.2,-5
"UFC Fight Night 100
Bader vs. Nogueira 2",Ryan Bader,Rogerio Nogueira,Favorite,-2.35,0,-1,0.38,0.08,-0.95,0.12,2.73,0,0.18,-0.4,-7
"UFC Fight Night 100
Bader vs. Nogueira 2",Thomas Almeida,Albert Morales,Favorite,-2.34,-2,-2,1.02,0.08,0.96,0.04,-0.74,-0.21,0.05,-0.2,0
"UFC Fight Night 100
Bader vs. Nogueira 2",Claudia Gadelha,Cortney Casey,Favorite,-2.7,-3,-4,-0.98,0.01,0.57,0.01,2.63,0.1,0.18,0.19,-2
"UFC Fight Night 100
Bader vs. Nogueira 2",Thales Leites,Krzysztof Jotko,Underdog,-0.61,0,1,-0.86,-0.02,0.76,-0.05,0.77,-0.12,-0.52,1,8
"UFC Fight Night 100
Bader vs. Nogueira 2",Kamaru Usman,Warlley Alves,Favorite,-1.35,1,4,1.32,0.04,-1.21,0.04,1.6,-0.05,0.27,-0.7,4
"UFC Fight Night 100
Bader vs. Nogueira 2",Sergio Moraes,Zak Ottow,Favorite,-1.42,1,0,-0.21,0.06,1,0.01,0.23,0.09,0.18,0,4
"UFC Fight Night 100
Bader vs. Nogueira 2",Cezar Ferreira,Jack Hermansson,Favorite,-0.15,0,1,-3.19,-0.03,-1.25,-0.04,1.15,0.23,0.03,0.09,4
"UFC Fight Night 100
Bader vs. Nogueira 2",Marcos Rogerio de Lima,Gadzhimurad Antigulov,Underdog,-0.91,2,5,1.62,0.01,-1.31,0.1,-3.68,0.09,0.59,-0.9,1
"UFC Fight Night 100
Bader vs. Nogueira 2",Johnny Eduardo,Manny Gamburyan,Favorite,-1.56,2,4,0.82,-0.02,0.39,0.07,-3.04,-0.15,-0.11,-0.3,2
"UFC Fight Night 100
Bader vs. Nogueira 2",Luis Henrique,Christian Colombo,Favorite,-1.85,-3,-7,-0.95,-0.02,-1.8,0.04,3.09,0.36,0.17,1,-13
"UFC Fight Night 100
Bader vs. Nogueira 2",Justin Scoggins,Pedro Munhoz,Underdog,-0.98,1,1,-1.77,0.08,-4.07,-0.02,2.91,0.45,0,0,-5
"UFC Fight Night 100
Bader vs. Nogueira 2",Francimar Barroso,Darren Stewart,Underdog,-0.46,1,1,-0.28,0.07,-0.23,0.1,0.47,-0.22,0.15,-0.1,11
UFC Fight Night 101,Derek Brunson,Robert Whittaker,Underdog,-0.5,1,4,-1.07,0.04,-0.41,-0.08,2.33,-0.05,0.03,0.6,7
UFC Fight Night 101,Jake Matthews,Andrew Holbrook,Underdog,-3.78,0,3,1.09,-0.04,-0.44,0.05,0.74,0.22,0.52,-1.5,-9
UFC Fight Night 101,Omari Akhmedov,Kyle Noke,Favorite,-0.63,-1,-3,-0.26,-0.16,0.75,-0.09,1.05,-0.1,-0.02,-0.61,-8
UFC Fight Night 101,Alex Volkanovski,Yusuke Kasuya,Favorite,-1.08,4,6,1.87,-0.05,6.57,-0.08,-1.36,-0.33,0,0,3
UFC Fight Night 101,Khalil Rountree,Tyson Pedro,Underdog,-0.26,-2,-3,0.94,-0.2,1.78,-0.07,-0.76,-0.3,0.07,-0.7,2
UFC Fight Night 101,Seo Hee Ham,Danielle Taylor,Underdog,-0.26,2,2,1.45,0.1,1.84,-0.1,-0.2,-0.2,-0.04,0,3
UFC Fight Night 101,Chris Camozzi,Daniel Kelly,Underdog,-1.52,2,5,-0.06,0.06,-1.68,-0.05,-1.59,-0.16,-0.22,0.2,-9
UFC Fight Night 101,Jon Tuck,Damien Brown,Underdog,-0.39,1,5,-0.67,0.02,-1.13,0.09,-0.27,0.06,-0.04,0.3,0
UFC Fight Night 101,Richard Walsh,Jonathan Meunier,Underdog,-0.14,-3,-2,0.36,-0.04,1.29,-0.11,0.97,0.07,0.08,0.2,-1
UFC Fight Night 101,Ben Nguyen,Geane Herrera,Favorite,-0.19,0,-1,1.99,0.09,-2.07,0.06,-0.58,-0.04,0.25,0.4,2
UFC Fight Night 101,Daniel Hooker,Jason Knight,Underdog,-0.8,2,4,2.13,0.14,1.73,0,-0.52,0.03,0.33,-1.3,3
UFC Fight Night 101,Marlon Vera,Ning Guangyou,Favorite,-0.1,4,6,1.64,0.08,3.57,-0.11,-0.57,-0.11,0.07,0.6,-11
UFC Fight Night 101,Jenel Lausa,Zhuikui Yao,Favorite,-0.3,0,4,0,0.21,0.71,0.05,-0.11,0.5,-0.07,0.8,2
UFC - The Ultimate Fighter 24 Finale,Demetrious Johnson,Tim Elliott,Favorite,-7.92,-4,0,0.04,0.1,-1.01,0.1,-0.38,0.09,0.06,-0.5,0
UFC - The Ultimate Fighter 24 Finale,Joseph Benavidez,Henry Cejudo,Favorite,-1.19,0,1,-0.25,-0.12,-0.63,0.01,-0.59,-0.03,-0.13,0.4,2
UFC - The Ultimate Fighter 24 Finale,Jorge Masvidal,Jake Ellenberger,Favorite,-1.31,2,3,1.57,0.07,0.21,0.04,-0.67,0.12,-0.15,-0.11,0
UFC - The Ultimate Fighter 24 Finale,Ion Cutelaba,Jared Cannonier,Underdog,-1.41,2,-2,-0.24,-0.1,-0.7,-0.12,3.73,0.14,0.13,0,-10
UFC - The Ultimate Fighter 24 Finale,Sara McMann,Alexis Davis,Favorite,-1.12,0,-2,-2.37,-0.03,-2.54,-0.08,3.43,0.21,0.15,-0.2,4
UFC - The Ultimate Fighter 24 Finale,Brandon Moreno,Ryan Benoit,Favorite,-0.18,2,2,0.99,0.04,-0.03,0.01,1.46,0.24,-0.09,0.09,-4
UFC - The Ultimate Fighter 24 Finale,Gray Maynard,Ryan Hall,Underdog,-0.22,-1,0,-0.46,-0.18,1.31,0.01,2.69,0.38,0.81,-1.51,6
UFC - The Ultimate Fighter 24 Finale,Rob Font,Matt Schnell,Favorite,-1.66,0,1,1.29,0.07,-0.91,0.01,0.3,-0.1,-0.04,-0.7,2
UFC - The Ultimate Fighter 24 Finale,Dong Hyun Ma,Brendan O'Reilly,Favorite,-0.15,4,1,0.94,-0.06,1.32,0.15,-0.96,0.1,-0.03,-0.6,-1
UFC - The Ultimate Fighter 24 Finale,Kailin Curran,Jamie Moyle,Underdog,-0.68,3,0,-0.62,-0.09,0.75,-0.12,1,0.36,0.1,0.6,-2
UFC - The Ultimate Fighter 24 Finale,Anthony Smith,Elvis Mutapcic,Favorite,-0.12,4,4,-0.19,0.07,0.2,0.08,0.49,0.26,-0.33,0.7,-2
UFC - The Ultimate Fighter 24 Finale,Josh Stansbury,Devin Clark,Underdog,-0.15,2,-1,0.19,0,0.29,0.1,-2.17,-0.32,0.29,0.9,5
UFC Fight Night 102 Albany,Derrick Lewis,Shamil Abdurakhimov,Favorite,-1.63,0,3,0.06,0.06,-0.54,-0.16,-0.45,0.03,0.07,-0.1,-3
UFC Fight Night 102 Albany,Francis Ngannou,Anthony Hamilton,Favorite,-3.78,-1,7,-1.58,-0.25,-0.86,-0.05,-1.86,0.2,-0.08,0.3,-7
UFC Fight Night 102 Albany,Corey Anderson,Sean O'Connell,Favorite,-3.22,2,5,-1.04,-0.02,-4.55,0.13,4.88,0.5,0.53,-0.5,-6
UFC Fight Night 102 Albany,Gian Villante,Saparbek Safarov,Favorite,-1,2,-2,0.34,-0.04,2.5,0.08,-2.07,-0.18,0.49,0,1
UFC Fight Night 102 Albany,Justine Kish,Ashley Yoder,Favorite,-1.48,-2,-5,1.08,0.08,0.46,0.09,-0.23,0.06,-0.17,-0.5,0
UFC Fight Night 102 Albany,Randy Brown,Brian Camozzi,Favorite,-0.73,1,0,1.22,0.2,-3.06,0,0.78,0.39,0.74,-0.2,1
UFC Fight Night 102 Albany,Gerald Meerschaert,Joseph Gigliotti,Favorite,-1.38,2,8,2.14,0.06,0.45,0.08,0.6,-0.62,-0.16,0.8,6
UFC Fight Night 102 Albany,Andrew Sanchez,Trevor Smith,Favorite,-1.27,-2,-1,1,-0.13,1.78,-0.02,0.84,0.03,0.4,-0.7,-7
UFC Fight Night 102 Albany,Shane Burgos,Tiago Trator,Favorite,-0.86,2,5,3.71,0.17,2.54,-0.03,-0.2,0.33,0.58,0.1,-4
UFC Fight Night 102 Albany,Marc Diakiese,Frankie Perez,Favorite,-2.04,-1,0,0.9,-0.01,0.47,-0.03,1.54,0.02,0.16,-0.3,-4
UFC Fight Night 102 Albany,Ryan Janes,Keith Berish,Favorite,-1.69,3,2,4.11,0.12,0.72,-0.04,-1.41,0.6,0.57,0,4
UFC Fight Night 102 Albany,Juliana Lima,J.J. Aldrich,Favorite,-1.76,0,-2,-1.94,-0.03,-2.27,-0.05,1.06,0.07,0.03,0,11
UFC 206,Max Holloway,Anthony Pettis,Favorite,-0.87,1,-3,4.12,0.01,1.27,0.04,-0.36,0.03,0.24,-0.8,-5
UFC 206,Donald Cerrone,Matt Brown,Favorite,-1.86,1,-2,0.65,-0.1,1.56,-0.03,-0.52,-0.13,0.09,-0.11,-2
UFC 206,Doo Ho Choi,Cub Swanson,Underdog,-1.61,2,0,0.04,0.03,1.07,-0.05,-0.8,-0.32,-0.11,-0.4,-7
UFC 206,Tim Kennedy,Kelvin Gastelum,Underdog,-0.76,2,3,-0.77,0.06,-1.39,0.04,1.62,0.04,0.1,0.6,12
UFC 206,Emil Meek,Jordan Mein,Favorite,-0.05,-1,1,-0.83,-0.05,-0.03,-0.31,-1.31,-0.25,-0.2,0.8,1
UFC 206,Misha Cirkunov,Nikita Krylov,Favorite,0,0,0,-0.52,-0.05,0.58,0.12,1.86,0.01,0.23,0.3,5
UFC 206,Olivier Aubin-Mercier,Drew Dober,Favorite,-0.93,1,0,-1.86,0.1,-1.27,0.04,1.65,0.15,0.13,0.4,0
UFC 206,Valerie Letourneau,Viviane Pereira,Underdog,-0.89,6,5,1.8,0.07,0.92,0,0.52,-0.56,0.38,0.09,11
UFC 206,Mitch Gagnon,Matthew Lopez,Underdog,-0.31,-2,-4,-0.38,-0.04,-1.52,0.05,-2.16,-0.35,-0.06,0.59,2
UFC 206,Lando Vannata,John Makdessi,Favorite,-0.75,1,3,-1,-0.04,0.6,-0.13,1.09,0.37,-0.18,0.3,-7
UFC 206,Rustam Khabilov,Jason Saggo,Favorite,-1.34,-3,2,-0.52,-0.05,-0.78,0.13,1.62,0,0.38,0.1,-1
UFC 206,Zach Makovsky,Dustin Ortiz,Underdog,-0.86,-1,-1,-1,-0.02,0.07,0.05,0.7,-0.06,0.04,0.2,6
UFC on Fox 22,Michelle Waterson,Paige VanZant,Favorite,-0.06,-1,-3,0.2,-0.06,1.57,0.07,0.14,-0.02,0.35,-0.31,8
UFC on Fox 22,Mickey Gall,Sage Northcutt,Favorite,-0.66,2,3,-0.65,-0.06,2.29,-0.09,-0.61,-0.05,-0.05,1.29,4
UFC on Fox 22,Urijah Faber,Brad Pickett,Favorite,-3.03,0,-1,-0.38,0.09,-2.04,0.08,-0.94,-0.15,0,0.4,0
UFC on Fox 22,Mike Perry,Alan Jouban,Underdog,-0.37,-2,-2,-1.35,-0.04,1.39,-0.08,0.3,-0.04,0.2,-0.1,-10
UFC on Fox 22,Luis Henrique da Silva,Paul Craig,Underdog,-1.47,0,0,1.44,0.13,2.31,-0.04,-1.43,-0.06,-0.15,-1.4,-2
UFC on Fox 22,Mizuto Hirota,Cole Miller,Favorite,-0.06,-6,-6,0.35,0.07,-0.38,-0.05,0.76,0.14,0.19,-1.7,3
UFC on Fox 22,Colby Covington,Bryan Barberena,Favorite,-2.7,-1,0,-1.47,-0.1,-1.61,0.11,3.66,0.22,0.17,-0.1,1
UFC on Fox 22,Alex Morono,James Moontasri,Favorite,-0.04,1,1,2.48,-0.08,0.3,0.17,0.32,0.22,-0.24,0.2,-3
UFC on Fox 22,Josh Emmett,Scott Holtzman,Favorite,-0.94,-3,1,-0.29,-0.11,0.95,0.05,-0.97,-0.2,-0.22,-0.1,-1
UFC on Fox 22,Irene Aldana,Leslie Smith,Underdog,-2.31,0,2,-2.32,0,-2.08,0.05,0.16,0.5,0.14,0.2,-5
UFC on Fox 22,Eddie Wineland,Takeya Mizugaki,Favorite,-1.37,0,0,0.02,-0.09,0.48,0.11,-1.12,-0.24,0.16,0,-1
UFC on Fox 22,Hector Sandoval,Freddy Serrano,Favorite,-0.27,-1,-1,1.73,0.26,0.44,0.04,0.65,0,-0.13,1.4,-7
UFC on Fox 22,Bojan Velickovic,Sultan Aliev,Underdog,-0.78,1,2,0.77,-0.11,0.1,0,-1.09,-0.13,-0.45,0.5,-4
UFC 207,Ronda Rousey,Amanda Nunes,Underdog,-0.83,-1,-3,-0.38,0.01,1.51,-0.13,3.53,0.14,-0.32,4.09,2
UFC 207,Dominick Cruz,Cody Garbrandt,Underdog,-1.48,0,3,0.93,-0.08,-1.15,0.09,1.78,0.07,0.02,0.1,7
UFC 207,T.J. Dillashaw,John Lineker,Favorite,-1.31,3,0,-0.28,0,-0.8,0.05,1,-0.28,0.09,0.2,5
UFC 207,Dong Hyun Kim,Tarec Saffiedine,Favorite,-0.64,4,6,-1.93,0.02,-1.18,-0.05,2.41,0.07,-0.13,0.5,5
UFC 207,Ray Borg,Louis Smolka,Favorite,-0.34,-5,-5,-3.15,0.05,-2.19,-0.06,2.2,0.15,0.14,-0.8,-2
UFC 207,Neil Magny,Johny Hendricks,Favorite,-1.08,6,11,-0.03,0.01,-1.58,-0.02,-1.66,-0.06,-0.09,0,-4
UFC 207,Antonio Carlos Junior,Marvin Vettori,Favorite,-0.27,2,5,-2.61,-0.04,-2.1,-0.05,1.76,-0.06,-0.16,0.3,4
UFC 207,Alex Garcia,Mike Pyle,Favorite,-1.08,-3,-2,-0.94,-0.15,0.18,-0.02,1.92,0.17,-0.04,-1.4,-12
UFC 207,Brandon Thatch,Niko Price,Underdog,-0.72,2,-2,-2.76,0,-1.97,0.04,0.66,0.46,-0.15,0,4
UFC Fight Night 103 Rodriguez vs. Penn,Yair Rodriguez,B.J. Penn,Favorite,-3.03,2,1,1.89,-0.02,0.79,-0.05,-0.5,-0.29,-0.17,0.19,-14
UFC Fight Night 103 Rodriguez vs. Penn,Joe Lauzon,Marcin Held,Favorite,-0.22,1,0,1.43,0.04,3.36,0.07,-0.07,-0.02,0.17,0.7,8
UFC Fight Night 103 Rodriguez vs. Penn,Court McGee,Ben Saunders,Underdog,-0.24,-3,-2,1.36,-0.13,0.04,0.09,1.64,-0.16,0.02,-0.9,-2
UFC Fight Night 103 Rodriguez vs. Penn,Sergio Pettis,John Moraga,Favorite,-0.57,0,3,1.31,-0.06,0.36,0.08,0.23,0.17,0.23,-0.7,-10
UFC Fight Night 103 Rodriguez vs. Penn,Drakkar Klose,Devin Powell,Favorite,-2,-3,-3,1.49,0.14,-0.21,0,1.58,0.26,0.69,-0.6,0
UFC Fight Night 103 Rodriguez vs. Penn,Frankie Saenz,Augusto Mendes,Underdog,-0.8,0,1,1.52,0.12,-0.42,-0.05,-0.02,-0.03,-0.2,0.1,2
UFC Fight Night 103 Rodriguez vs. Penn,Aleksei Oleinik,Viktor Pesta,Favorite,-0.49,-1,3,1.71,0.12,1.25,-0.13,-1.47,0.18,-0.63,1.9,13
UFC Fight Night 103 Rodriguez vs. Penn,Tony Martin,Alex White,Favorite,-0.95,0,2,-1.08,-0.05,-0.48,-0.03,-0.22,-0.02,-0.03,0.5,-1
UFC Fight Night 103 Rodriguez vs. Penn,Nina Nunes,Jocelyn Jones-Lybarger,Favorite,-0.64,-2,0,1.42,0.14,-1.36,-0.02,-0.11,0.08,-0.09,0.5,0
UFC Fight Night 103 Rodriguez vs. Penn,Walt Harris,Chase Sherman,Favorite,-0.51,1,-1,-2.99,-0.06,-3.32,0.02,0.2,-0.22,-0.05,0.1,6
UFC Fight Night 103 Rodriguez vs. Penn,Joachim Christensen,Bojan Mihajlovic,Favorite,-1.65,4,3,2.54,0.06,-2.66,-0.01,0,0,-0.33,0,1
UFC Fight Night 103 Rodriguez vs. Penn,Cyril Asker,Dmitry Smoliakov,Favorite,-0.18,-2,0,1.91,-0.03,2.01,-0.21,4.41,0.62,0.25,0.9,-3
UFC on FOX 23 Shevchenko vs. Pena,Valentina Shevchenko,Julianna Pena,Favorite,-0.34,-1,-3,0.11,0.05,-0.19,0.12,0.62,0.07,0.48,-0.4,2
UFC on FOX 23 Shevchenko vs. Pena,Donald Cerrone,Jorge Masvidal,Underdog,-0.31,2,-1,0.36,-0.01,1.43,-0.11,-0.22,-0.26,0.01,0.89,2
UFC on FOX 23 Shevchenko vs. Pena,Francis Ngannou,Andrei Arlovski,Favorite,-3.18,1,6,-1.45,-0.05,-1.04,-0.16,0.38,0.26,-0.06,0.09,-8
UFC on FOX 23 Shevchenko vs. Pena,Li Jingliang,Bobby Nash,Favorite,-0.58,0,-3,1.04,0.04,-0.12,0.05,-1.13,0.07,-0.4,-1.6,2
UFC on FOX 23 Shevchenko vs. Pena,Jason Knight,Alex Caceres,Favorite,-0.84,0,-2,-1.26,-0.16,-0.07,-0.11,0.77,-0.38,-0.18,1,-4
UFC on FOX 23 Shevchenko vs. Pena,Sam Alvey,Nate Marquardt,Favorite,-0.68,2,1,0.56,-0.05,1.31,-0.04,-1.81,-0.37,0.12,-0.7,-7
UFC on FOX 23 Shevchenko vs. Pena,Eric Spicely,Alessio Di Chirico,Favorite,-0.23,1,-1,0.39,0.06,2.27,-0.06,-0.15,-0.19,-0.08,1,3
UFC on FOX 23 Shevchenko vs. Pena,Raphael Assuncao,Aljamain Sterling,Favorite,-0.75,-2,-5,-1.39,-0.11,0.2,0.08,-0.67,0.12,0.33,-0.5,7
UFC on FOX 23 Shevchenko vs. Pena,Jordan Johnson,Luis Henrique da Silva,Favorite,-0.68,-1,3,-0.44,-0.13,-2.64,0.13,3,0.27,0.78,1,1
UFC on FOX 23 Shevchenko vs. Pena,Marcos Rogerio de Lima,Jeremy Kimball,Favorite,-0.75,1,3,0.89,0.1,-0.94,0.02,-0.02,0.25,0.08,0.5,5
UFC on FOX 23 Shevchenko vs. Pena,J.C. Cottrell,Jason Gonzalez,Underdog,-0.47,-5,-3,-2.27,-0.15,-0.38,-0.13,0.79,1,0.2,-1,0
UFC on FOX 23 Shevchenko vs. Pena,Eric Shelton,Alexandre Pantoja,Underdog,-0.08,1,1,-1.85,-0.08,-2.1,0.13,0.22,0.04,-0.23,-0.61,-1
UFC FN 104 K. Zombie vs. Bermudez,Dennis Bermudez,Chan Sung Jung,Underdog,-1.12,-1,-6,0.48,0.05,-1.45,0.06,3.19,-0.04,0.09,0.5,0
UFC FN 104 K. Zombie vs. Bermudez,Alexa Grasso,Felice Herrig,Underdog,-2.48,1,1,0.83,0.06,-1.25,0.09,-0.68,0.17,-0.17,-0.21,-9
UFC FN 104 K. Zombie vs. Bermudez,James Vick,Abel Trujillo,Favorite,-0.14,7,6,1.48,-0.02,1,0.01,-1.93,-0.12,0.16,0.29,-3
UFC FN 104 K. Zombie vs. Bermudez,Ovince St Preux,Volkan Oezdemir,Underdog,-2.42,1,5,-1.56,0,-0.61,-0.09,0.53,0.02,-0.13,0.4,7
UFC FN 104 K. Zombie vs. Bermudez,Anthony Hamilton,Marcel Fortuna,Underdog,-1.29,4,2,0.08,0.19,-1.5,-0.19,2.17,0.34,0.03,-0.5,6
UFC FN 104 K. Zombie vs. Bermudez,Jessica Andrade,Angela Hill,Favorite,-4.31,-2,-2,1.24,0.01,0.5,-0.06,1.57,0.22,-0.05,0.2,-7
UFC FN 104 K. Zombie vs. Bermudez,Curtis Blaydes,Adam Milstead,Favorite,-2.42,1,4,-0.33,0.03,-2.96,0.15,5.72,0.53,-0.33,0,-3
UFC FN 104 K. Zombie vs. Bermudez,Chas Skelly,Chris Gruetzemacher,Favorite,-2.36,3,4,-4.17,-0.17,-1.75,-0.04,1.53,-0.16,-0.26,2.29,2
UFC FN 104 K. Zombie vs. Bermudez,Michinori Tanaka,Ricardo Ramos,Underdog,-0.56,-4,-5,-1.24,0,-1.76,-0.07,-0.63,-0.22,-0.29,-0.5,5
UFC FN 104 K. Zombie vs. Bermudez,Tecia Torres,Bec Rawlings,Favorite,-3.22,1,6,-3.39,-0.08,-4.42,0.08,1.35,-0.08,-0.19,-0.4,-6
UFC FN 104 K. Zombie vs. Bermudez,Niko Price,Alex Morono,Favorite,-0.05,1,4,0.58,0.01,1.43,-0.1,0.37,-0.02,0.08,0.29,1
UFC FN 104 K. Zombie vs. Bermudez,Khalil Rountree,Daniel Jolly,Favorite,-0.85,0,1,2.51,-0.08,0.78,0.06,-2.83,-0.33,0.07,0.1,-5
UFC 208,Germaine de Randamie,Holly Holm,Favorite,-0.32,1,2,-0.57,0.06,-0.92,0.09,-0.87,-0.3,-0.11,0.3,-2
UFC 208,Derek Brunson,Anderson Silva,Underdog,-0.67,-1,0,0.46,-0.15,1,-0.09,2.64,-0.44,0.16,-0.21,-9
UFC 208,Ronaldo Souza,Tim Boetsch,Favorite,-4.17,-2,-4,0.79,-0.11,2.4,-0.12,-0.95,-0.19,0.01,-0.8,-15
UFC 208,Glover Teixeira,Jared Cannonier,Favorite,-1.51,3,-1,-0.95,-0.04,0.29,-0.08,1.67,-0.09,-0.04,0.9,4
UFC 208,Dustin Poirier,Jim Miller,Favorite,-3.29,1,1,2.46,0.09,0.86,-0.04,-0.2,-0.09,0.16,-0.31,-5
UFC 208,Randy Brown,Belal Muhammad,Underdog,-0.41,4,6,-0.18,0.03,-0.32,-0.03,-1.2,0.04,-0.2,0.3,-2
UFC 208,Wilson Reis,Yuta Sasaki,Favorite,-4.87,-6,-6,-0.34,-0.12,0.54,0.05,2.12,-0.02,0.06,-0.6,5
UFC 208,Islam Makhachev,Nik Lentz,Favorite,-2.41,2,2,-0.98,0.13,-1.98,0.1,-0.13,0.27,0.47,-0.2,-7
UFC 208,Rick Glenn,Phillipe Nover,Favorite,-1.03,3,-2,2.15,0.08,1.61,-0.06,-0.44,-0.16,0.24,-0.3,-5
UFC 208,Ryan LaFlare,Roan Carneiro,Favorite,-2.51,2,-2,1.43,-0.06,0.04,0.01,-0.92,0.02,-0.25,-1.2,-5
UFC Fight Night 105 Lewis vs. Browne,Derrick Lewis,Travis Browne,Favorite,-0.09,-3,0,-0.46,0.09,-1.83,-0.02,-0.64,-0.43,-0.23,-0.2,-2
UFC Fight Night 105 Lewis vs. Browne,Hector Lombard,Johny Hendricks,Underdog,-0.2,0,2,-0.48,0.01,-0.65,0,-2.14,0.01,0.14,0.2,6
UFC Fight Night 105 Lewis vs. Browne,Cezar Ferreira,Elias Theodorou,Underdog,-0.19,0,3,-2.3,0,0.04,0,1.42,0.25,0.25,0.5,4
UFC Fight Night 105 Lewis vs. Browne,Gavin Tucker,Sam Sicilia,Favorite,-0.88,-2,-1,1.83,0.1,0.62,-0.03,1.68,0.01,-0.17,0.6,-1
UFC Fight Night 105 Lewis vs. Browne,Sara McMann,Gina Mazany,Favorite,-4.3,0,-2,-1.48,-0.04,-1.6,-0.04,0.04,0.13,0.17,0.3,8
UFC Fight Night 105 Lewis vs. Browne,Paul Felder,Alex Ricci,Favorite,-2.91,0,1,1.22,0.03,0.91,-0.17,0.28,0.28,0,0.2,-1
UFC Fight Night 105 Lewis vs. Browne,Santiago Ponzinibbio,Nordine Taleb,Favorite,-2.91,-1,-1,1.24,-0.11,2.04,-0.06,-1.46,-0.46,-0.13,0,-5
UFC Fight Night 105 Lewis vs. Browne,Carla Esparza,Randa Markos,Underdog,-2.13,-3,0,-0.81,-0.03,-0.42,-0.03,2.1,0.06,-0.06,0.09,-2
UFC Fight Night 105 Lewis vs. Browne,Aiemann Zahabi,Reginaldo Vieira,Favorite,-1.31,1,3,-0.33,0.02,0.71,0.12,-1.77,-0.12,0.54,-0.8,-5
UFC Fight Night 105 Lewis vs. Browne,Thiago Santos,Jack Marshman,Favorite,-1,2,3,0.98,0.23,-1.63,-0.04,0.88,0.33,0.45,0.1,6
UFC Fight Night 105 Lewis vs. Browne,Gerald Meerschaert,Ryan Janes,Favorite,-2.15,-2,1,-4.51,-0.03,-2.16,-0.06,1.81,-0.62,-0.24,1.6,-6
UFC 209,Stephen Thompson,Tyron Woodley,Underdog,-0.62,3,1,1.75,-0.02,0.27,0,-0.8,0,-0.22,-0.4,-1
UFC 209,Lando Vannata,David Teymur,Underdog,-3.05,0,-2,-0.18,0.02,1.23,0,0.15,0.03,-0.09,0.3,-3
UFC 209,Rashad Evans,Daniel Kelly,Underdog,-2.86,0,5,-1.48,-0.02,-2.22,0.02,1.11,0.09,-0.06,-0.3,-2
UFC 209,Cynthia Calvillo,Amanda Cooper,Favorite,-0.25,1,0,0.86,-0.06,0.92,0.13,0.27,0.06,0.49,-1,4
UFC 209,Alistair Overeem,Mark Hunt,Favorite,-0.48,6,8,0.85,0.21,-0.46,0.05,0.9,0,0.08,0.6,-6
UFC 209,Marcin Tybura,Luis Henrique,Favorite,-0.8,1,4,1.79,0.04,1.12,0.08,-1.66,-0.03,0.29,-0.9,8
UFC 209,Mirsad Bektic,Darren Elkins,Underdog,-5.37,-2,-1,-1.01,0.02,-1.47,0.04,1.12,0.17,0.36,-0.7,-7
UFC 209,Luke Sanders,Yuri Alcantara,Underdog,-0.4,-3,-4,3.89,0.07,1.58,0.01,-0.73,-0.32,0.12,-0.61,-5
UFC 209,Mark Godbeer,Daniel Spitz,Favorite,-0.56,-3,-5,1.37,0.18,-2,0.08,-0.74,-0.66,0.28,0,7
UFC 209,Tyson Pedro,Paul Craig,Favorite,-0.44,0,3,0.44,0.12,-0.59,0.12,-0.92,0.09,0.13,-0.8,-4
UFC 209,Albert Morales,Andre Soukhamthath,Favorite,-0.43,0,2,1.04,-0.1,-0.35,0.07,-0.34,-0.19,0.12,0,-3
UFC Fight Night 106 Belfort vs. Gastelum,Kelvin Gastelum,Vitor Belfort,Favorite,-2.86,-3,-3,1.95,-0.06,0.39,0.07,-0.07,-0.3,0.05,-0.5,-15
UFC Fight Night 106 Belfort vs. Gastelum,Mauricio Rua,Gian Villante,Favorite,-0.66,-2,0,-0.81,0.06,-2.68,-0.02,1.55,0.24,-0.34,0.7,4
UFC Fight Night 106 Belfort vs. Gastelum,Edson Barboza,Beneil Dariush,Favorite,-0.82,1,3,0.33,-0.04,2,-0.01,-1.45,0.15,-0.09,-0.8,3
UFC Fight Night 106 Belfort vs. Gastelum,Tim Means,Alex Oliveira,Underdog,-1.19,3,-1,2.09,-0.03,1.09,0.13,-1.2,0.02,0.02,-0.4,4
UFC Fight Night 106 Belfort vs. Gastelum,Kevin Lee,Francisco Trinaldo,Favorite,-0.94,0,7,0.75,-0.04,0.93,-0.1,2.2,0.01,0.15,0.3,-14
UFC Fight Night 106 Belfort vs. Gastelum,Sergio Moraes,Davi Ramos,Favorite,-1.6,6,2,-0.23,0.04,0.29,0.02,-0.75,-0.03,-0.08,-0.2,4
UFC Fight Night 106 Belfort vs. Gastelum,Rani Yahya,Joe Soto,Underdog,-1.33,0,2,-1.65,-0.03,-3.29,-0.18,1.88,0.09,-0.41,-0.1,2
UFC Fight Night 106 Belfort vs. Gastelum,Michel Prazeres,Josh Burkman,Favorite,-1.84,-4,-5,-0.32,0.03,-0.63,0.05,1.41,0,-0.25,0.3,-2
UFC Fight Night 106 Belfort vs. Gastelum,Jeremy Kennedy,Rony Jason,Favorite,-0.15,4,-2,0.18,0.02,-0.57,-0.07,5.14,0.22,0.3,-0.8,-9
UFC Fight Night 106 Belfort vs. Gastelum,Paulo Costa,Garreth McLellan,Favorite,-2.27,0,0,2.64,0.03,3.44,0.01,-0.7,0.53,0.46,-0.9,-8
UFC Fight Night 107 Manuwa vs. Anderson,Jimi Manuwa,Corey Anderson,Favorite,-0.49,-2,0,-1,0.08,1.75,-0.1,-4.36,-0.32,-0.13,0.4,10
UFC Fight Night 107 Manuwa vs. Anderson,Gunnar Nelson,Alan Jouban,Favorite,-2.45,-1,-1,-3.83,0.1,-0.77,-0.11,1.39,0.14,0.08,0.7,-7
UFC Fight Night 107 Manuwa vs. Anderson,Brad Pickett,Marlon Vera,Underdog,-0.5,-2,-2,-1.29,-0.18,-0.86,0.05,1.94,0.04,-0.12,-0.5,14
UFC Fight Night 107 Manuwa vs. Anderson,Makwan Amirkhani,Arnold Allen,Underdog,-0.47,2,2,-2.06,0.03,0.06,-0.15,2.94,-0.08,-0.4,0.7,5
UFC Fight Night 107 Manuwa vs. Anderson,Joseph Duffy,Reza Madadi,Favorite,-4.88,-1,0,0.17,-0.12,0.46,-0.12,-2.21,0.33,-0.25,0.19,-9
UFC Fight Night 107 Manuwa vs. Anderson,Darren Stewart,Francimar Barroso,Underdog,-1.07,-1,-1,0.27,-0.08,0.22,-0.11,-0.48,0.21,-0.16,0.1,-11
UFC Fight Night 107 Manuwa vs. Anderson,Timothy Johnson,Daniel Omielanczuk,Favorite,-1.12,3,3,0.34,-0.12,-0.21,-0.03,0.53,-0.03,0,-0.1,-2
UFC Fight Night 107 Manuwa vs. Anderson,Vicente Luque,Leon Edwards,Underdog,-0.39,-3,1,2.32,-0.02,2.87,-0.03,-0.25,0.19,-0.08,0.19,0
UFC Fight Night 107 Manuwa vs. Anderson,Marc Diakiese,Teemu Packalen,Favorite,-1.41,-3,-2,-0.03,-0.15,-1.27,0.05,0.98,0.18,-0.34,-1.5,-6
UFC Fight Night 107 Manuwa vs. Anderson,Scott Askham,Brad Scott,Underdog,-0.63,2,-1,-0.5,0.05,-0.79,-0.05,0.12,0.03,0.02,0,2
UFC Fight Night 107 Manuwa vs. Anderson,Lina Lansberg,Lucie Pudilova,Favorite,-2.37,-1,-2,-1,0.18,0.04,-0.08,-0.04,0,-0.2,-0.6,13
UFC 210 - Cormier vs. Johnson 2,Anthony Johnson,Daniel Cormier,Underdog,-0.27,3,6,-1,-0.06,-1.09,0.05,0.6,0.12,-0.04,0.19,-5
UFC 210 - Cormier vs. Johnson 2,Gegard Mousasi,Chris Weidman,Favorite,-0.18,0,-2,0.56,0.04,-2.02,0.17,-1.85,0.18,-0.07,0.3,-1
UFC 210 - Cormier vs. Johnson 2,Cynthia Calvillo,Pearl Gonzalez,Favorite,-2.31,0,-4,2.18,0.01,0.04,0.07,0.76,0.33,0.77,0.3,-1
UFC 210 - Cormier vs. Johnson 2,Patrick Cote,Thiago Alves,Underdog,-0.43,2,5,-0.92,0.07,-0.21,-0.15,-0.03,-0.4,-0.2,-0.1,4
UFC 210 - Cormier vs. Johnson 2,Will Brooks,Charles Oliveira,Underdog,-1.54,0,-2,0.86,0.05,-0.67,0.05,-0.09,0.1,0.26,-2.5,3
UFC 210 - Cormier vs. Johnson 2,Myles Jury,Mike de la Torre,Favorite,-3.55,-1,2,-0.27,0.02,-2.59,0.15,1.8,0.39,-0.33,0.3,-2
UFC 210 - Cormier vs. Johnson 2,Kamaru Usman,Sean Strickland,Favorite,-2.34,-1,0,-1.55,0.11,-1.59,-0.08,1.96,-0.19,0.12,-0.1,4
UFC 210 - Cormier vs. Johnson 2,Shane Burgos,Charles Rosa,Favorite,-1.5,2,6,4.32,0.16,2.92,0.09,-1.24,0.09,0.53,-0.6,-4
UFC 210 - Cormier vs. Johnson 2,Jan Blachowicz,Patrick Cummins,Underdog,-0.1,0,2,-0.85,0,-0.44,-0.03,-3.41,0.09,0.4,0.2,-2
UFC 210 - Cormier vs. Johnson 2,Gregor Gillespie,Andrew Holbrook,Favorite,-1.95,-4,1,1.54,0.03,-0.71,0.02,6.01,0.3,0.9,-1.3,-1
UFC 210 - Cormier vs. Johnson 2,Josh Emmett,Desmond Green,Underdog,-1.5,-4,-3,0.33,-0.11,2.1,-0.08,-0.72,-0.13,-0.29,0.1,5
UFC 210 - Cormier vs. Johnson 2,Katlyn Chookagian,Irene Aldana,Favorite,-0.57,2,4,-2.95,0.06,-3.15,-0.03,0.85,0,-0.76,-0.2,5
UFC 210 - Cormier vs. Johnson 2,Magomed Bibulatov,Jenel Lausa,Favorite,-3.98,0,-3,2.16,0.09,-1.7,-0.02,2.29,-0.26,0.24,-0.8,0
UFC on Fox 24 -  Johnson vs Reis,Demetrious Johnson,Wilson Reis,Favorite,-7.46,-1,1,1.6,0.25,-1.38,0.12,-1.81,0.14,0.18,-0.1,-2
UFC on Fox 24 -  Johnson vs Reis,Michelle Waterson,Rose Namajunas,Underdog,-0.22,-2,-3,-0.13,0.05,0.68,-0.15,0.04,-0.15,0.1,0.19,7
UFC on Fox 24 -  Johnson vs Reis,Ronaldo Souza,Robert Whittaker,Underdog,-2.01,-2,-3,-0.85,-0.03,1.84,-0.14,-0.32,-0.22,-0.22,0,-5
UFC on Fox 24 -  Johnson vs Reis,Jeremy Stephens,Renato Moicano,Underdog,-0.99,-2,-1,-1.21,-0.08,-0.64,-0.03,-0.73,-0.08,-0.07,-0.2,2
UFC on Fox 24 -  Johnson vs Reis,Alexander Volkov,Roy Nelson,Favorite,-0.72,7,7,2.91,0.2,-1.79,0.08,-0.65,0.36,0.07,0.1,-12
UFC on Fox 24 -  Johnson vs Reis,Tom Duquesnoy,Patrick Williams,Favorite,-7.64,-1,-5,-0.3,-0.06,1.17,0.09,-2.29,-0.16,-0.54,-0.5,-12
UFC on Fox 24 -  Johnson vs Reis,Rashid Magomedov,Bobby Green,Favorite,-2.84,-1,-1,-2.05,-0.04,-0.71,-0.08,-0.52,0.18,0.15,-0.1,2
UFC on Fox 24 -  Johnson vs Reis,Aljamain Sterling,Augusto Mendes,Favorite,-3.11,1,6,2.19,0.18,-1.62,0.01,0.56,-0.06,-0.35,0.7,-7
UFC on Fox 24 -  Johnson vs Reis,Tim Elliott,Louis Smolka,Favorite,-1.18,-2,-2,-1.28,-0.03,-1.46,0.03,2.04,0.12,0.26,-0.8,5
UFC on Fox 24 -  Johnson vs Reis,Devin Clark,Jake Collier,Favorite,-0.57,-3,-3,-2.77,0.1,-1.84,-0.06,1.46,-0.02,-0.1,-0.5,-1
UFC on Fox 24 -  Johnson vs Reis,Andrew Sanchez,Anthony Smith,Underdog,-2.59,-3,-2,1.06,-0.05,0.62,0.03,2.05,0.09,0.51,-0.7,1
UFC on Fox 24 -  Johnson vs Reis,Zak Cummings,Nathan Coy,Favorite,-4.25,2,6,-0.92,-0.18,0.51,-0.06,-2.55,-0.19,0.16,0.6,-6
UFC on Fox 24 -  Johnson vs Reis,Ashlee Evans-Smith,Ketlen Vieira,Underdog,-0.9,0,-1,0.99,-0.07,0.67,0.02,-0.57,-0.22,-0.43,-0.6,4
UFC Fight Night 108 Swanson vs. Lobov,Cub Swanson,Artem Lobov,Favorite,-5.21,-1,5,1.18,0.09,-0.99,0.08,0.7,0.27,0.08,0.4,3
UFC Fight Night 108 Swanson vs. Lobov,Al Iaquinta,Diego Sanchez,Favorite,-3.14,0,-2,1.36,0.03,1.51,0.04,-0.88,-0.06,0.27,-0.61,-5
UFC Fight Night 108 Swanson vs. Lobov,Ovince St Preux,Marcos Rogerio de Lima,Favorite,-0.8,2,5,-0.68,-0.1,0.41,-0.05,-0.3,-0.1,0.08,0,3
UFC Fight Night 108 Swanson vs. Lobov,John Dodson,Eddie Wineland,Favorite,-3.56,-4,-3,-0.2,0.11,-0.18,-0.08,0.36,-0.05,-0.05,-0.1,0
UFC Fight Night 108 Swanson vs. Lobov,Stevie Ray,Joe Lauzon,Favorite,-1.09,0,-1,0.89,0.04,-2.46,0,-1.64,0.01,0.01,-1.4,-6
UFC Fight Night 108 Swanson vs. Lobov,Mike Perry,Jake Ellenberger,Favorite,-0.4,1,0,1.85,0.07,2.33,-0.08,-1.23,-0.07,-0.08,-0.2,-7
UFC Fight Night 108 Swanson vs. Lobov,Thales Leites,Sam Alvey,Favorite,-0.27,-1,3,-1.15,-0.04,-0.64,0,2.04,0.13,-0.52,1,4
UFC Fight Night 108 Swanson vs. Lobov,Dustin Ortiz,Brandon Moreno,Underdog,-0.47,-2,-5,-0.94,0,-1.46,-0.03,1.26,-0.11,-0.11,-0.4,5
UFC Fight Night 108 Swanson vs. Lobov,Scott Holtzman,Michael McBride,Favorite,-2.21,-4,-6,0.24,-0.02,-2.19,0.15,0.02,0.14,0.37,-1,2
UFC Fight Night 108 Swanson vs. Lobov,Danielle Taylor,Jessica Penne,Favorite,-0.04,-5,-7,0.23,-0.03,-1.44,0.24,-1.13,-0.01,0.34,-0.4,-7
UFC Fight Night 108 Swanson vs. Lobov,Alexis Davis,Cindy Dandois,Favorite,-2.18,-1,-2,1.5,0.17,1.05,-0.04,-4.05,-0.12,0.34,0.7,0
UFC Fight Night 108 Swanson vs. Lobov,Bryan Barberena,Joe Proctor,Favorite,-2.52,2,0,1.95,0.12,0.65,-0.15,0.13,0.22,-0.2,-1.5,-3
UFC Fight Night 108 Swanson vs. Lobov,Matt Schnell,Hector Sandoval,Underdog,-0.51,6,6,0.92,-0.15,2.22,-0.1,-2.91,0.19,-0.21,-0.4,-3
UFC 211 - Miocic vs. Dos Santos,Stipe Miocic,Junior dos Santos,Favorite,-0.51,0,3,0.33,0.06,0.48,-0.03,1.56,-0.16,-0.13,-0.1,1
UFC 211 - Miocic vs. Dos Santos,Joanna Jedrzejczyk,Jessica Andrade,Favorite,-1.23,5,3,-0.34,-0.03,-2.12,0.06,-2.1,0.06,0.08,-0.2,4
UFC 211 - Miocic vs. Dos Santos,Jorge Masvidal,Demian Maia,Underdog,-0.23,-2,2,2.25,0.03,0.98,0.01,-1.12,0.35,0.1,-0.7,-7
UFC 211 - Miocic vs. Dos Santos,Frankie Edgar,Yair Rodriguez,Favorite,-0.33,-5,-3,-0.89,-0.06,-1.18,0.13,1.6,0.03,0.07,-0.4,11
UFC 211 - Miocic vs. Dos Santos,Krzysztof Jotko,David Branch,Underdog,-0.73,0,-1,1.32,0.02,0.32,0,-1.22,0.07,0.38,0.1,-8
UFC 211 - Miocic vs. Dos Santos,Chas Skelly,Jason Knight,Underdog,-0.1,1,1,-0.95,0.07,0.18,-0.03,0.42,0.03,-0.08,0.59,8
UFC 211 - Miocic vs. Dos Santos,Chase Sherman,Rashad Coulter,Favorite,-0.05,5,2,1.21,-0.12,-0.03,0.02,0.09,0.5,0.12,0,-8
UFC 211 - Miocic vs. Dos Santos,James Vick,Marco Polo Reyes,Favorite,-3.28,4,5,-1.87,0.02,-2.21,0.01,0.26,0.33,0.1,0.7,-2
UFC 211 - Miocic vs. Dos Santos,Cortney Casey,Jessica Aguilar,Favorite,-0.63,4,4,-0.64,-0.11,-3.2,0.02,-0.55,0.06,-0.11,0.3,-5
UFC 211 - Miocic vs. Dos Santos,Gabriel Benitez,Enrique Barzola,Underdog,-0.53,1,1,1.34,0,1.52,-0.06,-3.98,0.04,-0.11,0.6,0
UFC 211 - Miocic vs. Dos Santos,Gadzhimurad Antigulov,Joachim Christensen,Favorite,-3.24,-4,-6,-1.7,0.14,0.92,-0.06,5.08,0.36,0,1.4,-8
UFC Fight Night 109 Gustafsson Vs Teixeira,Alexander Gustafsson,Glover Teixeira,Favorite,-2.35,3,3,0.3,-0.09,-0.9,0,-0.58,0.06,0.23,-0.5,-7
UFC Fight Night 109 Gustafsson Vs Teixeira,Misha Cirkunov,Volkan Oezdemir,Underdog,-3.75,1,2,-0.73,0.04,-0.86,0.01,3.58,0.06,-0.05,1.6,3
UFC Fight Night 109 Gustafsson Vs Teixeira,Peter Sobotta,Ben Saunders,Favorite,-0.02,-2,-2,-1.09,-0.1,-0.69,0.06,1.33,-0.09,0.1,-0.8,-4
UFC Fight Night 109 Gustafsson Vs Teixeira,Abdul Razak Alhassan,Omari Akhmedov,Underdog,-1.75,-2,0,0.39,0.13,1.15,0,-1.69,-0.08,-0.16,0,2
UFC Fight Night 109 Gustafsson Vs Teixeira,Nordine Taleb,Oliver Enkamp,Favorite,-2.97,1,-3,1.28,0.15,-0.93,0.29,1.06,0.6,0.73,0,10
UFC Fight Night 109 Gustafsson Vs Teixeira,Jack Hermansson,Alex Nicholson,Favorite,-0.8,-3,0,0.96,0.01,-0.97,0.09,1.53,0.3,0.3,-0.1,1
UFC Fight Night 109 Gustafsson Vs Teixeira,Pedro Munhoz,Damian Stasiak,Favorite,-6.48,1,-5,3.46,0.07,3.13,0.04,-2.13,-0.17,0.38,-0.1,3
UFC Fight Night 109 Gustafsson Vs Teixeira,Chris Camozzi,Trevor Smith,Underdog,-0.95,-1,0,0.27,-0.12,-0.36,0.05,-1.43,-0.13,-0.04,-0.2,-6
UFC Fight Night 109 Gustafsson Vs Teixeira,Joaquim Silva,Reza Madadi,Favorite,-0.85,-3,-4,1.15,-0.04,1.22,-0.13,-2.78,0.17,-0.21,0.3,-10
UFC Fight Night 109 Gustafsson Vs Teixeira,Nico Musoke,Bojan Velickovic,Underdog,-0.4,0,-1,1.38,0,1.48,0,0.48,-0.06,0.26,-0.3,3
UFC Fight Night 109 Gustafsson Vs Teixeira,Darren Till,Jessin Ayari,Favorite,-2.6,0,1,-1.23,0.09,-0.28,-0.02,0.55,0.46,0.18,-0.3,0
UFC Fight Night 109 Gustafsson Vs Teixeira,Marcin Held,Damir Hadzovic,Underdog,-2.44,0,1,-1.95,-0.14,-1.24,-0.16,1.68,-0.1,0.02,1.1,-5
UFC 212 Aldo vs Holloway,Jose Aldo,Max Holloway,Underdog,-0.59,-4,1,-3.54,-0.02,-0.99,0.01,0.26,0,0.07,-0.2,5
UFC 212 Aldo vs Holloway,Claudia Gadelha,Karolina Kowalkiewicz,Favorite,-2.26,1,-1,-2.4,-0.03,-0.98,-0.02,2.69,0.18,-0.16,0.49,-3
UFC 212 Aldo vs Holloway,Vitor Belfort,Nate Marquardt,Favorite,-0.82,0,0,-1.12,-0.03,0.51,-0.06,-0.86,0.08,-0.17,-0.21,2
UFC 212 Aldo vs Holloway,Paulo Costa,Oluwale Bamgbose,Favorite,-1.9,2,-6,3.75,0.09,3.68,-0.09,-0.49,0.42,0.43,0,-3
UFC 212 Aldo vs Holloway,Yancy Medeiros,Erick Silva,Favorite,-0.5,-2,1,1.86,-0.11,1.49,-0.03,-0.52,0.15,0.16,-0.7,-3
UFC 212 Aldo vs Holloway,Marlon Moraes,Raphael Assuncao,Underdog,-1.45,1,1,0.14,-0.02,2.03,-0.12,-0.78,0.01,-0.32,0.09,-5
UFC 212 Aldo vs Holloway,Antonio Carlos Junior,Eric Spicely,Favorite,-2.25,1,6,-1.76,-0.04,-3.58,-0.04,2.11,0.19,-0.22,-0.2,-3
UFC 212 Aldo vs Holloway,Matthew Lopez,Johnny Eduardo,Favorite,-0.63,0,-2,0.17,0.1,0.5,-0.08,3.09,0.4,0.13,0.9,-8
UFC 212 Aldo vs Holloway,Yuri Alcantara,Brian Kelleher,Underdog,-2.59,3,5,-0.67,0.04,-1.85,-0.06,-0.31,0.21,0,0.1,6
UFC 212 Aldo vs Holloway,Viviane Pereira,Jamie Moyle,Favorite,-0.78,0,-2,-1.81,-0.22,0.48,-0.08,-0.75,0.79,-0.22,0.2,-5
UFC 212 Aldo vs Holloway,Luan Chagas,Jim Wallhead,Favorite,-1.84,2,1,0.97,0.2,-3.47,0.13,0.32,0.12,-0.16,0.3,-10
UFC 212 Aldo vs Holloway,Deiveson Figueiredo,Marco Beltran,Favorite,-0.59,-3,-1,0.94,0.18,1.45,-0.13,0.95,-0.09,0.11,1.5,-2
UFC Fight Night 110 Hunt vs. Lewis,Derrick Lewis,Mark Hunt,Underdog,-0.51,5,7,-0.34,0.07,-0.42,-0.11,0.05,-0.3,-0.12,-0.2,-11
UFC Fight Night 110 Hunt vs. Lewis,Derek Brunson,Daniel Kelly,Favorite,-2.11,1,7,-0.12,0.08,-1.59,-0.1,1.28,-0.02,0.06,0.3,-6
UFC Fight Night 110 Hunt vs. Lewis,Ion Cutelaba,Luis Henrique da Silva,Favorite,-2.54,-2,-1,0.55,-0.17,-1.85,0.06,3.92,0.42,0.54,-0.2,-4
UFC Fight Night 110 Hunt vs. Lewis,Tim Elliott,Ben Nguyen,Underdog,-1.32,2,1,-0.12,0.03,-0.35,-0.03,3.48,0.13,-0.05,0,2
UFC Fight Night 110 Hunt vs. Lewis,Daniel Hooker,Ross Pearson,Favorite,-0.56,4,6,1.4,0.07,0.67,-0.11,0.05,-0.01,0.05,0.4,-5
UFC Fight Night 110 Hunt vs. Lewis,Alex Volkanovski,Mizuto Hirota,Favorite,-4.24,4,6,0.68,-0.02,7.41,-0.15,-1.36,-0.5,-0.58,-0.1,-6
UFC Fight Night 110 Hunt vs. Lewis,Damien Brown,Vinc Pichel,Underdog,-0.14,0,-4,0.04,-0.09,1.81,-0.06,-2.1,-0.27,0.28,0.49,-2
UFC Fight Night 110 Hunt vs. Lewis,Dominique Steele,Luke Jumeau,Underdog,-0.88,-1,2,-0.62,0.06,-0.75,-0.08,2.7,-0.59,-0.1,0,0
UFC Fight Night 110 Hunt vs. Lewis,John Moraga,Ashkan Mokhtarian,Favorite,-1.08,0,-1,0.61,0,-1.12,0.13,0.07,0.07,0.1,1.1,2
UFC Fight Night 110 Hunt vs. Lewis,Zak Ottow,Kiichi Kunimoto,Favorite,-2.67,1,1,0.75,-0.09,-1.19,0.17,-0.63,0.08,0.28,0.1,-6
UFC Fight Night 110 Hunt vs. Lewis,J.J. Aldrich,Chan-Mi Jeon,Favorite,-1.03,0,0,-2.36,0.15,-3.39,0.04,0.66,0.23,0.66,0,5
UFC Fight Night 111,Holly Holm,Bethe Correia,Favorite,-4.31,3,5,-1.25,-0.03,-2.01,-0.02,0.48,0.12,-0.09,0.1,2
UFC Fight Night 111,Marcin Tybura,Andrei Arlovski,Favorite,-1.64,0,1,-0.18,0.02,0.14,-0.02,1.04,-0.03,0.03,-0.1,-7
UFC Fight Night 111,Colby Covington,Dong Hyun Kim,Favorite,-2.26,-3,-4,1.75,-0.11,1.09,-0.03,0.85,0.01,-0.04,-0.4,-6
UFC Fight Night 111,Rafael dos Anjos,Tarec Saffiedine,Favorite,-1.66,-2,0,-0.57,0,0.14,-0.03,1.43,-0.02,-0.29,0.5,2
UFC Fight Night 111,Jon Tuck,Takanori Gomi,Favorite,-2.46,4,3,-0.81,-0.01,0.22,0,-0.81,-0.32,-0.13,0.19,-6
UFC Fight Night 111,Walt Harris,Cyril Asker,Favorite,-2.37,5,3,-0.31,0,-2.5,0.19,-4.12,-0.34,-0.31,-0.8,2
UFC Fight Night 111,Alex Caceres,Rolando Dy,Favorite,-2.31,2,4,1.17,0.12,-1.38,0.09,0.24,0.48,-0.05,0.7,2
UFC Fight Night 111,Justin Scoggins,Yuta Sasaki,Underdog,-4.14,-3,-5,1.4,0.1,-0.34,0.05,0.39,0.2,0.41,-0.7,-2
UFC Fight Night 111,Li Jingliang,Frank Camacho,Favorite,-3.51,2,-2,-2.1,-0.05,-3.61,0.05,0.13,0.09,-0.13,0,1
UFC Fight Night 111,Kwan Ho Kwak,Russell Doane,Underdog,-0.19,-2,0,1.54,0,1.77,-0.07,-1.33,0.55,-0.26,-0.8,-3
UFC Fight Night 111,Naoki Inoue,Carls John de Tomas,Favorite,-2.07,4,0,1.93,-0.03,-0.57,0.15,-1.37,-0.33,-0.07,2.5,-1
UFC Fight Night 111,Lucie Pudilova,Ji Yeon Kim,Favorite,-0.34,1,-5,-1.69,0.01,-1.58,-0.06,0.55,0.27,0.16,0.6,-5
UFC Fight Night 112,Kevin Lee,Michael Chiesa,Favorite,-0.4,-4,2,2,0.01,1.9,-0.05,-0.15,-0.08,0.15,-0.2,-5
UFC Fight Night 112,Johny Hendricks,Tim Boetsch,Underdog,-0.66,-3,-5,0.56,-0.05,1.09,-0.04,2.38,0.12,0.04,-0.5,-3
UFC Fight Night 112,Justine Kish,Felice Herrig,Underdog,-0.56,1,-1,0.67,0.1,-0.61,0.08,-0.22,0.04,-0.25,-0.7,-3
UFC Fight Night 112,Dominick Reyes,Joachim Christensen,Favorite,-2.67,1,1,0.97,0.09,0.48,0.01,0.36,0.28,0.8,0.4,-11
UFC Fight Night 112,Tim Means,Alex Garcia,Favorite,-2.38,5,3,3.27,0.18,0.61,0.01,-2.57,-0.12,-0.02,0.1,4
UFC Fight Night 112,Dennis Siver,B.J. Penn,Favorite,-0.69,-3,0,1.11,-0.16,-0.54,0.08,-0.32,-0.24,-0.09,-0.2,0
UFC Fight Night 112,Erik Koch,Clay Guida,Underdog,-2.85,3,1,-0.32,0.08,-0.19,-0.15,-2.11,0.06,0.14,0.4,-7
UFC Fight Night 112,Marvin Vettori,Vitor Miranda,Favorite,-2.98,-1,-3,1.57,0,1.29,-0.02,0.71,-0.11,0.18,0.3,-15
UFC Fight Night 112,Carla Esparza,Maryna Moroz,Favorite,-1.51,-6,-4,-2.26,0.07,-2.2,0.04,2.52,0.1,0.04,-0.3,4
UFC Fight Night 112,Darrell Horcher,Devin Powell,Favorite,-3.22,-2,-3,-0.83,0.03,0.54,-0.12,0.35,0.5,0.47,0.09,0
UFC Fight Night 112,Jared Gordon,Michel Quinones,Favorite,-0.64,-1,-5,2.47,0.27,-2.59,0.08,1.95,0.4,0.26,0,-4
UFC Fight Night 112,Tony Martin,Johnny Case,Favorite,-0.42,2,1,-1.27,-0.02,-0.08,-0.04,-0.99,-0.18,-0.04,0.8,0
UFC Fight Night 112,Josh Stansbury,Jeremy Kimball,Underdog,-0.98,2,2,0.41,0.08,-0.3,0.05,-1.41,-0.2,0.37,1,6
TUF Season 25 Finale,Michael Johnson,Justin Gaethje,Underdog,-0.64,-1,3,-2.52,-0.2,-3.63,0.04,0.51,0.15,0.06,0,2
TUF Season 25 Finale,Jesse Taylor,Dhiego Lima,Favorite,-0.93,-2,-2,-1.19,0.26,-3.33,-0.2,6.02,0.15,0.27,2.5,6
TUF Season 25 Finale,Marc Diakiese,Drakkar Klose,Underdog,-1.75,1,3,-1.83,-0.16,-0.82,0.01,1.71,0.17,-0.03,0,-5
TUF Season 25 Finale,Jared Cannonier,Nick Roehrick,Favorite,-2.15,-3,1,2.36,0.35,-2.79,0.14,0.44,0.42,0.63,0,4
TUF Season 25 Finale,Elias Theodorou,Brad Tavares,Underdog,-0.11,0,1,0.81,-0.02,-0.76,-0.03,0.49,0.02,-0.23,0,-1
TUF Season 25 Finale,Jordan Johnson,Marcel Fortuna,Favorite,-1.35,1,5,-0.38,0,-1.88,-0.11,2.8,0.34,0.25,0.7,-3
TUF Season 25 Finale,Angela Hill,Ashley Yoder,Favorite,-2.8,-4,-5,1.96,0.09,0.73,0.14,-0.3,0.06,0.09,-0.5,3
TUF Season 25 Finale,James Krause,Tom Gallicchio,Favorite,-3.55,4,-2,1.26,0.23,-2.96,0.18,-0.05,0.06,0.59,0.9,0
TUF Season 25 Finale,C.B. Dollaway,Ed Herman,Favorite,-0.99,1,-1,-0.67,-0.02,-1.13,0.12,1.59,0.07,0.03,0.19,-3
TUF Season 25 Finale,Tecia Torres,Juliana Lima,Favorite,-3.4,2,5,-0.84,-0.1,-0.87,0.09,0.34,0.02,-0.2,0,-13
TUF Season 25 Finale,Teruto Ishihara,Gray Maynard,Underdog,-2.67,-2,-1,1.34,0.12,0.98,-0.13,-2.41,-0.31,-0.51,-0.7,-13
UFC 213,Robert Whittaker,Yoel Romero,Favorite,-0.19,0,0,1.13,-0.08,0.4,-0.02,-0.76,0.08,0.03,0,-14
UFC 213,Alistair Overeem,Fabricio Werdum,Favorite,-0.56,0,3,0.08,0.12,-0.21,0.01,-0.34,0.24,0.42,-0.4,-2
UFC 213,Curtis Blaydes,Daniel Omielanczuk,Favorite,-5.86,4,6,0.43,-0.07,-1.46,0.12,5.16,0.27,-0.38,-0.1,-8
UFC 213,Anthony Pettis,Jim Miller,Favorite,-1.45,2,1,0.05,0.04,-0.07,-0.03,-0.92,0.06,0.13,-0.6,-3
UFC 213,Rob Font,Douglas Silva de Andrade,Favorite,-2.19,1,3,1.87,0.07,-0.35,-0.02,0.28,-0.12,-0.24,0.09,-2
UFC 213,Chad Laprise,Brian Camozzi,Favorite,-5.33,-4,-7,1.63,0.15,-2.8,0.1,1.05,0.54,0.78,-0.7,5
UFC 213,Thiago Santos,Gerald Meerschaert,Favorite,-0.81,1,-1,0.54,0.02,-0.81,0,-1.29,-0.05,0.31,-1.5,4
UFC 213,Belal Muhammad,Jordan Mein,Favorite,-0.42,-1,-1,1.19,-0.02,1.09,-0.12,0.41,-0.23,0.27,0,1
UFC 213,Cody Stamann,Terrion Ware,Favorite,-1.82,-2,-7,0.37,0.14,-2.45,0.12,1.84,0.17,0.32,0,-4
UFC 213,Trevin Giles,James Bochnovic,Favorite,-2.08,-4,-7,2.62,0.29,-1.42,0.37,1.19,0.5,0.71,0.3,-4
UFC Fight Night 113,Gunnar Nelson,Santiago Ponzinibbio,Underdog,-1.01,-1,-1,-3.07,0.2,-1.67,-0.12,1.42,0.28,0.06,1,-2
UFC Fight Night 113,Cynthia Calvillo,Joanne Wood,Favorite,-1.08,-2,-1,-2.69,-0.13,-0.77,0.13,0.28,-0.12,0.19,0.5,-2
UFC Fight Night 113,Stevie Ray,Paul Felder,Underdog,-0.98,-1,0,0.02,0,-0.51,0.06,0.46,0.18,-0.09,0.4,-6
UFC Fight Night 113,Jack Marshman,Ryan Janes,Favorite,-4.69,-3,-3,-4.95,-0.23,-1.34,-0.03,-0.35,-1,-0.38,0,-8
UFC Fight Night 113,Khalil Rountree,Paul Craig,Favorite,-0.87,-2,0,1.38,-0.08,1.2,0.06,-1.68,-0.2,0.2,-1.5,-2
UFC Fight Night 113,Justin Willis,James Mulheron,Favorite,-1.08,3,5,0.97,0.27,-0.91,0.14,0.96,0.66,0.1,0,0
UFC Fight Night 113,Danny Roberts,Bobby Nash,Favorite,-0.99,1,0,-0.24,0.02,-0.23,-0.02,-2.13,-0.25,-0.44,-1.4,2
UFC Fight Night 113,Alexandre Pantoja,Neil Seery,Favorite,-2.7,1,3,0.85,0.08,0.18,-0.08,1.82,0.19,0.15,-0.8,-10
UFC Fight Night 113,Galore Bofando,Charlie Ward,Favorite,-1.21,0,-1,1.99,0.26,-3.58,0.01,2.37,1,0.5,0,-1
UFC Fight Night 113,Brett Johns,Albert Morales,Favorite,-2.81,-2,-1,-0.96,0.14,-0.13,-0.04,4.01,0.14,-0.12,0.8,0
UFC Fight Night 113,Leslie Smith,Amanda Lemos,Favorite,-1.32,5,1,4.12,-0.15,4.2,0.07,-0.98,-0.63,0.05,-0.7,4
UFC on Fox 25,Kelvin Gastelum,Chris Weidman,Underdog,-0.75,-5,-7,0.36,-0.05,0,0.06,-2.48,-0.12,-0.07,-0.7,-7
UFC on Fox 25,Dennis Bermudez,Darren Elkins,Underdog,-1.38,-4,-5,0.98,0.08,-0.21,0.06,1.04,0.05,0.25,0,-3
UFC on Fox 25,Gian Villante,Patrick Cummins,Underdog,-0.79,1,0,0.12,-0.06,2.11,0,-4.04,-0.18,0.54,-0.1,-5
UFC on Fox 25,Jimmie Rivera,Thomas Almeida,Favorite,-1.22,-3,-2,-0.81,-0.03,-1.03,-0.02,0.71,0.13,0.17,0.1,2
UFC on Fox 25,Lyman Good,Elizeu Zaleski dos Santos,Underdog,-0.95,1,1,0.82,0.06,0.67,0.06,-0.16,0.87,0.06,-0.4,1
UFC on Fox 25,Eryk Anders,Rafael Natal,Favorite,-0.18,1,-2,0.31,0,1.69,-0.07,-0.76,-0.09,0.02,-0.4,-4
UFC on Fox 25,Ryan LaFlare,Alex Oliveira,Underdog,-1.08,2,-2,-0.11,-0.11,-0.69,0.17,-0.23,0.06,-0.06,-0.4,4
UFC on Fox 25,Chase Sherman,Damian Grabowski,Favorite,-1.78,3,3,2.04,0.09,-1,0.01,0.09,0.5,0.74,0,-10
UFC on Fox 25,Jeremy Kennedy,Kyle Bochniak,Favorite,-1.77,4,1,-0.41,0.15,-2.54,-0.11,4.59,0.37,0.04,0,-6
UFC on Fox 25,Brian Kelleher,Marlon Vera,Underdog,-1.46,-2,-4,-0.92,-0.09,-0.85,0.04,1.21,0.01,-0.1,-0.21,6
UFC on Fox 25,Timothy Johnson,Junior Albini,Underdog,-1.71,0,3,-0.55,-0.06,-3,-0.09,-0.45,-0.13,-0.32,0,6
UFC on Fox 25,Shane Burgos,Godofredo Pepey,Favorite,-3.25,4,2,5.08,0.14,3.55,0.09,0.06,0.37,0.56,-1.11,-3
UFC on Fox 25,Chris Wade,Frankie Perez,Favorite,-2.54,-1,-3,0.06,0.12,-0.42,-0.04,0.85,0.1,0.05,0.8,1
UFC Fight Night Struve vs. Volkov,Alexander Volkov,Stefan Struve,Favorite,-0.25,-4,-4,1.97,0.09,-1.04,0.08,-0.08,0.17,0.17,-1.5,-1
UFC Fight Night Struve vs. Volkov,Siyar Bahadurzada,Rob Wilkinson,Favorite,-0.59,-4,-7,0.16,-0.1,-2.44,0.09,-3.15,0.36,0.62,0.3,8
UFC Fight Night Struve vs. Volkov,Marion Reneau,Talita Bernardo,Favorite,-2.14,2,0,0.08,-0.02,-0.52,0.03,-1,0.41,0.21,0.3,9
UFC Fight Night Struve vs. Volkov,Leon Edwards,Bryan Barberena,Favorite,-1.92,2,2,-2.6,0.05,-2.25,0.1,1.12,0.12,0.19,0.1,-3
UFC Fight Night Struve vs. Volkov,Darren Till,Bojan Velickovic,Favorite,-1.35,0,-2,0.11,0.12,1,-0.01,-0.12,0.21,0.13,-0.5,-4
UFC Fight Night Struve vs. Volkov,Mairbek Taisumov,Felipe Silva,Favorite,-1.95,-3,-4,-2.43,-0.11,1.22,0.05,0.34,-0.37,0.17,0,-5
UFC Fight Night Struve vs. Volkov,Michel Prazeres,Mads Burnell,Favorite,-2.59,-2,-2,1.09,0.06,-0.21,0.05,0.48,-0.11,0.24,0.19,12
UFC Fight Night Struve vs. Volkov,Rustam Khabilov,Desmond Green,Favorite,-1.96,-2,0,-1.73,-0.12,-0.35,-0.04,2.33,-0.1,-0.15,0.1,3
UFC Fight Night Struve vs. Volkov,Aleksandar Rakic,Francimar Barroso,Favorite,-0.45,3,3,1.48,-0.03,-0.27,-0.09,-1.47,0.01,0.02,0.1,-12
UFC Fight Night Struve vs. Volkov,Zabit Magomedsharipov,Mike Santiago,Favorite,-3.3,3,4,1.44,-0.02,-0.59,0.28,2.55,0.06,0.24,-0.31,-1
UFC Fight Night Struve vs. Volkov,Abdul-Kerim Edilov,Bojan Mihajlovic,Favorite,-4.92,3,5,8.99,0.26,-5.82,0.45,3.98,1,-0.33,2,-12
UFC Fight Night Struve vs. Volkov,Andrew Holbrook,Thibault Gouti,Underdog,-1.04,1,-2,-1.48,0.14,-2.64,0.04,-0.38,-0.63,-0.73,1.8,1
UFC 215,Valentina Shevchenko,Amanda Nunes,Underdog,-0.32,-3,-3,-1.27,0.01,-0.52,0.05,-0.17,0.08,-0.11,-0.3,1
UFC 215,Rafael dos Anjos,Neil Magny,Favorite,-1.13,-7,-10,0,0,0.79,0.07,-0.22,-0.06,0.01,0.3,3
UFC 215,Henry Cejudo,Wilson Reis,Favorite,-3.19,0,-1,1.94,0.17,0.25,0.04,-3.16,-0.1,0.28,-0.4,-2
UFC 215,Tyson Pedro,Ilir Latifi,Underdog,-0.51,5,6,0.85,0.13,-0.54,0,-1.35,-0.05,-0.5,0.5,-9
UFC 215,Gilbert Melendez,Jeremy Stephens,Underdog,-0.14,0,2,0.27,-0.08,-0.52,0.05,0.48,0.02,0.05,-0.2,5
UFC 215,Sara McMann,Ketlen Vieira,Underdog,-1.41,-2,-2,-0.79,0.05,-2,-0.05,2.87,0.21,-0.43,-0.1,11
UFC 215,Ashlee Evans-Smith,Sarah Moras,Underdog,-2.02,1,0,1.75,0,1,0.03,0.27,0.01,0.17,-0.8,0
UFC 215,Gavin Tucker,Rick Glenn,Underdog,-2.25,-6,-4,0.35,0.01,0.08,0.05,2.58,0.31,-0.16,1.1,2
UFC 215,Alex White,Mitch Clarke,Favorite,-1.39,2,-2,1.4,0.07,-0.21,0.13,0.28,0.13,0.2,0.09,-3
UFC 215,Arjan Bhullar,Luis Henrique,Favorite,-1.35,-1,1,0.52,0.13,1.02,0.12,-1.36,0.39,0.5,-1,8
UFC 215,Adriano Martins,Kajan Johnson,Underdog,-4.31,-1,-3,-0.68,-0.04,0.55,0.01,-0.72,0.43,0.19,0.2,1
UFC Fight Night 116 Rockhold vs. Branch,Luke Rockhold,David Branch,Favorite,-4.3,2,-1,2.43,0.09,0.77,-0.04,-1.85,-0.04,0.22,1,-3
UFC Fight Night 116 Rockhold vs. Branch,Mike Perry,Alex Reyes,Favorite,-3.93,-1,-2,0.28,0.07,-5.75,0.12,0.81,0.4,0.78,0.2,-5
UFC Fight Night 116 Rockhold vs. Branch,Anthony Smith,Hector Lombard,Favorite,-0.6,7,5,0.2,0.01,1.11,-0.08,-1.2,-0.22,-0.29,0.19,-11
UFC Fight Night 116 Rockhold vs. Branch,Gregor Gillespie,Jason Gonzalez,Favorite,-3.48,-7,-3,0.68,0.13,-0.83,-0.02,6.86,0.48,0.7,-0.2,3
UFC Fight Night 116 Rockhold vs. Branch,Kamaru Usman,Sergio Moraes,Favorite,-5.86,0,4,1.94,0.1,-0.99,-0.05,1.62,0.07,0.14,-0.31,-4
UFC Fight Night 116 Rockhold vs. Branch,Justin Ledet,Azunna Anyanwu,Favorite,-3.46,3,9,0.87,-0.03,2.35,-0.2,-0.43,-0.5,0.42,0.2,-7
UFC Fight Night 116 Rockhold vs. Branch,Olivier Aubin-Mercier,Tony Martin,Favorite,-0.05,-3,-3,-0.21,0.14,0.38,-0.03,1.65,0.06,0.01,-0.5,1
UFC Fight Night 116 Rockhold vs. Branch,Anthony Hamilton,Daniel Spitz,Underdog,-1.33,-2,-6,1.31,0.3,-2.28,-0.02,1.88,-0.25,0.78,0,11
UFC Fight Night 116 Rockhold vs. Branch,Krzysztof Jotko,Urijah Hall,Underdog,-1.4,1,-2,-0.25,-0.06,-1.62,0.02,0.79,0.01,0.17,0,-5
UFC Fight Night 116 Rockhold vs. Branch,Gilbert Burns,Jason Saggo,Favorite,-0.59,-1,0,0.79,0.08,0.48,0.02,-0.09,-0.03,0.27,0.5,-1
UFC Fight Night 117 St. Preux vs. Shogun 2,Ovince St Preux,Yushin Okami,Favorite,-3.67,1,5,0.96,0.08,1.06,-0.13,-0.88,-0.04,-0.17,0,-1
UFC Fight Night 117 St. Preux vs. Shogun 2,Claudia Gadelha,Jessica Andrade,Underdog,-2.1,3,1,-3.31,-0.1,-0.8,0.01,0.65,-0.14,-0.15,0.4,3
UFC Fight Night 117 St. Preux vs. Shogun 2,Gokhan Saki,Luis Henrique da Silva,Favorite,-1.14,-3,-3,3.2,-0.03,-0.71,0.13,-0.25,-0.15,0.78,-0.2,6
UFC Fight Night 117 St. Preux vs. Shogun 2,Teruto Ishihara,Rolando Dy,Favorite,-0.83,-1,0,0.21,0.07,-0.84,0.01,0.2,-0.05,-0.39,0,-1
UFC Fight Night 117 St. Preux vs. Shogun 2,Jussier Formiga,Yuta Sasaki,Favorite,-3.29,-5,-4,-0.75,-0.02,-0.17,0.14,-1.21,-0.09,0.46,-0.6,5
UFC Fight Night 117 St. Preux vs. Shogun 2,Alex Morono,Keita Nakamura,Underdog,-0.35,0,-1,2.64,0.04,0.96,0,-1.33,-0.26,-0.08,0.1,-7
UFC Fight Night 117 St. Preux vs. Shogun 2,Syuri Kondo,Chan-Mi Jeon,Favorite,-0.37,-1,-1,-0.83,0.13,-0.55,0.02,0,0,0.83,0.3,9
UFC Fight Night 117 St. Preux vs. Shogun 2,Luke Jumeau,Shinsho Anzai,Underdog,-1.78,4,2,-0.3,-0.15,-0.59,0.12,-1.58,0.84,0.1,0,-2
UFC Fight Night 117 St. Preux vs. Shogun 2,Hyun Gyu Lim,Daichi Abe,Underdog,-0.14,4,6,0.65,0.07,0.58,-0.06,-0.1,0.5,0.73,0.2,7
UFC 216,Tony Ferguson,Kevin Lee,Favorite,-2,2,-1,1.06,0.03,0.81,0.05,-2.79,-0.09,-0.08,0.09,9
UFC 216,Demetrious Johnson,Ray Borg,Favorite,-8.89,-1,3,1.91,0.02,-0.27,0.19,-0.54,0.06,0.19,-0.5,7
UFC 216,Fabricio Werdum,Walt Harris,Favorite,-1.84,-1,0,0.54,0.13,-0.69,0.01,1.46,0.02,-0.39,1.09,6
UFC 216,Kalindra Faria,Mara Romero Borella,Underdog,-1.45,1,-7,-0.32,0.19,-1.04,-0.26,-0.52,0.22,-0.46,0.49,0
UFC 216,Tom Duquesnoy,Cody Stamann,Underdog,-0.8,1,4,-0.56,-0.02,1.67,0,-1.92,-0.15,-0.3,0,-4
UFC 216,Poliana Botelho,Pearl Gonzalez,Favorite,-0.78,4,-1,0.67,0.2,-1.28,-0.03,-0.2,0.46,0.76,-0.5,-2
UFC 216,Matt Schnell,Marco Beltran,Favorite,-0.06,0,1,2.16,0.01,2.63,-0.08,-0.11,-0.06,0.03,0.8,-4
UFC 216,Magomed Bibulatov,John Moraga,Underdog,-4.6,-1,-1,1.03,0.08,-0.72,-0.05,2.23,0.17,0.31,-1.11,-5
UFC 216,Brad Tavares,Thales Leites,Favorite,-1.01,0,-4,1.25,0.02,0.15,0.03,-1.32,-0.02,0.51,-1.11,-6
UFC Fight Night 118 Gdansk,Donald Cerrone,Darren Till,Underdog,-0.66,1,-1,2.11,0,1.17,-0.04,0.6,-0.13,0.04,1.2,10
UFC Fight Night 118 Gdansk,Karolina Kowalkiewicz,Jodie Esquibel,Favorite,-3.99,2,0,1.61,0.12,-1.83,0.05,-0.41,0.02,-0.1,0.2,0
UFC Fight Night 118 Gdansk,Devin Clark,Jan Blachowicz,Underdog,-0.66,-2,-3,-0.39,0.04,0.33,-0.1,1.07,-0.18,-0.11,-0.2,-7
UFC Fight Night 118 Gdansk,Oskar Piechota,Jonathan Wilson,Favorite,-1.22,-2,1,0.37,0.04,-1.73,-0.06,0.24,-0.6,-0.43,1.5,-2
UFC Fight Night 118 Gdansk,Brian Kelleher,Damian Stasiak,Favorite,-0.05,1,-4,1.53,0.04,1.53,0.02,-0.91,0.06,0.17,0.09,3
UFC Fight Night 118 Gdansk,Marcin Held,Nasrat Haqparast,Favorite,-3.04,-1,-1,-4.37,-0.1,-3.23,-0.18,2.15,0.26,-0.41,1.3,4
UFC Fight Night 118 Gdansk,Andre Fili,Artem Lobov,Favorite,-1.01,2,9,0.33,-0.04,-0.71,0.01,1.77,0.21,0.16,0.3,-4
UFC Fight Night 118 Gdansk,Ramazan Emeev,Sam Alvey,Favorite,-0.83,-4,1,-0.75,0.01,-1.49,0.13,2.31,0.14,-0.16,0.6,-1
UFC Fight Night 118 Gdansk,Warlley Alves,Salim Touahri,Favorite,-2.46,1,0,0.43,0.01,1.08,-0.08,1.22,0.5,-0.21,0.8,-1
UFC Fight Night 118 Gdansk,Aspen Ladd,Lina Lansberg,Favorite,-1.85,-1,1,1.08,-0.09,0.78,0.02,1.04,0.19,0.15,0.5,-13
UFC Fight Night 118 Gdansk,Josh Emmett,Felipe Arantes,Favorite,-2.11,-2,-3,1.67,-0.1,1.95,-0.04,-0.03,-0.1,0.05,-0.6,3
UFC 217,Georges St-Pierre,Michael Bisping,Favorite,-0.1,-2,1,-0.56,0.15,-1.31,0.06,3.11,0.31,0.19,0.8,-2
UFC 217,Cody Garbrandt,T.J. Dillashaw,Underdog,-1.22,2,-2,-2.11,-0.01,0.28,-0.03,-0.53,0.04,0.03,-0.8,-6
UFC 217,Joanna Jedrzejczyk,Rose Namajunas,Underdog,-5.8,1,0,2.59,0.07,-0.26,-0.02,-1.11,0.15,0.21,-0.4,5
UFC 217,Stephen Thompson,Jorge Masvidal,Favorite,-1.08,1,1,0.06,-0.01,-0.03,-0.1,-1.12,-0.18,-0.07,-0.3,2
UFC 217,Joseph Duffy,James Vick,Underdog,-0.88,-5,-3,-1.45,-0.05,0.46,-0.06,0.7,0.33,0.07,0,-1
UFC 217,Ovince St Preux,Corey Anderson,Favorite,-0.71,0,1,-1.4,0,1.09,-0.12,-3.79,-0.15,-0.16,0.5,7
UFC 217,Walt Harris,Mark Godbeer,Underdog,-2.81,1,0,-0.93,-0.15,0.03,0,0.28,0.28,0.41,0.1,0
UFC 217,Mickey Gall,Randy Brown,Underdog,-0.2,-1,-4,-1.44,0,0.92,-0.06,0.42,-0.1,-0.38,1.4,-1
UFC 217,Ricardo Ramos,Aiemann Zahabi,Favorite,-1.18,1,4,-0.23,-0.06,0.13,-0.15,2.82,0.43,-0.08,0.7,-8
UFC Fight Night 120 Virginia,Anthony Pettis,Dustin Poirier,Underdog,-0.11,1,0,-2.41,-0.05,-0.93,0.01,-0.73,0.14,-0.04,-0.3,2
UFC Fight Night 120 Virginia,Matt Brown,Diego Sanchez,Favorite,-2.86,2,3,1.06,0.18,-0.11,-0.02,0.16,0.22,0.17,0.5,1
UFC Fight Night 120 Virginia,Junior Albini,Andrei Arlovski,Underdog,-2.85,0,-3,0.2,0.06,2.88,-0.05,1.16,0.01,0.24,-0.2,-12
UFC Fight Night 120 Virginia,Raphael Assuncao,Matthew Lopez,Favorite,-2.85,-2,-3,0.09,-0.09,-1.23,0.1,-1.67,-0.21,0.07,-1.11,4
UFC Fight Night 120 Virginia,John Dodson,Marlon Moraes,Underdog,-0.1,-3,-1,-0.17,0,-0.96,0.06,-0.17,-0.13,0.35,-0.3,3
UFC Fight Night 120 Virginia,Tatiana Suarez,Viviane Pereira,Favorite,-2.25,4,3,1.56,0.33,-3.11,-0.07,5.95,-0.39,0.72,0.7,3
UFC Fight Night 120 Virginia,Cezar Ferreira,Nate Marquardt,Favorite,-2.13,1,4,-0.81,-0.08,0.12,-0.03,0.81,0.02,0.14,-0.31,-6
UFC Fight Night 120 Virginia,Clay Guida,Joe Lauzon,Favorite,-0.15,-3,-1,-0.2,-0.06,-2.38,0.06,0.73,-0.1,0.13,-1.4,2
UFC Fight Night 120 Virginia,Karl Roberson,Darren Stewart,Favorite,-1.46,1,0,-0.48,0.06,-0.88,0.08,-1.03,-0.05,-0.26,0.4,0
UFC Fight Night 120 Virginia,Sage Northcutt,Michel Quinones,Favorite,-0.99,2,-2,0.67,0.23,-4.03,0.09,1.81,0.34,0.04,0.6,-11
UFC Fight Night 120 Virginia,Marcel Fortuna,Jake Collier,Underdog,-1.77,-2,-4,-1.97,0.02,-0.57,0.14,-0.26,-0.25,0.07,-0.1,3
UFC Fight Night 120 Virginia,Angela Hill,Nina Nunes,Underdog,-1.13,-2,0,0.99,0.03,1.39,0.05,0.56,0,0.03,-0.4,1
UFC Fight Night 120 Virginia,Sean Strickland,Court McGee,Favorite,-2.18,2,1,1.31,0.03,0.71,0.01,-1,0.39,0.08,-0.2,-6
UFC Fight Night 121 Sydney,Fabricio Werdum,Marcin Tybura,Favorite,-2.52,1,-1,-0.02,0.04,-0.71,0,0.32,-0.03,-0.49,1.09,8
UFC Fight Night 121 Sydney,Bec Rawlings,Jessica-Rose Clark,Underdog,-0.47,1,0,0.75,-0.1,2.15,-0.02,-0.95,-0.02,0.06,0.1,-1
UFC Fight Night 121 Sydney,Tim Means,Belal Muhammad,Underdog,-1.35,3,3,0.53,0.06,0,0.03,-0.82,0.05,-0.29,0,5
UFC Fight Night 121 Sydney,Jake Matthews,Bojan Velickovic,Favorite,-0.48,-1,-3,1.11,0.1,0.25,0.03,0.92,0.15,0.06,0.09,-6
UFC Fight Night 121 Sydney,Elias Theodorou,Daniel Kelly,Favorite,-2.19,1,5,0.57,0.03,-2.25,-0.08,-0.6,-0.06,-0.2,-0.3,-11
UFC Fight Night 121 Sydney,Alex Volkanovski,Shane Young,Favorite,-5.23,3,1,-1.16,-0.02,5.45,-0.12,-0.63,-0.18,-0.64,0,7
UFC Fight Night 121 Sydney,Ryan Benoit,Ashkan Mokhtarian,Favorite,-2.16,-1,1,0.93,-0.04,-0.02,0.14,-0.26,0.06,0.38,0.4,-4
UFC Fight Night 121 Sydney,Will Brooks,Nik Lentz,Underdog,-3.81,2,4,0.81,0.12,-0.71,0.06,-1.22,0.19,0.38,-0.9,-2
UFC Fight Night 121 Sydney,Tai Tuivasa,Rashad Coulter,Favorite,-1.01,3,-1,-0.87,-0.08,-1.63,-0.08,0,0,-0.06,0,-11
UFC Fight Night 121 Sydney,Frank Camacho,Damien Brown,Favorite,-0.4,0,5,2.89,0.08,2.58,0.01,0.43,0.03,0.19,-0.7,-4
UFC Fight Night 121 Sydney,Nadia Kassem,Alex Chambers,Favorite,-1.03,2,3,0.15,-0.14,-0.62,-0.03,-1.85,-0.08,-0.13,1.79,-17
UFC Fight Night 121 Sydney,Eric Shelton,Jenel Lausa,Favorite,-2.86,1,0,1.12,0,-1.65,0.09,2.28,-0.16,-0.05,-0.61,-2
UFC Fight Night 121 Sydney,Adam Wieczorek,Anthony Hamilton,Favorite,-0.8,0,5,-2.24,-0.27,-1.15,0.02,-2.21,-0.09,-0.21,0.4,-12
UFC Fight Night 122 Bisping vs. Gastellum,Kelvin Gastelum,Michael Bisping,Favorite,-2.15,-4,-4,-0.79,0.02,0.52,-0.08,-0.1,-0.13,-0.05,-0.2,-13
UFC Fight Night 122 Bisping vs. Gastellum,Zabit Magomedsharipov,Sheymon da Silva Moraes,Favorite,-4.28,-3,-5,1.39,0.04,-0.9,0.13,3.32,0.06,0,0.6,3
UFC Fight Night 122 Bisping vs. Gastellum,Shamil Abdurakhimov,Chase Sherman,Favorite,-0.37,-1,-2,-3.63,-0.02,-3.64,0.03,0.92,-0.27,-0.29,0.1,8
UFC Fight Night 122 Bisping vs. Gastellum,Alex Caceres,Wang Guan,Underdog,-0.53,1,2,-0.53,0.06,-0.19,0.02,0.54,0.68,0.64,0.7,-3
UFC Fight Night 122 Bisping vs. Gastellum,Li Jingliang,Zak Ottow,Favorite,-1.31,1,-1,1.83,0.06,1.1,-0.02,0.28,0.12,0.03,-0.4,-1
UFC Fight Night 122 Bisping vs. Gastellum,Yan Xiaonan,Kailin Curran,Favorite,-0.65,1,-2,1.07,0.01,-1.09,0.04,-1,0.16,0.01,-0.6,1
UFC Fight Night 122 Bisping vs. Gastellum,Rolando Dy,Wuliji Buren,Favorite,-0.77,-1,0,1.43,-0.05,1.44,-0.05,-2.98,-0.22,-0.09,-0.4,-2
UFC Fight Night 122 Bisping vs. Gastellum,Bobby Nash,Kenan Song,Underdog,-2.42,0,3,-0.95,-0.1,-2.43,0.01,2.03,-0.17,0.39,1.6,0
UFC Fight Night 122 Bisping vs. Gastellum,Muslim Salikhov,Alex Garcia,Underdog,-1.51,2,-2,1.54,0.2,-0.09,0.03,-2.46,-0.12,0.06,-0.1,3
UFC Fight Night 122 Bisping vs. Gastellum,Yadong Song,Bharat Khandare,Favorite,-0.69,1,-5,3.79,0.32,2.08,-0.17,0.66,0.4,0.72,0.2,-10
UFC Fight Night 122 Bisping vs. Gastellum,Yanan Wu,Gina Mazany,Underdog,0,2,-2,0.5,-0.1,1.43,-0.02,-3.72,-0.23,0.3,0,-7
UFC Fight Night 122 Bisping vs. Gastellum,Cyril Asker,Hu Yaozong,Favorite,-1.71,-3,2,0,-0.09,0.73,0,4.41,0.62,0.67,0.5,9
TUF 26 Finale,Nicco Montano,Roxanne Modafferi,Favorite,-1.29,-2,-4,2.24,0.1,-1.28,0.13,0.89,0.31,0.38,0.3,-6
TUF 26 Finale,Sean O'Malley,Terrion Ware,Favorite,-1.81,3,1,3.61,0.28,-2.56,0.12,-0.16,0.2,0.18,0.3,-9
TUF 26 Finale,Barb Honchak,Lauren Murphy,Underdog,-1.44,-1,-2,-0.01,-0.1,-0.59,0.1,-1.03,-0.25,-0.69,1.2,4
TUF 26 Finale,Gerald Meerschaert,Eric Spicely,Favorite,-1.15,0,4,-0.53,0,-2.35,-0.03,0.85,0.18,-0.41,0.6,-1
TUF 26 Finale,Brett Johns,Joe Soto,Favorite,-1.05,1,6,-0.5,0.08,-1.54,-0.15,4.07,0.28,-0.12,-0.9,-5
TUF 26 Finale,Montana De La Rosa,Christina Marks,Favorite,-2.8,0,-1,-2.3,-0.22,0.2,-0.2,-5.79,-0.69,0.64,0.8,-9
TUF 26 Finale,Andrew Sanchez,Ryan Janes,Underdog,-4.23,-2,-2,-3.4,-0.05,-0.44,-0.09,2.19,-0.64,0.42,0,-6
TUF 26 Finale,Rachael Ostovich,Karine Gevorgyan,Favorite,-2.81,-1,-1,1.34,0.23,2.17,-0.2,2.02,0.83,0.66,0.8,-2
TUF 26 Finale,Shana Dobson,Ariel Beck,Favorite,-1.42,0,3,-1.11,0.02,0.89,-0.15,0.84,0.5,0.14,0,2
TUF 26 Finale,Emily Whitmire,Gillian Robertson,Underdog,-1.2,0,0,-0.11,-0.16,-0.15,-0.03,-0.63,0.23,0.26,-0.5,4
UFC Fight Night 123,Brian Ortega,Cub Swanson,Favorite,-0.1,0,-1,-0.63,-0.12,2.7,-0.1,0.07,-0.25,-0.05,0.8,-7
UFC Fight Night 123,Jason Knight,Gabriel Benitez,Underdog,-2.41,2,0,-2.31,-0.08,-1.48,-0.12,1.09,-0.19,-0.09,0.8,-4
UFC Fight Night 123,Marlon Moraes,Aljamain Sterling,Favorite,-0.65,-1,-4,-1.25,-0.12,2.23,-0.04,-1.44,0.13,0.01,-0.4,2
UFC Fight Night 123,Scott Holtzman,Darrell Horcher,Favorite,-0.45,-1,-1,2.27,0.02,-0.55,0.16,1.52,0.06,0.2,-0.5,4
UFC Fight Night 123,Eryk Anders,Markus Perez,Favorite,-3.64,0,2,0.81,0,0.44,-0.03,0.98,0.01,0.02,-0.9,2
UFC Fight Night 123,Benito Lopez,Albert Morales,Favorite,-0.27,1,1,0.57,0.1,1.21,0,-0.91,-0.35,0.03,0.09,-2
UFC Fight Night 123,Liz Carmouche,Alexis Davis,Underdog,-0.63,0,-2,-1.85,0.05,-1.95,0.06,1.62,0.07,0.31,-0.4,1
UFC Fight Night 123,Luke Sanders,Andre Soukhamthath,Underdog,-2.55,-3,-3,3.84,0.08,0.06,0.01,-0.54,-0.24,0.14,0,3
UFC Fight Night 123,Alex Perez,Carls John de Tomas,Favorite,-3.19,1,-6,2.35,0.08,-0.81,0.14,0.69,0.1,0.15,0.9,5
UFC Fight Night 123,Merab Dvalishvili,Frankie Saenz,Underdog,-1.08,0,2,0.56,-0.06,-1.13,0.04,4.68,0.04,0.19,0.2,-10
UFC Fight Night 123,Yuri Alcantara,Alejandro Perez,Underdog,-1.11,3,4,-0.73,0.1,-0.4,-0.12,0.89,0.4,-0.1,0.5,9
UFC Fight Night 123,Davi Ramos,Chris Gruetzemacher,Favorite,-3.08,-2,2,-3.54,-0.2,-1.52,0.04,1.74,-0.1,0.17,0.6,0
UFC Fight Night 123,Trevin Giles,Antonio Braga Neto,Favorite,-2.04,-3,-3,1.91,0.22,-1.7,0.12,-1.88,0.13,0.71,-0.2,-5
UFC on Fox 26 Lawler vs. dos Anjos,Rafael dos Anjos,Robbie Lawler,Favorite,-0.19,-3,-4,-0.38,0,-1.46,0.01,1.29,-0.3,-0.1,0.6,-3
UFC on Fox 26 Lawler vs. dos Anjos,Ricardo Lamas,Josh Emmett,Underdog,-2.05,2,1,-0.92,0.1,-1.75,-0.05,0.93,-0.04,0,0.8,3
UFC on Fox 26 Lawler vs. dos Anjos,Santiago Ponzinibbio,Mike Perry,Favorite,-0.91,2,2,0.58,-0.06,-0.5,0.08,-0.34,-0.11,-0.19,-0.2,5
UFC on Fox 26 Lawler vs. dos Anjos,Misha Cirkunov,Glover Teixeira,Underdog,-0.93,1,1,0.12,0.02,-1.37,0.05,2.04,0.06,0.16,0.8,-7
UFC on Fox 26 Lawler vs. dos Anjos,Jared Cannonier,Jan Blachowicz,Underdog,-1.13,-3,-1,1.26,0.02,1.21,0.05,-0.66,-0.09,-0.06,-0.3,-1
UFC on Fox 26 Lawler vs. dos Anjos,Julian Marquez,Darren Stewart,Favorite,-2.62,2,-2,1.81,-0.02,1.7,0.03,-1.75,-0.45,-0.15,2.5,1
UFC on Fox 26 Lawler vs. dos Anjos,Chad Laprise,Galore Bofando,Favorite,-0.61,-1,-1,1.15,-0.04,-0.05,0.1,-1.32,-0.46,0.28,0,-5
UFC on Fox 26 Lawler vs. dos Anjos,Nordine Taleb,Danny Roberts,Favorite,-0.71,0,0,0.48,0.12,-1.11,0.16,1.7,0.67,0.16,-0.2,6
UFC on Fox 26 Lawler vs. dos Anjos,Abel Trujillo,John Makdessi,Underdog,-0.96,0,2,-2.87,-0.09,-1.85,-0.1,2.18,0.45,-0.46,0.4,1
UFC on Fox 26 Lawler vs. dos Anjos,Alessio Di Chirico,Oluwale Bamgbose,Favorite,-0.34,1,-4,0.86,-0.09,0.73,0.05,0.52,0.06,0.46,0,-2
UFC on Fox 26 Lawler vs. dos Anjos,Jordan Mein,Erick Silva,Favorite,-0.68,0,-1,0.85,-0.04,-1.63,0.19,0.71,0.23,0.09,-1.2,-5
UFC 219,Cristiane Justino,Holly Holm,Favorite,-2.32,0,-1,4.15,0.12,-0.67,0.08,-0.21,0.25,0.17,0.3,-4
UFC 219,Khabib Nurmagomedov,Edson Barboza,Favorite,-3.05,-1,-5,-0.02,0.03,-2.91,0.08,4.87,-0.03,0.12,0.7,-3
UFC 219,Marc Diakiese,Daniel Hooker,Underdog,-1.12,-2,-2,-2.54,-0.08,-2.12,0.01,2.5,0.08,-0.15,-0.4,-3
UFC 219,Cynthia Calvillo,Carla Esparza,Underdog,-1.95,3,1,2.25,-0.03,1.43,0.08,-1.43,0.09,0.3,0.5,0
UFC 219,Carlos Condit,Neil Magny,Underdog,-0.77,-1,-5,0.18,-0.08,0.25,0.03,-1.58,0.06,-0.17,0.7,4
UFC 219,Khalil Rountree,Michal Oleksiejczuk,Underdog,-2.87,1,2,-1.22,-0.11,-0.09,-0.11,-0.75,-0.44,0.09,0.1,5
UFC 219,Myles Jury,Rick Glenn,Favorite,-1.6,-2,3,-1,-0.02,-1.94,0.15,1.61,0.42,-0.19,-0.11,0
UFC 219,Matheus Nicolau,Louis Smolka,Favorite,-2.07,-3,-2,-1.05,0.05,-0.93,0.13,-0.32,0.1,0.61,-1,-1
UFC 219,Tim Elliott,Mark Delarosa,Favorite,-1.26,1,1,0.26,0.09,-2.34,0.08,3.19,0.34,0.18,0.8,8
UFC Fight Night 124,Doo Ho Choi,Jeremy Stephens,Underdog,-0.83,1,-1,1.57,0.13,1.86,-0.04,-0.87,-0.18,-0.16,-0.4,-4
UFC Fight Night 124,Michael Johnson,Darren Elkins,Underdog,-1.1,0,2,0.82,0.01,0.56,0.04,-2.23,0.06,0.25,-1.11,-3
UFC Fight Night 124,Kamaru Usman,Emil Meek,Favorite,-5.53,1,2,1.84,0.13,0.21,0.16,2.57,0.12,0.42,-0.9,2
UFC Fight Night 124,James Krause,Alex White,Favorite,-0.99,2,2,1.03,0.07,1.04,0.01,0.03,-0.11,-0.12,0.4,2
UFC Fight Night 124,Paige VanZant,Jessica-Rose Clark,Underdog,-0.03,-1,1,-0.38,0.01,-0.89,-0.16,-0.39,-0.09,-0.28,0.7,-6
UFC Fight Night 124,Jessica Eye,Kalindra Faria,Favorite,-0.34,-1,4,1.63,-0.2,2.75,0.1,-0.74,-0.26,0.36,-0.2,0
UFC Fight Night 124,Irene Aldana,Talita Bernardo,Favorite,-1.24,5,0,2.12,-0.02,2.29,0.01,-1.47,0.28,0.48,-0.3,-1
UFC Fight Night 124,Matt Frevola,Marco Polo Reyes,Underdog,-1.4,-2,0,-2.29,0.04,-1.95,0,2.59,0.4,-0.05,0.9,-6
UFC Fight Night 124,Kyung Ho Kang,Guido Cannetti,Favorite,-2.49,3,5,-0.09,-0.08,0.49,0.04,-0.4,0.01,0.04,0.4,-8
UFC Fight Night 124,J.J. Aldrich,Danielle Taylor,Favorite,-0.19,5,7,1.12,0.17,1.06,-0.11,0.46,0.03,-0.04,-0.2,-3
UFC Fight Night 124,Mike Santiago,Mads Burnell,Underdog,-1.19,2,0,2.16,0.08,0.87,-0.16,-0.79,0.03,0.31,0.7,4
UFC 220,Francis Ngannou,Stipe Miocic,Underdog,-1.04,0,3,-2.5,-0.13,-1.66,-0.14,-1.11,0.27,0.02,0.3,-4
UFC 220,Daniel Cormier,Volkan Oezdemir,Favorite,-2.67,-3,-3,-0.34,0.05,-1,-0.02,1.26,0.1,0,0.3,11
UFC 220,Shane Burgos,Calvin Kattar,Underdog,-1.02,0,3,2.64,0.13,0.03,0.02,0.03,0.15,0.19,0.3,-3
UFC 220,Gian Villante,Francimar Barroso,Favorite,-0.93,2,1,1.61,-0.09,2.4,-0.04,-1.78,-0.01,0,0,-6
UFC 220,Thomas Almeida,Rob Font,Underdog,-0.1,-1,-1,-0.7,-0.03,1.27,0.04,-0.72,-0.21,0.28,-0.3,-4
UFC 220,Brandon Davis,Kyle Bochniak,Underdog,-0.23,3,2,2.04,0.03,-0.5,0,-0.4,0.27,-0.06,0.1,-3
UFC 220,Abdul Razak Alhassan,Sabah Homasi,Favorite,-1.28,-2,1,-1.62,0,-2.92,0.08,-1.91,-0.12,-0.17,0.2,3
UFC 220,Alexandre Pantoja,Dustin Ortiz,Underdog,-0.71,0,2,1.47,0.04,1.8,-0.07,-0.4,0.1,0.16,0.7,-1
UFC 220,Julio Arce,Dan Ige,Favorite,-0.62,0,-1,0.6,-0.1,-0.48,0.11,-0.61,0.02,0.38,0,2
UFC 220,Enrique Barzola,Matt Bessette,Favorite,-1.53,-3,0,-0.46,0,-1.48,0.1,3.56,0.17,0.05,0,-4
UFC 220,Islam Makhachev,Gleison Tibau,Favorite,-1.68,0,-1,0.51,0.28,-1.24,-0.03,-0.92,0.06,-0.03,0.19,-8
UFC on Fox 27,Ronaldo Souza,Derek Brunson,Favorite,-0.05,-3,-7,0.22,-0.08,2.25,-0.06,-2.64,-0.17,-0.25,-0.6,-12
UFC on Fox 27,Dennis Bermudez,Andre Fili,Underdog,-0.88,-5,-8,0.56,0.09,-1.05,0.07,1.73,-0.07,0.13,0.8,4
UFC on Fox 27,Gregor Gillespie,Jordan Rinaldi,Favorite,-4.14,-3,-1,2.18,0.17,-0.03,-0.03,5.41,0.13,0.8,-0.4,1
UFC on Fox 27,Drew Dober,Frank Camacho,Favorite,-0.83,-2,-3,-2.22,-0.06,-3.21,0,-0.41,-0.13,-0.17,0.1,0
UFC on Fox 27,Bobby Green,Erik Koch,Favorite,-1,0,0,4.12,0.1,0.93,0.15,0.16,-0.04,-0.08,-0.7,2
UFC on Fox 27,Mirsad Bektic,Godofredo Pepey,Favorite,-4.44,1,-3,0.11,0.02,-1.43,0.09,3.61,0.45,0.57,-1.11,-3
UFC on Fox 27,Katlyn Chookagian,Mara Romero Borella,Favorite,-1.1,5,3,-0.25,0.09,0.7,-0.17,-0.82,0.06,-0.66,-0.2,4
UFC on Fox 27,Randa Markos,Juliana Lima,Favorite,-0.72,-1,-2,1.03,-0.02,0.99,0.02,-0.6,-0.03,-0.18,0.2,-4
UFC on Fox 27,Justine Kish,Ji Yeon Kim,Underdog,-1.75,-2,-8,-0.87,0.12,-0.83,0,0.87,0.33,0,0,2
UFC on Fox 27,Joaquim Silva,Vinc Pichel,Underdog,-0.27,-2,-3,0.04,-0.04,1.48,-0.03,-2.39,-0.05,0.43,0.6,-6
UFC on Fox 27,Niko Price,George Sullivan,Favorite,-2.75,0,3,1.93,0.02,3.18,-0.09,-0.68,0,0.26,0,-9
UFC on Fox 27,Cory Sandhagen,Austin Arnett,Favorite,-0.67,-1,-2,0.81,0.03,-2.98,-0.05,0.92,0.15,0.07,0.09,0
UFC Fight Night 125,Eryk Anders,Lyoto Machida,Underdog,-1.81,0,1,0.82,-0.07,2.59,-0.11,0.58,-0.39,0.04,-0.31,-8
UFC Fight Night 125,Valentina Shevchenko,Priscila Cachoeira,Favorite,-7.83,-2,1,-0.48,0.08,-4.92,0.19,2.41,0.3,0.05,0.4,1
UFC Fight Night 125,Michel Prazeres,Desmond Green,Favorite,-0.43,-4,-6,-1.33,0,0,-0.12,2.31,-0.15,-0.29,0.6,8
UFC Fight Night 125,Marcelo Golm,Timothy Johnson,Underdog,-0.93,0,-2,0.83,0.12,1.21,0.01,-0.65,0.26,0.18,0.5,-8
UFC Fight Night 125,Marlon Vera,Douglas Silva de Andrade,Underdog,-1.04,1,2,0.64,0.1,1.49,-0.08,-0.08,-0.08,0,0.7,-7
UFC Fight Night 125,Thiago Santos,Anthony Smith,Favorite,-2,-2,0,0.49,0,-1.9,0.07,0.39,0.07,0.16,-0.6,5
UFC Fight Night 125,Tim Means,Sergio Moraes,Underdog,-1.42,2,3,2.66,0.07,-0.09,0.01,-0.05,0.02,-0.1,-0.2,-1
UFC Fight Night 125,Alan Patrick,Damir Hadzovic,Favorite,-1.69,2,4,-1.54,-0.08,-0.31,-0.19,2.22,-0.23,0.08,0.09,3
UFC Fight Night 125,Polyana Viana,Maia Stevenson,Favorite,-3.45,1,5,1.42,-0.15,-0.48,0.2,-3.1,-0.67,-0.12,1.9,-11
UFC Fight Night 125,Joe Soto,Yuri Alcantara,Underdog,0,-3,-6,0.63,-0.05,2.58,0.18,-0.59,-0.41,0.09,1.09,-6
UFC Fight Night 125,Joseph Morales,Deiveson Figueiredo,Underdog,0,1,1,-1.43,-0.19,-1.66,0.09,-1.12,0.08,-0.35,0.9,-7
UFC 221,Luke Rockhold,Yoel Romero,Underdog,-0.17,3,4,0.65,0,-0.37,-0.07,-0.88,-0.02,-0.13,1,-8
UFC 221,Curtis Blaydes,Mark Hunt,Favorite,-1.04,6,8,0.71,0.07,-1.07,0.07,5.21,-0.03,-0.33,-0.2,-17
UFC 221,Tai Tuivasa,Cyril Asker,Favorite,-2.36,2,1,0.6,0.09,-0.78,0.08,-4.41,-0.62,-0.44,-0.9,-7
UFC 221,Li Jingliang,Jake Matthews,Underdog,-0.84,1,-2,1.16,-0.04,1.27,-0.04,-0.35,0,-0.03,-0.6,7
UFC 221,Tyson Pedro,Saparbek Safarov,Favorite,-2.18,2,1,-1.14,0.1,-0.57,0.09,-1.76,-0.11,0.17,0.8,-5
UFC 221,Dong Hyun Ma,Damien Brown,Favorite,-0.48,1,2,-0.83,0.02,-0.77,0.04,0.59,0.26,-0.2,-0.7,-4
UFC 221,Israel Adesanya,Rob Wilkinson,Favorite,-2.47,1,0,1.19,-0.03,-2.56,0.17,-4.42,-0.11,0.77,0.1,2
UFC 221,Alex Volkanovski,Jeremy Kennedy,Favorite,-1.16,0,2,1.81,-0.08,8.33,-0.07,-5.73,-0.52,-0.66,0,6
UFC 221,Jussier Formiga,Ben Nguyen,Favorite,-0.02,0,2,-2.09,-0.02,-0.67,0.05,1.57,0.01,0.24,-0.4,4
UFC 221,Ross Pearson,Mizuto Hirota,Favorite,-0.91,1,2,0.32,0,0.58,0.07,-0.63,-0.16,0.17,-0.1,-4
UFC 221,Jose Quinonez,Teruto Ishihara,Favorite,-1.04,1,0,0.34,0.01,-0.63,0.1,2.2,0.3,0.12,0.6,1
UFC 221,Daichi Abe,Luke Jumeau,Underdog,-0.74,0,-1,0.86,-0.1,1.32,-0.02,0.08,-0.5,-0.86,0,-4
UFC Fight Night 126,Donald Cerrone,Yancy Medeiros,Favorite,-0.16,3,-2,0.04,0.09,-1.19,0.06,0.82,-0.17,0,0.5,5
UFC Fight Night 126,Marcin Tybura,Derrick Lewis,Underdog,-0.2,0,-1,1.12,-0.03,0.87,0.15,0.86,0.07,0.27,0.1,-1
UFC Fight Night 126,James Vick,Francisco Trinaldo,Favorite,-1.5,6,6,1,-0.06,0.64,0,-0.72,-0.09,-0.04,0.19,-8
UFC Fight Night 126,Thiago Alves,Curtis Millender,Underdog,-0.76,-5,-6,-0.13,-0.06,0.46,0.01,0.27,-0.4,0.06,0.3,4
UFC Fight Night 126,Brandon Davis,Steven Peterson,Favorite,-0.85,0,2,-0.09,-0.06,-1.33,0.04,-0.68,0.15,-0.08,-0.6,1
UFC Fight Night 126,Sage Northcutt,Thibault Gouti,Favorite,-2.9,2,-1,-0.11,0.18,-3.68,0.07,0.58,-0.46,-0.42,0.3,-9
UFC Fight Night 126,Jared Gordon,Carlos Diego Ferreira,Underdog,-1.61,0,-6,0.34,0.17,-0.04,0,0.99,0.1,0.02,-0.6,-4
UFC Fight Night 126,Joby Sanchez,Roberto Sanchez,Underdog,-0.6,0,2,2.26,-0.05,1.03,0.17,-2.66,0.08,0.01,-0.3,-6
UFC Fight Night 126,Lucie Pudilova,Sarah Moras,Favorite,-0.66,1,0,1.4,0.02,0.25,0.01,-0.12,0.06,0.33,-0.11,-7
UFC Fight Night 126,Alex Morono,Josh Burkman,Favorite,-2.79,1,0,2.18,-0.03,1.03,0.06,-2.21,-0.14,-0.17,0.1,-11
UFC Fight Night 126,Oskar Piechota,Tim Williams,Favorite,-2.6,-2,0,0.23,0.14,0.38,0.03,-1.21,0,-0.62,1.5,-3
UFC on Fox 28,Jeremy Stephens,Josh Emmett,Favorite,-0.48,3,1,-0.88,0.04,-1.57,-0.04,0.24,0.01,0.19,0.3,-2
UFC on Fox 28,Jessica Andrade,Tecia Torres,Favorite,-1.96,-6,-8,5.52,0.15,4.13,-0.1,0.31,0.22,0.21,0.3,3
UFC on Fox 28,Ovince St Preux,Ilir Latifi,Underdog,-0.75,5,7,0.98,0.01,0.38,-0.1,-1.01,0.01,-0.33,0.2,0
UFC on Fox 28,Mike Perry,Max Griffin,Underdog,-3.39,-1,-5,0.4,-0.03,1.35,-0.05,-0.64,-0.01,0.09,-0.1,-6
UFC on Fox 28,Renan Barao,Brian Kelleher,Underdog,-0.99,0,4,0.38,-0.05,-0.74,0.02,-0.25,0,0.31,-0.2,0
UFC on Fox 28,Sara McMann,Marion Reneau,Underdog,-1.18,0,-2,-0.95,0.05,-1.6,-0.12,3.76,0.02,0,-0.31,-3
UFC on Fox 28,Angela Hill,Maryna Moroz,Favorite,-0.58,-4,-3,0.96,0.15,-0.03,0.09,0.1,0.09,0.34,-0.5,7
UFC on Fox 28,Alan Jouban,Ben Saunders,Favorite,-1.92,-2,-4,2.44,0,0.18,0.08,0.31,0.03,-0.09,-1,1
UFC on Fox 28,Marcin Prachnio,Sam Alvey,Underdog,-1.68,1,-1,2.33,0.11,-0.34,0.02,0.11,0.06,-0.24,-0.1,-3
UFC on Fox 28,Rani Yahya,Russell Doane,Favorite,-1.65,-1,-3,-0.05,-0.03,0.4,-0.04,0.62,-0.16,-0.24,1,2
UFC on Fox 28,Eric Shelton,Alex Perez,Underdog,-0.15,0,3,-1.53,-0.04,-1.25,0.04,0.77,0.07,-0.36,-0.7,1
UFC on Fox 28,Manny Bermudez,Albert Morales,Favorite,-0.93,1,-1,-0.9,0.26,-1.28,-0.11,2.15,0.19,-0.7,2.9,-3
UFC 222,Cristiane Justino,Yana Santos,Favorite,-8.69,2,0,3.12,-0.05,-0.78,0.14,-0.46,0.02,0.52,0.3,4
UFC 222,Frankie Edgar,Brian Ortega,Underdog,-0.81,-2,-1,-0.31,0.02,-3.72,0.16,1.12,0.03,0.08,-0.9,9
UFC 222,Sean O'Malley,Andre Soukhamthath,Favorite,-0.29,2,2,4.85,0.17,-0.79,0.13,-0.9,-0.12,0.04,0.09,-6
UFC 222,Stefan Struve,Andrei Arlovski,Underdog,-1.11,8,7,-0.66,0.01,0.83,-0.11,0.18,0.1,-0.21,1.5,-9
UFC 222,Ketlen Vieira,Cat Zingano,Favorite,-0.97,2,0,0.47,-0.2,2.29,0.04,-1.26,-0.22,0.5,-0.21,-9
UFC 222,Mackenzie Dern,Ashley Yoder,Favorite,-3.8,-3,-6,-0.11,0.01,-0.05,0.04,-0.31,-0.13,-0.38,0.7,-5
UFC 222,Beneil Dariush,Alexander Hernandez,Underdog,-3.48,1,0,-0.56,0.07,-2.02,0.01,0.83,0.03,0.21,0.8,4
UFC 222,John Dodson,Pedro Munhoz,Favorite,-1.7,-3,1,-2.12,-0.03,-2.66,0.04,0.19,0.1,0,-0.5,2
UFC 222,Hector Lombard,C.B. Dollaway,Underdog,-0.27,-5,-5,0.37,-0.01,0.77,-0.02,-1.86,-0.07,0.15,-0.7,6
UFC 222,Zak Ottow,Mike Pyle,Favorite,-2.51,-1,-2,-0.12,-0.1,-0.11,-0.03,-0.83,-0.06,-0.13,-1.11,-11
UFC 222,Cody Stamann,Bryan Caraway,Favorite,-0.39,-2,-4,1.86,0.12,0.02,0.07,-0.23,0.14,-0.05,-0.8,-5
UFC 222,Jordan Johnson,Adam Milstead,Favorite,-1.92,-1,3,-0.4,0,-2.15,0.1,3.25,0.42,0.36,1.2,-1
UFC Fight Night 127,Fabricio Werdum,Alexander Volkov,Underdog,-1.34,-3,-3,-1.51,-0.05,-0.36,0.01,1.26,-0.32,-0.42,1,11
UFC Fight Night 127,Jimi Manuwa,Jan Blachowicz,Underdog,-2.64,-1,1,0.02,0.04,1.06,-0.05,-0.57,-0.32,0.01,0.1,3
UFC Fight Night 127,Tom Duquesnoy,Terrion Ware,Favorite,-2.84,-1,-3,-0.19,0.13,-0.78,0.12,-0.09,0.03,0.02,0,-8
UFC Fight Night 127,Leon Edwards,Peter Sobotta,Favorite,-1.32,2,-1,0.6,0.13,-0.57,-0.04,-0.29,0.02,-0.08,-0.1,-5
UFC Fight Night 127,John Phillips,Charles Byrd,Underdog,-0.12,1,2,-1.72,-0.22,1.4,-0.07,-2.5,-0.5,-0.33,-1.5,-2
UFC Fight Night 127,Stevie Ray,Kajan Johnson,Underdog,-1.07,-1,-5,1.25,0.02,1.34,-0.1,-0.79,0.09,-0.07,0.4,-6
UFC Fight Night 127,Hakeem Dawodu,Danny Henry,Underdog,-2.2,-4,0,0.25,-0.02,-0.79,0.11,-0.74,-0.33,0.15,-2.21,-3
UFC Fight Night 127,Magomed Ankalaev,Paul Craig,Underdog,-4.83,0,-1,1.19,0.07,-0.73,0.14,-0.66,0.1,0.49,-1.6,-5
UFC Fight Night 127,Danny Roberts,Oliver Enkamp,Favorite,-0.86,1,-3,0.8,0.03,0.18,0.13,-0.63,-0.08,0.56,0.2,4
UFC Fight Night 127,Dmitriy Sosnovskiy,Mark Godbeer,Favorite,-1.94,-1,0,-1.02,0.16,-0.77,-0.2,3.16,0.66,0.72,3.2,-6
UFC 223,Khabib Nurmagomedov,Al Iaquinta,Favorite,-5.63,0,0,0.04,0.07,-2.78,0.04,4.69,0.3,0.09,0.6,-2
UFC 223,Joanna Jedrzejczyk,Rose Namajunas,Underdog,-0.17,1,0,2.59,0.07,-0.26,-0.02,-1.11,0.15,0.21,-0.4,5
UFC 223,Calvin Kattar,Renato Moicano,Underdog,-0.05,0,0,0.37,-0.09,3.07,-0.06,-1.5,-0.17,0,-0.5,1
UFC 223,Joe Lauzon,Chris Gruetzemacher,Underdog,-0.67,2,3,-3.34,-0.18,0.42,0.02,2.18,-0.05,-0.11,2,3
UFC 223,Zabit Magomedsharipov,Kyle Bochniak,Favorite,-5.59,6,3,2.25,0.17,-2.12,0.06,4.08,0.41,0.15,0.8,-4
UFC 223,Karolina Kowalkiewicz,Felice Herrig,Favorite,-1.16,-1,-1,1.87,0.06,0.35,0.09,-0.74,-0.06,-0.03,-0.61,-1
UFC 223,Evan Dunham,Olivier Aubin-Mercier,Underdog,-0.48,1,0,2.85,-0.12,0.56,0.05,-0.54,0,0.09,0.5,7
UFC 223,Ashlee Evans-Smith,Bec Rawlings,Favorite,-1.42,2,3,-0.46,-0.08,-1.08,-0.04,0.24,-0.19,-0.19,-0.4,1
UFC 223,Mike Rodriguez,Devin Clark,Underdog,-0.14,4,7,1.31,-0.02,1,-0.04,-2.17,-0.32,-0.21,-0.1,1
UFC on Fox 29,Dustin Poirier,Justin Gaethje,Favorite,-0.23,-2,2,-1.33,-0.08,-3.1,0.01,1.22,0.1,-0.12,1.4,0
UFC on Fox 29,Alex Oliveira,Carlos Condit,Favorite,-1.06,-3,1,-0.67,0.12,-0.13,-0.1,1.76,-0.09,0.25,-0.4,-4
UFC on Fox 29,Israel Adesanya,Marvin Vettori,Favorite,-1.7,4,6,-0.63,0.02,-1.14,0,-1.61,-0.31,0.08,-0.4,4
UFC on Fox 29,Cortney Casey,Michelle Waterson,Underdog,-0.9,4,5,0.73,-0.08,-0.2,0.06,-1.03,-0.02,-0.31,-0.2,-1
UFC on Fox 29,Antonio Carlos Junior,Tim Boetsch,Favorite,-1.85,2,5,-0.99,-0.09,-0.76,-0.05,1.97,0.04,-0.06,0,-9
UFC on Fox 29,Muslim Salikhov,Ricky Rainey,Favorite,-1.24,-2,-7,0.81,0.03,0.31,0.15,0.32,0.22,0.17,0,-1
UFC on Fox 29,Wilson Reis,John Moraga,Underdog,-0.23,-2,-1,-0.74,-0.15,0.49,-0.02,4.53,0.18,0.02,-0.51,-1
UFC on Fox 29,Krzysztof Jotko,Brad Tavares,Underdog,-0.16,0,3,-0.4,-0.02,-0.92,0.01,0.55,0.13,0,0.1,-2
UFC on Fox 29,Gilbert Burns,Dan Moret,Favorite,-4.87,-2,-2,0.62,0.04,-0.15,0.11,0.99,0.1,0.04,0.09,0
UFC on Fox 29,Lauren Mueller,Shana Dobson,Favorite,-0.69,-1,-2,0.74,0.03,-1.44,0.07,-0.15,0,0.56,0,-3
UFC on Fox 29,Yushin Okami,Dhiego Lima,Favorite,-0.22,0,0,-1.06,-0.02,-1.63,0.02,0.72,0.04,0.1,-0.1,7
UFC on Fox 29,Arjan Bhullar,Adam Wieczorek,Underdog,-2.83,-4,-6,0.65,0.18,1.38,0.1,1.32,0.42,0.42,-0.4,6
UFC on Fox 29,Matthew Lopez,Alejandro Perez,Underdog,-0.05,1,2,-0.33,0.15,0.54,-0.06,2.78,0.38,0.01,1,3
UFC on Fox 29,Luke Sanders,Patrick Williams,Favorite,-3.51,-2,-6,2.49,0.01,0.25,-0.03,-2,-0.11,-0.29,-0.3,-4
UFC Fight Night 128,Kevin Lee,Edson Barboza,Favorite,-0.86,-2,2,-0.24,-0.03,-1.06,-0.07,2.73,-0.08,0.03,0.7,-7
UFC Fight Night 128,Frankie Edgar,Cub Swanson,Favorite,-2.25,-2,-2,-0.94,-0.1,-1.02,0.06,1.2,-0.22,0.04,-0.11,2
UFC Fight Night 128,Justin Willis,Chase Sherman,Favorite,-2.4,-3,0,-2.67,0.13,-4.08,0.04,0.87,0.16,-0.38,0,2
UFC Fight Night 128,Thiago Santos,David Branch,Underdog,-0.9,1,-2,2.06,0.08,0.65,-0.04,-1.67,0.01,0.22,0.1,-2
UFC Fight Night 128,Aljamain Sterling,Brett Johns,Favorite,-0.07,0,0,1.75,0.03,-1.54,0.04,-2.61,-0.22,-0.13,-0.31,2
UFC Fight Night 128,Daniel Hooker,Jim Miller,Favorite,-2.51,4,4,2.09,0.06,1.25,-0.06,-0.74,-0.1,0.33,-1.3,-6
UFC Fight Night 128,Ryan LaFlare,Alex Garcia,Favorite,-0.66,4,2,1.08,0.09,-1.17,0.04,-1.6,-0.09,-0.09,0.1,4
UFC Fight Night 128,Ricky Simon,Merab Dvalishvili,Favorite,-0.49,0,1,-1.5,0.02,1.23,0.04,-0.94,0.1,-0.05,0.1,-2
UFC Fight Night 128,Luan Chagas,Siyar Bahadurzada,Underdog,-0.86,1,2,1.25,0.06,-0.05,0.13,-1,-0.49,0.23,0,-10
UFC Fight Night 128,Corey Anderson,Patrick Cummins,Favorite,-0.67,1,3,0.16,-0.04,-1.13,0.03,0.39,0.09,0.54,-0.1,-9
UFC Fight Night 128,Tony Martin,Keita Nakamura,Favorite,-1.48,1,0,0.45,0.01,-0.62,0,-0.94,-0.21,0.05,0.7,-6
UFC 224,Amanda Nunes,Raquel Pennington,Favorite,-6.52,1,2,0.41,-0.02,-0.67,-0.04,1.83,0.27,0.18,0,0
UFC 224,Ronaldo Souza,Kelvin Gastelum,Underdog,-0.14,1,-1,0.18,-0.02,2.06,-0.13,-0.46,-0.14,0.01,-0.1,-4
UFC 224,Mackenzie Dern,Amanda Cooper,Favorite,-1.86,1,-1,-0.24,-0.04,0.88,0,-0.74,-0.23,0,-0.5,-1
UFC 224,John Lineker,Brian Kelleher,Favorite,-1.78,-3,1,1.97,-0.01,-0.38,0.02,-1.18,0.17,0.07,-0.1,-4
UFC 224,Lyoto Machida,Vitor Belfort,Favorite,-1.62,1,0,0.99,0.07,-1.26,0.1,0.18,0.05,0.21,-0.2,-2
UFC 224,Cezar Ferreira,Karl Roberson,Favorite,0,0,4,-0.67,-0.1,0.02,-0.04,1.97,0.13,0.42,0,6
UFC 224,Junior Albini,Aleksei Oleinik,Underdog,-0.73,1,-6,0.69,0.03,2.28,0.08,-0.29,-0.1,0.63,-1.9,-13
UFC 224,Davi Ramos,Nick Hein,Favorite,-0.62,0,4,-0.01,0.02,-0.17,-0.03,1.08,0.07,0,0.6,-3
UFC 224,Sean Strickland,Elizeu Zaleski dos Santos,Underdog,-0.05,2,3,1.39,-0.02,1,0.05,0.42,0.51,0.08,-0.2,-4
UFC 224,Warlley Alves,Sultan Aliev,Favorite,-2.05,0,-2,1.63,0.02,1.75,-0.07,-0.54,0.12,-0.38,0.8,-6
UFC 224,Jack Hermansson,Thales Leites,Favorite,-0.56,0,-1,2.96,0.03,0.69,0.04,-0.58,0.02,0.5,-0.7,-7
UFC 224,Ramazan Emeev,Alberto Mina,Favorite,-0.95,-2,-1,-0.71,0.07,-1.56,0.18,0.52,0.08,0.16,0.7,-5
UFC 224,Markus Perez,James Bochnovic,Favorite,-2.31,-3,-8,1.95,0.2,0.08,0.31,0.81,0.25,0.77,1,0
UFC Fight Night 130,Stephen Thompson,Darren Till,Underdog,-0.65,0,1,1.81,0,-0.29,-0.03,-0.3,-0.06,-0.04,0,10
UFC Fight Night 130,Neil Magny,Craig White,Favorite,-5.42,1,4,2.24,0.06,-0.86,0.13,2.17,0.4,0.04,-0.5,3
UFC Fight Night 130,Arnold Allen,Mads Burnell,Favorite,-1.78,0,1,2.11,-0.01,0.2,0.09,-2.44,0.03,0.53,0,0
UFC Fight Night 130,Jason Knight,Makwan Amirkhani,Underdog,-0.94,0,-1,1.62,-0.11,0.04,0.04,-2.65,-0.12,0.12,0.59,-4
UFC Fight Night 130,Nordine Taleb,Claudio Silva,Underdog,-3.46,2,3,1.18,0.09,-0.38,0.2,-0.92,0.5,0.28,-1.11,1
UFC Fight Night 130,Eric Spicely,Darren Stewart,Underdog,-0.85,1,-1,0.66,0,2.42,0.07,-0.44,-0.25,0.07,0.9,4
UFC Fight Night 130,Tom Breese,Daniel Kelly,Favorite,-2.96,3,3,-0.29,0.12,-1.83,-0.02,-1.86,-0.34,-0.09,0.8,-14
UFC Fight Night 130,Gina Mazany,Lina Lansberg,Underdog,-0.72,-1,3,1.04,-0.06,-0.36,0.06,3.82,0.25,-0.14,0.1,-7
UFC Fight Night 130,Carlo Pedersoli Jr.,Brad Scott,Favorite,-0.64,-2,-1,0.64,-0.04,-0.19,0.04,2.59,0.29,-0.63,-0.7,-4
UFC Fight Night 130,Molly McCann,Gillian Robertson,Underdog,-0.87,-1,-1,3.18,0.02,1.82,0.06,-0.71,-0.05,0,-0.4,5
UFC Fight Night 130,Elias Theodorou,Trevor Smith,Favorite,-3.02,-2,0,0.9,-0.14,-0.92,0.02,-0.43,-0.04,-0.02,-0.7,-8
UFC Fight Night 131,Jimmie Rivera,Marlon Moraes,Underdog,-0.18,-2,1,0.66,0,-0.64,0.05,0.01,-0.14,0.46,-0.2,-2
UFC Fight Night 131,Gregor Gillespie,Vinc Pichel,Favorite,-3.73,-3,-1,0.12,0.06,-0.75,0.01,4.08,-0.07,0.75,0.6,-4
UFC Fight Night 131,Walt Harris,Daniel Spitz,Favorite,-1.59,-2,-5,0.44,0.04,-1.97,0.08,-0.45,-0.38,0.7,0.1,7
UFC Fight Night 131,Jake Ellenberger,Ben Saunders,Underdog,-0.84,-5,-6,-0.76,-0.11,-0.75,0.08,1.84,0.06,0.19,-0.9,-2
UFC Fight Night 131,Julio Arce,Daniel Teymur,Favorite,-1.13,2,1,1.28,-0.11,-0.89,0.12,-0.11,0.1,0.36,0,-2
UFC Fight Night 131,Sam Alvey,Gian Villante,Favorite,-0.64,-1,-1,-1.11,0,-1.84,-0.04,-0.39,-0.09,-0.02,0.1,0
UFC Fight Night 131,Sijara Eubanks,Lauren Murphy,Favorite,-1.37,-1,0,0.25,0.03,-1.82,0.01,0.86,0.19,-0.03,0.2,-1
UFC Fight Night 131,David Teymur,Nik Lentz,Favorite,-2.29,1,5,1.25,-0.04,0.27,0.05,-2.36,0.01,0.34,-1.2,-4
UFC Fight Night 131,Belal Muhammad,Chance Rencountre,Favorite,-3.5,-3,-3,3.45,0.23,0.02,0.07,0.62,0.08,0.77,-0.1,-2
UFC Fight Night 131,Desmond Green,Gleison Tibau,Favorite,-2.52,0,2,1.75,0.15,0,0.05,-2.46,-0.04,-0.18,-0.8,-6
UFC Fight Night 131,Nathaniel Wood,Johnny Eduardo,Favorite,-1.82,-1,-2,2.96,0.1,0.99,-0.07,1.52,0.27,0.12,0.09,-14
UFC Fight Night 131,Jose Torres,Jarred Brooks,Favorite,-0.56,1,3,2.25,-0.11,8.18,-0.12,-3.26,-0.24,0.06,-0.6,0
UFC 225,Robert Whittaker,Yoel Romero,Favorite,-2.3,0,0,1.13,-0.08,0.4,-0.02,-0.76,0.08,0.03,0,-14
UFC 225,Colby Covington,Rafael dos Anjos,Favorite,-0.46,3,2,0.39,-0.09,-0.23,-0.05,1.84,0.09,0.12,-0.4,-3
UFC 225,Holly Holm,Megan Anderson,Favorite,-0.95,-4,-3,1.37,-0.06,-0.44,0.18,0.35,0.04,0.23,-0.4,8
UFC 225,Tai Tuivasa,Andrei Arlovski,Favorite,-1.65,-1,-2,0.18,0.03,1.84,-0.14,-0.38,-0.36,-0.2,-0.2,-14
UFC 225,Mike Jackson,Phil Brooks,Favorite,-1.19,4,2,0.23,-0.03,1.19,0.05,-1.37,-0.18,0.06,-0.3,2
UFC 225,Curtis Blaydes,Alistair Overeem,Favorite,-1.18,0,0,-0.15,-0.15,-0.61,0.02,4.3,-0.03,-0.42,-0.8,-11
UFC 225,Claudia Gadelha,Carla Esparza,Favorite,-3.87,3,0,1.14,0,1.88,0.01,-0.2,0.07,0.1,0.4,-1
UFC 225,Mirsad Bektic,Ricardo Lamas,Favorite,-1.7,0,-1,-0.7,-0.06,-1.07,0,2.13,0.19,0.46,-0.5,-9
UFC 225,Rashad Coulter,Chris de la Rocha,Underdog,-0.29,-4,-4,0.74,0.11,0.3,0.07,-2.02,-0.3,0.28,-1,-3
UFC 225,Anthony Smith,Rashad Evans,Favorite,-1.62,4,1,1.08,0.1,2.04,-0.17,-2.5,-0.18,-0.24,0.7,-9
UFC 225,Joseph Benavidez,Sergio Pettis,Underdog,-1.31,-2,-4,-0.36,-0.03,-0.25,-0.05,0.55,-0.11,-0.06,0.19,9
UFC 225,Charles Oliveira,Clay Guida,Favorite,-0.61,3,4,0.75,0.2,0.19,-0.1,-0.96,0.04,-0.12,2.19,-8
UFC 225,Dan Ige,Mike Santiago,Favorite,-0.17,-3,2,0.31,-0.04,-0.07,0.2,-1.6,-0.24,0.04,-0.8,-2
UFC Fight Night 132,Leon Edwards,Donald Cerrone,Favorite,-1.76,1,1,-1.66,0.07,-2.15,0.01,0.09,0.01,-0.04,-0.8,-9
UFC Fight Night 132,Tyson Pedro,Ovince St Preux,Underdog,-0.52,0,-1,-0.13,0.12,-0.93,0.09,-0.35,-0.06,-0.18,0.3,-9
UFC Fight Night 132,Jake Matthews,Shinsho Anzai,Favorite,-4.54,4,3,0.06,-0.13,-1.19,0.14,-0.24,0.24,-0.13,0.6,-9
UFC Fight Night 132,Naoki Inoue,Matt Schnell,Underdog,-1.15,1,1,-0.57,-0.04,-1.19,0.04,-0.59,-0.44,0.09,1.5,-8
UFC Fight Night 132,Jessica-Rose Clark,Jessica Eye,Underdog,-0.88,-1,-2,-0.13,0.14,-0.69,0.02,1.08,0.01,0.05,-0.2,-1
UFC Fight Night 132,Viviane Pereira,Yan Xiaonan,Underdog,-0.88,-4,0,-2.27,-0.15,0.82,0,-0.75,0.27,-0.34,0.2,-4
UFC Fight Night 132,Petr Yan,Teruto Ishihara,Favorite,-4.98,0,-2,1.88,0.09,0.73,0.04,1.23,0.35,0.55,0.1,-1
UFC Fight Night 132,Li Jingliang,Daichi Abe,Favorite,-1.7,1,0,0.66,0.08,-0.66,0,0.92,-0.1,0.6,0,4
UFC Fight Night 132,Yuta Sasaki,Jenel Lausa,Favorite,-1.87,5,3,0.72,-0.02,-1.03,-0.04,2.47,-0.24,-0.11,0.39,-1
UFC Fight Night 132,Yadong Song,Felipe Arantes,Favorite,-0.09,0,-6,2.12,-0.03,1.29,-0.09,-0.27,-0.07,0.31,-0.5,-10
UFC Fight Night 132,Kenan Song,Hector Aldana,Favorite,-2.24,1,-1,0.77,0.08,1.29,-0.09,-0.6,-0.5,0.61,0,-1
UFC Fight Night 132,Shane Young,Rolando Dy,Favorite,-0.88,0,3,2.15,0.03,0.99,0,0.33,-0.03,-0.05,0,-3
UFC Fight Night 132,Ji Yeon Kim,Melinda Fabian,Favorite,-1.15,1,6,1.34,-0.05,1.41,-0.06,0,0,-0.5,0.1,-2
TUF 27 Finale,Israel Adesanya,Brad Tavares,Favorite,-0.14,3,6,0.55,0.04,-0.05,0.01,-0.73,-0.12,-0.05,0.1,-2
TUF 27 Finale,Joe Giannetti,Mike Trizano,Underdog,-0.9,2,4,0.25,-0.02,-0.2,-0.13,-1.58,-0.12,0,-1,-14
TUF 27 Finale,Julian Marquez,Alessio Di Chirico,Underdog,-0.65,2,-2,1.54,0.04,1.55,-0.1,-1.46,-0.39,-0.3,2.6,0
TUF 27 Finale,Alex Caceres,Martin Bravo,Favorite,-0.43,2,2,-3.45,0.09,-2.63,0.1,-2.06,0.33,-0.21,0.7,5
TUF 27 Finale,Luis Pena,Richie Smullen,Favorite,-3.11,6,7,1.68,-0.31,0.86,-0.15,-7.32,-0.33,0.48,1.2,-2
TUF 27 Finale,Barb Honchak,Roxanne Modafferi,Underdog,-0.85,-3,-4,0.69,0,-1.04,0.15,-1.35,-0.23,-0.3,1.2,3
TUF 27 Finale,Montana De La Rosa,Rachael Ostovich,Favorite,-0.8,4,6,0.16,-0.08,-0.77,-0.13,-0.32,-0.52,-0.03,0,-4
TUF 27 Finale,Brad Katona,Jay Cucciniello,Favorite,-1.86,-1,-4,3.78,0.28,0.25,0.12,1.5,0.27,-0.19,0,-5
TUF 27 Finale,John Gunther,Allan Zuniga,Favorite,-0.67,2,2,-2.29,-0.16,1.92,-0.15,7.08,0.42,-0.57,-1,6
TUF 27 Finale,Tyler Diamond,Bryce Mitchell,Underdog,-0.38,-3,-1,1.1,-0.11,0.89,-0.14,-0.46,0.34,0.36,-1.6,4
TUF 27 Finale,Matt Bessette,Steven Peterson,Underdog,-0.51,0,0,-0.4,0,-1.5,0.04,-0.78,0.02,-0.04,-0.4,6
TUF 27 Finale,Oskar Piechota,Gerald Meerschaert,Underdog,-1.52,-1,-1,0.11,0.07,0.56,-0.03,-1.56,0.02,0.03,-0.11,-2
UFC 226,Stipe Miocic,Daniel Cormier,Underdog,-1.23,5,8,0.57,0.01,0.89,0,0.03,-0.1,-0.12,-0.4,-4
UFC 226,Francis Ngannou,Derrick Lewis,Underdog,-2.4,1,4,-0.15,-0.1,-0.32,0,0.19,0.36,0.18,0.3,-2
UFC 226,Paul Felder,Mike Perry,Underdog,-0.8,1,-1,-0.63,-0.03,-1.73,-0.05,-0.52,-0.12,-0.15,0,8
UFC 226,Michael Chiesa,Anthony Pettis,Underdog,-0.98,3,3,-1.18,-0.07,-1.74,0,2.72,0,0,-0.11,-1
UFC 226,Gokhan Saki,Khalil Rountree,Underdog,-0.56,-1,-3,3.25,0.18,0.39,0.03,0,0,0.42,-0.1,6
UFC 226,Raphael Assuncao,Rob Font,Favorite,-0.6,-3,-5,-2.31,-0.04,-1.15,0.09,0.75,0.04,0.32,-0.1,5
UFC 226,Lando Vannata,Drakkar Klose,Underdog,-1.2,0,1,0.14,-0.11,1.29,0.04,-0.49,0.1,0,0.3,-4
UFC 226,Curtis Millender,Max Griffin,Favorite,-0.94,3,0,-0.07,-0.03,-0.86,0.04,-1.02,0.59,-0.12,-0.3,-2
UFC 226,Daniel Hooker,Gilbert Burns,Favorite,-0.16,2,4,1.79,0,1.34,-0.04,-1.46,-0.04,0.3,-0.1,-3
UFC 226,Jamie Moyle,Emily Whitmire,Underdog,-1.18,-4,2,2,0.2,1.02,0.1,-0.9,-0.46,-0.2,-0.5,2
UFC Fight Night 133,Junior dos Santos,Blagoy Ivanov,Favorite,-1.33,5,4,1.24,0.06,-0.88,0.03,-0.39,0.09,0.2,0,3
UFC Fight Night 133,Sage Northcutt,Zak Ottow,Favorite,-0.52,1,-1,0.95,0.16,-0.77,0,0.84,0.05,-0.16,0.19,-9
UFC Fight Night 133,Chad Mendes,Myles Jury,Favorite,-0.98,-4,-7,-0.17,0.07,0.18,0.01,1.96,0,0.5,0,4
UFC Fight Night 133,Alex Volkanovski,Darren Elkins,Favorite,-1.62,1,2,0.6,0.01,7.64,-0.12,-2.85,-0.35,-0.57,-1.11,-3
UFC Fight Night 133,Marion Reneau,Cat Zingano,Underdog,-0.05,0,0,0.63,-0.2,1.89,0.12,-2.15,-0.03,0.08,0,5
UFC Fight Night 133,Alejandro Perez,Eddie Wineland,Favorite,-1.07,-1,-2,0.05,0.06,-0.58,-0.08,0.2,-0.12,-0.17,0.2,-5
UFC Fight Night 133,Dennis Bermudez,Rick Glenn,Underdog,-1.07,-6,-4,0.48,0.03,-1.03,0.07,3.34,0.27,0.13,0.7,2
UFC Fight Night 133,Said Nurmagomedov,Justin Scoggins,Favorite,-0.18,1,4,-0.02,-0.05,-0.04,0.01,-2.41,-0.47,-0.16,0.89,0
UFC Fight Night 133,Randy Brown,Niko Price,Underdog,-0.35,3,2,-1.09,0.04,-2.27,0.06,0.08,0.19,0.09,-0.2,-1
UFC Fight Night 133,Kurt Holobaugh,Raoni Barcelos,Underdog,-0.87,4,3,-0.85,-0.09,-0.72,-0.13,-1.16,0.03,-0.39,0.3,0
UFC Fight Night 133,Liz Carmouche,Jennifer Maia,Favorite,-0.21,2,2,-1.57,0.16,-2.01,0.05,2.15,0.24,0.07,0.2,5
UFC Fight Night 133,Elias Garcia,Mark Delarosa,Underdog,-0.43,-1,2,-1.54,-0.08,0.04,0.02,0.14,0.01,-0.08,1.2,2
UFC Fight Night 133,Jodie Esquibel,Jessica Aguilar,Underdog,-0.86,-2,1,-0.83,-0.19,0.17,-0.02,-0.19,-0.05,0.32,-0.2,-4
UFC Fight Night 134,Anthony Smith,Mauricio Rua,Favorite,-0.89,3,0,-0.34,-0.03,1.67,-0.09,-1.52,-0.22,0,0,-7
UFC Fight Night 134,Glover Teixeira,Corey Anderson,Underdog,-0.53,-1,-3,-0.7,0.02,2.2,-0.08,-2.78,-0.17,-0.23,0.9,10
UFC Fight Night 134,Abu Azaitar,Vitor Miranda,Favorite,-1.32,-4,-1,1.4,-0.03,1.37,-0.07,0.05,-0.19,-0.09,-0.2,-7
UFC Fight Night 134,Marcin Tybura,Stefan Struve,Favorite,-1.4,-8,-6,0.48,0.01,-0.69,0.09,0.86,-0.13,0.24,-1.6,2
UFC Fight Night 134,Danny Roberts,David Zawada,Favorite,-2,1,-1,-0.66,-0.02,-0.81,-0.06,-0.73,-0.25,0,-1.5,3
UFC Fight Night 134,Marc Diakiese,Nasrat Haqparast,Underdog,-0.86,0,1,-3.24,-0.04,-2.61,-0.12,2.98,0.23,-0.12,0,3
UFC Fight Night 134,Nick Hein,Damir Hadzovic,Underdog,-0.86,-3,-4,-0.71,-0.13,0.35,-0.04,0.07,-0.23,0.48,-0.2,3
UFC Fight Night 134,Emil Meek,Bartosz Fabinski,Underdog,-0.7,-1,-1,0.29,-0.3,1.06,-0.13,-6.85,-0.37,-0.34,1,-3
UFC Fight Night 134,Nad Narimani,Khalid Taha,Favorite,-1.91,3,1,0.69,0.09,-1.13,0.11,1.92,0.41,0.08,-0.2,5
UFC Fight Night 134,Justin Ledet,Aleksandar Rakic,Underdog,-0.18,0,2,-0.91,-0.11,2.02,-0.02,-0.53,0.25,-0.43,0.1,3
UFC Fight Night 134,Manny Bermudez,Davey Grant,Favorite,-2.12,2,2,-1.85,0.19,-1.14,-0.1,1.8,0.13,-0.61,2.9,-9
UFC Fight Night 134,Darko Stosic,Jeremy Kimball,Favorite,-1.9,0,4,-0.21,-0.02,0.2,0.08,2,0.3,0.32,0,-1
UFC Fight Night 134,Damian Stasiak,Pingyuan Liu,Underdog,-0.08,-1,-2,-0.5,0.02,0.1,-0.03,2.39,0.14,-0.14,-0.4,3
UFC on Fox 30,Dustin Poirier,Eddie Alvarez,Favorite,-1.05,0,3,1.12,0.1,-0.03,-0.03,-1.59,0,-0.3,0.89,-5
UFC on Fox 30,Jeremy Stephens,Jose Aldo,Underdog,-0.19,2,1,-0.46,-0.06,-0.69,-0.03,0.64,-0.16,-0.26,0.3,0
UFC on Fox 30,Joanna Jedrzejczyk,Tecia Torres,Favorite,-2.39,-1,-5,5.18,0.13,2,-0.04,-1.79,0.28,0.3,0.1,7
UFC on Fox 30,Olivier Aubin-Mercier,Alexander Hernandez,Underdog,-0.19,0,-2,-1.85,0.1,-1.69,0,1.29,0.02,0.1,0.4,4
UFC on Fox 30,Jordan Mein,Alex Morono,Favorite,-0.6,1,1,-1.52,0.03,-1.62,0.1,1.24,0.36,0.1,-0.2,1
UFC on Fox 30,Hakeem Dawodu,Austin Arnett,Favorite,-3.51,-4,1,0.93,0.09,-3.01,-0.06,-0.44,-0.18,0.08,-0.2,0
UFC on Fox 30,Islam Makhachev,Kajan Johnson,Favorite,-4.52,-1,-5,-0.02,0.18,-0.33,-0.04,1.63,0.23,0.28,0.8,-8
UFC on Fox 30,Ion Cutelaba,Gadzhimurad Antigulov,Favorite,-0.24,2,5,2.36,-0.13,-0.78,0.06,-0.92,0.2,0.76,-1.4,-7
UFC on Fox 30,John Makdessi,Ross Pearson,Favorite,-1.52,0,-1,1.83,0.08,0.06,0.06,-0.74,-0.35,0.1,0,0
UFC on Fox 30,Katlyn Chookagian,Alexis Davis,Favorite,-0.72,5,4,-2.33,-0.03,-1.27,0,0.06,0.06,-0.34,-0.7,2
UFC on Fox 30,Matheus Nicolau,Dustin Ortiz,Underdog,-1.22,1,1,0.68,0.08,1.02,0.09,-1.63,0.09,0.41,0.7,-4
UFC on Fox 30,Nina Nunes,Randa Markos,Favorite,-0.51,1,1,1.41,0.02,0.37,-0.03,-0.89,0.04,0.2,0.3,0
UFC on Fox 30,Devin Powell,Alvaro Herrera,Favorite,0,0,-1,0.99,0.02,0.27,-0.05,0,0,-0.33,-0.51,2
UFC 227,T.J. Dillashaw,Cody Garbrandt,Favorite,-0.32,-2,2,2.11,0,-0.29,0.02,0.53,-0.05,-0.04,0.8,6
UFC 227,Demetrious Johnson,Henry Cejudo,Underdog,-3.78,-1,2,-0.34,0.08,-1.63,0.07,1.36,0.24,-0.1,0.3,0
UFC 227,Renato Moicano,Cub Swanson,Favorite,-2.38,3,2,-0.33,-0.03,-0.16,0.01,0.79,-0.08,0.1,0.19,-5
UFC 227,Polyana Viana,J.J. Aldrich,Underdog,-0.83,0,0,-0.89,-0.06,-1.73,-0.07,0.15,0.1,-0.29,1.9,0
UFC 227,Thiago Santos,Kevin Holland,Favorite,-2.58,-1,-5,-0.52,-0.02,-0.63,0.03,0.03,-0.05,0.1,-0.5,9
UFC 227,Pedro Munhoz,Brett Johns,Favorite,-1.49,-1,-6,2.46,-0.06,2.39,0.03,-4.41,-0.31,0.24,-0.5,5
UFC 227,Montel Jackson,Ricky Simon,Underdog,-0.19,4,6,0.35,0.1,-2.21,0.03,-2.08,0.24,-0.08,-0.11,1
UFC 227,Ricardo Ramos,Kyung Ho Kang,Favorite,-2.1,0,-1,-0.15,-0.11,0.41,0.01,1.14,0.03,0.03,-0.11,-8
UFC 227,Matt Sayles,Sheymon da Silva Moraes,Underdog,-0.5,-9,-10,1.34,-0.03,-1.08,0.09,-1.54,-0.34,0.04,0.49,0
UFC 227,Alex Perez,Jose Torres,Favorite,-0.48,2,0,-0.28,0.09,-6.71,0.08,0.78,0.1,0.06,0.9,1
UFC 227,Weili Zhang,Danielle Taylor,Favorite,-2.35,4,3,2.91,0.24,-0.17,-0.18,2.3,0.26,-0.2,0.3,0
UFC 227,Marlon Vera,Wuliji Buren,Favorite,-4.03,-1,1,2.69,0.07,2.46,-0.07,-2.75,-0.03,-0.08,0.5,-4
UFC Fight Night 135,James Vick,Justin Gaethje,Underdog,-0.41,4,6,-2.66,-0.2,-4.16,0.07,0.15,0.08,-0.19,0.7,2
UFC Fight Night 135,Andre Fili,Michael Johnson,Underdog,-0.28,1,1,-0.42,-0.03,0.28,-0.06,1.54,0.06,-0.13,0.3,-4
UFC Fight Night 135,Angela Hill,Cortney Casey,Underdog,-0.28,-4,-3,1.08,0.09,0.86,0.05,0.41,0.02,0.37,-0.4,2
UFC Fight Night 135,Bryan Barberena,Jake Ellenberger,Favorite,-3.43,3,1,2.87,0.08,1.75,-0.16,-1.91,-0.25,-0.36,-0.11,-4
UFC Fight Night 135,Deiveson Figueiredo,John Moraga,Favorite,-0.85,-1,2,0.43,0.12,0.83,-0.07,1.02,0.18,0.13,0.59,-4
UFC Fight Night 135,Eryk Anders,Tim Williams,Favorite,-8.39,-1,-1,0.34,0.08,0.62,0.02,-0.03,-0.15,-0.21,0.1,0
UFC Fight Night 135,Warlley Alves,James Krause,Underdog,-2.69,-3,-1,-1.75,-0.02,-0.17,-0.11,0.26,0.32,0.03,-0.1,-4
UFC Fight Night 135,Cory Sandhagen,Yuri Alcantara,Favorite,-1.41,2,-1,2.61,-0.02,0.6,0.08,-0.08,-0.29,0.04,-0.5,-11
UFC Fight Night 135,Andrew Sanchez,Markus Perez,Favorite,-0.43,0,1,1.69,-0.04,1.37,-0.03,1.73,0.1,0.23,-1,1
UFC Fight Night 135,Mickey Gall,George Sullivan,Favorite,-2.64,2,1,-0.59,0.07,1.83,-0.08,-0.17,0.09,-0.03,1.2,-11
UFC Fight Night 135,Joanne Wood,Kalindra Faria,Favorite,-1.1,-1,3,4.86,-0.06,3.45,0.06,0.2,-0.11,0.37,-0.4,1
UFC Fight Night 135,Drew Dober,Jon Tuck,Favorite,-1.6,-3,-3,1.34,0,0.49,-0.09,0.28,-0.16,0.06,-0.9,-4
UFC Fight Night 135,Luke Sanders,Rani Yahya,Underdog,0,0,0,4.9,0.14,2.29,0,-2.02,0,0.43,-1.6,-1
UFC 228,Darren Till,Tyron Woodley,Underdog,-0.15,3,0,-0.07,-0.02,0.55,0.02,-0.51,0.06,-0.19,-0.4,-11
UFC 228,Jessica Andrade,Karolina Kowalkiewicz,Favorite,-3.76,-2,-2,0.91,0.07,-0.18,-0.03,2.03,0.32,-0.02,0.09,-6
UFC 228,Zabit Magomedsharipov,Brandon Davis,Favorite,-9.66,3,1,0.2,0.13,-1.62,0.06,4.47,0.14,0.2,0.7,-1
UFC 228,Jimmie Rivera,John Dodson,Favorite,-0.63,1,2,0.83,0,0.31,-0.02,0.17,-0.02,0.1,0.1,-5
UFC 228,Abdul Razak Alhassan,Niko Price,Favorite,-0.06,-2,-3,-2.09,0.06,-1.61,0.07,0.19,0.18,-0.15,-0.5,4
UFC 228,Tatiana Suarez,Carla Esparza,Favorite,-3.25,4,3,2.1,0.23,-1.31,-0.05,2.98,0.26,0.53,0.6,-3
UFC 228,Aljamain Sterling,Cody Stamann,Favorite,-0.93,1,7,0.22,0.05,-1.33,-0.05,-0.03,-0.12,-0.31,0.7,0
UFC 228,Geoff Neal,Frank Camacho,Favorite,-1.36,1,2,-1.59,0.03,-1.98,0.05,-0.66,0.13,0.14,0.1,-2
UFC 228,Charles Byrd,Darren Stewart,Underdog,-0.97,-2,-1,0.38,0.1,-0.67,0.07,0.75,0.04,-0.27,1.4,7
UFC 228,Craig White,Diego Sanchez,Underdog,-1.41,4,4,-1.46,0.03,0.25,-0.18,-1.51,-0.24,0.03,0,-9
UFC 228,Alex White,Jim Miller,Underdog,-0.88,4,0,0.76,0,-0.44,0.03,-0.61,-0.16,0.24,-1.2,-5
UFC 228,Irene Aldana,Lucie Pudilova,Favorite,-0.09,1,1,1.56,0.03,2.5,0.05,-0.39,0.23,0.09,-0.5,7
UFC 228,Jarred Brooks,Roberto Sanchez,Favorite,-1.97,-3,-4,1.16,0.06,-0.13,0.15,0.93,-0.06,0.18,-0.1,-7
UFC FIght Night Moscow,Mark Hunt,Aleksei Oleinik,Underdog,-0.11,-4,-8,-0.48,-0.05,-0.9,0.07,-1.31,0.09,0.27,-1.7,4
UFC FIght Night Moscow,Nikita Krylov,Jan Blachowicz,Underdog,-0.69,1,-1,0.96,0.05,-0.44,-0.1,1.2,-0.12,-0.16,1.09,-9
UFC FIght Night Moscow,Shamil Abdurakhimov,Andrei Arlovski,Favorite,-0.32,0,-1,-1.37,-0.02,-0.19,-0.02,0.63,-0.13,-0.31,-0.1,-3
UFC FIght Night Moscow,Alexey Kunchenko,Thiago Alves,Favorite,-3.76,-1,0,-0.07,0.03,-0.59,0.01,-0.46,-0.27,0.17,-0.3,0
UFC FIght Night Moscow,Khalid Murtazaliev,C.B. Dollaway,Favorite,-0.88,-2,0,2.15,0.21,-2.19,0.24,3.95,0.46,-0.29,-1.2,-10
UFC FIght Night Moscow,Petr Yan,Jin Soo Son,Favorite,-8.28,1,-2,0.04,0.17,-3.27,0.05,0.23,0.26,-0.16,0.1,0
UFC FIght Night Moscow,Rustam Khabilov,Kajan Johnson,Favorite,-5.91,-3,-2,-0.5,-0.08,0.57,0.01,2.41,0.03,-0.02,-0.1,-3
UFC FIght Night Moscow,Mairbek Taisumov,Desmond Green,Favorite,-4.52,-1,0,-0.73,-0.08,0.52,-0.05,-0.29,0.13,0.13,0,1
UFC FIght Night Moscow,Magomed Ankalaev,Marcin Prachnio,Favorite,-4.27,0,1,-1.98,-0.03,-1.05,0.04,0.85,0.1,0.28,0,-4
UFC FIght Night Moscow,Jordan Johnson,Adam Yandiev,Favorite,-2.06,5,5,3.27,0.38,-3.5,0.17,3.25,0.42,0.75,1.2,0
UFC FIght Night Moscow,Ramazan Emeev,Stefan Sekulic,Favorite,-5.33,-2,1,0.69,-0.05,-0.69,0.01,0.37,-0.05,0.41,0.19,5
UFC FIght Night Moscow,Merab Dvalishvili,Terrion Ware,Favorite,-4.24,-2,-3,0.48,0.08,-3.7,0.06,5.93,0.13,0.36,0.3,-5
UFC Fight Night Sao Paulo,Thiago Santos,Eryk Anders,Favorite,-1.21,1,1,0.31,0.01,-1.6,0.03,-0.91,0.07,-0.15,0,3
UFC Fight Night Sao Paulo,Alex Oliveira,Carlo Pedersoli Jr.,Favorite,-3.78,0,1,-1.18,0.14,-1.58,-0.15,-0.57,-0.06,0.63,0.6,6
UFC Fight Night Sao Paulo,Sam Alvey,Rogerio Nogueira,Underdog,-2.78,0,0,0.84,0.09,1.29,-0.07,-0.59,-0.3,0.19,-0.7,-9
UFC Fight Night Sao Paulo,Renan Barao,Andre Ewell,Underdog,-1.08,-2,-5,-0.51,-0.05,-0.98,0.05,1.12,-0.34,0.19,0.4,1
UFC Fight Night Sao Paulo,Charles Oliveira,Christos Giagos,Favorite,-3.5,0,3,0.36,0.12,-0.01,0.01,-0.67,0.04,0.03,2.4,0
UFC Fight Night Sao Paulo,Francisco Trinaldo,Evan Dunham,Favorite,-0.93,-1,0,-2.21,0.06,-0.88,-0.02,-0.85,0.08,-0.2,-0.5,3
UFC Fight Night Sao Paulo,Ryan Spann,Luis Henrique,Favorite,-0.37,3,5,1.44,-0.03,1.67,-0.03,-1.75,-0.02,-0.04,0.5,2
UFC Fight Night Sao Paulo,Augusto Sakai,Chase Sherman,Favorite,-1.57,-1,-1,-1.45,0.03,-2.82,-0.05,0.14,-0.1,-0.18,0,-1
UFC Fight Night Sao Paulo,Sergio Moraes,Ben Saunders,Favorite,-2.01,-2,-5,-0.81,-0.09,0.14,0.07,1,-0.03,0.08,-0.9,0
UFC Fight Night Sao Paulo,Gillian Robertson,Mayra Bueno Silva,Underdog,-0.51,-1,-3,-1.23,-0.11,-1.75,0.03,1.84,0.04,-0.26,-0.61,-3
UFC Fight Night Sao Paulo,Thales Leites,Hector Lombard,Favorite,-0.74,4,7,-0.9,-0.06,-0.36,-0.02,0.41,-0.21,-0.47,0.6,-4
UFC Fight Night Sao Paulo,Livia Renata Souza,Alex Chambers,Favorite,-10.66,0,0,1.81,0.14,-3.07,0.09,-1.41,0.09,-0.04,-1,-16
UFC 229,Khabib Nurmagomedov,Conor McGregor,Favorite,-1.09,1,-4,-1.23,-0.02,-2.91,0.1,4.65,-0.08,0.17,0.7,0
UFC 229,Sergio Pettis,Jussier Formiga,Underdog,-1.16,1,2,2.46,-0.03,0.57,0.01,-0.98,0.05,-0.2,-0.2,-9
UFC 229,Alexander Volkov,Derrick Lewis,Underdog,-0.82,4,1,2.61,0.06,0.52,0.14,-0.08,0.37,0.2,0.2,-4
UFC 229,Dominick Reyes,Ovince St Preux,Favorite,-1.43,1,-3,1.72,0.03,0.45,0.01,-0.75,-0.08,0.13,-0.1,-7
UFC 229,Tony Ferguson,Anthony Pettis,Favorite,-3.09,1,4,1.89,-0.02,0.97,0.01,-0.22,-0.16,0.07,-0.21,3
UFC 229,Vicente Luque,Jalin Turner,Favorite,-5.84,-4,-2,-0.53,0.04,0.63,0.11,0.2,-0.03,-0.12,-0.51,3
UFC 229,Felice Herrig,Michelle Waterson,Underdog,-0.4,1,3,0.27,-0.1,1,-0.02,-0.34,-0.04,0.05,0.1,1
UFC 229,Yana Santos,Lina Lansberg,Favorite,-1.91,-1,3,1.47,0.01,-0.85,0.06,0.59,0.26,-0.05,0,-8
UFC 229,Alan Patrick,Scott Holtzman,Underdog,-2.39,2,5,-2.5,-0.07,-0.71,-0.13,1.12,-0.24,-0.25,0.09,0
UFC 229,Nik Lentz,Gray Maynard,Favorite,-1.7,-1,-2,1.52,0.14,0.6,-0.17,0.38,-0.15,-0.39,0.5,-6
UFC 229,Ryan LaFlare,Tony Martin,Underdog,-0.32,1,1,0.2,0.03,-0.73,0.05,1.42,0.17,-0.11,-0.8,6
UFC 229,Aspen Ladd,Tonya Evinger,Favorite,-1.07,-1,-4,2.62,0.04,0.63,0.08,0.63,0.17,0.28,-0.31,-13
UFC Fight Night 138,Volkan Oezdemir,Anthony Smith,Underdog,-0.82,-2,-1,1.36,-0.02,-0.55,0.09,0.07,0.07,0.31,-0.6,-1
UFC Fight Night 138,Michael Johnson,Artem Lobov,Favorite,-4.68,1,8,0.74,-0.02,-1,0.06,0.23,0.15,0.29,0,0
UFC Fight Night 138,Misha Cirkunov,Patrick Cummins,Favorite,-2.69,1,1,-0.4,0.01,-0.3,0.01,-0.34,-0.02,0.48,1.6,-6
UFC Fight Night 138,Andre Soukhamthath,Jonathan Martinez,Favorite,-0.76,1,0,-1.77,-0.05,0.43,-0.08,0.84,0.18,-0.11,0.1,5
UFC Fight Night 138,Gian Villante,Ed Herman,Favorite,-1.56,2,-1,1.06,-0.04,1.75,0.13,-1.51,-0.24,0.24,-1,-5
UFC Fight Night 138,Alex Garcia,Court McGee,Underdog,-1.55,-2,-3,-2.79,-0.06,-0.6,-0.03,1.88,0.27,-0.03,-0.31,-3
UFC Fight Night 138,Nordine Taleb,Sean Strickland,Underdog,-0.29,0,-2,-2.25,0.1,-1.71,0.04,1.08,0.12,-0.05,-0.2,9
UFC Fight Night 138,Nasrat Haqparast,Thibault Gouti,Favorite,-5.86,0,0,2.1,0.09,-0.39,0.14,-0.92,-0.61,-0.05,-0.3,-9
UFC Fight Night 138,Calvin Kattar,Chris Fishgold,Favorite,-2.69,3,4,2.75,0.07,4.05,0.08,-2.2,-0.18,0.27,-1.2,5
UFC Fight Night 138,Sarah Moras,Talita Bernardo,Underdog,-0.98,3,-1,-0.85,-0.08,-0.46,-0.06,-0.95,-0.02,0.04,0.3,-1
UFC Fight Night 138,Te Edwards,Don Madge,Underdog,-3.77,-4,0,-0.59,-0.12,3.41,-0.24,-1.51,0.75,-0.37,-0.7,0
UFC Fight Night 138,Arjan Bhullar,Marcelo Golm,Favorite,-0.83,-2,0,-1.94,-0.02,-1.05,0.13,1.28,0.25,0.13,-0.5,7
UFC Fight Night 138,Stevie Ray,Jessin Ayari,Favorite,-0.86,-2,-3,0.2,0.07,-0.66,-0.04,0.75,0.46,0.05,0.3,3
UFC 230,Daniel Cormier,Derrick Lewis,Favorite,-3.41,-4,-7,1.77,0.02,0.43,0.14,1.26,0.18,0.28,0.4,6
UFC 230,Chris Weidman,Ronaldo Souza,Underdog,-0.86,4,8,-0.55,0.06,-2.08,0.06,2.94,0.26,0.05,0.8,11
UFC 230,David Branch,Jared Cannonier,Underdog,-2.67,2,1,-3.02,-0.13,-2.22,-0.03,2.11,-0.1,-0.2,0,2
UFC 230,Karl Roberson,Jack Marshman,Favorite,-2.63,1,1,-0.18,0.26,-1.78,0,0.72,0.4,0.21,0.5,-1
UFC 230,Israel Adesanya,Derek Brunson,Favorite,-1.83,3,3,0.42,0.01,0.06,0.05,-3.1,-0.19,-0.08,-0.5,-6
UFC 230,Jason Knight,Jordan Rinaldi,Underdog,-2.39,0,-1,1.39,-0.02,0.7,-0.08,-0.14,-0.04,0.26,0.5,-5
UFC 230,Sijara Eubanks,Roxanne Modafferi,Favorite,-4.6,-3,-2,0.94,0.13,-2.27,0.05,0.54,0.21,0.36,0.2,-2
UFC 230,Julio Arce,Sheymon da Silva Moraes,Underdog,-1.91,-9,-8,0.87,-0.08,-0.85,0.17,-1.44,-0.22,0.18,0.09,4
UFC 230,Lyman Good,Ben Saunders,Favorite,-4.83,-2,-3,2.11,-0.03,0.42,0.12,0.07,0.6,0.08,-1.3,-3
UFC 230,Shane Burgos,Kurt Holobaugh,Favorite,-3.17,0,5,3.03,0.09,2.71,0.08,-0.28,0.08,0.45,-0.5,-4
UFC 230,Adam Wieczorek,Marcos Rogerio de Lima,Underdog,-1.3,4,6,-2.03,-0.19,-1.03,-0.04,-0.99,-0.12,-0.02,-0.1,-6
UFC Fight Night Denver,Yair Rodriguez,Chan Sung Jung,Favorite,-0.39,4,-1,0.72,0.05,-0.53,0,-0.02,-0.17,-0.15,0.09,-6
UFC Fight Night Denver,Mike Perry,Donald Cerrone,Underdog,-1.21,-3,-2,-0.09,0,0.67,-0.02,-0.35,0.07,0.05,-1,-9
UFC Fight Night Denver,Germaine de Randamie,Raquel Pennington,Favorite,-1.5,2,4,-1.57,-0.06,-1.29,0.05,-0.9,-0.27,0.02,-0.3,5
UFC Fight Night Denver,Beneil Dariush,Thiago Moises,Favorite,-0.73,1,2,1.3,0.07,-1.55,0.01,0.26,-0.1,0.24,-0.4,6
UFC Fight Night Denver,Maycee Barber,Hannah Cifers,Favorite,-3.65,4,3,-0.3,0.09,-2.49,0.02,1.18,-0.58,-0.11,-0.2,-5
UFC Fight Night Denver,Luis Pena,Mike Trizano,Underdog,-0.81,5,5,1.98,0.07,0.12,-0.03,-1.41,0.06,0.48,0.19,-12
UFC Fight Night Denver,Ashley Yoder,Amanda Cooper,Favorite,-0.57,4,5,-0.13,-0.05,0.92,-0.05,-0.44,-0.11,0.38,-1.21,4
UFC Fight Night Denver,Bobby Moffett,Chas Skelly,Favorite,-0.14,-1,1,1.4,-0.02,-0.07,0.12,1,0.32,0.27,-0.9,-6
UFC Fight Night Denver,Davi Ramos,John Gunther,Favorite,-6.93,-3,-2,0.99,0,-0.29,0.1,-5.13,-0.02,0.83,0.6,-1
UFC Fight Night Denver,Devonte Smith,Julian Erosa,Favorite,-1.65,-4,2,-1.59,0.05,-2.38,0.02,-1.28,-0.22,0.27,-0.5,-4
UFC Fight Night Denver,Eric Shelton,Joseph Morales,Favorite,-0.59,0,-1,0.98,0.04,0.15,0.03,2.29,0.01,0.23,-2.4,4
UFC Fight Night Denver,Mark Delarosa,Joby Sanchez,Favorite,-2,0,-3,-0.1,-0.02,2.18,-0.16,-0.41,-0.58,-0.11,-0.2,-3
UFC Fight Night 140,Santiago Ponzinibbio,Neil Magny,Favorite,-1.41,-3,-7,1.43,-0.06,2.25,0.08,-1.69,-0.11,0.05,-0.3,1
UFC Fight Night 140,Ricardo Lamas,Darren Elkins,Favorite,-0.93,-2,0,-0.32,0.08,-0.4,0.04,-1.01,-0.02,-0.11,-0.21,2
UFC Fight Night 140,Khalil Rountree,Johnny Walker,Underdog,-0.93,-5,-6,0.02,-0.15,1.34,0.06,-0.46,-1,0.01,-0.8,2
UFC Fight Night 140,Cezar Ferreira,Ian Heinisch,Underdog,-1.07,2,6,-1.35,-0.09,-0.54,-0.06,1.67,0.36,0.25,-0.2,4
UFC Fight Night 140,Marlon Vera,Guido Cannetti,Favorite,-2.37,2,2,0.86,-0.07,2.64,-0.02,-1.74,-0.17,0.05,0.5,-13
UFC Fight Night 140,Poliana Botelho,Cynthia Calvillo,Underdog,-1.05,4,3,-1.52,0.19,-1.33,-0.1,-0.95,0.12,-0.02,-0.8,-1
UFC Fight Night 140,Michel Prazeres,Bartosz Fabinski,Favorite,-0.69,-6,-8,0.14,-0.22,1.04,0.05,-3.16,-0.34,-0.34,0.6,4
UFC Fight Night 140,Alexandre Pantoja,Yuta Sasaki,Favorite,-2.41,-5,-4,2.25,0.08,1.47,0,-0.42,0.03,0.27,-0.4,0
UFC Fight Night 140,Humberto Bandenay,Austin Arnett,Underdog,-1.8,-1,-1,-2.3,0,-1.59,-0.22,2.46,0.28,0.05,0.3,-3
UFC Fight Night 140,Hector Aldana,Laureano Staropoli,Underdog,-0.21,-2,1,0.27,0.03,1.35,0.04,0.1,0.74,-0.48,0,4
UFC Fight Night 140,Jesus Pinedo,Devin Powell,Favorite,-1.57,-2,1,0.35,-0.03,0.7,0.01,2.5,1,1,-0.6,-9
UFC Fight Night 140,Nad Narimani,Anderson dos Santos,Favorite,-3.19,3,0,0.62,0.17,-2.37,0.08,0.94,0.26,0.03,-0.7,-1
UFC Fight Night 141,Curtis Blaydes,Francis Ngannou,Underdog,-1.58,0,-3,1.19,0.09,-0.34,0.18,4.96,-0.09,-0.4,-0.3,-4
UFC Fight Night 141,Sergey Pavlovich,Alistair Overeem,Underdog,-0.37,-1,4,4.54,-0.17,2.17,-0.02,-1.42,-0.56,0.02,-0.8,-12
UFC Fight Night 141,Yadong Song,Vincent Morales,Favorite,-4.15,-1,-3,0.32,0.06,-0.29,0.02,0.52,0.15,0.07,0.2,-7
UFC Fight Night 141,Li Jingliang,David Zawada,Favorite,-1.37,0,-4,0.62,0.01,-0.71,0.01,0.28,0.07,0.03,-1.7,3
UFC Fight Night 141,Kenan Song,Alex Morono,Underdog,-0.32,1,-1,-0.51,0.06,2.21,-0.08,0.02,0.28,0.05,-0.4,1
UFC Fight Night 141,Lauren Mueller,Yanan Wu,Underdog,-3.2,-3,1,-0.16,0,-1.19,0.08,0.07,0.2,0.07,-0.2,4
UFC Fight Night 141,Hu Yaozong,Rashad Coulter,Underdog,-0.24,4,-4,-1.48,-0.09,-1.59,-0.16,0,0,-0.29,0.4,-13
UFC Fight Night 141,Weili Zhang,Jessica Aguilar,Favorite,-4.55,1,0,0.73,0.03,-4.05,0,1.56,0.21,0,0.3,-8
UFC Fight Night 141,Pingyuan Liu,Martin Day,Favorite,-1.3,-4,-1,-1.62,-0.12,-0.8,0.01,-0.47,-0.4,-0.09,0.5,-4
UFC Fight Night 141,Yan Xiaonan,Syuri Kondo,Favorite,-3.4,1,-3,-0.44,0,-3.56,0,1,0.73,-0.21,-0.3,-1
UFC Fight Night 141,Kevin Holland,John Phillips,Favorite,-4.55,4,6,2.52,0.14,-0.85,0.01,0.85,0.38,0.47,0.6,-7
UFC Fight Night 141,Louis Smolka,Su Mudaerji,Favorite,-1,1,-4,0.03,-0.08,1.38,-0.08,1.4,-0.65,-0.34,1.2,4
TUF Finale,Kamaru Usman,Rafael dos Anjos,Favorite,-1.84,4,6,0.88,0.05,-0.47,-0.06,0.86,0.1,0.34,-0.5,-2
TUF Finale,Juan Espino,Justin Frazier,Favorite,-0.74,3,5,1.26,0.03,-4.16,0.36,8.93,0.78,0.5,2.4,9
TUF Finale,Pannie Kianzad,Macy Chiasson,Underdog,-0.33,-4,-6,1.21,0.04,1.14,0.07,-1.92,-0.04,0.04,-0.4,0
TUF Finale,Pedro Munhoz,Bryan Caraway,Favorite,-1.58,-2,-3,2.79,0.08,2.62,0.02,-2.06,-0.08,0.01,-0.31,-2
TUF Finale,Edmen Shahbazyan,Darren Stewart,Favorite,-0.18,2,1,0.55,0.07,0.79,-0.03,0.49,-0.08,-0.05,0.5,-7
TUF Finale,Antonina Shevchenko,Ji Yeon Kim,Favorite,-2.31,1,-5,-1.52,0.19,-2.48,-0.05,0.43,0.42,0.03,0.3,5
TUF Finale,Kevin Aguilar,Rick Glenn,Favorite,-0.06,-5,3,0.02,-0.03,0.71,0.01,-0.39,0.03,0.09,-0.4,0
TUF Finale,Alex Perez,Joseph Benavidez,Underdog,-0.3,2,0,0.57,0.1,0.46,-0.03,0.65,0.14,0.19,0.3,-7
TUF Finale,Maurice Greene,Michel Batista,Favorite,-1.24,4,0,3.28,0.45,-0.43,0.04,-6.72,-0.5,0.27,0.4,-3
TUF Finale,Roosevelt Roberts,Darrell Horcher,Favorite,-2.42,4,3,1,0,-1.09,0.13,1.04,-0.22,0.05,0.2,-6
TUF Finale,Tim Means,Ricky Rainey,Favorite,-2.92,1,-2,2.53,0.01,1.02,0.13,0.2,0.22,0.09,0.2,0
TUF Finale,Raoni Barcelos,Chris Gutierrez,Favorite,-3.78,-2,0,0.41,-0.07,2,-0.03,1.58,0.02,0.16,0.5,4
UFC Fight Night 142,Junior dos Santos,Tai Tuivasa,Favorite,-0.71,2,2,0.53,-0.03,-1.72,0.13,0.3,0.5,0.24,0.1,9
UFC Fight Night 142,Tyson Pedro,Mauricio Rua,Underdog,-4.1,2,3,-0.67,0.08,-0.4,0.02,-1.25,-0.18,0.01,0.1,-10
UFC Fight Night 142,Justin Willis,Mark Hunt,Favorite,-0.22,3,6,0.56,0.15,-0.34,0.05,0.44,0.1,-0.29,-0.2,-14
UFC Fight Night 142,Jake Matthews,Tony Martin,Underdog,-0.43,-1,0,0.61,0.08,-0.03,0.02,0.88,0.13,-0.07,-0.4,-5
UFC Fight Night 142,Sodiq Yusuff,Suman Mokhtarian,Favorite,-4.62,1,-1,3.45,0.06,-2.34,0.05,0.28,0.2,0.62,0.4,0
UFC Fight Night 142,Jim Crute,Paul Craig,Favorite,-2.17,-1,-2,1.23,0.08,0.06,0,3.16,0.36,0.23,0.39,-8
UFC Fight Night 142,Alexey Kunchenko,Yushin Okami,Favorite,-2.41,-6,-5,1.61,0.06,0.58,0.03,-1.73,-0.06,-0.04,-0.5,-2
UFC Fight Night 142,Ben Nguyen,Wilson Reis,Underdog,-0.53,1,0,1.67,0.11,-0.04,0.03,-4.91,-0.09,0.16,0.4,-4
UFC Fight Night 142,Keita Nakamura,Salim Touahri,Favorite,-0.92,1,1,-0.38,-0.11,0.33,0,1.65,0.48,-0.2,0.3,6
UFC Fight Night 142,Kai Kara-France,Elias Garcia,Favorite,-3,-1,2,2.98,0.12,-1.81,0.15,-0.06,0.19,0.55,-1.4,0
UFC Fight Night 142,Christos Giagos,Mizuto Hirota,Favorite,-2.88,3,4,-0.34,0,-0.3,-0.05,1.47,-0.15,-0.06,0.3,-9
UFC Fight Night 142,Damir Ismagulov,Alex Gorgees,Favorite,-4.3,-4,0,2.69,0.09,0.16,0.23,1,0.28,0.15,0,5
UFC 231,Max Holloway,Brian Ortega,Favorite,-0.02,3,0,3.09,0.09,-1.83,0.09,-0.92,0.26,0.27,-0.9,-1
UFC 231,Valentina Shevchenko,Joanna Jedrzejczyk,Favorite,-2.31,-1,1,-3.01,0.04,-1.15,0,2.29,0.01,-0.1,0.3,0
UFC 231,Gunnar Nelson,Alex Oliveira,Favorite,-0.65,0,-4,-1.16,0.09,0.45,0.02,-0.46,0.2,0.03,0.4,-1
UFC 231,Hakeem Dawodu,Kyle Bochniak,Favorite,-1.19,1,3,2.82,0.19,-1.75,-0.02,-1.14,-0.15,0.03,0,-5
UFC 231,Thiago Santos,Jimi Manuwa,Favorite,-1.21,1,-3,0.29,-0.07,-1.41,0.04,0.35,0.15,-0.05,-0.31,-4
UFC 231,Claudia Gadelha,Nina Nunes,Underdog,-2.34,-1,-1,-1.08,-0.05,1.1,0.01,2.79,0.08,-0.16,0.19,-3
UFC 231,Olivier Aubin-Mercier,Gilbert Burns,Underdog,-0.47,-1,-1,-0.81,0.03,-0.45,0.01,0.11,-0.05,0.19,0,-2
UFC 231,Katlyn Chookagian,Jessica Eye,Underdog,-1.63,5,6,-1.56,0.09,-1.02,-0.02,0.43,0.09,-0.57,-0.5,4
UFC 231,Elias Theodorou,Eryk Anders,Favorite,-0.45,0,0,0.78,-0.05,-1.78,0.03,-0.52,0.02,-0.21,-0.1,-2
UFC 231,Brad Katona,Matthew Lopez,Favorite,-0.94,-1,-5,1.58,-0.02,1.25,-0.08,-1.82,-0.33,-0.19,-1.3,-5
UFC 231,Chad Laprise,Dhiego Lima,Underdog,-3.03,-4,-4,1.66,0.02,-0.3,0.07,-0.21,0.2,0.05,-0.6,2
UFC 231,Carlos Diego Ferreira,Kyle Nelson,Favorite,-4.3,-2,3,1.39,-0.06,-1.27,0.04,-0.15,0.09,-0.13,0,6
UFC 231,Aleksandar Rakic,Devin Clark,Favorite,-4.35,4,3,1.23,-0.05,-0.45,0.06,-1.41,-0.08,0.27,0,-2
UFC Fight Night Milwaukee,Kevin Lee,Al Iaquinta,Underdog,-2.67,-1,7,-0.18,0.01,-0.94,-0.11,2.55,0.25,0.01,0.6,-6
UFC Fight Night Milwaukee,Daniel Hooker,Edson Barboza,Underdog,-0.23,1,0,0.96,0.03,0.1,-0.06,0.34,-0.16,0.08,0.3,-4
UFC Fight Night Milwaukee,Rob Font,Sergio Pettis,Favorite,-0.83,2,2,1.65,0.08,0.73,-0.09,0.04,-0.06,-0.22,-0.11,6
UFC Fight Night Milwaukee,Charles Oliveira,Jim Miller,Favorite,-2.31,2,3,0.39,0.11,-0.3,-0.06,0.63,-0.04,0.08,1.09,-6
UFC Fight Night Milwaukee,Dwight Grant,Zak Ottow,Underdog,-2.12,2,4,0.66,0,-0.07,0.02,-0.36,0.71,0.09,-0.4,2
UFC Fight Night Milwaukee,Drakkar Klose,Bobby Green,Favorite,-1.71,-1,-1,-2.08,0.03,-0.3,-0.11,0.39,-0.12,-0.06,-0.3,-1
UFC Fight Night Milwaukee,Jared Gordon,Joaquim Silva,Underdog,-0.16,1,-1,1.72,0.13,-1.14,0.03,1.56,-0.1,-0.07,-0.8,0
UFC Fight Night Milwaukee,Jack Hermansson,Gerald Meerschaert,Favorite,-0.69,0,0,1.9,-0.02,0.31,0.03,-0.64,-0.09,0.46,-1.21,-1
UFC Fight Night Milwaukee,Zak Cummings,Trevor Smith,Favorite,-2.52,-3,0,-0.34,-0.21,-0.4,0.04,-1.08,-0.04,0.06,-0.1,-4
UFC Fight Night Milwaukee,Dan Ige,Jordan Griffin,Favorite,-0.88,-3,-2,1.23,-0.02,0.5,0.06,-0.39,-0.09,0.15,-1.6,-2
UFC Fight Night Milwaukee,Adam Milstead,Mike Rodriguez,Underdog,-0.37,-1,-6,-0.5,-0.08,0.54,0.02,0,0,0.27,0,1
UFC Fight Night Milwaukee,Juan Adams,Chris de la Rocha,Favorite,-3.93,2,0,3.01,0.1,-2.32,-0.09,-1.11,0.36,0.23,-1,-13
UFC 232,Jon Jones,Alexander Gustafsson,Favorite,-2.27,-1,5,0.25,0.16,-1.31,0.13,0.39,0.06,0.12,0.09,-1
UFC 232,Cristiane Justino,Amanda Nunes,Underdog,-1.23,0,-1,2.73,0.01,-0.38,0.07,-2.07,0.01,0.12,-0.3,3
UFC 232,Michael Chiesa,Carlos Condit,Favorite,-0.23,-1,0,-1.79,0.01,-0.97,-0.02,2.74,0.03,0.21,0,-4
UFC 232,Ilir Latifi,Corey Anderson,Underdog,-0.32,-5,-6,-2.38,-0.02,0.71,-0.03,-2.78,-0.16,0.17,0.3,7
UFC 232,Chad Mendes,Alex Volkanovski,Underdog,-0.47,-5,-7,-1.27,0.09,-8.56,0.27,4.13,0.55,1,0.3,2
UFC 232,Walt Harris,Andrei Arlovski,Favorite,-1.37,2,0,-0.73,-0.06,0.12,-0.03,-0.1,-0.08,-0.07,-0.1,-5
UFC 232,Cat Zingano,Megan Anderson,Underdog,-0.35,-6,-4,0.8,0.14,-1.73,0.09,2.25,0.4,-0.12,0.3,7
UFC 232,Petr Yan,Douglas Silva de Andrade,Favorite,-2.69,0,-1,1.47,0.15,0.37,0,1.12,0.04,0.15,-0.1,-7
UFC 232,Ryan Hall,B.J. Penn,Favorite,-3.57,1,0,-0.38,0.02,-1.87,0.08,-0.97,-0.47,-0.74,1.7,-6
UFC 232,Nathaniel Wood,Andre Ewell,Favorite,-0.26,-2,-6,1.63,0.09,-0.66,0.05,1.38,-0.27,-0.03,0.4,-5
UFC 232,Curtis Millender,Siyar Bahadurzada,Favorite,-0.68,3,3,0.94,0.06,-0.28,0.12,-0.9,0.39,-0.06,-0.3,-4
UFC 232,Montel Jackson,Brian Kelleher,Favorite,-1.06,4,9,-0.04,0.12,-3.23,0.09,1.68,0.3,0.08,-0.4,-5
UFC on ESPN+ 1,T.J. Dillashaw,Henry Cejudo,Underdog,-1.52,2,3,1.31,-0.06,0.18,0.02,-0.43,-0.03,0.02,0.6,1
UFC on ESPN+ 1,Greg Hardy,Allen Crowder,Underdog,-3.78,2,4,1.84,-0.02,0.35,-0.02,-1.65,0,-0.36,-1.2,1
UFC on ESPN+ 1,Gregor Gillespie,Yancy Medeiros,Favorite,-3.78,-3,-4,-0.63,0.15,-3.37,0.09,6.53,-0.03,0.27,0.1,1
UFC on ESPN+ 1,Joseph Benavidez,Dustin Ortiz,Favorite,-1.6,-1,0,0.58,-0.1,0.5,0.04,-1.6,-0.06,0.09,0.5,4
UFC on ESPN+ 1,Paige VanZant,Rachael Ostovich,Favorite,-0.93,1,3,0.81,0.09,-1.35,-0.15,-0.76,-0.5,-0.32,0.19,-3
UFC on ESPN+ 1,Karl Roberson,Glover Teixeira,Underdog,-0.03,-1,-2,-1.17,0.02,-2.01,0.05,-1.39,0.07,-0.18,-0.4,-11
UFC on ESPN+ 1,Alexander Hernandez,Donald Cerrone,Underdog,-1.33,-4,-1,-0.09,-0.06,0.17,0.02,-0.1,-0.03,-0.15,-1.1,-10
UFC on ESPN+ 1,Ariane Lipski,Joanne Wood,Underdog,-1.51,-4,-4,-4.23,-0.12,-0.15,-0.06,-0.15,0,-0.44,0,-7
UFC on ESPN+ 1,Alonzo Menifield,Vinicius Moreira,Favorite,-2.35,-4,0,0.77,-0.03,-1.51,0.06,-1.3,0.15,0.75,-1,1
UFC on ESPN+ 1,Cory Sandhagen,Mario Bautista,Favorite,-4.55,2,1,-0.37,-0.04,-0.6,0.04,-0.89,-0.11,-0.03,-0.7,2
UFC on ESPN+ 1,Te Edwards,Dennis Bermudez,Underdog,-0.26,2,6,-2.92,-0.06,1.08,-0.15,-3.17,0.6,-0.38,-1.11,-4
UFC on ESPN+ 1,Geoff Neal,Belal Muhammad,Favorite,-1.27,0,3,0.41,0.07,1.82,0,-1.52,0.09,-0.07,-0.1,-2
UFC on ESPN+ 1,Kyle Stewart,Chance Rencountre,Underdog,-0.87,-2,1,0.3,0.14,-1.21,-0.06,-0.04,-0.06,0.43,-0.3,-2
UFC Fight Night 144,Marlon Moraes,Raphael Assuncao,Favorite,-0.88,1,1,0.14,-0.02,2.03,-0.12,-0.78,0.01,-0.32,0.09,-5
UFC Fight Night 144,Renato Moicano,Jose Aldo,Underdog,-0.55,4,2,0.75,0.01,-0.05,0,1.38,-0.09,-0.2,0.5,-2
UFC Fight Night 144,Demian Maia,Lyman Good,Favorite,-1.02,1,-2,-3.54,-0.05,-1.94,0,2.22,-0.76,-0.15,1,8
UFC Fight Night 144,Charles Oliveira,David Teymur,Favorite,-0.15,1,1,-1.31,0.1,-0.33,-0.05,1.23,0.07,-0.22,2.8,-1
UFC Fight Night 144,Johnny Walker,Justin Ledet,Favorite,-1.3,2,2,0.46,0.14,-2,-0.05,0.23,0.5,0.14,0.7,-3
UFC Fight Night 144,Livia Renata Souza,Sarah Frota,Favorite,-1.45,-3,-6,0.26,0.16,-0.54,0.04,0.9,0.5,-0.04,0,-8
UFC Fight Night 144,Anthony Hernandez,Markus Perez,Underdog,-0.92,-1,2,1.69,0.12,-0.27,-0.08,5.81,0.24,-0.15,2,-5
UFC Fight Night 144,Taila Santos,Mara Romero Borella,Underdog,-0.84,0,-1,0.85,0.1,0.16,-0.13,0.16,0.32,0.19,0.9,-7
UFC Fight Night 144,Max Griffin,Thiago Alves,Underdog,-1.38,2,6,0.18,0.08,0.39,-0.06,0.74,-0.19,0.05,0,-2
UFC Fight Night 144,Junior Albini,Jairzinho Rozenstruik,Underdog,-0.12,1,-4,0.54,0.02,3.3,0.05,1.54,0.37,0.25,0,-3
UFC Fight Night 144,Ricardo Ramos,Said Nurmagomedov,Underdog,-0.48,1,2,-0.34,-0.1,1.61,0,2,0.43,0.05,-0.7,-4
UFC Fight Night 144,Magomed Bibulatov,Rogerio Bontorin,Underdog,-3.67,0,-2,0.97,-0.02,-1.44,0.02,-0.05,-0.2,0.24,-1,3
UFC 234,Israel Adesanya,Anderson Silva,Favorite,-3.97,2,3,0.88,-0.13,1.06,-0.04,-0.45,-0.63,0.08,-0.7,-15
UFC 234,Lando Vannata,Marcos Mariano,Favorite,-3.55,-4,-5,4.26,0.18,2.65,0.12,1.09,0.37,0.4,0.3,-5
UFC 234,Rani Yahya,Ricky Simon,Underdog,-0.06,0,-2,-1.3,-0.05,-1.53,-0.11,-2.76,-0.17,-0.47,1.4,8
UFC 234,Montana De La Rosa,Nadia Kassem,Favorite,-1.75,2,2,-0.43,-0.05,-1.28,-0.04,1.25,-0.03,0.24,-2,1
UFC 234,Jim Crute,Sam Alvey,Favorite,-0.76,0,-1,0.4,0.1,-0.59,-0.09,4.78,0.42,-0.22,1.9,-10
UFC 234,Shane Young,Austin Arnett,Favorite,-2.82,-4,0,0.67,-0.01,-0.92,-0.1,0.19,0,0.07,-0.2,-2
UFC 234,Kai Kara-France,Raulian Paiva,Favorite,-1.88,-4,0,0.43,-0.03,-1.77,0.17,-0.03,0.1,0.1,-0.2,3
UFC 234,Kyung Ho Kang,Teruto Ishihara,Favorite,-2.74,2,4,0.09,0.03,-0.3,0.02,1.37,0.4,0.38,0.8,4
UFC 234,Jalin Turner,Callan Potter,Favorite,-1.62,3,5,2.41,-0.03,-0.15,-0.17,-2.5,-0.11,-0.26,1.1,-10
UFC 234,Jonathan Martinez,Wuliji Buren,Favorite,-0.47,-1,1,2.93,0.07,0.85,0,-2.87,-0.08,-0.09,-0.31,-5
UFC on ESPN 1,Cain Velasquez,Francis Ngannou,Underdog,-1.29,-3,-6,4.04,0.15,0.16,0.15,4.37,-0.17,0.14,0.1,4
UFC on ESPN 1,James Vick,Paul Felder,Underdog,-0.16,4,6,0.42,-0.05,-0.13,0.12,-0.03,0.04,-0.08,0.49,-3
UFC on ESPN 1,Cynthia Calvillo,Cortney Casey,Favorite,-2.8,-3,-3,0.12,-0.02,0.12,0.08,1.41,0.13,0.38,0.3,-1
UFC on ESPN 1,Kron Gracie,Alex Caceres,Favorite,-2.01,-1,-3,-0.47,-0.05,3.73,-0.09,-0.08,-0.44,-0.64,-0.2,0
UFC on ESPN 1,Vicente Luque,Bryan Barberena,Favorite,-3.76,-1,3,-0.28,0.04,0.62,0.08,0.87,0.31,0.12,0.3,-3
UFC on ESPN 1,Myles Jury,Andre Fili,Underdog,-0.52,-1,-1,-0.92,0.04,-1.96,0.15,0,0.08,-0.19,0,2
UFC on ESPN 1,Jimmie Rivera,Aljamain Sterling,Underdog,-0.44,-3,-3,-0.59,-0.12,1.6,0.02,-1.44,0,0.47,-0.6,0
UFC on ESPN 1,Manny Bermudez,Benito Lopez,Favorite,-1.21,0,-2,-1.47,0.15,-2.5,-0.11,3.06,0.54,-0.73,2.8,-1
UFC on ESPN 1,Andrea Lee,Ashlee Evans-Smith,Favorite,-1.07,-2,2,0.66,0.12,-0.83,0.08,0.9,0.36,0.05,0.6,-1
UFC on ESPN 1,Scott Holtzman,Nik Lentz,Underdog,-0.83,1,1,0.88,0,0.41,0.05,-1.42,0.24,0.24,-1,1
UFC on ESPN 1,Luke Sanders,Renan Barao,Favorite,-0.59,0,-3,2.83,0.16,0.47,-0.07,-0.78,-0.11,-0.2,-0.3,1
UFC on ESPN 1,Emily Whitmire,Alexandra Albu,Favorite,-0.03,3,0,-2.33,-0.16,-2.58,0.16,-0.38,0.16,-0.08,0.09,0
UFC Fight Night 145,Thiago Santos,Jan Blachowicz,Favorite,-0.28,0,-2,0.31,-0.03,-0.35,0,-0.22,-0.17,-0.04,-0.2,-1
UFC Fight Night 145,Stefan Struve,Marcos Rogerio de Lima,Favorite,-0.08,10,9,-0.59,-0.1,1.14,-0.05,-0.84,0.01,-0.04,1.2,-2
UFC Fight Night 145,Michal Oleksiejczuk,Gian Villante,Favorite,-1.5,-3,-2,0.67,0.06,-1.21,0.05,0.3,0.21,-0.35,0,-9
UFC Fight Night 145,Liz Carmouche,Lucie Pudilova,Favorite,-0.63,-2,-1,-0.91,0.17,-1.33,0.09,2.01,0.24,-0.02,-0.4,11
UFC Fight Night 145,Petr Yan,John Dodson,Favorite,-2.09,4,1,1.93,0.13,0.78,-0.04,1.02,0.23,0.03,0.1,-8
UFC Fight Night 145,Magomed Ankalaev,Klidson Farias de Abreu,Favorite,-1.28,10,8,-1.25,0,-1.52,-0.08,0.28,-0.06,0.2,-0.5,3
UFC Fight Night 145,Carlo Pedersoli Jr.,Dwight Grant,Underdog,-0.73,-2,-1,0.87,0.01,1.46,0.01,2.3,-0.57,-0.66,0,-9
UFC Fight Night 145,Chris Fishgold,Daniel Teymur,Favorite,-1.67,3,-1,-1.08,-0.15,-1.23,-0.11,2.02,0.28,-0.16,1,-5
UFC Fight Night 145,Gillian Robertson,Veronica Macedo,Favorite,-0.95,1,-1,-0.52,0.01,-0.63,0.09,1.44,0.02,-0.17,0.7,1
UFC Fight Night 145,Damir Hadzovic,Marco Polo Reyes,Favorite,-0.42,-2,-1,-2.64,0.1,-2.26,0.03,0.78,0.55,-0.12,0.2,-2
UFC Fight Night 145,Michel Prazeres,Ismail Naurdiev,Underdog,-3.75,-4,-7,-0.79,-0.06,1.2,-0.12,2.69,-0.35,-0.23,0.4,15
UFC Fight Night 145,Rustam Khabilov,Carlos Diego Ferreira,Underdog,-0.46,-1,-1,-3.06,-0.05,-1.27,0.08,2.99,0.1,0.01,-0.5,-2
UFC Fight Night 145,Damir Ismagulov,Joel Alvarez,Favorite,-2.42,-5,-3,-0.3,-0.05,-0.94,0.1,1,0.28,0.59,-1.3,2
UFC 235,Jon Jones,Anthony Smith,Favorite,-5.73,0,8,1.06,0.08,-2.25,0.18,1.44,0.19,0.46,-0.2,1
UFC 235,Tyron Woodley,Kamaru Usman,Underdog,-1.18,-3,-2,-2.01,-0.05,0.01,0,-1.76,-0.05,-0.03,0.3,5
UFC 235,Ben Askren,Robbie Lawler,Favorite,-1.97,0,-1,-0.21,0.02,0.99,-0.23,3.68,-0.09,-0.65,0.9,-3
UFC 235,Weili Zhang,Tecia Torres,Favorite,-0.6,-3,-7,4.56,0.19,1.91,-0.12,0.44,0.13,0,0.5,5
UFC 235,Cody Garbrandt,Pedro Munhoz,Underdog,-0.84,2,0,-2.35,-0.03,-2.48,0.03,0.52,0.16,-0.02,-0.5,-5
UFC 235,Zabit Magomedsharipov,Jeremy Stephens,Favorite,-2.34,4,2,1.71,0.07,-0.05,0.06,4.05,0.18,0.12,0.4,-4
UFC 235,Johnny Walker,Misha Cirkunov,Favorite,-1.05,3,5,-0.05,0.02,-0.23,-0.13,-3.7,0.61,-0.2,-0.8,-5
UFC 235,Cody Stamann,Alejandro Perez,Favorite,-1.02,0,-3,0.93,0.12,0.44,0.01,1.79,0.17,0.06,-0.3,0
UFC 235,Mickey Gall,Diego Sanchez,Underdog,-1.65,4,2,0.25,0.09,1.23,-0.08,-0.31,0.06,-0.11,1.09,-10
UFC 235,Edmen Shahbazyan,Charles Byrd,Favorite,-0.77,4,2,0.16,-0.04,1.46,-0.11,-0.26,-0.12,0.23,-0.9,-14
UFC 235,Macy Chiasson,Gina Mazany,Favorite,-4.14,5,4,-0.21,-0.06,-1,-0.04,-1.96,-0.16,0.28,0.3,-3
UFC 235,Polyana Viana,Hannah Cifers,Underdog,-2.14,4,5,-2,-0.04,-2.74,0.01,0.55,-0.67,-0.26,1.6,0
UFC Fight Night 146,Junior dos Santos,Derrick Lewis,Favorite,-1.31,1,-2,2.01,-0.04,0.85,0.16,-0.27,0.24,0.29,0.1,1
UFC Fight Night 146,Curtis Millender,Elizeu Zaleski dos Santos,Underdog,-0.23,3,3,-0.66,0.04,-0.38,0.04,0,0.87,-0.12,-0.4,-1
UFC Fight Night 146,Tim Means,Niko Price,Underdog,-1.31,2,-1,-0.38,0.07,-1.96,0.12,0.46,0.2,0.01,-0.5,6
UFC Fight Night 146,Ben Rothwell,Blagoy Ivanov,Underdog,-0.07,5,5,0.46,0.01,0.42,-0.07,-0.01,-0.06,0.08,0.3,5
UFC Fight Night 146,Beneil Dariush,Drew Dober,Favorite,-1.37,2,2,-0.57,0.07,-1.59,0.05,1.19,0.16,0.24,0.8,0
UFC Fight Night 146,Omari Akhmedov,Tim Boetsch,Favorite,-0.66,0,-1,0.04,-0.16,-0.07,-0.02,1.13,0.1,0.06,-0.61,-7
UFC Fight Night 146,Tony Martin,Sergio Moraes,Favorite,-1.56,0,1,0.26,-0.05,-1.15,-0.02,-0.49,-0.11,-0.07,0.6,-7
UFC Fight Night 146,Yana Santos,Marion Reneau,Favorite,-1.31,0,0,0.96,0.15,-0.5,-0.09,0.49,-0.1,-0.09,-0.7,-12
UFC Fight Night 146,Grant Dawson,Julian Erosa,Favorite,-1.28,-3,-2,-3.17,0.03,-4.02,-0.02,2.05,-0.11,-0.18,0.7,-4
UFC Fight Night 146,Jeff Hughes,Maurice Greene,Underdog,-1.75,-5,-3,0.67,0.06,0.06,0.14,0.71,0.5,0.18,-0.4,-1
UFC Fight Night 146,Louis Smolka,Matt Schnell,Underdog,-0.34,1,-2,0.43,0.08,-0.45,-0.03,1.1,-0.1,-0.18,0.8,-2
UFC Fight Night 146,Alex Morono,Zak Ottow,Favorite,-1.04,0,0,2.24,0.04,1.43,0,-0.65,-0.07,-0.02,0,-4
UFC Fight Night 146,Alex White,Dan Moret,Favorite,-0.49,0,-2,1.08,-0.02,-0.5,0.17,-0.33,0.01,0.25,0.09,-2
UFC Fight Night 147,Darren Till,Jorge Masvidal,Underdog,-1.53,1,0,-1.75,-0.01,0.26,-0.08,-0.83,-0.13,-0.04,-0.3,-8
UFC Fight Night 147,Leon Edwards,Gunnar Nelson,Favorite,-0.56,3,2,0.9,-0.08,-0.67,0.05,-0.65,-0.25,0.03,-0.6,-3
UFC Fight Night 147,Dominick Reyes,Volkan Oezdemir,Favorite,-1.9,2,2,0.16,0.03,-0.15,-0.08,-0.21,-0.05,0,0.3,0
UFC Fight Night 147,Nathaniel Wood,Jose Quinonez,Favorite,-2.42,-2,0,2.31,0.04,1.21,-0.08,-0.97,0.01,0.27,-0.1,-2
UFC Fight Night 147,Claudio Silva,Danny Roberts,Favorite,-0.66,-2,-3,-0.71,0.02,-0.73,-0.04,2.61,0.17,-0.13,0.9,5
UFC Fight Night 147,Jack Marshman,John Phillips,Favorite,-0.53,1,-2,1.02,-0.1,0.16,0.07,0,0,0.13,0,-4
UFC Fight Night 147,Arnold Allen,Jordan Rinaldi,Favorite,-0.61,-2,-2,1.83,0.05,0.59,0.02,-0.43,0.15,0.55,-0.8,-6
UFC Fight Night 147,Joseph Duffy,Marc Diakiese,Underdog,-1.08,0,0,0.14,-0.06,1.13,0.02,-2.33,0.23,-0.03,0.7,5
UFC Fight Night 147,Dan Ige,Danny Henry,Favorite,-0.55,-5,-2,-1.45,-0.06,-0.65,0.11,0.32,-0.08,0.07,-1.9,-3
UFC Fight Night 147,Molly McCann,Priscila Cachoeira,Favorite,-1.23,-3,-3,2.03,0.04,-2.09,0.2,1.67,0.04,-0.23,0.6,-1
UFC Fight Night 147,Nad Narimani,Mike Grundy,Underdog,-0.41,1,-2,1.24,-0.04,-1.46,0.01,-2.14,0.12,0.19,-0.4,0
UFC Fight Night 148,Stephen Thompson,Anthony Pettis,Underdog,-3.22,2,3,1.06,-0.01,-0.42,0,-0.35,-0.1,0.05,-1.11,4
UFC Fight Night 148,Curtis Blaydes,Justin Willis,Favorite,-2,3,2,0.15,-0.09,-0.74,0.02,4.76,-0.13,-0.05,0,-3
UFC Fight Night 148,John Makdessi,Jesus Pinedo,Favorite,-2.26,-2,-6,2.28,0.1,-0.22,0.16,-2.5,-1,-0.15,0,12
UFC Fight Night 148,Deiveson Figueiredo,Jussier Formiga,Underdog,-0.66,0,1,1.59,0.16,1.04,-0.15,-0.18,0.07,-0.3,1.1,-3
UFC Fight Night 148,Luis Pena,Steven Peterson,Favorite,-1.57,5,5,-1.1,0.06,-2.82,-0.03,-0.25,0.07,-0.17,0.5,-3
UFC Fight Night 148,Maycee Barber,J.J. Aldrich,Favorite,-1.95,0,-2,0.82,0.07,-1.48,-0.06,0.77,0.2,-0.13,0.1,-5
UFC Fight Night 148,Bobby Moffett,Bryce Mitchell,Underdog,-0.62,0,3,1.11,-0.19,1.52,0.03,-0.71,0.25,0.33,-0.21,4
UFC Fight Night 148,Marlon Vera,Frankie Saenz,Favorite,-0.88,2,4,0.36,0.02,1.98,-0.03,-1.21,0.08,0.08,0.8,-12
UFC Fight Night 148,Alexis Davis,Jennifer Maia,Underdog,-0.62,2,4,0.28,0.1,-0.07,-0.02,0.53,0.17,-0.24,0.6,4
UFC Fight Night 148,Angela Hill,Randa Markos,Underdog,-0.61,-1,1,2.4,0.06,1.76,0.03,-0.33,0.04,0.24,-0.1,1
UFC Fight Night 148,Chris Gutierrez,Ryan MacDonald,Favorite,-2.01,-2,-4,2.52,0.28,-3.7,0.18,0.28,0.3,0.69,0.1,2
UFC Fight Night 148,Eric Shelton,Jordan Espinosa,Underdog,-0.71,0,-1,-1.65,-0.11,-1.06,0.06,2.08,0.23,-0.24,0,-1
UFC on ESPN 2,Edson Barboza,Justin Gaethje,Underdog,-0.25,0,5,-2.67,-0.15,-2.81,0.04,0.34,0.25,-0.04,0.1,3
UFC on ESPN 2,Jack Hermansson,David Branch,Favorite,-0.45,0,-1,3.43,0.04,1.78,0,-1.02,-0.03,0.37,0.4,-7
UFC on ESPN 2,Michael Johnson,Josh Emmett,Underdog,-0.45,4,3,0.22,0.03,-0.79,-0.05,-0.3,0.03,0.35,-0.1,-2
UFC on ESPN 2,Karolina Kowalkiewicz,Michelle Waterson,Underdog,-0.76,0,2,2.15,-0.04,1.35,0.08,-1.08,-0.09,0.03,-0.5,0
UFC on ESPN 2,Kennedy Nzechukwu,Paul Craig,Underdog,-1.08,2,7,2.68,-0.02,1.93,0.06,-1.08,0.25,0.43,-1.4,-5
UFC on ESPN 2,Sodiq Yusuff,Sheymon da Silva Moraes,Favorite,-0.59,-7,-7,2.17,0.06,0.61,0.02,-1.62,-0.3,-0.16,0.2,1
UFC on ESPN 2,Marina Alcalde Rodriguez,Jessica Aguilar,Favorite,-2.84,10,11,2.37,0,-1.91,0.03,-0.32,0.25,0.13,-0.1,-5
UFC on ESPN 2,Desmond Green,Ross Pearson,Favorite,-4.28,2,4,0.02,0.06,-1.58,0.06,0.88,0.15,0,0,-5
UFC on ESPN 2,Enrique Barzola,Kevin Aguilar,Underdog,-0.37,0,-3,-0.05,0,-1.84,0.16,4.04,0.29,-0.12,0.3,0
UFC on ESPN 2,Kevin Holland,Gerald Meerschaert,Favorite,-1.4,2,4,1.06,0.03,-0.19,-0.04,-1.32,0,0.2,-1,-5
UFC on ESPN 2,Ray Borg,Casey Kenney,Underdog,-1.81,-3,-5,-3.33,0.1,-2.74,-0.1,2.8,0.15,-0.15,0.6,-3
UFC on ESPN 2,Sabina Mazo,Maryna Moroz,Underdog,-0.74,0,3,1.67,0.09,-0.54,0.05,-0.05,0.56,0.17,-0.4,-5
UFC on ESPN 2,Alex Perez,Mark Delarosa,Favorite,-2.98,0,0,0.96,0.1,-1.87,0.1,1.52,0.31,0.41,0.7,3
UFC 236,Max Holloway,Dustin Poirier,Underdog,-1.67,2,-3,1.71,-0.04,0.35,0.05,-1.08,0.17,0.2,-1.1,-3
UFC 236,Israel Adesanya,Kelvin Gastelum,Favorite,-1.04,7,9,0.38,0.07,-0.13,-0.02,-0.91,-0.16,0.18,0,2
UFC 236,Eryk Anders,Khalil Rountree,Underdog,-1.15,0,-1,-0.43,0.07,-0.01,0,1.79,0.26,0.21,0,3
UFC 236,Dwight Grant,Alan Jouban,Favorite,-0.27,1,3,-2.38,-0.15,-1.11,0,0.09,0.56,0.08,-0.3,-3
UFC 236,Nikita Krylov,Ovince St Preux,Favorite,-0.33,0,-3,1.35,0.08,-0.85,-0.03,1.19,0.02,-0.15,0.89,-9
UFC 236,Jalin Turner,Matt Frevola,Underdog,-0.82,6,6,1.88,0.06,1,-0.18,-1.8,0.15,0.32,0.2,-4
UFC 236,Alexandre Pantoja,Wilson Reis,Favorite,-0.88,1,2,2.58,0.2,0.93,-0.06,-2.55,0.04,0.21,0.2,-5
UFC 236,Zelim Imadaev,Max Griffin,Underdog,-0.33,1,0,-1.01,-0.13,0.53,-0.14,-1.07,0.09,-0.09,-0.3,-9
UFC 236,Boston Salmon,Khalid Taha,Underdog,-0.72,4,0,1.48,0.04,3.63,0.12,0,0,0.39,-0.2,1
UFC 236,Belal Muhammad,Curtis Millender,Favorite,-0.67,-3,-4,0.69,-0.04,0.69,-0.05,1.55,-0.65,0.36,0.2,-1
UFC 236,Montel Jackson,Andre Soukhamthath,Favorite,-4.55,1,5,0.58,0.09,-2.9,0.15,2.17,0.17,0.1,0.09,-3
UFC 236,Poliana Botelho,Lauren Mueller,Favorite,-0.85,3,0,-1.19,0.17,-0.98,-0.04,0.15,0.06,0.05,0,3
UFC 236,Brandon Davis,Randy Costa,Favorite,-1.02,1,-1,-1.86,-0.12,-2.96,0,0.74,0.42,0.06,0.1,5
UFC Fight Night 149,Alistair Overeem,Aleksei Oleinik,Favorite,-1.81,2,0,0.37,0.16,-1.36,0.12,-0.41,0.09,0.36,-1.1,-2
UFC Fight Night 149,Islam Makhachev,Arman Tsarukyan,Favorite,-2.47,3,-2,-1.33,0.12,-0.58,0.07,-0.09,0.23,0.15,1,5
UFC Fight Night 149,Sergey Pavlovich,Marcelo Golm,Favorite,-2.27,0,9,3.94,-0.1,0.31,0.1,-0.45,-0.5,-0.12,-0.5,1
UFC Fight Night 149,Antonina Shevchenko,Roxanne Modafferi,Underdog,-2.38,1,-2,0.5,0.25,-2.77,0.01,-0.93,0.18,0.23,0.3,-2
UFC Fight Night 149,Krzysztof Jotko,Alen Amedovski,Favorite,-1.42,3,3,1.99,0.12,-1.62,0.1,1.33,0.39,0.82,0.1,-2
UFC Fight Night 149,Movsar Evloev,Seung Woo Choi,Favorite,-3.51,-5,-2,0.94,0.09,-0.13,0.14,3.88,-0.09,0.02,0.2,-1
UFC Fight Night 149,Sultan Aliev,Keita Nakamura,Favorite,-0.2,0,1,-0.82,0.09,-1,-0.02,0.11,-0.1,0.37,-0.3,-1
UFC Fight Night 149,Alexander Yakovlev,Alex da Silva,Favorite,-0.63,7,1,-0.41,0,-0.11,0.01,-0.32,-0.09,-0.05,-0.2,11
UFC Fight Night 149,Marcin Tybura,Shamil Abdurakhimov,Underdog,-0.52,0,2,1.19,0.03,0.33,0,0.41,0.1,0.34,0,-4
UFC Fight Night 149,Michal Oleksiejczuk,Gadzhimurad Antigulov,Favorite,-1.4,1,4,2.97,-0.06,0.04,0.2,-4.33,0.08,0.48,-1.4,-8
UFC Fight Night 149,Rafael Fiziev,Magomed Mustafaev,Underdog,0,0,0,2.31,-0.07,2.28,0.08,-3.02,-0.1,0.66,-0.4,-4
UFC on ESPN 3,Ronaldo Souza,Jack Hermansson,Underdog,-1.5,-3,-7,-1.36,-0.05,1.61,-0.12,-1.03,-0.14,-0.21,-0.4,-7
UFC on ESPN 3,Alex Oliveira,Mike Perry,Underdog,-0.88,1,5,-1.33,0.04,-2.62,-0.06,1.54,-0.03,-0.16,0.4,4
UFC on ESPN 3,Glover Teixeira,Ion Cutelaba,Favorite,-0.13,1,1,-0.72,0.06,0.99,0.04,-2.06,-0.24,-0.17,0.9,14
UFC on ESPN 3,John Lineker,Cory Sandhagen,Underdog,-0.71,-8,-3,0.03,-0.04,0.86,-0.02,-0.8,0.24,0.03,0.3,1
UFC on ESPN 3,Roosevelt Roberts,Thomas Gifford,Favorite,-3.77,1,-2,-0.93,0.07,-3.33,0.15,0.88,-0.05,0.19,0.9,-1
UFC on ESPN 3,Takashi Sato,Ben Saunders,Favorite,-1.58,-4,-4,-1.02,-0.1,0.14,-0.08,0.56,-0.04,-0.07,-1.3,-8
UFC on ESPN 3,Augusto Sakai,Andrei Arlovski,Favorite,-0.83,0,0,0.81,0.03,0.62,-0.09,-0.15,0.04,-0.2,-0.2,-12
UFC on ESPN 3,Carla Esparza,Virna Jandiroba,Favorite,-0.16,-2,-1,-0.14,0.02,-0.27,-0.02,0.86,-0.02,-0.26,-0.9,1
UFC on ESPN 3,Gilbert Burns,Mike Davis,Favorite,-1.83,,,3.29,0.48,3.42,0.54,2.24,0.38,0.5,0.5,
UFC on ESPN 3,Jim Miller,Jason Gonzalez,Favorite,-0.38,-6,-3,-0.07,0.02,0.37,-0.02,1.53,0.44,0.17,0.7,6
UFC on ESPN 3,Angela Hill,Jodie Esquibel,Favorite,-4.83,2,0,1.28,0.18,-2.51,0.08,0.05,0.12,-0.07,0.1,1
UFC on ESPN 3,Court McGee,Dhiego Lima,Underdog,-0.91,-3,0,1.47,-0.03,-0.26,0.03,0.58,-0.1,-0.05,-0.2,4
UFC Fight Night 150,Al Iaquinta,Donald Cerrone,Underdog,-0.4,-3,-3,-0.36,-0.06,0.04,0.07,-0.53,-0.16,0.01,-1,-4
UFC Fight Night 150,Elias Theodorou,Derek Brunson,Underdog,-0.08,0,-2,0.68,-0.05,-0.66,0.02,-1.87,-0.05,-0.26,-0.6,-5
UFC Fight Night 150,Shane Burgos,Cub Swanson,Favorite,-0.99,3,5,2.7,0.02,2.94,-0.03,-0.67,-0.09,0.3,0,-7
UFC Fight Night 150,Merab Dvalishvili,Brad Katona,Favorite,-0.92,0,4,-0.21,-0.09,-2.62,0.08,4.93,0.08,0.28,0.3,1
UFC Fight Night 150,Walt Harris,Sergey Spivak,Favorite,-0.88,2,-1,-0.5,-0.1,-0.46,0.05,-4.27,-0.36,0,-0.4,11
UFC Fight Night 150,Andrew Sanchez,Marc-Andre Barriault,Favorite,-0.78,0,0,-1.9,-0.04,-0.58,-0.03,2.32,0.1,0.32,-0.1,2
UFC Fight Night 150,Macy Chiasson,Sarah Moras,Favorite,-5.23,4,5,1.25,0.09,-1.06,-0.04,1.71,0.16,0.28,-0.31,-4
UFC Fight Night 150,Aiemann Zahabi,Vincent Morales,Underdog,-0.98,-1,-2,-0.74,0.06,-0.64,0.17,0.06,-0.09,0.15,0,3
UFC Fight Night 150,Nordine Taleb,Kyle Prepolec,Favorite,-3.65,3,4,0.46,0.17,-2.08,0.12,1.94,0.76,0.32,0,8
UFC Fight Night 150,Matt Sayles,Kyle Nelson,Favorite,-1.25,-4,-3,1.18,-0.05,-1.89,0.08,-0.75,-0.05,0.08,0.09,-3
UFC Fight Night 150,Juan Adams,Arjan Bhullar,Underdog,-0.45,4,5,4.76,-0.02,0.8,-0.25,-0.82,-0.09,-0.44,0,-6
UFC Fight Night 150,Mitch Gagnon,Cole Smith,Underdog,-0.3,-6,-2,0.97,0.11,0.25,0.12,-0.51,-0.09,0.2,0.19,4
UFC 237,Jessica Andrade,Rose Namajunas,Favorite,-0.51,-4,-3,2.93,0.09,1.86,-0.08,0.99,0.08,0.13,-0.2,1
UFC 237,Jared Cannonier,Anderson Silva,Favorite,-0.15,-3,0,1.63,-0.09,2.08,-0.02,-0.06,-0.35,-0.06,-0.8,-9
UFC 237,Jose Aldo,Alex Volkanovski,Underdog,-0.52,-4,-3,-0.42,0.07,-7.18,0.19,0.51,0.53,0.91,0.1,0
UFC 237,Thiago Alves,Laureano Staropoli,Underdog,-0.19,-4,-1,0.41,0.06,-0.32,0.07,-0.12,0.34,0.15,0.3,9
UFC 237,Irene Aldana,Bethe Correia,Favorite,-3.06,4,4,0.87,-0.03,1.4,0,-0.23,0.32,-0.09,0.2,-4
UFC 237,Ryan Spann,Rogerio Nogueira,Favorite,-0.37,3,4,0.81,0.05,1.55,-0.15,0.7,-0.1,-0.16,0.7,-15
UFC 237,Thiago Moises,Kurt Holobaugh,Favorite,-0.24,-2,0,-1.9,-0.03,0.12,0.07,0.93,0.08,0.1,0.4,-8
UFC 237,Warlley Alves,Sergio Moraes,Favorite,-0.48,-1,0,0.62,0.06,0.22,-0.09,0.02,0.12,-0.13,0.4,-8
UFC 237,Clay Guida,B.J. Penn,Favorite,-5.52,-2,0,-0.12,-0.15,-0.2,0.04,1.94,-0.2,-0.07,0.09,-3
UFC 237,Luana Carolina,Priscila Cachoeira,Favorite,-0.97,-1,4,0.87,0.04,-3.41,0.06,0.23,0.08,0.1,0.6,-5
UFC 237,Raoni Barcelos,Carlos Huachin,Favorite,-7.89,3,0,3.11,0.3,-0.01,0.1,1.86,0.32,0.18,0.6,10
UFC 237,Talita Bernardo,Viviane Araujo,Underdog,-2.14,0,0,-1,-0.05,-0.92,-0.02,-0.14,-0.19,-0.5,-0.1,0
UFC Fight Night 152,Kevin Lee,Rafael dos Anjos,Underdog,-0.61,1,7,0.39,-0.05,0.39,-0.1,1.23,0.08,0.19,0.2,-8
UFC Fight Night 152,Antonio Carlos Junior,Ian Heinisch,Underdog,-0.88,3,7,-1.3,-0.09,-0.84,-0.07,2.4,0.22,-0.06,0.1,-1
UFC Fight Night 152,Megan Anderson,Felicia Spencer,Underdog,-1.41,6,4,-1.45,-0.02,-1.19,-0.09,-0.66,0.07,0.26,0.3,1
UFC Fight Night 152,Vicente Luque,Derrick Krantz,Favorite,-8.15,1,3,3,0.15,1.17,0.02,-2.19,0.03,0.62,-0.21,-4
UFC Fight Night 152,Charles Oliveira,Nik Lentz,Favorite,-2.99,2,6,-0.05,0.06,-0.05,0.01,-1.13,0.08,0.12,1.6,-5
UFC Fight Night 152,Davi Ramos,Austin Hubbard,Favorite,-4.14,-4,-1,-1.48,-0.09,-0.31,0,0.19,-0.1,0.17,0.6,5
UFC Fight Night 152,Aspen Ladd,Sijara Eubanks,Favorite,-2.1,2,-1,-0.52,0.03,1.22,-0.1,-0.34,0.02,-0.05,0.3,-10
UFC Fight Night 152,Desmond Green,Charles Jourdain,Favorite,-6.43,1,4,-1.86,-0.02,-1.8,0.12,1.53,0.4,0.27,-0.6,6
UFC Fight Night 152,Danny Roberts,Michel Pereira,Underdog,-1.78,0,1,-1.98,-0.16,0.02,-0.08,-1.29,-0.47,-0.37,-0.61,6
UFC Fight Night 152,Grant Dawson,Mike Trizano,Favorite,-0.72,0,2,1.29,0.12,-0.73,-0.09,1.1,0.08,0.4,0.5,-12
UFC Fight Night 152,Patrick Cummins,Ed Herman,Underdog,-1.72,1,-1,0.94,0.02,-0.36,0.13,2.53,-0.06,-0.31,-0.9,0
UFC Fight Night 152,Trevin Giles,Zak Cummings,Underdog,-1.12,0,-1,0.31,0.2,-0.69,0.02,0.56,0.21,0.04,-0.3,-8
UFC Fight Night 152,Julio Arce,Julian Erosa,Favorite,-5.86,-6,-4,-1.78,-0.12,-3.24,0.21,-1.17,-0.18,0.38,-0.5,0
UFC Fight Night 153,Alexander Gustafsson,Anthony Smith,Underdog,-2.51,1,3,0.8,-0.08,-0.94,0.04,1.04,0.13,0.34,-0.3,2
UFC Fight Night 153,Aleksandar Rakic,Jimi Manuwa,Favorite,-1.81,3,-1,0.82,-0.05,-1.18,0.01,0.23,0.07,0.15,-0.31,-12
UFC Fight Night 153,Makwan Amirkhani,Chris Fishgold,Favorite,-0.22,2,4,-0.68,0.12,0.27,0,1.37,-0.04,-0.1,-0.2,4
UFC Fight Night 153,Damir Hadzovic,Christos Giagos,Underdog,-0.8,-1,-1,0.33,0.07,0.04,0.12,-2.06,0.19,-0.18,-0.2,3
UFC Fight Night 153,Sung Bin Jo,Daniel Teymur,Underdog,-0.53,7,3,-1.69,-0.13,-1.27,-0.06,0.43,0.15,0.23,0.7,-5
UFC Fight Night 153,Sergey Khandozhko,Rostem Akman,Favorite,-0.76,3,2,1.61,0.15,-1.6,0.03,-0.24,-0.12,-0.26,0,0
UFC Fight Night 153,Tonya Evinger,Lina Lansberg,Underdog,-2.82,0,5,-1.53,-0.14,0.14,-0.06,0.41,0.02,-0.14,0.8,0
UFC Fight Night 153,Leonardo Santos,Stevie Ray,Favorite,-0.83,2,5,-0.92,0.02,0.46,0,0.13,-0.22,0.3,-0.4,10
UFC Fight Night 153,Frank Camacho,Nick Hein,Favorite,-0.41,4,7,3.9,0.11,3.83,-0.08,0.25,-0.03,-0.1,0,-5
UFC Fight Night 153,Bea Malecki,Duda Santana,Favorite,-0.22,2,1,0.83,0.07,4.24,-0.11,-6.44,-0.6,0.78,1.1,4
UFC Fight Night 153,Darko Stosic,Devin Clark,Underdog,-0.01,0,1,-0.42,-0.1,0.79,0.13,1.25,0.18,0.25,-0.1,-2
UFC Fight Night 153,Danilo Belluardo,Joel Alvarez,Underdog,-0.07,-3,-3,-2.13,0.14,1.42,-0.1,3.5,1,0.39,-1.3,-2
UFC 238,Marlon Moraes,Henry Cejudo,Underdog,-0.69,2,3,-0.4,-0.06,1.24,-0.06,-1.13,0.08,-0.29,0.09,-1
UFC 238,Valentina Shevchenko,Jessica Eye,Favorite,-8.2,-1,0,-0.59,0.15,-2.09,0.06,1.98,0.23,0.14,-0.1,-1
UFC 238,Tony Ferguson,Donald Cerrone,Favorite,-1.4,-2,3,0.53,-0.02,-0.08,0.02,-0.77,0.01,-0.06,-0.3,-1
UFC 238,Petr Yan,Jimmie Rivera,Favorite,-2.81,3,-1,1.1,0.13,0.46,-0.03,0.85,0.24,-0.08,0,-3
UFC 238,Tai Tuivasa,Blagoy Ivanov,Underdog,-0.74,3,2,0.71,0.08,0.84,-0.11,-0.69,-0.4,-0.05,-0.1,-6
UFC 238,Tatiana Suarez,Nina Nunes,Favorite,-5.58,0,2,-0.13,0.18,-2.1,-0.05,5.96,0.27,0.27,0.4,-5
UFC 238,Aljamain Sterling,Pedro Munhoz,Favorite,-0.77,1,6,-0.71,0.09,-3.94,0.01,1.8,0.09,-0.37,0.19,-3
UFC 238,Alexa Grasso,Karolina Kowalkiewicz,Favorite,-0.08,2,2,-1.04,0,-1.6,0,0.06,0.22,-0.15,0.4,-8
UFC 238,Calvin Kattar,Ricardo Lamas,Favorite,-0.95,3,1,1.63,-0.08,3.88,-0.03,-1.46,-0.05,0.25,-0.8,-6
UFC 238,Yan Xiaonan,Angela Hill,Favorite,-1.62,2,-1,-0.42,-0.05,-1.21,-0.04,0.19,0.4,-0.15,-0.1,-5
UFC 238,Bevon Lewis,Darren Stewart,Underdog,-0.97,3,5,0.68,-0.03,-0.63,0.06,-1.75,-0.45,-0.02,-0.1,0
UFC 238,Eddie Wineland,Grigory Popov,Favorite,-0.68,0,1,-0.23,-0.09,-0.45,0.13,0.34,0.33,0.41,0.1,-1
UFC 238,Katlyn Chookagian,Joanne Wood,Favorite,0,5,7,-4.8,-0.05,-1.71,0.03,-0.51,-0.06,-0.58,-0.3,3
UFC Fight Night 154,Renato Moicano,Chan Sung Jung,Underdog,-1.27,4,0,0.44,0.07,-0.84,0.07,1.19,0.01,0,0,-2
UFC Fight Night 154,Bryan Barberena,Randy Brown,Underdog,-1.8,-3,-6,0.97,0.01,1.25,-0.11,-0.65,-0.17,-0.24,-0.2,2
UFC Fight Night 154,Andre Ewell,Anderson dos Santos,Favorite,-0.32,3,5,1.58,0.15,-0.5,0.02,-0.62,0.61,0.05,-0.6,-2
UFC Fight Night 154,Andrea Lee,Montana De La Rosa,Favorite,-1.04,-1,1,1.99,0.1,0.54,0.18,0.14,0.26,-0.09,-0.21,6
UFC Fight Night 154,Kevin Holland,Alessio Di Chirico,Favorite,-1.49,3,7,0.92,0.09,-0.25,-0.11,-0.61,-0.02,-0.29,0.6,-3
UFC Fight Night 154,Kevin Aguilar,Dan Ige,Underdog,-0.59,0,2,0.2,-0.05,1.28,-0.05,-0.9,-0.1,0.2,-0.3,3
UFC Fight Night 154,Ashley Yoder,Syuri Kondo,Favorite,-0.35,3,3,-1.99,-0.05,-3.09,-0.11,1.09,0.27,-0.17,0.3,1
UFC Fight Night 154,Luis Pena,Matt Wiman,Favorite,-3,5,7,0.49,-0.04,-0.45,0,-0.96,-0.04,-0.09,-0.31,-10
UFC Fight Night 154,Jairzinho Rozenstruik,Allen Crowder,Favorite,-1.49,-1,2,0.48,-0.03,-0.18,-0.1,-1.85,-0.33,-0.25,-1.2,2
UFC Fight Night 154,Ariane Lipski,Molly McCann,Underdog,-1.91,-2,-1,-2.92,-0.1,-0.21,-0.18,-0.45,0.17,-0.29,-0.3,-3
UFC Fight Night 154,Deron Winn,Eric Spicely,Favorite,-2.73,-7,-3,0.83,-0.02,0.49,-0.1,2.97,0.32,-0.35,-1,-3
UFC on ESPN 3,Francis Ngannou,Junior dos Santos,Favorite,-1.4,0,6,-2.16,-0.06,-1.17,-0.16,0.46,0.12,-0.11,0.2,-3
UFC on ESPN 3,Joseph Benavidez,Jussier Formiga,Favorite,-0.33,-1,-2,2.1,-0.05,0.33,-0.04,-0.42,-0.05,-0.25,0,0
UFC on ESPN 3,Demian Maia,Tony Martin,Favorite,-1.12,1,-1,-0.89,0.06,-0.52,0.05,1.78,-0.04,-0.08,0,12
UFC on ESPN 3,Roosevelt Roberts,Vinc Pichel,Underdog,-1.9,4,1,-0.58,-0.03,0.07,-0.04,-1.39,-0.26,0.27,0.7,-11
UFC on ESPN 3,Drew Dober,Marco Polo Reyes,Favorite,-3.36,-3,-1,-1.66,0.03,-1.29,-0.08,0.71,0.18,0.1,0.1,-4
UFC on ESPN 3,Alonzo Menifield,Paul Craig,Favorite,-2.36,-3,0,1.46,0.1,0.59,0.04,-1.01,0.13,0.38,-1.3,0
UFC on ESPN 3,Ricardo Ramos,Journey Newson,Favorite,-3.1,4,5,0.56,0.04,1.17,-0.08,2.46,0.43,0.28,0.4,-7
UFC on ESPN 3,Eryk Anders,Vinicius Moreira,Favorite,-2.4,-3,-1,0.26,-0.12,-0.91,0.07,-0.18,0.08,0.79,-1.2,2
UFC on ESPN 3,Jared Gordon,Dan Moret,Favorite,-2.64,-3,-5,2.72,0.13,-0.17,0.13,0.7,0.13,0.17,-0.4,-2
UFC on ESPN 3,Dalcha Lungiambula,Dequan Townsend,Favorite,-3.25,-7,-3,1.84,0.1,0.01,0.14,2.14,0.45,0.31,0,-2
UFC on ESPN 3,Emily Whitmire,Amanda Ribas,Underdog,-1.11,2,-3,-2.13,-0.1,-0.42,-0.07,-0.17,0.15,-0.16,-0.2,3
UFC on ESPN 3,Maurice Greene,Junior Albini,Favorite,-0.11,4,6,-0.71,-0.06,-2.48,-0.08,-1.54,-0.37,-0.73,0.4,4
UFC 239,Jon Jones,Thiago Santos,Favorite,-4.94,2,8,0.56,0.08,-0.35,0.1,1.04,0.12,0.29,0.4,-4
UFC 239,Amanda Nunes,Holly Holm,Favorite,-3.29,0,0,1.42,0.1,-0.3,0.01,1.86,0.24,0.05,0.6,-7
UFC 239,Ben Askren,Jorge Masvidal,Underdog,-1.39,0,-1,-0.41,0.02,2.61,-0.29,2.95,-0.04,-0.72,0.6,0
UFC 239,Luke Rockhold,Jan Blachowicz,Underdog,-1.82,1,-1,0.68,-0.02,-0.23,0,-0.4,-0.22,-0.04,0.7,-2
UFC 239,Michael Chiesa,Diego Sanchez,Favorite,-3.19,3,3,-0.82,0.03,-1.32,-0.03,1.82,0.26,0.13,0.19,-6
UFC 239,Arnold Allen,Gilbert Melendez,Favorite,-2.48,-1,-3,-0.05,0.07,0.38,-0.03,-0.62,0.09,0.04,0.2,-12
UFC 239,Marlon Vera,Nohelin Hernandez,Favorite,-3.67,-2,-1,2.98,0.14,2.85,-0.03,-0.18,-0.11,0.32,0.9,1
UFC 239,Claudia Gadelha,Randa Markos,Favorite,-1.36,0,0,0.33,-0.03,1.47,-0.02,1.9,0.13,0.05,0.49,-3
UFC 239,Yadong Song,Alejandro Perez,Favorite,-1.23,2,0,1.04,0.08,0.77,-0.06,0.12,0.18,0.02,-0.1,-8
UFC 239,Edmen Shahbazyan,Jack Marshman,Favorite,-5.29,2,2,0.85,0.27,-0.11,-0.12,2.24,0.38,0.43,0.6,-8
UFC 239,Ismail Naurdiev,Chance Rencountre,Underdog,-4.74,-4,-1,2.06,0.32,-2.33,0.19,-0.11,0.44,0.53,-0.1,-10
UFC 239,Julia Avila,Pannie Kianzad,Favorite,-1.76,0,2,-2.16,-0.06,-0.81,-0.04,0.08,0,-0.17,0.2,4
UFC Fight Night 155,Aspen Ladd,Germaine de Randamie,Underdog,-0.31,-3,-5,1.21,0,2.65,-0.19,1.56,0.47,-0.04,0.19,-11
UFC Fight Night 155,Ricky Simon,Urijah Faber,Underdog,-2.8,0,2,0.35,0.02,1.02,-0.04,3.95,0.16,0.18,-0.4,-14
UFC Fight Night 155,Mirsad Bektic,Josh Emmett,Underdog,-0.88,2,0,-1.61,0.04,-2.82,-0.05,3.07,0.15,0.46,0.3,-6
UFC Fight Night 155,Karl Roberson,Wellington Turman,Favorite,-1.36,1,2,-0.67,0,-1.75,0.11,-0.83,0.2,0,-0.31,6
UFC Fight Night 155,Marvin Vettori,Cezar Ferreira,Favorite,-1.28,-1,-4,2.65,0.03,1.8,0.03,-1.03,-0.09,-0.16,0,-9
UFC Fight Night 155,Mike Rodriguez,John Allan,Underdog,-3.34,3,7,0.78,0.11,-1.5,-0.12,-1.4,-0.71,-0.13,-0.8,4
UFC Fight Night 155,Andre Fili,Sheymon da Silva Moraes,Favorite,-0.73,-5,-4,0.35,-0.06,0.22,0,0.26,-0.04,-0.09,0.09,3
UFC Fight Night 155,Julianna Pena,Nicco Montano,Favorite,-1.54,1,4,-2.44,0.06,-2.13,-0.15,-0.32,0.01,-0.46,0.4,-1
UFC Fight Night 155,Darren Elkins,Ryan Hall,Underdog,-0.08,0,1,1.06,-0.12,1.94,-0.13,2.63,0.26,0.56,-1.11,1
UFC Fight Night 155,Pingyuan Liu,Jonathan Martinez,Underdog,-1.03,-2,2,-2.19,-0.16,-0.88,-0.03,-0.16,-0.15,-0.12,0.9,1
UFC Fight Night 155,Livia Renata Souza,Brianna Van Buren,Underdog,-0.01,-2,-2,-4.3,0.15,-3.74,0,-0.24,0.08,-0.29,0,7
UFC Fight Night 155,Vincent Morales,Benito Lopez,Underdog,-0.06,-1,-3,-0.22,-0.09,-0.94,-0.04,0.14,0.25,-0.09,-0.3,3
UFC on ESPN 4,Leon Edwards,Rafael dos Anjos,Favorite,-0.11,6,4,-0.73,0.06,-0.88,-0.06,-0.7,-0.01,0.14,-0.2,-7
UFC on ESPN 4,Walt Harris,Aleksei Oleinik,Favorite,-0.69,3,-3,-0.25,-0.09,-0.47,0.1,-1.53,-0.18,0.32,-1.8,-6
UFC on ESPN 4,Juan Adams,Greg Hardy,Underdog,-0.22,0,0,2.29,0.05,0.74,-0.22,0.71,0.33,-0.08,0,-3
UFC on ESPN 4,Daniel Hooker,James Vick,Favorite,-0.4,-3,-1,0.95,0.08,1.44,-0.09,0.53,0.01,0.23,-0.3,-3
UFC on ESPN 4,Alexander Hernandez,Francisco Trinaldo,Favorite,-1.45,0,2,1.2,-0.05,1.99,-0.05,0.08,-0.11,-0.02,-0.4,-14
UFC on ESPN 4,Ben Rothwell,Andrei Arlovski,Underdog,-1.07,1,1,-0.07,-0.04,1.42,-0.1,0.3,-0.02,-0.07,0.2,-3
UFC on ESPN 4,Alex Caceres,Steven Peterson,Favorite,-0.03,0,3,-0.55,0.08,-2.86,0.08,-0.88,0.42,0,0,2
UFC on ESPN 4,Irene Aldana,Raquel Pennington,Underdog,-0.56,2,1,1.1,-0.12,3.04,-0.04,-0.74,0.23,0.13,-0.5,1
UFC on ESPN 4,Klidson Farias de Abreu,Sam Alvey,Favorite,-1.09,-9,-8,1.61,0.09,0.14,0.14,0.68,0.23,-0.17,0.4,-10
UFC on ESPN 4,Jennifer Maia,Roxanne Modafferi,Favorite,-0.49,-3,-5,0.99,0.08,-1.19,0.04,-0.94,0.04,0.27,0,-6
UFC on ESPN 4,Ray Borg,Gabriel Silva,Favorite,-0.98,-2,-8,0.21,0.18,-1.55,0.02,2.39,0.25,0.08,0.5,1
UFC on ESPN 4,Jin Soo Son,Mario Bautista,Underdog,-0.15,-3,0,-0.6,-0.12,3.63,-0.02,-0.75,-0.19,0.34,-1,1
UFC on ESPN 4,Domingo Pilarte,Felipe Colares,Underdog,-2.75,4,4,-0.86,0.01,-1.7,0.04,-0.68,0.18,0.11,0.3,4
UFC 240,Max Holloway,Frankie Edgar,Favorite,-2.52,5,1,3.4,0.07,1.9,-0.07,-2.04,0.22,0.18,0,-10
UFC 240,Cristiane Justino,Felicia Spencer,Favorite,-3.75,2,0,4.07,0.04,-2.29,0.19,-0.52,0.37,0.67,0.2,5
UFC 240,Geoff Neal,Niko Price,Favorite,-2.52,-1,-1,-0.5,0.08,-0.13,0.08,-0.24,0.24,0.23,-0.6,-1
UFC 240,Arman Tsarukyan,Olivier Aubin-Mercier,Favorite,-0.81,-2,2,1.31,-0.04,-1.14,-0.03,0.89,0.03,0.05,-0.5,-8
UFC 240,Krzysztof Jotko,Marc-Andre Barriault,Favorite,-0.98,0,3,-3.22,-0.05,-3.44,0.04,1.11,0.14,0.14,0,0
UFC 240,Viviane Araujo,Alexis Davis,Favorite,-1.07,-2,0,-0.52,-0.03,0.5,0.02,0.81,-0.04,0.44,-0.1,-2
UFC 240,Hakeem Dawodu,Yoshinori Horie,Favorite,-3.49,0,3,2.69,0.01,-2.29,0.08,0,0,0.65,0,3
UFC 240,Seung Woo Choi,Gavin Tucker,Underdog,-0.34,6,8,-0.81,-0.06,-1.16,-0.1,-2.26,0.1,0.15,-1.5,-6
UFC 240,Alexandre Pantoja,Deiveson Figueiredo,Underdog,-0.37,0,-1,1.4,-0.07,0.59,0,0.96,0.04,0.1,-0.9,-2
UFC 240,Gillian Robertson,Sarah Frota,Favorite,-0.58,-1,-6,-1.91,-0.06,0.55,0.01,2.52,0.43,-0.11,1,-8
UFC 240,Erik Koch,Kyle Stewart,Favorite,-0.31,-2,-5,0.92,0.07,0.39,0.03,-0.31,0.21,0.21,1,0
UFC on ESPN 5,Colby Covington,Robbie Lawler,Favorite,-2.34,0,-2,0.02,-0.09,-1.69,-0.04,3.14,-0.2,0.02,0.2,-6
UFC on ESPN 5,Jim Miller,Clay Guida,Favorite,-0.66,1,1,0.35,0.08,0.49,-0.05,-1.6,0.08,-0.21,1.1,-2
UFC on ESPN 5,Nasrat Haqparast,Joaquim Silva,Favorite,-2.94,2,3,2.12,0.01,0.71,0.1,-0.09,-0.3,0.09,-0.8,-7
UFC on ESPN 5,Trevin Giles,Gerald Meerschaert,Underdog,-0.94,-1,-3,0.08,0.1,-1.15,0.04,-0.98,0.12,0.36,-1.3,-5
UFC on ESPN 5,Scott Holtzman,Dong Hyun Ma,Favorite,-3.23,-2,-1,1.48,0.06,-0.44,0.01,0.6,0.03,0.34,0.2,5
UFC on ESPN 5,Darko Stosic,Kennedy Nzechukwu,Underdog,-0.19,-5,-7,-2.52,0,-0.87,0.07,2.82,0.04,0.02,-0.2,1
UFC on ESPN 5,Salim Touahri,Mickey Gall,Underdog,-0.21,-4,-2,-0.34,0,-1.38,0.08,-1.21,-0.3,0.47,-1.9,2
UFC on ESPN 5,Antonina Shevchenko,Lucie Pudilova,Favorite,-0.65,0,0,0.17,0.18,-0.9,0.01,-0.13,0.14,-0.13,-0.3,10
UFC on ESPN 5,Jordan Espinosa,Matt Schnell,Underdog,-0.68,-2,-1,-0.02,0.14,-1.62,0.01,0.16,-0.16,0.19,-0.8,0
UFC on ESPN 5,Mara Romero Borella,Lauren Murphy,Underdog,-1.35,1,2,-1.51,-0.03,-2.77,0.15,0.8,0.19,-0.03,0.1,-3
UFC on ESPN 5,Claudio Silva,Cole Williams,Favorite,-4.2,-1,-2,2.17,0.14,-2.34,0.23,2.85,0.26,0.19,1.1,1
UFC on ESPN 5,Hannah Goldy,Miranda Granger,Underdog,-0.19,-3,-7,2.4,0,2.1,-0.07,0.66,0.12,0.21,0.2,0
UFC Fight Night 156,Valentina Shevchenko,Liz Carmouche,Favorite,-8.64,-1,0,0.5,-0.03,-0.4,0.01,-0.01,0.12,0.05,0.1,-4
UFC Fight Night 156,Vicente Luque,Mike Perry,Favorite,-1.6,1,4,0.75,0.05,0.04,0,0.18,0.13,-0.17,0.4,0
UFC Fight Night 156,Luiz Garagorri,Humberto Bandenay,Favorite,-0.47,3,6,2.57,0,0.2,0.19,-2.34,-0.18,0.38,-0.2,14
UFC Fight Night 156,Volkan Oezdemir,Ilir Latifi,Favorite,-0.93,4,2,2.54,0.01,0.98,-0.02,-1.54,-0.02,-0.2,-0.2,-7
UFC Fight Night 156,Rodolfo Vieira,Oskar Piechota,Favorite,-1.37,0,-3,-0.11,0.02,0.66,-0.03,3.57,-0.11,0.62,0.1,0
UFC Fight Night 156,Enrique Barzola,Bobby Moffett,Favorite,-0.7,-3,-3,0.5,0.01,-0.18,0.07,1.46,-0.22,0,-1.1,2
UFC Fight Night 156,Alexey Kunchenko,Gilbert Burns,Underdog,-0.49,-2,-1,0.37,-0.04,-0.59,0.08,-2,-0.05,0.3,-0.5,3
UFC Fight Night 156,Ciryl Gane,Raphael Pessoa,Favorite,-3.82,1,3,3.33,0.34,-1.25,0.21,0.57,0.21,-0.5,0.5,-1
UFC Fight Night 156,Tecia Torres,Marina Alcalde Rodriguez,Underdog,-0.82,-6,-4,-6.2,-0.16,-4.04,0.08,1.44,-0.17,-0.13,-0.1,-8
UFC Fight Night 156,Raulian Paiva,Rogerio Bontorin,Underdog,-0.07,3,2,1.5,-0.11,1.73,-0.03,-2.25,-0.37,0.26,-0.8,-4
UFC Fight Night 156,Geraldo De Freitas Jr.,Chris Gutierrez,Underdog,-0.77,-2,5,-1.13,-0.06,-0.17,-0.13,2.72,0.15,-0.1,-0.1,-1
UFC Fight Night 156,Alex da Silva,Rodrigo Vargas,Favorite,-2.48,-3,0,1.66,0.23,-2.29,0.04,1.97,0.43,0.76,-9.3,
UFC Fight Night 156,Veronica Macedo,Polyana Viana,Favorite,-0.56,-1,-3,0.13,0.04,1.1,-0.07,0.26,0.07,0.21,-1.6,-3
UFC 241,Daniel Cormier,Stipe Miocic,Underdog,-0.64,-5,-8,-0.58,-0.02,-0.9,0,-0.04,0.09,0.12,0.4,4
UFC 241,Anthony Pettis,Nate Diaz,Underdog,-0.25,-2,-4,-1.53,0.01,-0.34,0.02,-0.45,0.2,0.19,-0.2,-2
UFC 241,Yoel Romero,Paulo Costa,Underdog,-0.72,-1,1,-2.76,-0.09,-3.33,0.13,1.12,-0.45,-0.03,0,14
UFC 241,Sodiq Yusuff,Gabriel Benitez,Favorite,-2.06,1,0,0.4,0.08,0.01,-0.1,0.06,-0.3,0.06,-0.5,-4
UFC 241,Ian Heinisch,Derek Brunson,Underdog,-0.71,-2,-5,-0.26,0.03,-0.07,0.07,-2.12,-0.16,-0.26,0.09,-5
UFC 241,Devonte Smith,Khama Worthy,Underdog,-7.63,-2,2,0.37,0.05,-0.54,0.02,0.35,0.25,0.28,-0.4,-7
UFC 241,Cory Sandhagen,Raphael Assuncao,Favorite,-1.81,6,4,2.11,0.02,0.89,-0.09,-0.29,-0.06,-0.15,0.09,-9
UFC 241,Drakkar Klose,Christos Giagos,Favorite,-1.11,-1,-1,1.34,0.14,0.25,0.01,-1.26,-0.1,0.16,-0.4,2
UFC 241,Manny Bermudez,Casey Kenney,Underdog,-0.87,3,3,-1.93,0.19,-1.99,-0.12,1.97,0.19,-0.61,2.7,-4
UFC 241,Hannah Cifers,Jodie Esquibel,Favorite,-2.19,0,-2,0.89,0.13,-1.99,0,-0.49,0.79,-0.19,0.3,-7
UFC 241,Kyung Ho Kang,Brandon Davis,Favorite,-1.2,-1,1,-1.33,0.13,-1.29,-0.03,1.13,0.14,0.11,0.7,2
UFC 241,Sabina Mazo,Shana Dobson,Favorite,-0.44,1,1,2.76,0.06,-0.86,0.06,-0.19,0.3,0.44,0.2,-8
UFC Fight Night 157,Jessica Andrade,Weili Zhang,Underdog,-1.23,-3,-1,0.96,-0.04,2.22,0.02,-0.14,0.09,0.21,-0.2,-2
UFC Fight Night 157,Elizeu Zaleski dos Santos,Li Jingliang,Underdog,-2.06,-1,2,0.05,0,-0.51,0,-0.82,-0.28,0.08,0.4,1
UFC Fight Night 157,Kai Kara-France,Mark Delarosa,Favorite,-1.3,-2,4,1.44,0.04,-1.76,0.17,0.08,0.2,0.48,-0.2,2
UFC Fight Night 157,Derrick Krantz,Kenan Song,Underdog,-0.05,-2,1,-2.3,-0.1,-2.35,0,2.84,0,-0.61,0.8,2
UFC Fight Night 157,Anthony Hernandez,Jun Yong Park,Favorite,-0.64,2,2,-0.24,0.08,0.16,-0.09,4.79,-0.02,0.06,1.9,-3
UFC Fight Night 157,Andre Soukhamthath,Su Mudaerji,Underdog,-0.8,1,-2,-1.87,-0.11,1.57,-0.12,0.96,-0.47,-0.09,-0.4,7
UFC Fight Night 157,Khadis Ibragimov,Da Un Jung,Underdog,-2.08,0,3,3.55,0.49,4.26,0.47,0.97,0.3,0.8,0.3,-10
UFC Fight Night 157,Damir Ismagulov,Thiago Moises,Favorite,-1.35,1,4,0.88,0.01,-1.76,0.05,-0.64,-0.16,0.13,-1.3,4
UFC Fight Night 157,Heili Alateng,Danaa Batgerel,Favorite,-0.18,-2,-4,-2.74,-0.04,0.46,0.09,1.47,-0.05,0.13,0,-2
UFC Fight Night 157,Karol Rosa,Lara Fritzen Procopio,Favorite,-0.09,1,0,0.7,-0.02,-1.72,0.02,-1.93,-0.02,0.18,-0.3,1
UFC 242,Khabib Nurmagomedov,Dustin Poirier,Favorite,-3.28,1,-2,-1.36,-0.04,-2.62,0.12,3.99,0.12,0.2,-0.6,0
UFC 242,Edson Barboza,Paul Felder,Underdog,-0.33,0,5,0.41,0,1.21,0.08,0.16,0.21,0.07,-0.1,-2
UFC 242,Islam Makhachev,Davi Ramos,Favorite,-2.97,4,0,-0.19,0.23,-2.17,0.04,1.22,0.19,0.07,0.4,-5
UFC 242,Curtis Blaydes,Shamil Abdurakhimov,Favorite,-4.18,1,4,1.11,0.06,-1.19,0.03,4.71,0.3,-0.15,-0.1,-9
UFC 242,Mairbek Taisumov,Carlos Diego Ferreira,Underdog,-2.11,0,-1,-2.06,0,-0.41,0.07,0.38,0.33,0.28,-0.6,-4
UFC 242,Andrea Lee,Joanne Wood,Underdog,-1.65,0,4,-2.41,-0.05,-1.13,0.1,0.33,0.02,-0.03,0.3,-3
UFC 242,Liana Jojua,Sarah Moras,Underdog,-0.77,-3,-5,0.14,-0.05,1.74,0.04,1.04,0.45,0.17,0.5,-7
UFC 242,Ottman Azaitar,Teemu Packalen,Favorite,-1.36,-5,-4,3.16,-0.04,1.04,0.01,-2.31,-0.25,0,-1.5,-3
UFC 242,Belal Muhammad,Takashi Sato,Favorite,-3.08,1,-1,2.34,0.02,-0.09,0.12,1.22,-0.03,0.33,0.2,2
UFC 242,Nordine Taleb,Muslim Salikhov,Underdog,-0.32,2,4,0.3,0,-0.32,0.04,0.67,0.36,0,0,3
UFC 242,Omari Akhmedov,Zak Cummings,Favorite,-0.2,0,-2,0.01,-0.01,-0.08,0,1.96,0.17,-0.02,-0.4,-3
UFC 242,Don Madge,Fares Ziam,Favorite,-1.11,-1,-3,-0.63,0.04,-0.98,0.02,1.41,0.01,0.13,0.49,6
UFC Fight Night 158,Justin Gaethje,Donald Cerrone,Favorite,-1.06,-2,-3,2.37,0.12,2.97,-0.02,-1.05,-0.09,0.02,-1.2,-6
UFC Fight Night 158,Nikita Krylov,Glover Teixeira,Underdog,-0.07,1,1,0.64,0.06,-1.96,-0.08,0.18,0.04,-0.07,0.49,-12
UFC Fight Night 158,Michel Pereira,Tristan Connelly,Underdog,-3.77,3,5,1.85,0.03,0.74,0.07,1.2,0.41,0.34,0.5,-8
UFC Fight Night 158,Antonio Carlos Junior,Urijah Hall,Underdog,-1.91,2,0,-1.28,-0.06,-1.71,-0.03,2.88,0.01,-0.11,0.7,-5
UFC Fight Night 158,Jim Crute,Misha Cirkunov,Underdog,-0.09,-1,-3,-0.18,0.03,-0.03,-0.13,0.68,0.17,-0.17,0.3,-9
UFC Fight Night 158,Augusto Sakai,Marcin Tybura,Favorite,-0.33,0,-1,0.99,0.01,0.48,-0.08,-1.2,0.07,-0.23,-0.1,-5
UFC Fight Night 158,Miles Johns,Cole Smith,Favorite,-0.48,-4,-1,1.49,0.12,0.58,0.19,-0.52,-0.12,0.4,-1.7,-5
UFC Fight Night 158,Brad Katona,Hunter Azure,Underdog,-0.33,-2,-5,0.79,-0.05,2.9,-0.1,-0.47,-0.08,-0.16,-1.3,0
UFC Fight Night 158,Jordan Griffin,Chas Skelly,Underdog,-0.78,-1,1,0.51,0.06,-0.19,0.01,-0.3,0,0.02,-0.4,-5
UFC Fight Night 158,Louis Smolka,Ryan MacDonald,Favorite,-1.52,-2,-3,2.39,0.18,-2.38,0.08,1.69,0.35,0.32,1.8,1
UFC Fight Night 158,Austin Hubbard,Kyle Prepolec,Favorite,-0.52,0,1,0.91,0.1,-0.96,0.02,1.75,0.5,0.25,0,-2
UFC Fight Night 159,Jeremy Stephens,Yair Rodriguez,Underdog,-0.69,-2,0,-1.49,-0.06,-0.95,0.05,0.47,0.1,0.07,-0.3,6
UFC Fight Night 159,Irene Aldana,Vanessa Melo,Favorite,-4.3,4,3,1.76,0.1,0.2,-0.03,0.16,0.5,0.05,0.2,0
UFC Fight Night 159,Martin Bravo,Steven Peterson,Underdog,-0.4,-2,1,2.9,-0.02,-0.23,-0.03,1.18,0.08,0.2,-0.7,-3
UFC Fight Night 159,Jose Quinonez,Carlos Huachin,Favorite,-0.82,4,2,1.5,0.24,-1.8,0.14,2.7,0.47,-0.25,0.6,6
UFC Fight Night 159,Kyle Nelson,Marco Polo Reyes,Favorite,-0.04,0,0,-2.35,0.08,-0.83,-0.07,1.1,0.2,0.26,0.6,-6
UFC Fight Night 159,Ariane Carnelossi,Angela Hill,Underdog,-0.02,-1,-3,-2.51,-0.1,-0.13,-0.16,0.57,0.22,-0.62,0.2,-8
UFC Fight Night 159,Sergio Pettis,Tyson Nam,Favorite,-2.38,-1,1,0,0.03,-2.06,0,0.85,0.4,-0.2,0.4,-10
UFC Fight Night 159,Paul Craig,Vinicius Moreira,Favorite,-0.03,-1,0,-0.7,-0.13,-2.1,0.01,-0.3,0.02,0.37,0.3,1
UFC Fight Night 159,Sijara Eubanks,Bethe Correia,Underdog,-1.79,-1,3,-0.08,0,-1.5,0,1.5,0.26,-0.19,0.3,-1
UFC Fight Night 159,Claudio Puelles,Marcos Mariano,Favorite,-2.95,-3,-4,1.31,0.21,0.67,0.03,3.17,0.36,0.31,1.2,-9
UFC Fight Night 160,Jack Hermansson,Jared Cannonier,Underdog,-2.12,2,0,0.41,-0.09,-0.44,-0.03,1.09,-0.12,0.17,0.4,-5
UFC Fight Night 160,Mark O. Madsen,Danilo Belluardo,Favorite,-5.85,-4,-2,2.04,-0.12,-0.82,0.11,-0.65,-0.34,0.12,0,10
UFC Fight Night 160,Gilbert Burns,Gunnar Nelson,Favorite,-0.13,-1,-1,1.45,-0.13,0.41,0.05,0.34,-0.21,-0.17,-0.5,2
UFC Fight Night 160,Khalil Rountree,Ion Cutelaba,Underdog,-0.05,0,1,-0.61,-0.04,0.74,0.03,-4.17,-0.57,-0.19,0.1,4
UFC Fight Night 160,Michal Oleksiejczuk,Ovince St Preux,Underdog,-2.08,-3,-6,2.02,0.03,0.94,0.14,-0.36,0.08,-0.2,-0.5,-12
UFC Fight Night 160,Alex Oliveira,Nicolas Dalby,Underdog,-0.53,0,2,-1.04,0.08,-0.89,-0.06,1.24,0.08,0.03,0.5,-3
UFC Fight Night 160,Alen Amedovski,John Phillips,Underdog,-0.32,-1,-1,-0.73,-0.05,-0.19,-0.03,0,0,-0.08,0,-2
UFC Fight Night 160,Makhmud Muradov,Alessio Di Chirico,Favorite,-0.82,2,1,0.89,0.03,-0.88,0,1.56,0.27,-0.06,0.2,0
UFC Fight Night 160,Ismail Naurdiev,Siyar Bahadurzada,Favorite,-1.5,-1,1,0.25,0.12,-1.93,0.19,-0.08,0.09,0.07,-0.1,-13
UFC Fight Night 160,Brandon Davis,Giga Chikadze,Underdog,-0.79,-2,-2,0.59,-0.09,1.18,-0.05,0.51,0.08,-0.12,-0.1,-1
UFC Fight Night 160,Macy Chiasson,Lina Lansberg,Underdog,-3.45,4,7,0.83,-0.12,-1.35,0.02,1.86,0.09,0.15,0.4,-10
UFC Fight Night 160,Marc Diakiese,Lando Vannata,Favorite,-0.9,1,2,-1.98,-0.05,-2.12,-0.04,2.2,0.06,-0.03,-0.3,-1
UFC Fight Night 160,Jack Shore,Nohelin Hernandez,Favorite,-1.55,-2,0,2.42,0.23,-0.32,0.04,2.39,-0.12,0.39,0.7,-1
UFC 243,Israel Adesanya,Robert Whittaker,Favorite,-0.22,4,7,-0.65,0.06,-0.35,-0.03,-0.76,-0.24,-0.05,0.1,1
UFC 243,Daniel Hooker,Al Iaquinta,Favorite,-0.42,2,5,1.02,0.07,0.22,-0.1,0.16,0.16,0.06,0.2,-3
UFC 243,Tai Tuivasa,Sergey Spivak,Underdog,-2.41,-1,-3,0.41,0,1.25,-0.06,-4.56,-0.64,-0.13,-0.5,2
UFC 243,Dhiego Lima,Luke Jumeau,Favorite,-0.51,3,3,0.18,-0.04,0.71,0,1.01,-0.66,-0.13,0.6,-1
UFC 243,Justin Tafa,Yorgan De Castro,Underdog,-0.06,0,0,1.63,0.11,1.16,-0.07,0,0,-0.27,0,-7
UFC 243,Jake Matthews,Rostem Akman,Favorite,-3.72,1,1,1.49,0.2,-1.41,0.03,0.59,0,-0.25,0.6,-3
UFC 243,Maki Pitolo,Callan Potter,Underdog,-2.85,-2,3,0.91,-0.06,-0.79,-0.03,-1.05,-0.15,-0.5,0.8,-6
UFC 243,Brad Riddell,Jamie Mullarkey,Favorite,-0.88,-5,-3,0.32,0.07,-1.01,0,-0.54,0.01,-0.16,-0.1,3
UFC 243,Megan Anderson,Zara Fairn Dos Santos,Favorite,-3.96,6,4,-1.63,-0.02,0.71,-0.21,-1.48,-0.51,-0.33,-0.61,4
UFC 243,Ji Yeon Kim,Nadia Kassem,Favorite,-1.01,2,6,2.24,-0.05,0.92,0.08,-0.46,-0.33,0.09,-2.7,6
UFC 243,Khalid Taha,Bruno Silva,Favorite,-1.46,1,4,-0.41,-0.15,1.03,-0.13,-2.57,-0.3,-0.04,-0.1,-2
UFC on ESPN+ 19,Joanna Jedrzejczyk,Michelle Waterson,Favorite,-2.36,3,3,2.72,0.01,-0.95,0.13,-1.15,0.3,0.1,-0.6,-2
UFC on ESPN+ 19,Kron Gracie,Cub Swanson,Underdog,-1.16,1,0,-0.96,-0.06,2.98,-0.06,-0.63,-0.27,-0.61,0.09,-5
UFC on ESPN+ 19,Niko Price,James Vick,Favorite,-0.69,-3,0,1.33,0.02,2.28,-0.12,0.43,-0.13,0.07,0,-3
UFC on ESPN+ 19,Mackenzie Dern,Amanda Ribas,Underdog,-0.78,1,-3,-1.32,0,0.69,-0.1,-1.28,-0.36,-0.57,0.6,1
UFC on ESPN+ 19,Luis Pena,Matt Frevola,Underdog,-0.67,6,4,-0.05,0.04,-0.45,-0.08,-1.42,-0.08,0.06,0.29,-3
UFC on ESPN+ 19,Eryk Anders,Gerald Meerschaert,Favorite,-0.43,0,-2,0.23,0.01,0.79,-0.04,-0.38,-0.12,0.45,-1.5,1
UFC on ESPN+ 19,Ryan Spann,Devin Clark,Favorite,-0.98,5,4,0.22,-0.15,0.64,0,-0.83,0.02,-0.11,1.4,-2
UFC on ESPN+ 19,Mike Davis,Thomas Gifford,Favorite,-2.31,,,-3.97,-0.37,-6.45,-0.37,-0.5,-0.33,-0.33,0,
UFC on ESPN+ 19,Max Griffin,Alex Morono,Underdog,-0.39,0,4,-0.96,0.08,-0.36,-0.02,1.12,0.18,0.13,-0.11,5
UFC on ESPN+ 19,Deiveson Figueiredo,Tim Elliott,Favorite,-1.06,-2,2,-0.39,0.11,0.71,-0.07,-2.08,-0.05,-0.02,0.7,-1
UFC on ESPN+ 19,Marlon Vera,Andre Ewell,Favorite,-0.53,0,-5,0.02,0.08,0.61,-0.02,0.17,-0.36,-0.03,0.8,-5
UFC on ESPN+ 19,Miguel Baeza,Hector Aldana,Favorite,-1.76,3,2,1.29,0.1,0.01,-0.06,-0.5,-0.72,1,1.8,-4
UFC on ESPN+ 19,Marvin Vettori,Andrew Sanchez,Favorite,-2.91,-1,0,0.25,0.02,-0.86,0.06,-0.89,0.09,-0.32,0.5,-6
UFC on ESPN+ 19,J.J. Aldrich,Lauren Mueller,Favorite,-0.81,0,0,-0.21,0.05,0.6,0.02,-0.04,-0.27,-0.05,0,-1
UFC ESPN 6,Dominick Reyes,Chris Weidman,Favorite,-1.13,2,-1,1.56,0.04,0.54,-0.04,-3.08,-0.14,0.15,-0.4,-5
UFC ESPN 6,Yair Rodriguez,Jeremy Stephens,Favorite,-0.4,2,0,1.48,0.06,0.94,-0.06,-0.47,-0.11,-0.08,0.29,-6
UFC ESPN 6,Greg Hardy,Ben Sosoli,Favorite,-3.07,5,8,2.48,0.19,-0.99,0.08,0.2,0.33,0.64,0,1
UFC ESPN 6,Jonathan Pearce,Joe Lauzon,Underdog,-1.13,2,0,2.48,0.15,-1.96,0,2.85,0.04,0.03,-1.2,-8
UFC ESPN 6,Maycee Barber,Gillian Robertson,Favorite,-0.71,0,2,2.09,0.07,-0.23,-0.03,-1.09,0,0.1,-0.9,-3
UFC ESPN 6,Deron Winn,Darren Stewart,Underdog,-0.19,-6,-4,1.5,-0.02,2.92,-0.02,2.53,0.07,-0.27,-0.1,1
UFC ESPN 6,Manny Bermudez,Charles Rosa,Underdog,-1.04,1,2,-0.17,0.25,-1.18,-0.01,1.39,0.19,-0.38,2.1,-8
UFC ESPN 6,Molly McCann,Diana Belbita,Favorite,-4.75,-3,-6,-0.75,0.07,-1.61,0.12,0.91,-0.24,-0.23,0.6,7
UFC ESPN 6,Sean Woodson,Kyle Bochniak,Favorite,0,7,8,2.95,0.15,-0.92,0,-0.48,0.47,0.21,0.4,-6
UFC ESPN 6,Boston Salmon,Randy Costa,Underdog,-0.73,0,-4,-2.41,-0.1,0.16,0.01,0,0,0.5,0,4
UFC ESPN 6,Sean Brady,Court McGee,Favorite,-1.14,-1,-3,-0.83,0.16,-0.08,0,1.45,0.31,0.18,0.8,-8
UFC ESPN 6,Kevin Holland,Brendan Allen,Underdog,-0.94,1,6,0.26,-0.05,-0.65,0.03,-0.89,-0.09,-0.04,-0.8,3
UFC ESPN 6,Tanner Boser,Daniel Spitz,Favorite,-0.56,-5,-7,2.1,0.17,-2.55,0.11,-0.74,-0.66,0.63,0,-1
UFC Fight Night 162,Ben Askren,Demian Maia,Underdog,-0.76,-2,1,1.84,0.06,3.59,-0.27,1.84,0.31,-0.61,-0.1,-7
UFC Fight Night 162,Michael Johnson,Stevie Ray,Underdog,-1.9,0,3,0.53,-0.05,0.89,0.02,-0.13,-0.06,0.26,-0.6,3
UFC Fight Night 162,Beneil Dariush,Frank Camacho,Favorite,-1.08,0,-1,-2.78,0.01,-4.8,0.05,0.78,0.03,0.07,0.9,0
UFC Fight Night 162,Ciryl Gane,Don'tale Mayes,Favorite,-2.07,-2,0,1.8,0.17,-1.77,0.16,-0.13,-0.22,-0.1,0.5,2
UFC Fight Night 162,Muslim Salikhov,Laureano Staropoli,Favorite,-0.8,-2,-1,0.04,0.17,-0.79,0.07,0.44,0.14,0.25,0,8
UFC Fight Night 162,Randa Markos,Ashley Yoder,Favorite,-0.33,-3,-6,-0.45,0.03,-1.03,0.1,0.03,0.01,-0.15,-0.4,2
UFC Fight Night 162,Rafael Fiziev,Alex White,Favorite,-1.08,-4,0,1.14,0.09,1.9,-0.11,-0.64,0.12,0.18,-0.5,-4
UFC Fight Night 162,Movsar Evloev,Enrique Barzola,Favorite,-1.21,0,2,0.51,0.07,-0.09,-0.08,0.54,0.01,0.04,-0.1,-5
UFC Fight Night 162,Sergey Pavlovich,Maurice Greene,Favorite,-1.62,-4,4,4.93,0.02,1,0.1,0,0,0.48,-0.4,-5
UFC Fight Night 162,Loma Lookboonmee,Alexandra Albu,Favorite,-0.48,-1,-2,-0.74,0.09,-3.08,0.15,-0.38,0,-0.06,-0.31,-5
UFC Fight Night 162,Jeff Hughes,Raphael Pessoa,Underdog,-1.71,-1,-1,1.79,0.25,0.23,0.18,0.71,0.5,-0.56,0,1
UFC 244,Jorge Masvidal,Nate Diaz,Favorite,-0.67,-1,-2,-0.53,0.01,-0.73,0.12,0.32,0.28,0.31,-1,0
UFC 244,Kelvin Gastelum,Darren Till,Underdog,-1.44,-3,-3,1.25,-0.06,-0.09,0.01,0.4,-0.17,-0.1,0.1,1
UFC 244,Stephen Thompson,Vicente Luque,Favorite,-0.07,1,0,-0.96,-0.06,-2.19,0.02,-0.74,-0.13,0.03,-0.6,9
UFC 244,Derrick Lewis,Blagoy Ivanov,Favorite,-0.09,4,6,-0.77,0.09,-1.73,-0.13,-0.12,-0.15,-0.09,-0.1,2
UFC 244,Gregor Gillespie,Kevin Lee,Underdog,-0.85,-2,-6,-0.14,0.1,-1.31,0.06,3.68,0.04,0.25,0,6
UFC 244,Johnny Walker,Corey Anderson,Underdog,-0.97,3,3,-0.62,0.07,0.6,-0.15,-4.43,0.5,-0.26,0.9,-2
UFC 244,Shane Burgos,Makwan Amirkhani,Favorite,-1.57,1,3,6.07,0.08,3.8,0.1,-3.53,0.01,0.56,-0.7,-2
UFC 244,Edmen Shahbazyan,Brad Tavares,Favorite,-0.78,1,1,0.22,0.09,0.94,-0.11,1.46,0.12,-0.19,0.6,-10
UFC 244,Jairzinho Rozenstruik,Andrei Arlovski,Favorite,-0.66,-1,1,-0.34,0.03,-0.43,-0.1,-0.38,-0.36,-0.02,-0.2,-9
UFC 244,Katlyn Chookagian,Jennifer Maia,Favorite,-0.6,7,8,-2.05,0.08,-1.34,-0.02,0.59,0.23,-0.58,-0.1,6
UFC 244,Lyman Good,Chance Rencountre,Favorite,-0.08,-2,-1,4.24,0.27,0.38,0.14,-1.08,0.74,0.59,-0.3,1
UFC 244,Hakeem Dawodu,Julio Arce,Favorite,-0.17,1,3,1.08,0.14,0.32,-0.12,-0.46,-0.29,-0.31,-0.3,-2
UFC Fight Night 163,Zabit Magomedsharipov,Calvin Kattar,Favorite,-2.12,2,1,0.12,0.08,-3.75,0.09,4.83,0.27,0.05,0.7,-3
UFC Fight Night 163,Alexander Volkov,Greg Hardy,Favorite,-2.49,2,0,0.3,0.06,-0.32,-0.02,0.28,0.3,0.08,0.2,0
UFC Fight Night 163,Zelim Imadaev,Danny Roberts,Underdog,-1.7,-1,2,-0.27,-0.04,0.61,-0.08,0.14,0.41,0.03,-0.2,-7
UFC Fight Night 163,Khadis Ibragimov,Ed Herman,Underdog,-1.2,2,1,0.23,0.01,0.54,0.04,-0.99,-0.17,0.21,-0.7,-14
UFC Fight Night 163,Ramazan Emeev,Tony Martin,Underdog,-0.35,-2,3,-0.16,0.08,-0.45,0.07,1.66,0.01,-0.03,-0.31,3
UFC Fight Night 163,Shamil Gamzatov,Klidson Farias de Abreu,Favorite,-0.6,9,9,0.46,-0.06,-0.32,-0.16,-0.74,-0.37,-0.16,-0.5,5
UFC Fight Night 163,Magomed Ankalaev,Dalcha Lungiambula,Favorite,-2.68,7,-1,0.57,0.08,-1.69,0.06,-1.13,-0.15,0.08,0,-5
UFC Fight Night 163,Rustam Khabilov,Sergey Khandozhko,Favorite,-1.85,-5,-1,-1.44,-0.07,-0.21,0.05,3.19,0.12,0,0.1,5
UFC Fight Night 163,Roman Kopylov,Karl Roberson,Underdog,-0.21,-1,1,2.09,0.03,1.67,0.03,-0.3,0.09,0.45,-0.5,0
UFC Fight Night 163,Abubakar Nurmagomedov,David Zawada,Underdog,-2.17,-1,-3,-1.06,0.12,-1.94,0.09,0.28,-0.12,0.31,-1.7,1
UFC Fight Night 163,Roosevelt Roberts,Alexander Yakovlev,Favorite,-0.3,-1,-1,1.3,-0.03,0.71,-0.06,-0.27,-0.06,-0.2,0.8,-9
UFC Fight Night 163,Pannie Kianzad,Jessica-Rose Clark,Favorite,-0.06,2,2,1.01,-0.03,0.16,-0.05,-1.2,-0.09,0.04,-0.2,-4
UFC Fight Night 163,Grigory Popov,Davey Grant,Underdog,-0.71,-1,-1,-1.14,-0.05,0.38,0,-1.26,-0.41,-0.16,-0.2,2
UFC Fight Night 164,Jan Blachowicz,Ronaldo Souza,Favorite,-0.71,4,8,-0.32,0.1,-2.39,0.08,0.59,0.34,0.08,0.3,13
UFC Fight Night 164,Charles Oliveira,Jared Gordon,Favorite,-3.44,1,6,-2,-0.04,-0.2,-0.06,0.21,0,-0.07,2.8,-1
UFC Fight Night 164,Andre Muniz,Antonio Arroyo,Favorite,-0.32,-2,5,-0.85,-0.17,-0.04,0.04,3.09,0.09,-0.06,1,0
UFC Fight Night 164,Wellington Turman,Markus Perez,Favorite,-0.37,-1,-1,0.62,0.04,0.44,-0.08,0.74,-0.05,-0.35,-0.2,-8
UFC Fight Night 164,James Krause,Sergio Moraes,Favorite,-1.19,2,1,2.37,0.07,0.38,0.02,-0.24,-0.2,-0.17,0.5,-4
UFC Fight Night 164,Ricardo Ramos,Luiz Garagorri,Favorite,-3.11,-5,-5,-1.58,-0.04,-1.26,-0.04,2.46,0.31,-0.29,0.4,-15
UFC Fight Night 164,Francisco Trinaldo,Bobby Green,Favorite,-0.51,-1,-1,-3.32,-0.08,-1.08,-0.03,-0.21,0.03,-0.15,0.2,8
UFC Fight Night 164,Warlley Alves,Randy Brown,Underdog,-0.4,-4,-6,-1.33,0.01,0.62,-0.05,0.43,0.1,-0.12,0.3,0
UFC Fight Night 164,Douglas Silva de Andrade,Renan Barao,Favorite,-1.8,1,-2,-0.12,0.02,0.09,0.01,-0.88,0.05,-0.22,-0.3,1
UFC Fight Night 164,Tracy Cortez,Vanessa Melo,Favorite,-1.57,0,0,0.63,0.23,-3.34,0.01,2.33,0.46,0.04,0.3,-6
UFC on ESPN 7,Jairzinho Rozenstruik,Alistair Overeem,Favorite,-0.28,-2,-2,-0.23,-0.16,0.33,-0.1,-1.42,-0.56,0.02,-0.8,-8
UFC on ESPN 7,Ben Rothwell,Stefan Struve,Favorite,-0.64,-7,-6,0.58,-0.05,0.58,0,0.12,-0.12,0.14,-1.3,6
UFC on ESPN 7,Aspen Ladd,Yana Santos,Favorite,-1.27,0,-2,-0.39,-0.1,1.62,-0.04,0.44,-0.07,0.2,0.5,-5
UFC on ESPN 7,Rob Font,Ricky Simon,Favorite,-0.62,2,2,2.52,0.02,0.04,-0.05,-4.61,-0.12,-0.3,-0.11,5
UFC on ESPN 7,Tim Means,Thiago Alves,Favorite,-1.95,5,5,1.35,0.08,0.22,-0.03,0.44,-0.2,0.02,-0.1,0
UFC on ESPN 7,Billy Quarantillo,Jacob Kilburn,Favorite,-2.42,1,-2,4.8,0.23,-1.21,0.08,0.73,0.18,0.41,0.6,7
UFC on ESPN 7,Matt Sayles,Bryce Mitchell,Underdog,-0.32,-3,-2,2.53,-0.17,1.18,0.03,-3.1,-0.25,0.48,-0.91,1
UFC on ESPN 7,Joe Solecki,Matt Wiman,Favorite,-3.11,-1,2,-0.96,0.06,-2.04,0.01,0.52,0.13,-0.07,0,-10
UFC on ESPN 7,Virna Jandiroba,Mallory Martin,Favorite,-1.85,-1,1,-2.12,-0.1,-3.68,0.01,0.08,-0.08,0.48,0.89,5
UFC on ESPN 7,Makhmud Muradov,Trevor Smith,Favorite,-3.77,-1,0,0.92,-0.13,-0.75,0.09,1.32,0.34,0.17,-0.5,-9
UFC 245,Kamaru Usman,Colby Covington,Favorite,-0.8,1,4,0.48,0.14,-0.24,-0.02,-0.98,0.01,0.21,-0.1,1
UFC 245,Max Holloway,Alex Volkanovski,Underdog,-0.97,0,-4,3.13,0.08,-6.19,0.18,0.25,0.53,0.84,0.3,-5
UFC 245,Amanda Nunes,Germaine de Randamie,Favorite,-3.52,-1,-2,1.98,0.04,0.62,-0.09,2.73,0.54,0.16,0.29,-5
UFC 245,Marlon Moraes,Jose Aldo,Favorite,-0.98,-1,-3,-0.26,-0.06,0.8,-0.06,0.36,-0.13,-0.45,0.2,-1
UFC 245,Petr Yan,Urijah Faber,Favorite,-4.56,1,0,2.48,0.13,1.77,-0.07,0.18,0.21,0.27,-0.7,-14
UFC 245,Geoff Neal,Mike Perry,Favorite,-2.2,1,4,0.64,0.03,0.3,0.04,-0.35,0.03,0.08,-0.1,1
UFC 245,Ketlen Vieira,Irene Aldana,Underdog,-1.37,-1,0,-2.21,0,-2.41,-0.06,1.35,-0.06,0.16,0.4,-4
UFC 245,Ian Heinisch,Omari Akhmedov,Underdog,-0.16,-1,-1,0.27,0.15,0.14,0.03,-1.56,-0.29,-0.07,0.49,-1
UFC 245,Matt Brown,Ben Saunders,Favorite,-2.46,-2,-2,0.52,0.05,-0.67,0.04,1.48,0.06,-0.04,0,2
UFC 245,Chase Hooper,Daniel Teymur,Favorite,-0.79,8,5,2,0.06,-0.61,-0.21,0.88,0.06,-0.05,1.99,-12
UFC 245,Kai Kara-France,Brandon Moreno,Underdog,-0.71,-3,-1,0.7,-0.05,-0.39,0.06,-1.11,-0.13,0.25,-0.5,1
UFC 245,Viviane Araujo,Jessica Eye,Underdog,-1.38,-2,2,0.25,0.09,0.76,0.01,1.18,0,0.21,0.09,0
UFC 245,Punahele Soriano,Oskar Piechota,Favorite,-0.05,-1,-4,0.66,-0.08,0.61,-0.04,0.18,0,-0.05,-1.5,-3
UFC Fight Night 165,Chan Sung Jung,Frankie Edgar,Favorite,-1.28,1,4,0.16,0,1.69,-0.13,-1.59,0.13,0.06,0.3,-5
UFC Fight Night 165,Aleksandar Rakic,Volkan Oezdemir,Underdog,-0.66,2,3,-0.34,0.03,-1.13,-0.06,0.19,-0.09,0.04,0,-2
UFC Fight Night 165,Doo Ho Choi,Charles Jourdain,Underdog,-3.5,1,1,-0.82,0.05,0.6,-0.03,0.2,0.1,0.02,-0.6,5
UFC Fight Night 165,Mike Rodriguez,Da Un Jung,Underdog,-0.27,1,7,4.34,0.53,4.24,0.41,0,0,0.37,0,-4
UFC Fight Night 165,Marc-Andre Barriault,Jun Yong Park,Underdog,-0.33,3,1,1.66,-0.04,2.37,-0.02,-1.61,-0.25,0.1,-1,1
UFC Fight Night 165,Kyung Ho Kang,Pingyuan Liu,Favorite,-1.72,3,1,0.99,0.14,0.33,0.01,1.62,0.36,0.12,-0.2,5
UFC Fight Night 165,Ciryl Gane,Tanner Boser,Favorite,-4.98,2,6,0.79,0.07,-0.57,0.05,0.57,0.21,-0.13,0.5,2
UFC Fight Night 165,Seung Woo Choi,Suman Mokhtarian,Favorite,-2.12,4,2,1.27,-0.05,-3.83,-0.02,0.87,0.54,0.69,0,0
UFC Fight Night 165,Omar Morales,Dong Hyun Ma,Favorite,-1.61,0,3,0.58,-0.01,-0.92,0.03,-0.81,0.47,0.3,0,3
UFC Fight Night 165,Alexandre Pantoja,Matt Schnell,Favorite,-1.81,-3,-3,0.17,0.1,-0.59,-0.06,2.02,0.02,0.18,-0.2,0
UFC Fight Night 165,Said Nurmagomedov,Raoni Barcelos,Underdog,-0.14,1,3,-1.67,-0.05,-2.66,-0.05,-0.86,-0.16,-0.19,0.8,-5
UFC Fight Night 165,Miranda Granger,Amanda Lemos,Underdog,-1.25,3,3,-0.65,-0.08,-1.64,0.12,-0.98,-0.63,-0.24,-0.7,-5
UFC Fight Night 165,Ryan Benoit,Heili Alateng,Underdog,-0.15,0,2,0.23,0.07,-1.02,0.01,-1.71,-0.23,-0.04,0.4,2
UFC 246,Conor McGregor,Donald Cerrone,Favorite,-2.25,-4,1,0.91,0.02,0.17,0.01,-0.49,0.22,-0.07,-1.1,-6
UFC 246,Holly Holm,Raquel Pennington,Favorite,-0.65,1,2,-1.01,-0.12,-0.38,-0.05,-0.04,0.02,0.13,-0.6,7
UFC 246,Maurice Greene,Aleksei Oleinik,Underdog,-0.1,5,0,-0.02,-0.03,-0.19,0.01,-1.82,-0.46,-0.1,-1.5,-9
UFC 246,Ode Osbourne,Brian Kelleher,Underdog,-0.68,1,7,0.06,-0.03,-0.2,-0.11,-0.47,-0.14,0.04,-0.5,-5
UFC 246,Carlos Diego Ferreira,Anthony Pettis,Favorite,-1.2,-1,2,1.99,-0.08,-0.01,0.02,0.35,-0.2,0,-0.51,2
UFC 246,Maycee Barber,Roxanne Modafferi,Underdog,-6.9,-2,-4,1.35,0.23,-2.8,0.03,0.08,0.2,0.23,0,-15
UFC 246,Sodiq Yusuff,Andre Fili,Favorite,-0.48,-2,-3,1.81,0.12,0.39,0.02,-1.88,-0.27,-0.07,0.1,-2
UFC 246,Askar Askarov,Tim Elliott,Favorite,-0.57,-1,1,-0.35,0.1,0.13,0,-1.13,-0.23,0.07,-0.6,-6
UFC 246,Nasrat Haqparast,Drew Dober,Underdog,-2.52,2,2,1.44,0.03,1.01,0.13,-0.4,0.02,0.21,-0.1,-7
UFC 246,Aleksa Camur,Justin Ledet,Favorite,-0.32,-3,-6,1.38,0.17,-0.57,0.05,0.23,-0.29,0.08,-0.2,-7
UFC 246,J.J. Aldrich,Sabina Mazo,Underdog,-0.14,-2,-3,-2.22,0.03,0.03,0.03,0.01,-0.58,0.07,-0.2,4
UFC Fight Night 166,Curtis Blaydes,Junior dos Santos,Favorite,-2.23,0,3,-0.97,0.03,-1.5,0.02,5.42,0.03,-0.5,-0.1,-7
UFC Fight Night 166,Rafael dos Anjos,Michael Chiesa,Underdog,-1.4,-5,-5,1.61,0.06,1.51,0.05,-1.38,-0.16,-0.05,-0.4,3
UFC Fight Night 166,Alex Perez,Jordan Espinosa,Favorite,-1.92,0,-4,-0.13,-0.08,0.18,0.02,1.31,0.15,0.12,0.7,-2
UFC Fight Night 166,Angela Hill,Hannah Cifers,Favorite,-1.45,2,2,0.38,0.04,-0.53,0.08,0.54,-0.67,0.12,-0.2,8
UFC Fight Night 166,Jamahal Hill,Darko Stosic,Favorite,-0.4,4,3,4.57,0.09,-0.54,-0.12,-3.42,-0.5,-0.1,0,1
UFC Fight Night 166,Bevon Lewis,Dequan Townsend,Favorite,-3.22,0,0,2.5,0.08,-1.25,0.16,0,0,0.2,0,-5
UFC Fight Night 166,Arnold Allen,Nik Lentz,Favorite,-1.8,0,2,-0.05,-0.07,-0.34,0.1,-2.28,0.18,0.32,-0.8,-9
UFC Fight Night 166,Lucie Pudilova,Justine Kish,Underdog,-0.93,3,3,-0.83,-0.11,-0.76,-0.06,-0.32,-0.06,0.16,0.6,-7
UFC Fight Night 166,Montel Jackson,Felipe Colares,Favorite,-5.13,2,6,1.19,0.08,-3.24,0.28,1.54,0.47,0.25,-0.2,2
UFC Fight Night 166,Sara McMann,Lina Lansberg,Favorite,-0.45,-1,1,-0.44,-0.1,-1.96,0.02,3.86,0.38,0.03,0.4,1
UFC Fight Night 166,Brett Johns,Tony Gravely,Favorite,-0.23,2,2,-0.96,0.01,-0.63,0.09,-0.49,0.08,0.05,0.7,0
UFC Fight Night 166,Nate Landwehr,Herbert Burns,Underdog,-0.12,0,-1,4.51,0.06,1.15,0.14,-2,-0.02,0.19,-1.5,-1
UFC 247,Jon Jones,Dominick Reyes,Favorite,-3.5,0,7,-0.46,0.06,-1.55,0.16,1.56,0.17,0.14,0.09,2
UFC 247,Valentina Shevchenko,Katlyn Chookagian,Favorite,-7.13,-6,-6,0.98,0.05,-1.08,0.07,1.55,0.13,0.71,0.4,-5
UFC 247,Juan Adams,Justin Tafa,Underdog,-1.76,5,6,3,0.01,-0.96,-0.13,0.91,0.66,0.06,0,2
UFC 247,Mirsad Bektic,Dan Ige,Underdog,-0.07,1,-1,-1.33,-0.05,-1.72,0,2.92,0.26,0.34,0.1,1
UFC 247,Derrick Lewis,Ilir Latifi,Favorite,-2.4,5,6,0.43,0.04,-0.46,-0.17,-1.54,-0.09,-0.48,-0.3,-2
UFC 247,Trevin Giles,James Krause,Favorite,-0.03,-2,1,-1.52,0.06,-1.89,-0.04,0.23,0.32,0.12,-0.61,-6
UFC 247,Andrea Lee,Lauren Murphy,Underdog,-2.25,1,2,0.64,0.07,-1.5,0.06,0.82,0.32,-0.14,0.5,-5
UFC 247,Alex Morono,Kalinn Williams,Underdog,-3.26,-4,-7,2,-0.12,2.46,-0.03,-4.43,-0.29,-0.45,0.2,-1
UFC 247,Miles Johns,Mario Bautista,Underdog,-0.47,-2,-3,-2.42,-0.02,-1.45,0.15,-1.11,-0.22,0.18,-1,0
UFC 247,Domingo Pilarte,Journey Newson,Underdog,-0.19,7,6,-1.33,0.14,0.39,-0.24,0.63,0.26,0.11,0.5,-1
UFC 247,Andre Ewell,Jonathan Martinez,Favorite,-0.18,0,5,-0.26,-0.09,1,-0.06,-0.05,0.4,0.03,0,6
UFC 247,Austin Lingo,Youssef Zalal,Underdog,-1.34,0,-2,0.98,-0.12,3.13,-0.09,-1.85,0.32,0.15,-1.3,2
UFC Fight Night 167,Corey Anderson,Jan Blachowicz,Underdog,-1.53,1,1,1.01,-0.04,-0.69,0.05,3.8,0,0.14,-0.3,-7
UFC Fight Night 167,Michel Pereira,Diego Sanchez,Underdog,-0.78,3,1,2.47,0.17,0.68,0.01,0.02,0.31,0.47,0,-12
UFC Fight Night 167,Montana De La Rosa,Mara Romero Borella,Favorite,-1.01,1,-1,0.16,-0.02,0.73,-0.27,-0.13,-0.13,-0.03,0.6,-8
UFC Fight Night 167,Brok Weaver,Rodrigo Vargas,Favorite,-2.07,1,0,4.3,0.41,-0.46,-0.06,0.41,0.1,0.66,-9.2,
UFC Fight Night 167,Ray Borg,Rogerio Bontorin,Favorite,-0.64,-1,-4,-1.11,0,-1.34,-0.03,0.99,-0.1,-0.05,0,-2
UFC Fight Night 167,Lando Vannata,Yancy Medeiros,Favorite,-0.14,-1,-4,0.15,0.08,-0.92,0.08,0.76,-0.13,-0.05,-0.4,-4
UFC Fight Night 167,Tim Means,Daniel Rodriguez,Underdog,-2.58,1,1,-2.22,-0.02,-1.64,0.03,0.53,-0.1,0.02,0.1,3
UFC Fight Night 167,Nathaniel Wood,John Dodson,Underdog,-0.66,3,3,2.71,0.09,0.63,-0.05,1.03,0.19,-0.12,0.5,-8
UFC Fight Night 167,Scott Holtzman,Jim Miller,Favorite,-0.5,1,-2,1.33,0.04,0.16,-0.02,0.34,0.12,0.2,-1.5,0
UFC Fight Night 167,Devin Clark,Dequan Townsend,Favorite,-3.08,-3,-4,1.79,0.2,-0.68,0.06,2.17,0.32,0.11,0.1,-4
UFC Fight Night 167,Merab Dvalishvili,Casey Kenney,Favorite,-0.93,-1,0,-0.35,-0.02,-2.3,-0.02,5.34,0.01,0.19,-0.11,0
UFC Fight Night 167,Macy Chiasson,Shanna Young,Favorite,-5.86,4,7,0.34,-0.03,-2.35,0.03,2.38,0.37,0.08,-0.1,-1
UFC Fight Night 167,Raulian Paiva,Mark Delarosa,Favorite,-1.71,2,4,1,0.07,0,0,0.1,0.1,0.37,0,-1
UFC 248,Israel Adesanya,Yoel Romero,Favorite,-2.02,4,7,0.49,-0.02,0.06,-0.04,-1.52,-0.16,-0.02,0.1,-13
UFC 248,Weili Zhang,Joanna Jedrzejczyk,Favorite,-1.08,-2,-2,-0.63,0.05,-0.11,-0.09,2.23,-0.16,-0.31,0.4,-2
UFC 248,Beneil Dariush,Drakkar Klose,Favorite,-0.9,1,2,-0.6,-0.08,-0.81,0.05,0.31,0.08,0.11,0.9,-1
UFC 248,Li Jingliang,Neil Magny,Underdog,-0.97,-3,-9,0.98,-0.05,1.42,0.04,-0.92,0,0.05,-0.3,0
UFC 248,Alex Oliveira,Max Griffin,Favorite,-0.5,0,0,-0.93,0.02,-1.27,-0.11,0.9,-0.03,-0.06,0.3,-2
UFC 248,Sean O'Malley,Jose Quinonez,Favorite,-2.63,3,3,4.02,0.15,0.52,-0.03,-2.35,-0.05,0.2,-0.3,-4
UFC 248,Mark O. Madsen,Austin Hubbard,Favorite,-1.47,-2,1,-0.56,0.03,0.23,-0.05,1.1,0.16,-0.04,0,7
UFC 248,Rodolfo Vieira,Saparbek Safarov,Favorite,-4.82,-1,-5,-0.85,0.06,1.63,0.02,1.65,-0.11,0.67,1.6,-3
UFC 248,Deron Winn,Gerald Meerschaert,Underdog,-0.54,-7,-7,1.36,-0.02,2.84,-0.08,2.11,0.14,0.06,-1.6,-2
UFC 248,Jamall Emmers,Giga Chikadze,Underdog,-1.01,-2,0,1.21,0.04,0.6,-0.06,1.6,0.07,0.21,0,-1
UFC 248,Danaa Batgerel,Guido Cannetti,Favorite,-0.32,1,2,1.94,-0.2,1.37,-0.05,-1.75,-0.06,-0.03,-0.4,-10
UFC Fight Night 169,Kevin Lee,Charles Oliveira,Underdog,-0.46,-1,3,0.48,-0.12,0.39,-0.02,1.01,0.02,0.19,-2,-3
UFC Fight Night 169,Gilbert Burns,Demian Maia,Favorite,-0.71,-3,-1,1.49,0.04,1.35,-0.09,-0.25,0.14,-0.11,-0.5,-9
UFC Fight Night 169,Renato Moicano,Damir Hadzovic,Favorite,-3.51,2,2,1.02,0,0.42,-0.03,1.1,-0.11,0.37,0.4,-2
UFC Fight Night 169,Johnny Walker,Nikita Krylov,Underdog,-0.83,3,5,-0.57,-0.03,0.35,0,-1.83,0.62,0.03,-0.5,0
UFC Fight Night 169,Francisco Trinaldo,John Makdessi,Favorite,-2.64,1,2,-2.39,-0.04,-1.49,-0.09,0.98,0.42,-0.26,0.5,6
UFC Fight Night 169,Jussier Formiga,Brandon Moreno,Underdog,-1.14,-2,-3,-2.46,-0.05,-1.29,0.05,0.08,-0.12,0.24,0.09,9
UFC Fight Night 169,Amanda Ribas,Randa Markos,Favorite,-9.11,-1,3,1.65,-0.03,0.29,0.03,0.94,0.23,0.32,0.49,-8
UFC Fight Night 169,Elizeu Zaleski dos Santos,Alexey Kunchenko,Favorite,-0.18,3,3,0.84,-0.03,0.5,-0.07,0.18,-0.2,-0.12,0.4,-3
UFC Fight Night 169,Mayra Bueno Silva,Maryna Moroz,Underdog,-0.85,-1,-1,-0.59,0.23,-0.03,0.02,-0.02,0.14,0.26,1,0
UFC Fight Night 169,David Dvorak,Bruno Silva,Favorite,-0.09,1,3,0.43,-0.04,0.2,0,-1.99,0,0.05,-0.1,-3
UFC Fight Night 169,Veronica Macedo,Bea Malecki,Underdog,-0.14,-5,-10,-3.71,-0.02,-3.21,-0.16,1.08,0.41,-0.19,-0.8,-4
UFC 249,Tony Ferguson,Justin Gaethje,Underdog,-1.24,0,6,-1.84,-0.14,-3.05,0.03,0.28,0.09,-0.08,0.9,5
UFC 249,Henry Cejudo,Dominick Cruz,Favorite,-1.55,-4,-4,-0.15,0.13,0.68,-0.1,-0.83,-0.1,-0.08,0.1,-2
UFC 249,Francis Ngannou,Jairzinho Rozenstruik,Favorite,-2.04,2,5,-1.11,-0.09,-0.62,-0.06,0.76,0.62,-0.05,0.3,1
UFC 249,Calvin Kattar,Jeremy Stephens,Favorite,-1.99,2,1,1.59,-0.02,3.7,-0.04,-0.77,-0.1,0.06,-0.31,-1
UFC 249,Greg Hardy,Yorgan De Castro,Favorite,-1.22,5,6,2.33,0.07,-0.54,0.02,0.2,0.33,-0.13,0,-2
UFC 249,Anthony Pettis,Donald Cerrone,Favorite,-0.66,-3,-1,-1.37,0,-1.05,0.01,-0.55,0.17,-0.13,-0.1,-4
UFC 249,Fabricio Werdum,Aleksei Oleinik,Underdog,-2.58,2,-3,0.29,0.04,-1.16,0.11,-0.08,-0.16,-0.06,-0.7,0
UFC 249,Carla Esparza,Michelle Waterson,Favorite,-0.62,-2,1,-1.4,-0.06,-1.51,0.06,1.8,0.02,-0.23,-0.4,-2
UFC 249,Vicente Luque,Niko Price,Favorite,-2,-1,-1,-0.39,0.1,-0.39,0.04,0.3,0.33,-0.03,-0.1,-2
UFC 249,Bryce Mitchell,Charles Rosa,Favorite,-0.88,1,1,-0.79,0.21,-2.23,0.1,1.78,0.06,-0.05,0.6,-8
UFC 249,Ryan Spann,Sam Alvey,Favorite,-3.51,3,4,-0.03,-0.04,0.26,-0.09,1.28,0.2,-0.35,1.4,-6
UFC Fight Night 170,Anthony Smith,Glover Teixeira,Underdog,-1.64,2,0,-0.5,-0.02,0.04,-0.05,-1.62,-0.08,-0.11,-0.21,-9
UFC Fight Night 170,Ovince St Preux,Ben Rothwell,Underdog,-0.64,-1,2,-0.69,0.04,-1.31,0,0.42,0.01,-0.03,0.09,-1
UFC Fight Night 170,Drew Dober,Alexander Hernandez,Favorite,-0.85,-1,-2,0,-0.01,-0.43,-0.05,-0.36,-0.13,-0.03,0,4
UFC Fight Night 170,Ricky Simon,Ray Borg,Favorite,-0.82,2,6,1.48,-0.1,1.68,0.13,1.6,-0.04,0.3,-0.6,1
UFC Fight Night 170,Philipe Lins,Andrei Arlovski,Underdog,-2.51,-1,1,0.02,0.03,0.38,-0.11,1.27,-0.03,0.24,-0.2,-7
UFC Fight Night 170,Michael Johnson,Thiago Moises,Underdog,-0.03,1,3,1.79,-0.02,-0.37,0.01,-1.02,-0.04,0.25,-1.3,8
UFC Fight Night 170,Sijara Eubanks,Sarah Moras,Favorite,-2.68,-3,0,2.02,0.08,-0.15,0.06,1.23,0.23,0.33,-0.5,3
UFC Fight Night 170,Omar Morales,Gabriel Benitez,Favorite,-0.86,3,2,-1.84,-0.01,-1.31,-0.06,0.24,0.5,0.07,-0.9,3
UFC Fight Night 170,Hunter Azure,Brian Kelleher,Underdog,-1.57,2,3,0.52,0.12,-2.56,0.03,0.23,-0.07,0.07,0.6,-5
UFC Fight Night 170,Chase Sherman,Ike Villanueva,Favorite,-1.04,3,5,2.38,0.07,-0.59,0.16,-0.51,0,-0.26,0,-6
UFC Fight Night 171,Walt Harris,Alistair Overeem,Underdog,-0.67,1,-3,-0.63,-0.25,0.89,-0.03,-1.13,-0.27,-0.04,-0.7,-4
UFC Fight Night 171,Claudia Gadelha,Angela Hill,Favorite,-1.81,1,-1,-2.07,-0.09,-0.3,-0.05,2.22,0.08,-0.19,0.6,-4
UFC Fight Night 171,Edson Barboza,Dan Ige,Underdog,-0.43,4,4,0.35,-0.02,1.13,-0.01,-0.62,0.24,0.14,-0.2,6
UFC Fight Night 171,Krzysztof Jotko,Eryk Anders,Favorite,-0.11,0,2,-0.44,-0.05,-1.94,0.06,-0.46,0.13,0.02,0,-3
UFC Fight Night 171,Yadong Song,Marlon Vera,Favorite,-1.23,0,-3,0.18,-0.06,-1.53,0.05,0.13,0.01,0.02,-0.7,-5
UFC Fight Night 171,Miguel Baeza,Matt Brown,Favorite,-0.66,2,-1,1.12,-0.07,2.17,-0.03,-1.24,-0.18,0.37,0.5,-12
UFC Fight Night 171,Anthony Hernandez,Kevin Holland,Underdog,-0.05,-3,-6,0.05,0.09,0.27,-0.05,5.77,0.1,0.08,2.4,-1
UFC Fight Night 171,Giga Chikadze,Irwin Rivera,Favorite,-3.5,6,7,0.72,-0.02,-1.64,0.05,-0.77,0.17,-0.02,0.2,0
UFC Fight Night 171,Darren Elkins,Nate Landwehr,Underdog,-0.25,1,-1,-2.81,-0.09,-2.48,-0.04,1.85,-0.06,-0.3,0.1,5
UFC Fight Night 171,Cortney Casey,Mara Romero Borella,Favorite,-0.98,1,-2,1.75,0.02,1.52,-0.16,-1.44,-0.13,-0.27,0.3,0
UFC Fight Night 171,Rodrigo Nascimento Ferreira,Don'tale Mayes,Favorite,-0.06,-4,-1,0.35,0.06,0.66,-0.04,0.52,-0.06,0.16,0.6,-1
UFC Fight Night 172,Tyron Woodley,Gilbert Burns,Underdog,-1.08,-1,3,-0.94,0,-0.67,0,-1.19,0.02,0.37,-0.1,5
UFC Fight Night 172,Augusto Sakai,Blagoy Ivanov,Favorite,-0.27,4,4,1.34,0.08,-0.38,-0.06,-0.46,0,-0.05,-0.1,-4
UFC Fight Night 172,Billy Quarantillo,Spike Carlyle,Favorite,-0.14,2,-1,4.81,0.02,1.72,0.13,-2.1,-0.13,0.04,0.6,4
UFC Fight Night 172,Roosevelt Roberts,Brok Weaver,Favorite,-3.01,2,0,-1.74,-0.2,-1.23,0.06,0.98,0.18,-0.15,0.5,-2
UFC Fight Night 172,Mackenzie Dern,Hannah Cifers,Favorite,-4.09,3,1,-1.69,-0.04,-1.3,-0.02,0.53,-0.85,-0.36,1,0
UFC Fight Night 172,Antonina Shevchenko,Katlyn Chookagian,Underdog,-0.58,-3,-5,1.56,0.08,-0.25,-0.03,-0.59,-0.09,0.53,0.4,-2
UFC Fight Night 172,Daniel Rodriguez,Gabriel Green,Favorite,-2.88,3,1,1.01,0.04,-1.67,0.09,-0.21,0,0.09,-0.2,6
UFC Fight Night 172,Jamahal Hill,Klidson Farias de Abreu,Favorite,-0.44,11,12,2.29,0.01,-0.27,-0.2,-0.74,-0.37,0.07,-0.5,5
UFC Fight Night 172,Tim Elliott,Brandon Royval,Underdog,-0.58,-2,-2,-0.94,0.08,-0.76,0.1,3.26,-0.13,0.18,-0.11,6
UFC Fight Night 172,Casey Kenney,Louis Smolka,Favorite,-2.24,-2,0,0.17,-0.05,0.55,0.04,-0.6,0,0.28,-1.4,1
UFC Fight Night 172,Chris Gutierrez,Vincent Morales,Favorite,-0.14,0,-3,0.62,0.2,-1.46,0.09,0.14,0.04,0.04,0.1,0
UFC 250,Amanda Nunes,Felicia Spencer,Favorite,-4.29,2,1,1.34,0.03,-1.92,0.11,1.55,0.36,0.54,0.49,2
UFC 250,Cody Garbrandt,Raphael Assuncao,Favorite,-0.73,3,-1,-0.25,-0.02,1.25,-0.07,-0.62,-0.05,0.02,-0.2,-9
UFC 250,Aljamain Sterling,Cory Sandhagen,Favorite,-0.11,-4,1,-0.72,0.08,-1.11,0,0.95,-0.06,-0.19,0.4,2
UFC 250,Neil Magny,Tony Martin,Favorite,-0.51,3,7,0.79,0.09,-0.17,-0.06,1.46,0.13,-0.15,-0.7,2
UFC 250,Sean O'Malley,Eddie Wineland,Favorite,-4.41,4,3,4.23,0.32,-0.24,-0.07,0,0.08,-0.24,0.2,-10
UFC 250,Chase Hooper,Alex Caceres,Underdog,-1.41,3,1,0.87,0.03,0.24,-0.26,0.9,-0.45,-0.09,1.6,-11
UFC 250,Ian Heinisch,Gerald Meerschaert,Favorite,-0.5,-2,-5,0.06,0.04,-0.4,0.05,-1.15,-0.21,0.24,-0.91,-1
UFC 250,Cody Stamann,Brian Kelleher,Favorite,-1.55,0,-2,0.99,0.06,-1.01,0.07,0.59,-0.02,0.16,-0.7,-3
UFC 250,Charles Byrd,Maki Pitolo,Underdog,-1.13,0,-2,-0.67,0.11,-1.31,0,0.25,-0.03,-0.1,0.7,7
UFC 250,Alex Perez,Jussier Formiga,Favorite,-0.49,1,-2,2.68,0.06,0.79,-0.06,0.24,0.09,-0.06,0.3,-7
UFC 250,Alonzo Menifield,Devin Clark,Underdog,-1.8,0,1,0.89,0.02,0.32,0.04,-1.5,0.01,0.17,0.2,2
UFC 250,Herbert Burns,Evan Dunham,Favorite,-1.92,-1,3,-3.6,0.01,1.05,-0.2,1.18,0.08,-0.13,1.5,-6
UFC Fight Night 173,Cynthia Calvillo,Jessica Eye,Favorite,-0.5,-2,-2,0.55,0.01,-0.08,0.08,1.22,0.03,0.2,0.3,-1
UFC Fight Night 173,Marvin Vettori,Karl Roberson,Favorite,-1.37,-1,0,1.98,-0.06,1.82,-0.01,0.94,0.04,0.26,0,-3
UFC Fight Night 173,Kevin Aguilar,Charles Rosa,Underdog,-0.89,-2,4,0.87,0.04,0.94,0.05,-1.51,-0.19,0.4,-1,-2
UFC Fight Night 173,Andre Fili,Charles Jourdain,Favorite,-1.47,2,5,-1.71,-0.11,-0.2,-0.06,2.07,0.37,0.2,-0.3,5
UFC Fight Night 173,Jordan Espinosa,Mark Delarosa,Favorite,-1.05,0,4,1.08,0.17,-2.06,0.08,0.2,0.15,0.29,0,5
UFC Fight Night 173,Mariya Agapova,Hannah Cifers,Favorite,-2.81,5,6,-0.33,0.11,-1.57,0,0.32,-0.34,-0.18,0.6,-4
UFC Fight Night 173,Merab Dvalishvili,Gustavo Lopez,Favorite,-5.72,1,1,2.02,0,-1.5,0,4.68,-0.05,0.49,-0.4,-1
UFC Fight Night 173,Julia Avila,Gina Mazany,Favorite,-4.85,1,0,-1.15,-0.08,-0.67,0,-3.8,-0.19,0.17,0.09,1
UFC Fight Night 173,Tyson Nam,Zarrukh Adashev,Favorite,-0.48,2,3,0.22,-0.08,1.92,0.01,0,0,-0.13,-0.5,9
UFC Fight Night 173,Anthony Ivy,Christian Aguilera,Underdog,-1.33,5,2,-0.05,0.04,0.53,0.03,4.69,0.2,0.4,0,2
UFC Fight Night 174,Curtis Blaydes,Alexander Volkov,Favorite,-2.98,-3,0,-1.57,-0.07,-1.17,0.04,5.23,-0.1,-0.42,-0.2,-2
UFC Fight Night 174,Shane Burgos,Josh Emmett,Underdog,-1.16,5,5,3.36,0.16,2.17,-0.05,-0.49,0.07,0.45,0.3,-6
UFC Fight Night 174,Raquel Pennington,Marion Reneau,Favorite,-1.71,1,-1,0.93,0.11,-0.23,0.01,0.28,-0.36,0.13,-0.11,-11
UFC Fight Night 174,Belal Muhammad,Lyman Good,Favorite,-0.16,-1,-2,-0.79,-0.05,-0.37,-0.07,1.71,-0.65,0.18,0.2,-3
UFC Fight Night 174,Roosevelt Roberts,Jim Miller,Underdog,-1.68,6,2,0.05,0.02,-0.38,-0.05,-0.15,-0.16,0.05,-0.8,-10
UFC Fight Night 174,Bobby Green,Clay Guida,Favorite,-1.96,3,1,3.81,0.19,0.74,0.01,-1.94,0.02,0.06,-0.3,-5
UFC Fight Night 174,Brianna Van Buren,Tecia Torres,Underdog,-1.65,-2,-5,7.98,0.19,4.52,-0.06,-0.93,0.08,0.28,0,-7
UFC Fight Night 174,Marc-Andre Barriault,Oskar Piechota,Favorite,-0.37,1,-2,2.89,-0.06,1.73,0.01,-0.39,-0.16,0.29,-1.4,0
UFC Fight Night 174,Gillian Robertson,Cortney Casey,Favorite,-0.11,-2,-4,-1.69,0.07,-0.88,0.01,2.13,0.12,0.03,0.5,-8
UFC Fight Night 174,Frank Camacho,Justin Jaynes,Underdog,-2.16,3,5,3.22,0.02,2.11,-0.11,0.36,-0.1,0.53,-1.11,1
UFC Fight Night 174,Lauren Murphy,Roxanne Modafferi,Favorite,-0.25,-2,-2,0.69,0.09,-0.46,0.04,-0.33,0.01,0.38,0,-1
UFC Fight Night 174,Max Rohskopf,Austin Hubbard,Underdog,-1.11,3,0,-2.41,-0.15,2.05,-0.15,1.25,-0.17,-0.65,1.5,-3
UFC Fight Night 175,Dustin Poirier,Daniel Hooker,Favorite,-1.48,-3,-3,0.37,0.03,-0.4,0.02,0.54,0.01,-0.18,0.99,1
UFC Fight Night 175,Mike Perry,Mickey Gall,Favorite,-2.48,-4,-3,1.38,0,0.91,0.03,-0.4,0.1,0.42,-1.7,0
UFC Fight Night 175,Maurice Greene,Gian Villante,Favorite,-1.7,4,4,-1.11,0.01,-1.86,-0.11,-0.45,-0.23,-0.56,0.4,-1
UFC Fight Night 175,Brendan Allen,Kyle Daukaus,Favorite,-2.31,-1,-1,0.75,0.01,0.89,0.04,-0.39,0.21,-0.24,-0.5,-3
UFC Fight Night 175,Takashi Sato,Jason Witt,Favorite,-1.94,0,3,0.06,-0.04,1.19,-0.09,-6.14,-0.11,-0.4,-0.9,-4
UFC Fight Night 175,Sean Woodson,Julian Erosa,Underdog,-4.15,1,4,-0.56,-0.02,-2.1,0.1,-0.97,0.15,0.26,-0.4,-3
UFC Fight Night 175,Luis Pena,Khama Worthy,Underdog,-1.81,4,1,-0.52,-0.02,-1.33,0.04,1.17,0.33,-0.09,0.5,-7
UFC Fight Night 175,Philipe Lins,Tanner Boser,Underdog,-0.14,0,3,-0.91,-0.04,0.83,-0.12,1.65,0.33,0.37,0,6
UFC Fight Night 175,Kay Hansen,Jinh Yu Frey,Favorite,-1.16,-1,-2,0.03,0.07,-1.05,-0.02,0.81,-0.14,-0.53,0.5,-15
UFC Fight Night 175,Youssef Zalal,Jordan Griffin,Favorite,-0.33,0,-1,0.35,0.02,-1.29,0.15,0.82,-0.01,0.18,-0.6,-7
UFC 251,Kamaru Usman,Jorge Masvidal,Favorite,-1.83,1,2,0.31,0.05,-0.31,-0.1,1.44,-0.14,0.17,-0.2,-2
UFC 251,Alex Volkanovski,Max Holloway,Favorite,-1.44,0,4,-3.13,-0.09,6.19,-0.19,-0.25,-0.53,-0.84,-0.3,5
UFC 251,Petr Yan,Jose Aldo,Favorite,-1.51,0,-3,1.5,0.07,0.63,-0.03,1.22,-0.03,-0.07,0,-6
UFC 251,Rose Namajunas,Jessica Andrade,Favorite,-1.33,4,3,-2.93,-0.1,-1.87,0.07,-1,-0.09,-0.13,0.2,-1
UFC 251,Amanda Ribas,Paige VanZant,Favorite,-6.58,-1,1,1.27,-0.12,0.77,0.19,0.79,0.18,0.51,-0.31,0
UFC 251,Volkan Oezdemir,Jiri Prochazka,Underdog,-0.67,-1,-5,-1.17,-0.1,-1.51,0.14,-0.23,-0.27,0.12,-0.2,3
UFC 251,Muslim Salikhov,Elizeu Zaleski dos Santos,Favorite,-0.37,0,-3,-1.16,0.09,-0.4,0.05,0.84,0.27,0.04,-0.4,2
UFC 251,Makwan Amirkhani,Danny Henry,Favorite,-1.27,-2,-1,-3.87,-0.08,-1.19,0.01,3.22,0.09,-0.16,-1.11,0
UFC 251,Leonardo Santos,Roman Bogatov,Favorite,-1,4,2,-0.52,0.04,-1.01,0.1,-0.12,0.16,0.36,0.2,11
UFC 251,Marcin Tybura,Maxim Grishin,Favorite,-0.03,0,0,0.34,-0.05,1.08,-0.03,1.22,0.17,0.13,0.1,-2
UFC 251,Raulian Paiva,Zhalgas Zhumagulov,Favorite,-0.93,4,3,-1.11,-0.02,-0.86,-0.05,-0.65,0.04,0.02,0,-7
UFC 251,Karol Rosa,Vanessa Melo,Favorite,-1.67,0,2,2.86,0.26,-1.35,-0.1,1.22,0.45,-0.03,0,-7
UFC 251,Martin Day,Davey Grant,Underdog,-0.96,2,4,-0.8,0.03,-0.03,-0.03,-0.54,0.19,0.04,0.3,-3
UFC Fight Island 1,Calvin Kattar,Dan Ige,Favorite,-2.12,4,1,1,-0.06,3.23,-0.03,-0.67,0.02,0.14,-0.2,4
UFC Fight Island 1,Tim Elliott,Ryan Benoit,Favorite,-0.45,2,-2,0.51,0.04,-0.99,-0.02,3.45,0.24,-0.13,0.6,3
UFC Fight Island 1,Jimmie Rivera,Cody Stamann,Favorite,-0.4,-2,4,-0.36,-0.07,0.27,-0.03,-1.46,-0.12,0.16,0.1,0
UFC Fight Island 1,Molly McCann,Taila Santos,Underdog,-0.63,-2,-6,2.4,0.01,2.3,0.05,-0.18,-0.38,-0.43,-0.51,4
UFC Fight Island 1,Abdul Razak Alhassan,Mounir Lazzez,Underdog,-2.53,-3,-3,-4.12,-0.08,-1.43,0.02,-0.91,-0.19,-0.21,0.2,2
UFC Fight Island 1,Khamzat Chimaev,John Phillips,Favorite,-2.8,3,0,4,0.23,-0.58,-0.08,3.99,0.46,0.93,2.7,-8
UFC Fight Island 1,Ricardo Ramos,Lerone Murphy,Underdog,-0.8,0,-1,-1.8,-0.18,1.14,-0.04,1.43,0.07,0.25,0.09,-4
UFC Fight Island 1,Modestas Bukauskas,Andreas Michailidis,Favorite,-0.94,3,2,0.37,-0.11,0.3,0.06,-1.13,-0.27,0.2,0,-5
UFC Fight Island 1,Jared Gordon,Chris Fishgold,Favorite,-0.64,1,0,3.38,0.24,0.69,0.1,-0.64,-0.06,0.18,-1.3,4
UFC Fight Island 1,Diana Belbita,Liana Jojua,Underdog,-1.08,3,6,4.12,0.12,1.22,-0.04,-0.8,-0.05,0.15,-1.3,-2
UFC Fight Island 1,Jack Shore,Aaron Phillips,Favorite,-5.66,-1,0,2.24,0.04,-1.35,0.13,2.24,-0.12,0.32,0.09,-5
UFC Fight Island 2,Deiveson Figueiredo,Joseph Benavidez,Favorite,-1.61,1,3,-0.52,0.21,0.71,-0.11,0.24,0.12,-0.05,1.1,-3
UFC Fight Island 2,Jack Hermansson,Kelvin Gastelum,Favorite,-0.02,4,6,1.54,0.03,0.46,-0.02,0.57,0,0.21,0.3,3
UFC Fight Island 2,Marc Diakiese,Rafael Fiziev,Underdog,-1.29,2,2,-2.37,-0.11,-2.33,0.03,3,0.02,-0.23,0,0
UFC Fight Island 2,Ariane Lipski,Luana Carolina,Favorite,-0.25,-4,-8,-1.76,-0.1,1.11,-0.04,0.99,0.13,-0.62,-0.3,1
UFC Fight Island 2,Alexandre Pantoja,Askar Askarov,Underdog,-1.23,-1,0,1.36,-0.06,1.17,-0.07,0,0.23,0.02,0.4,3
UFC Fight Island 2,Roman Dolidze,Khadis Ibragimov,Favorite,-0.77,-1,-2,-0.93,-0.1,-0.9,0.04,0.33,0.1,-0.47,1,6
UFC Fight Island 2,Grant Dawson,Nad Narimani,Favorite,-2.27,2,2,-0.36,0.09,-0.73,-0.13,1.76,-0.05,-0.3,1.5,-7
UFC Fight Island 2,Joseph Duffy,Joel Alvarez,Underdog,-1.88,-5,-4,-0.97,-0.12,0.4,0.04,0.96,0.66,0.53,-0.61,5
UFC Fight Island 2,Montel Jackson,Brett Johns,Underdog,-2.01,3,4,0.5,0.04,-2.43,0.1,-1.5,0.21,0.1,-0.7,0
UFC Fight Island 2,Amir Albazi,Malcolm Gordon,Favorite,-0.58,-2,-3,0.29,-0.06,1.06,0.2,-0.02,-0.02,0.14,-0.31,-4
UFC Fight Island 2,Arman Tsarukyan,Davi Ramos,Favorite,-1.81,1,2,1.14,0.1,-1.6,-0.04,1.3,-0.04,-0.08,-0.6,-10
UFC Fight Island 2,Sergey Spivak,Carlos Felipe,Favorite,-1.18,3,3,-1.34,0.03,-1.81,-0.02,4.55,0.64,-0.03,0.5,0
UFC Fight Island 3,Robert Whittaker,Darren Till,Favorite,-0.36,0,-1,2.27,-0.05,0.14,0.02,0.26,-0.09,0.13,0,2
UFC Fight Island 3,Mauricio Rua,Rogerio Nogueira,Favorite,-1.14,-1,1,1.13,0.15,0.45,-0.05,1.36,0.03,-0.13,-0.11,-5
UFC Fight Island 3,Alexander Gustafsson,Fabricio Werdum,Underdog,-2.64,1,2,0.44,-0.12,0.88,-0.05,-0.22,0.08,0.52,-0.8,-9
UFC Fight Island 3,Marina Alcalde Rodriguez,Carla Esparza,Underdog,-0.99,12,11,5.14,0.09,2.59,0.01,-2.6,0.15,0.16,-0.2,1
UFC Fight Island 3,Paul Craig,Gadzhimurad Antigulov,Favorite,-0.38,4,6,0.37,-0.1,-1.24,0.03,-3.41,-0.16,0.37,0.2,-1
UFC Fight Island 3,Alex Oliveira,Peter Sobotta,Favorite,-0.86,-1,1,0.85,0.1,-0.36,-0.12,0.82,0.06,-0.15,0.09,-1
UFC Fight Island 3,Khamzat Chimaev,Rhys McKee,Favorite,-8.91,0,-3,0.92,0.12,-4.39,0,3.99,0.46,0.59,2.7,2
UFC Fight Island 3,Francisco Trinaldo,Jai Herbert,Favorite,-0.51,-4,-7,0.43,0.04,-0.48,0.14,0.78,0.31,0.03,0.5,9
UFC Fight Island 3,Nicolas Dalby,Jesse Ronson,Underdog,-1.82,1,4,0.49,-0.04,0.04,-0.05,0.65,0.01,0.03,-0.4,1
UFC Fight Island 3,Tom Aspinall,Jake Collier,Favorite,-1.61,2,0,1.92,0.22,-2.31,0.16,2.75,0.67,0.32,1.1,-4
UFC Fight Island 3,Movsar Evloev,Mike Grundy,Favorite,-1.18,0,0,2.34,0.02,-1.56,0.04,0.69,0.18,0.2,-0.2,-7
UFC Fight Island 3,Tanner Boser,Raphael Pessoa,Favorite,-1.96,-1,-3,2.54,0.26,-0.69,0.15,0,0,-0.37,0,-3
UFC Fight Island 3,Pannie Kianzad,Bethe Correia,Favorite,-0.74,2,2,0.37,0.06,-1.26,-0.04,0.07,0.15,-0.19,0.1,-8
UFC Fight Island 3,Nathaniel Wood,John Castaneda,Favorite,-3.38,0,-2,1.12,0,-0.78,0,-0.18,0.1,-0.02,0.3,-1
UFC Fight Island 3,Ramazan Emeev,Niklas Stolze,Favorite,-3.22,-3,2,0.4,-0.03,-0.11,0.16,1.71,-0.71,0.1,0,6
UFC Vegas 5,Edmen Shahbazyan,Derek Brunson,Underdog,-2.86,1,-2,0.09,0.05,1.04,-0.06,-0.9,0.04,-0.22,0,-14
UFC Vegas 5,Joanne Wood,Jennifer Maia,Underdog,-1.27,2,1,2.75,0.13,0.37,-0.05,1.1,0.28,0,0.2,3
UFC Vegas 5,Vicente Luque,Randy Brown,Favorite,-1.26,-4,-3,0.7,0.06,1.88,-0.03,0.21,0.14,-0.12,0.09,-1
UFC Vegas 5,Lando Vannata,Bobby Green,Underdog,-0.59,-1,0,-1.94,-0.08,1,-0.07,-0.1,-0.02,-0.06,0,-5
UFC Vegas 5,Jonathan Martinez,Frankie Saenz,Favorite,-1.73,2,4,0.6,0.02,0.37,0.04,-1.33,0.03,0.07,0,-13
UFC Vegas 5,Nathan Maness,Johnny Munoz,Favorite,-0.07,1,1,-0.11,0.12,1.63,-0.16,-1.53,0.5,0.33,-1.5,1
UFC Vegas 5,Jamall Emmers,Vince Cachero,Favorite,-3.93,4,6,2,0.02,-2.46,0.13,1.83,0.4,0.72,-0.3,0
UFC Vegas 6,Derrick Lewis,Aleksei Oleinik,Favorite,-1.28,1,-1,-0.81,0.02,-1.32,-0.04,-1.25,-0.2,0.15,-1.9,-7
UFC Vegas 6,Chris Weidman,Omari Akhmedov,Favorite,-0.67,2,5,0.2,0.1,0.38,-0.05,0.85,-0.04,0,0.6,3
UFC Vegas 6,Darren Stewart,Maki Pitolo,Favorite,-1.12,2,-1,-1.05,0.01,-0.65,-0.08,-0.5,-0.08,0.17,-0.7,0
UFC Vegas 6,Yana Santos,Julija Stoliarenko,Favorite,-0.8,-1,2,1.67,0.17,-1.52,0.03,0.18,0.26,-0.13,-1.6,3
UFC Vegas 6,Beneil Dariush,Scott Holtzman,Favorite,-1.59,1,3,-0.55,0.01,-1.02,0.01,0.02,-0.23,0.13,0.7,-5
UFC Vegas 6,Laureano Staropoli,Tim Means,Underdog,-0.7,-1,-4,-1.77,-0.15,0.08,-0.06,-0.33,-0.15,-0.18,-0.2,-9
UFC Vegas 6,Kevin Holland,Joaquin Buckley,Favorite,-3.71,5,5,-0.01,0.13,0.06,-0.08,-0.84,-0.06,-0.15,0.6,1
UFC Vegas 6,Nasrat Haqparast,Alex Munoz,Favorite,-1.93,-5,-3,4.56,0.03,2.98,0.22,0.31,0.2,0.56,-4.91,-20
UFC Vegas 6,Wellington Turman,Andrew Sanchez,Underdog,-0.33,-1,-2,-1.07,0.08,-0.93,-0.05,-1,-0.16,-0.59,0.8,-9
UFC Vegas 6,Gavin Tucker,Justin Jaynes,Favorite,-0.23,-1,-2,0.95,0,-1.16,-0.06,2.38,0.03,0.33,0.39,3
UFC Vegas 6,Youssef Zalal,Peter Barrett,Favorite,-4.25,0,-1,-1.3,-0.12,-2.6,0.23,0.88,0.12,-0.07,1.3,-10
UFC Vegas 6,Irwin Rivera,Ali Al Qaisi,Favorite,-0.83,0,-1,0.92,0.02,3.1,0,-2.5,-0.13,0.09,-1,2
UFC 252,Daniel Cormier,Stipe Miocic,Underdog,-0.19,-5,-8,-0.58,-0.02,-0.9,0,-0.04,0.09,0.12,0.4,4
UFC 252,Sean O'Malley,Marlon Vera,Underdog,-2.14,3,2,3.32,0.12,-1.97,0.12,-0.19,0.02,-0.08,-0.61,-2
UFC 252,Jairzinho Rozenstruik,Junior dos Santos,Favorite,-0.48,-2,1,-1.06,0.02,-0.56,-0.1,-0.3,-0.5,-0.07,-0.1,-4
UFC 252,Herbert Burns,Daniel Pineda,Underdog,-2.14,2,4,-1.36,-0.09,1.41,-0.06,1.29,0.17,0.18,0.8,-2
UFC 252,Merab Dvalishvili,John Dodson,Favorite,-2.08,3,2,1.29,0,-1.21,-0.05,5.72,0.07,-0.02,0.3,-6
UFC 252,Vinc Pichel,Jim Miller,Favorite,-0.3,2,1,0.62,0.04,-0.46,-0.02,1.24,0.1,-0.22,-1.5,1
UFC 252,Virna Jandiroba,Felice Herrig,Favorite,-2.4,-1,-1,-1.54,0.01,-2.24,0.08,1.27,0.07,-0.03,0.39,-4
UFC 252,T.J. Brown,Danny Chavez,Underdog,-0.54,1,5,0.51,0.06,-0.94,-0.02,1.46,-0.04,-0.51,1.3,-3
UFC 252,Livia Renata Souza,Ashley Yoder,Favorite,-1.25,-4,-6,1.36,0.29,-2.1,0.13,-0.2,0.23,-0.17,-0.6,-7
UFC 252,Chris Daukaus,Parker Porter,Favorite,-0.13,3,1,-0.5,0,-1.69,0.04,-1.35,-0.26,0.34,-0.5,-5
UFC 252,Kai Kamaka,Tony Kelley,Favorite,-1.88,-2,-1,-0.59,0.09,0.44,0.1,1.93,0.57,0,-1.1,-8
UFC Vegas 7,Pedro Munhoz,Frankie Edgar,Underdog,-1.89,0,-3,1.55,0.02,3.41,-0.09,-1.78,-0.13,0.16,0.2,-5
UFC Vegas 7,Mike Rodriguez,Marcin Prachnio,Favorite,-1.58,1,8,-1.27,-0.03,0.94,-0.14,-0.17,-0.2,-0.21,0,0
UFC Vegas 7,Austin Hubbard,Joe Solecki,Underdog,-0.23,1,1,1.9,-0.12,2.21,0.04,-0.9,0,0.15,-1.5,2
UFC Vegas 7,Mariya Agapova,Shana Dobson,Underdog,-9.61,0,-1,1.33,0.18,-1.39,0.02,-0.25,0.16,0.32,0.9,-8
UFC Vegas 7,Daniel Rodriguez,Dwight Grant,Favorite,-1.2,0,-2,4.01,0.14,2.62,-0.04,0.01,-0.5,-0.04,0.1,-2
UFC Vegas 7,Mizuki Inoue,Amanda Lemos,Underdog,-0.73,-1,0,1.12,-0.05,1.41,0.03,-0.65,-0.49,0.28,-0.7,-8
UFC Vegas 7,Jordan Wright,Ike Villanueva,Favorite,-0.12,1,4,0.43,0.18,-1.21,-0.05,1.48,-0.05,0,0.4,-8
UFC Vegas 7,Timur Valiev,Trevin Jones,Underdog,-9.06,-1,-3,3.06,0.16,-0.96,0.06,1.1,0.25,-0.05,0.09,1
UFC Fight Night 182,Aleksandar Rakic,Anthony Smith,Favorite,-1.82,0,2,1.02,0.02,-1.67,0.03,0.27,-0.02,0.36,-0.6,-3
UFC Fight Night 182,Neil Magny,Robbie Lawler,Favorite,-1.68,4,6,-0.38,-0.01,-2.25,-0.07,1.52,-0.24,-0.11,0.3,-6
UFC Fight Night 182,Alexa Grasso,Ji Yeon Kim,Favorite,-1.99,-2,-6,-0.71,0.07,-1.46,0.01,0.41,0.45,0.08,0.5,-4
UFC Fight Night 182,Ricardo Lamas,Bill Algeo,Favorite,-1.99,-4,-2,-3.03,-0.06,-1.65,0.09,0.98,-0.13,-0.11,0.8,8
UFC Fight Night 182,Impa Kasanganay,Maki Pitolo,Favorite,-0.63,1,0,0.86,0.03,-0.27,0.02,-0.5,0.05,0.16,-0.61,-3
UFC Fight Night 182,Alessio Di Chirico,Zak Cummings,Underdog,-0.41,0,-1,0.35,0.04,0.52,0.05,0.84,0.1,0.16,-0.6,-5
UFC Fight Night 182,Alex Caceres,Austin Springer,Favorite,-1.26,2,2,0.67,-0.08,-0.07,0.21,-2.83,0.28,-0.36,-0.11,-2
UFC Fight Night 182,Sean Brady,Christian Aguilera,Favorite,-3.49,1,0,1.23,0.16,-0.5,0.13,3.29,0.56,0.27,1.2,-1
UFC Fight Night 182,Emily Whitmire,Polyana Viana,Underdog,-0.46,0,-4,-0.5,-0.1,0.33,0.01,1.08,0.33,0.31,-1.4,2
UFC Fight Night 182,Mallory Martin,Hannah Cifers,Favorite,-2.31,3,1,-0.58,0.03,1.25,0.03,2.01,-0.58,-0.39,0,-1
UFC Fight Night 183,Alistair Overeem,Augusto Sakai,Favorite,-0.86,1,3,-0.93,0.15,-1.39,0.08,1.19,0.15,0.16,0.8,11
UFC Fight Night 183,Alonzo Menifield,Ovince St Preux,Underdog,-0.69,-3,-4,0.89,0.09,0.25,0.02,-0.44,-0.03,0.07,-0.2,-5
UFC Fight Night 183,Michel Pereira,Zelim Imadaev,Favorite,-0.64,1,-3,2.25,0.18,-0.65,0.14,1.14,0.05,0.34,0.8,1
UFC Fight Night 183,Bartosz Fabinski,Andre Muniz,Underdog,-0.63,-1,-3,0.26,0.18,-0.53,-0.04,2.86,0.19,0.45,-1.2,4
UFC Fight Night 183,Brian Kelleher,Ray Rodriguez,Favorite,-2.97,-1,-4,2.49,0.13,0.74,0.14,0.32,-0.1,0.15,0.7,1
UFC Fight Night 183,Viviane Araujo,Montana De La Rosa,Favorite,-1.21,-3,0,1.41,0.1,1.75,0.12,0.05,0.09,0.14,-0.21,8
UFC Fight Night 183,Hunter Azure,Cole Smith,Favorite,-1.95,-3,2,2.13,0.18,0.12,0.08,0.3,0.01,0.22,-0.4,-3
UFC FN - Covington vs Woodley,Colby Covington,Tyron Woodley,Favorite,-2.55,2,-2,1.52,-0.1,0.22,0.01,2.73,0.03,-0.2,-0.2,-6
UFC FN - Covington vs Woodley,Khamzat Chimaev,Gerald Meerschaert,Favorite,-3.3,1,-2,2.53,0.12,0.08,-0.12,1.82,0.08,0.65,1.1,-6
UFC FN - Covington vs Woodley,Johnny Walker,Ryan Spann,Favorite,-0.32,1,3,0.56,0.13,-1.06,0,-0.89,0.65,0.09,-0.6,0
UFC FN - Covington vs Woodley,Mackenzie Dern,Randa Markos,Favorite,-0.82,0,0,0.33,-0.03,0.98,-0.07,-0.34,-0.14,-0.24,1.1,-7
UFC FN - Covington vs Woodley,Kevin Holland,Darren Stewart,Favorite,-2.02,3,7,1.19,0.03,-0.11,0.02,-0.9,-0.08,-0.13,0.5,-2
UFC FN - Covington vs Woodley,David Dvorak,Jordan Espinosa,Favorite,-0.02,-1,-1,-0.74,-0.1,0.35,0.02,-0.18,0.01,0,0,-3
UFC FN - Covington vs Woodley,Mirsad Bektic,Damon Jackson,Underdog,-2.75,-3,-1,-0.57,0,-1.49,0.05,1.47,0.17,0.52,-1,-2
UFC FN - Covington vs Woodley,Mayra Bueno Silva,Mara Romero Borella,Favorite,-2.02,0,-3,1.29,0.19,2.38,-0.18,-1.15,-0.06,0.02,1.4,-5
UFC FN - Covington vs Woodley,Jessica-Rose Clark,Sarah Alpar,Favorite,-1.38,1,1,1.37,0.07,-2.55,0.19,0.04,0.15,0.42,-0.11,4
UFC FN - Covington vs Woodley,Journey Newson,Randy Costa,Underdog,-0.36,-4,-6,-3.89,-0.15,-5.01,0.06,0.56,0.16,-0.08,0.3,6
UFC FN - Covington vs Woodley,Andre Ewell,Irwin Rivera,Favorite,-1.57,2,8,0.92,-0.04,-0.21,-0.06,-0.64,0.59,0.02,0.1,1
UFC FN - Covington vs Woodley,Tyson Nam,Jerome Rivera,Favorite,-1.13,-3,-4,0.66,0,2.36,0.14,0,0,0.47,0,11
UFC 253,Israel Adesanya,Paulo Costa,Favorite,-1.06,3,8,-2.27,-0.1,-3.27,0.09,-0.4,-0.61,-0.04,0.1,1
UFC 253,Dominick Reyes,Jan Blachowicz,Underdog,-1.88,2,-1,1.34,0,0.85,-0.06,-0.74,-0.22,0.12,0.1,-7
UFC 253,Kai Kara-France,Brandon Royval,Underdog,-1.42,-5,1,0.24,0.03,-0.18,0.19,0.16,-0.27,0.48,-1.11,0
UFC 253,Ketlen Vieira,Sijara Eubanks,Favorite,-1.27,4,1,-1.26,-0.03,0.48,-0.06,-0.39,0,0.26,0.3,-7
UFC 253,Zubaira Tukhugov,Hakeem Dawodu,Underdog,-0.45,0,-5,-2.29,-0.11,-0.31,0.06,2.13,0.39,0.35,0,1
UFC 253,Brad Riddell,Alex da Silva,Favorite,-2.26,-1,-2,2.57,0.07,1,-0.04,-0.2,-0.08,-0.13,-0.3,4
UFC 253,Jake Matthews,Diego Sanchez,Favorite,-5.59,1,1,0.6,0.08,-0.46,0.03,0.08,0.16,0.15,-0.21,-13
UFC 253,Ludovit Klein,Shane Young,Favorite,-0.27,-1,0,-1.24,0.15,-1.72,0.01,1.14,0.28,0.18,0,-1
UFC 253,Aleksa Camur,William Knight,Underdog,-0.82,3,1,2.11,0,0.96,0.19,-1.32,-0.19,0.02,-0.4,-8
UFC 253,Juan Espino,Jeff Hughes,Favorite,-2.31,1,3,-1.58,0.18,-1.72,-0.2,8.21,0.28,0.04,2.4,7
UFC 253,Khadis Ibragimov,Danilo Marques,Underdog,-1.04,-3,1,2.11,-0.31,1.73,-0.06,-2.96,0.01,0.8,-0.5,-9
UFC FN - Holm vs Aldana,Holly Holm,Irene Aldana,Favorite,-0.23,-1,1,-2.12,0,-3.41,-0.02,0.71,-0.2,0,-0.1,6
UFC FN - Holm vs Aldana,Yorgan De Castro,Carlos Felipe,Underdog,-1.6,0,-1,-2.42,-0.03,-1.75,0.03,0,0,0.05,0,8
UFC FN - Holm vs Aldana,Germaine de Randamie,Julianna Pena,Favorite,-0.66,3,2,-0.6,-0.01,-0.3,0.15,-1.94,-0.56,0.42,-0.4,6
UFC FN - Holm vs Aldana,Kyler Phillips,Cameron Else,Favorite,-3.88,-1,1,3.72,0.04,-4.71,0.09,2.41,0.46,0.75,0.5,-9
UFC FN - Holm vs Aldana,Dusko Todorovic,Dequan Townsend,Favorite,-2.8,-2,-5,4.31,0.22,0.62,0.08,0.96,0.12,-0.02,0,-8
UFC FN - Holm vs Aldana,Court McGee,Carlos Condit,Underdog,-0.27,-3,0,0.93,-0.03,0.95,0.05,1.25,-0.22,0.3,-0.6,-1
UFC FN - Holm vs Aldana,Jordan Williams,Nassourdine Imavov,Underdog,-0.35,-2,0,1.29,-0.05,2.2,-0.26,0.24,0.19,0.08,-1.5,4
UFC FN - Holm vs Aldana,Loma Lookboonmee,Jinh Yu Frey,Favorite,-0.73,-2,-4,1.12,0.13,-1.76,0.01,0.87,0.14,-0.19,-0.2,-11
UFC FN - Holm vs Aldana,Casey Kenney,Heili Alateng,Favorite,-2.68,2,2,2.2,0.09,0,0.01,-0.9,-0.11,-0.15,0.4,1
UFC FN - Holm vs Aldana,Jessin Ayari,Luigi Vendramini,Underdog,-0.12,4,0,0.71,-0.04,-0.23,0.01,-1.12,-0.15,-0.5,-0.3,3
UFC FN - Ortega vs Zombie,Chan Sung Jung,Brian Ortega,Underdog,-1.21,-1,3,-0.15,0.02,-2.03,0.03,-0.47,0.17,0.15,-0.6,4
UFC FN - Ortega vs Zombie,Jessica Andrade,Katlyn Chookagian,Favorite,-0.79,-10,-10,4.32,0.03,2.19,0.01,1.36,0.05,0.72,0.3,-9
UFC FN - Ortega vs Zombie,Jim Crute,Modestas Bukauskas,Favorite,-2.24,-1,-4,0.4,0.13,-0.83,-0.06,4.84,0.56,-0.11,2,-2
UFC FN - Ortega vs Zombie,James Krause,Claudio Silva,Favorite,-0.61,3,2,2.31,0.07,1.11,0.14,-1.89,-0.09,0.14,-0.21,-4
UFC FN - Ortega vs Zombie,Thomas Almeida,Jonathan Martinez,Underdog,-0.42,-1,0,0.29,-0.06,1.05,0.04,-0.24,-0.21,0.06,-0.1,2
UFC FN - Ortega vs Zombie,Mateusz Gamrot,Guram Kutateladze,Underdog,-2.26,-1,-2,-1.54,0.06,-1.47,0.02,4.59,0.17,0.15,0.1,1
UFC FN - Ortega vs Zombie,Gillian Robertson,Poliana Botelho,Favorite,-1.35,-3,-4,-0.3,-0.12,0.32,0.02,1.67,-0.14,-0.33,1,-6
UFC FN - Ortega vs Zombie,Jun Yong Park,John Phillips,Favorite,-2.02,-1,-2,2.81,0.15,-0.74,0.04,1.83,0.5,0.49,1.1,-5
UFC FN - Ortega vs Zombie,Jamie Mullarkey,Fares Ziam,Underdog,-0.44,-1,-1,1.68,-0.02,2.81,-0.12,1.5,0.11,0.1,-0.1,2
UFC FN - Ortega vs Zombie,Maxim Grishin,Gadzhimurad Antigulov,Favorite,-2.8,4,8,1.17,-0.04,-1.94,0.17,-4.87,-0.2,0.66,-1.4,3
UFC FN - Ortega vs Zombie,Said Nurmagomedov,Mark Striegl,Favorite,-3.08,0,0,2.15,0.01,-1.95,0.16,1.01,0.16,0,1.4,-3
UFC 254,Khabib Nurmagomedov,Justin Gaethje,Favorite,-2.45,-1,0,-2.69,-0.11,-5.71,0.13,5.21,0.23,0.08,0.8,0
UFC 254,Jared Cannonier,Robert Whittaker,Underdog,-0.05,-1,4,0.1,0.1,0.67,0,-0.38,0.03,-0.19,0,7
UFC 254,Alexander Volkov,Walt Harris,Favorite,-1.01,2,3,2.04,0.17,-0.34,0,0.2,0.35,0.03,0.1,-5
UFC 254,Phil Hawes,Jacob Malkoun,Favorite,-1.63,3,4,1.47,0.02,1.24,0.03,-4.51,-0.08,0.7,-0.2,7
UFC 254,Lauren Murphy,Liliya Shakirova,Favorite,-1.28,1,2,1.34,0.09,2.67,-0.19,1.03,0.25,0.69,0.1,8
UFC 254,Magomed Ankalaev,Ion Cutelaba,Favorite,-2.42,2,0,-0.81,0.1,-1.19,0.12,-3.15,-0.26,0.09,0,1
UFC 254,Tai Tuivasa,Stefan Struve,Favorite,-0.1,-9,-9,0.83,0.02,1,-0.04,-0.57,-0.46,0.01,-1.7,-5
UFC 254,Casey Kenney,Nathaniel Wood,Favorite,-0.94,1,-1,-1.07,-0.09,0.45,0.01,-0.65,-0.13,-0.09,-0.1,2
UFC 254,Shavkat Rakhmonov,Alex Oliveira,Favorite,-0.15,2,1,1.12,0.09,-0.14,0.04,-0.87,-0.1,0.37,1.2,-7
UFC 254,Miranda Maverick,Liana Jojua,Favorite,-3.22,-1,3,1.38,0.17,-2.72,0.04,0.78,-0.2,-0.1,-0.9,-3
UFC 254,Joel Alvarez,Alexander Yakovlev,Favorite,-0.88,0,3,1.91,-0.01,0.96,-0.08,-1.66,-0.35,-0.61,1.2,-8
UFC Vegas 12,Urijah Hall,Anderson Silva,Favorite,-1.48,-2,2,0.18,-0.13,1.8,-0.06,0.04,-0.39,-0.05,-0.7,-10
UFC Vegas 12,Bryce Mitchell,Andre Fili,Favorite,-0.34,-1,-4,-1.56,0.2,-2.49,0.06,1.29,-0.06,-0.36,1.3,-4
UFC Vegas 12,Greg Hardy,Maurice Greene,Favorite,-2.33,-2,0,1.51,0.04,-0.3,0.1,0.2,0.33,0.37,-0.4,-2
UFC Vegas 12,Kevin Holland,Charlie Ontiveros,Favorite,-5.35,1,7,2.35,0.08,-2.68,0.19,0.85,0.38,0.24,0.6,-1
UFC Vegas 12,Bobby Green,Thiago Moises,Underdog,-2.3,1,1,3.98,0.12,-0.45,0.06,-0.45,-0.06,0.17,-1,8
UFC Vegas 12,Alexander Hernandez,Chris Gruetzemacher,Favorite,-3.4,1,4,-1.85,-0.16,-0.3,0.03,0.85,-0.19,-0.07,0.1,-6
UFC Vegas 12,Adrian Yanez,Victor Rodriguez,Favorite,-3.8,2,3,4.92,0.03,-0.37,0.06,0,0,1,0,-1
UFC Vegas 12,Sean Strickland,Jack Marshman,Favorite,-2.91,1,3,3.17,0.15,0.13,0.05,0.85,0.64,0.57,0.2,-1
UFC Vegas 12,Jason Witt,Cole Williams,Favorite,-0.66,-2,-3,1.84,0.17,-2.8,0.29,6.9,0.48,0.75,0.9,-3
UFC Vegas 12,Dustin Jacoby,Justin Ledet,Favorite,-2.9,-1,-4,2.18,0.07,-0.75,0.07,0.12,-0.25,0.18,-0.2,1
UFC Vegas 12,Miles Johns,Kevin Natividad,Favorite,-0.71,1,-4,0.59,0.12,-1.75,0.21,-2.52,-0.29,0.02,0,-1
UFC Vegas 13,Thiago Santos,Glover Teixeira,Underdog,-1.63,0,0,-0.01,-0.02,-1.86,0.02,-1.23,0,0.05,-0.8,-4
UFC Vegas 13,Tanner Boser,Andrei Arlovski,Underdog,-2.42,-1,-2,0.92,0.07,-0.46,0.01,-0.38,-0.36,-0.13,-0.2,-13
UFC Vegas 13,Raoni Barcelos,Khalid Taha,Favorite,-2.91,2,-2,2.57,0.19,0.67,0.14,1.86,0.32,0.24,0.4,5
UFC Vegas 13,Giga Chikadze,Jamey Simmons,Favorite,-5.84,6,4,3.29,0.22,1.52,-0.12,0.23,0.33,0.18,0.2,4
UFC Vegas 13,Yan Xiaonan,Claudia Gadelha,Favorite,-0.8,1,0,1.65,0.03,-0.92,0.01,-2.03,0.31,0.04,-0.7,-1
UFC Vegas 13,Bevon Lewis,Trevin Giles,Underdog,-0.15,3,5,0.46,-0.13,0.44,-0.04,-1.19,-0.5,-0.05,-0.3,2
UFC Vegas 13,Alexander Romanov,Marcos Rogerio de Lima,Favorite,-3.55,1,0,0.35,-0.05,-0.7,-0.02,2.92,0.09,-0.39,0.4,-5
UFC Vegas 13,Darren Elkins,Luiz Garagorri,Favorite,-1.72,-4,-6,-1.35,-0.03,-1.73,-0.08,2.29,0.06,-0.44,0.8,-3
UFC Vegas 13,Max Griffin,Ramiz Brahimaj,Favorite,-0.43,1,4,2.17,0.08,0.12,0.11,-0.17,0.06,0.24,-1.3,7
UFC Vegas 13,Gustavo Lopez,Anthony Birchak,Favorite,-0.21,-3,-2,-1.46,0.04,0.2,0,1.26,0.26,-0.3,0.19,-4
UFC Vegas 14,Rafael dos Anjos,Paul Felder,Favorite,-1.14,-3,0,-0.23,0.02,-0.23,0.12,1.66,0.06,-0.09,0.4,-1
UFC Vegas 14,Abdul Razak Alhassan,Kalinn Williams,Underdog,-1.41,-5,-6,0.5,-0.05,2.29,-0.05,-3.86,-0.12,-0.5,0,4
UFC Vegas 14,Miranda Granger,Ashley Yoder,Underdog,-0.73,0,-1,-0.63,0.07,-1.56,0.09,-1.1,-0.27,-0.33,-0.6,-4
UFC Vegas 14,Brendan Allen,Sean Strickland,Underdog,-0.05,1,-1,-1.94,0.12,-0.5,-0.16,0.89,-0.18,-0.2,1.2,-5
UFC Vegas 14,Kay Hansen,Cory McKenna,Underdog,-1.26,-1,5,0,0.09,0,0.03,-0.4,-0.36,-0.34,0.4,0
UFC Vegas 14,Kanako Murata,Randa Markos,Favorite,-1.13,-3,-1,-0.83,0.13,-0.71,-0.05,2.25,0.28,0.48,0.6,-8
UFC Vegas 14,Tony Gravely,Geraldo De Freitas Jr.,Favorite,-0.61,-2,-3,0.14,-0.05,1.84,-0.06,2.4,-0.05,-0.07,0.3,0
UFC Vegas 14,Alex Morono,Rhys McKee,Favorite,-1.01,-3,-6,0.07,-0.05,-3.69,0.15,0.32,0.22,0.14,0.4,5
UFC Vegas 14,Don'tale Mayes,Roque Martinez,Favorite,-1.66,8,9,0.41,-0.11,-0.95,-0.1,0.32,-0.08,0.06,-0.4,-6
UFC 255,Deiveson Figueiredo,Alex Perez,Favorite,-2.6,-1,3,-1.09,0.1,0.25,-0.09,-0.42,-0.03,-0.24,0.8,4
UFC 255,Valentina Shevchenko,Jennifer Maia,Favorite,-9.88,1,2,-1.07,0.14,-2.41,0.06,2.14,0.36,0.13,0.3,1
UFC 255,Mike Perry,Tim Means,Underdog,-0.64,-4,-4,-0.76,-0.03,1.52,-0.08,-0.35,0,0.13,0,-8
UFC 255,Cynthia Calvillo,Katlyn Chookagian,Underdog,-1.86,-7,-8,2.11,-0.09,0.94,0.09,0.79,-0.06,0.77,0.8,-5
UFC 255,Paul Craig,Mauricio Rua,Favorite,-0.88,2,0,-1.12,-0.04,0.18,-0.11,-0.33,-0.28,-0.12,0.9,-6
UFC 255,Brandon Moreno,Brandon Royval,Favorite,-1.15,-2,2,-0.46,0.08,0.2,0.12,1.27,-0.14,0.23,-0.61,-1
UFC 255,Joaquin Buckley,Jordan Wright,Favorite,-1.86,-4,-1,0.15,-0.21,-2.91,0.26,-0.4,-0.02,-0.32,-0.4,-2
UFC 255,Antonina Shevchenko,Ariane Lipski,Favorite,-0.78,6,6,0.98,0.16,-1.81,0.07,-0.95,-0.14,0.39,0.1,8
UFC 255,Daniel Rodriguez,Nicolas Dalby,Underdog,-2.3,2,0,3.26,0.07,1.85,0.04,-0.5,0.2,0.03,0,-2
UFC 255,Alan Jouban,Jared Gooden,Favorite,-0.51,0,-4,0.58,0.01,-2.91,0.12,-0.17,-0.57,-0.08,0.09,12
UFC 255,Kyle Daukaus,Dustin Stoltzfus,Favorite,-2.16,3,1,-0.27,0.08,-0.36,-0.06,-0.28,-0.16,0.35,1.2,-1
UFC 255,Louis Cosce,Sasha Palatnikov,Underdog,-3.04,-4,-1,-2.39,-0.09,-0.1,-0.06,0.32,-0.8,-0.2,0.5,-7
UFC Vegas 15,Anthony Smith,Devin Clark,Favorite,-0.51,4,1,0.2,-0.07,1.22,0.02,-1.68,-0.06,-0.09,0.6,1
UFC Vegas 15,Miguel Baeza,Takashi Sato,Favorite,-1.17,4,1,2.67,0.08,1.36,0.09,-0.32,-0.09,0.4,1.8,-2
UFC Vegas 15,Josh Parisian,Parker Porter,Underdog,-1.37,4,4,-2,-0.03,-1.45,-0.11,-0.38,0.07,-0.2,-0.3,-5
UFC Vegas 15,Spike Carlyle,Bill Algeo,Underdog,-1.09,-4,-2,-3.62,0.02,-0.67,-0.17,2.48,-0.11,0,0.4,-3
UFC Vegas 15,Ashlee Evans-Smith,Norma Dumont,Underdog,-0.56,1,0,0.92,-0.15,2.7,-0.13,-0.96,-0.47,-0.22,0,3
UFC Vegas 15,Kai Kamaka,Jonathan Pearce,Underdog,-2.3,-5,-2,-0.37,0.02,1.86,0.01,-3.32,0.07,-0.06,-0.5,-3
UFC Vegas 15,Martin Day,Anderson dos Santos,Underdog,-0.8,5,3,1.27,0.2,-1.58,0.04,-0.26,0.46,-0.02,-0.2,-3
UFC Vegas 15,Gina Mazany,Rachael Ostovich,Favorite,-1.14,3,6,1.19,0.07,-0.46,-0.07,2.31,-0.31,-0.33,-0.61,2
UFC Vegas 15,Su Mudaerji,Malcolm Gordon,Favorite,-2.52,1,1,2.13,0.09,0.73,0.18,-1.43,0.65,0.4,-0.4,-6
UFC Vegas 15,Luke Sanders,Nathan Maness,Underdog,-0.73,-4,-5,4.28,0.04,0.08,0.09,-0.17,-0.45,-0.07,-0.1,6
UFC Vegas 16,Marvin Vettori,Jack Hermansson,Favorite,-0.41,-1,-3,-0.54,0.01,0.55,0,0.12,0.15,-0.12,0.09,-5
UFC Vegas 16,Jamahal Hill,Ovince St Preux,Favorite,-1.05,1,-1,4.15,0.07,0.18,-0.01,-1.11,-0.36,0.05,-0.5,-8
UFC Vegas 16,Gabriel Benitez,Justin Jaynes,Favorite,-1.54,1,3,1.92,-0.04,-0.84,0.01,-0.53,0.09,0.35,-0.21,1
UFC Vegas 16,Roman Dolidze,John Allan,Favorite,-1.3,1,1,-0.94,-0.03,-2.39,-0.02,-0.1,-0.31,-0.17,0.5,4
UFC Vegas 16,Jordan Leavitt,Matt Wiman,Favorite,-3.4,-1,3,-0.63,0.1,-1.73,0.05,0.06,-0.12,-0.27,-0.4,-12
UFC Vegas 16,Louis Smolka,Jose Quinonez,Favorite,-0.48,1,-1,1.06,0.01,1.11,-0.11,-1.02,-0.12,-0.1,1.2,-1
UFC Vegas 16,Ilia Topuria,Damon Jackson,Favorite,-1.9,-4,-2,1.4,0.05,0.06,0.14,-0.59,0.21,0.52,-0.1,-8
UFC Vegas 16,Gian Villante,Jake Collier,Underdog,-1.21,0,-2,-1.42,0,0.38,0.05,-0.26,-0.1,0.15,-0.6,3
UFC 256,Deiveson Figueiredo,Brandon Moreno,Underdog,-0.82,-2,-2,-0.87,0.11,-0.25,-0.09,-0.1,-0.05,-0.06,1.2,6
UFC 256,Mackenzie Dern,Virna Jandiroba,Favorite,-0.93,1,-1,1.01,0.02,1.12,-0.06,-1.57,-0.21,-0.45,0.1,-4
UFC 256,Ronaldo Souza,Kevin Holland,Underdog,-0.13,-5,-11,-0.52,-0.1,2.11,-0.05,-0.35,-0.22,0.05,-0.6,-3
UFC 256,Ciryl Gane,Junior dos Santos,Favorite,-3.25,0,4,1,0.13,-1.15,0.06,0.27,-0.3,-0.32,0.4,-6
UFC 256,Daniel Pineda,Cub Swanson,Underdog,-0.8,-1,-1,-1.62,-0.02,-0.66,-0.13,0.61,-0.27,-0.13,1.29,-2
UFC 256,Rafael Fiziev,Renato Moicano,Favorite,-0.35,-3,-1,0.52,0.03,1.28,-0.11,-1.6,-0.05,0.17,-0.6,-4
UFC 256,Billy Quarantillo,Gavin Tucker,Underdog,-1.01,4,4,3.07,0.12,1.39,-0.14,-1.89,-0.21,0.07,-0.4,-2
UFC 256,Tecia Torres,Sam Hughes,Favorite,-4.98,2,6,-2.93,-0.11,-3.27,0.08,1.1,0.03,-0.07,0,-2
UFC 256,Chase Hooper,Peter Barrett,Favorite,-2.25,3,1,0.9,-0.09,-1,-0.06,0.06,0.01,-0.11,2.29,-13
UFC Vegas 17,Geoff Neal,Stephen Thompson,Underdog,-0.05,-1,0,0.85,0.03,2.44,0.02,0.2,0.03,0.21,0.1,-8
UFC Vegas 17,Jose Aldo,Marlon Vera,Favorite,-0.55,-1,0,-0.68,-0.03,-1.76,0.09,-0.03,0.14,0.21,-0.8,6
UFC Vegas 17,Michel Pereira,Kalinn Williams,Favorite,-0.13,-2,-6,2.29,0.02,2,-0.03,-3.22,0.05,-0.07,0.6,-4
UFC Vegas 17,Marlon Moraes,Rob Font,Underdog,-0.65,-2,-4,-2.16,-0.05,0.88,-0.03,-0.03,0.06,0,0,0
UFC Vegas 17,Greg Hardy,Marcin Tybura,Underdog,-0.11,2,2,1.19,0.02,-0.05,0,-1.23,0,-0.16,-0.1,-3
UFC Vegas 17,Anthony Pettis,Alex Morono,Favorite,-1.42,-1,0,-1.83,0.06,-0.73,-0.04,0.28,0.28,0.04,0.7,4
UFC Vegas 17,Sijara Eubanks,Pannie Kianzad,Underdog,-0.69,-3,1,-0.45,-0.06,-0.24,0.03,1.44,0.1,0,0.2,7
UFC Vegas 17,Antonio Arroyo,Deron Winn,Underdog,-0.88,9,3,-1.73,0.22,-4.19,0.03,-3.15,-0.12,0,0.2,0
UFC Vegas 17,Gillian Robertson,Taila Santos,Underdog,-0.09,-1,-5,-0.79,-0.02,0.48,-0.02,0.52,-0.33,-0.43,-0.11,-1
UFC Vegas 17,Tafon Nchukwi,Jamie Pickett,Favorite,-2.43,-2,-3,2.92,0.05,0.49,0.04,-0.5,0.16,-0.04,-0.1,-6
UFC Vegas 17,Jimmy Flick,Cody Durden,Favorite,-0.66,0,1,-1.47,-0.02,2.31,-0.11,-3.05,-0.24,-0.66,5.1,0
UFC Vegas 17,Christos Giagos,Carlton Minus,Favorite,-2.53,0,-4,-0.48,0,-1.76,0,2.84,0.36,-0.06,0.4,3
UFC FN,Max Holloway,Calvin Kattar,Favorite,-0.83,0,-3,2.41,0.08,-2.04,0.04,-0.15,0.24,0.12,0.2,-4
UFC FN,Carlos Condit,Matt Brown,Favorite,-1.04,2,0,-0.1,-0.17,-0.25,0,-1.09,0,-0.25,-0.31,-3
UFC FN,Santiago Ponzinibbio,Li Jingliang,Underdog,-2.57,0,2,0.44,-0.02,0.83,0.04,-0.77,-0.11,0,0,1
UFC FN,Joaquin Buckley,Alessio Di Chirico,Underdog,-1.98,-2,2,0.93,-0.04,-0.32,-0.04,0.23,0.04,-0.15,0,-4
UFC FN,Dusko Todorovic,Punahele Soriano,Underdog,-0.69,2,2,1.58,0.11,0,-0.02,0.16,-0.29,0.12,0,-1
UFC FN,Joselyne Edwards,Yanan Wu,Favorite,-0.01,0,4,0.47,0.11,-1.6,0.01,0.38,0.03,0.01,0.09,0
UFC FN,Carlos Felipe,Justin Tafa,Favorite,-1.21,0,1,0.79,-0.1,0.58,0.03,0,0,0.21,0,-1
UFC FN,Ramazan Emeev,David Zawada,Favorite,-1.75,-2,1,-1.31,0.04,-2.4,0.09,1.4,-0.05,0.09,-1,4
UFC FN,Sarah Moras,Vanessa Melo,Underdog,-1.74,2,2,-1.21,0.04,-2.55,-0.09,0.67,0.21,-0.38,0.8,0
UFC FN,Austin Lingo,Jacob Kilburn,Favorite,-1.36,1,-2,1.29,0.03,-1.92,0.21,-0.09,0.61,0.55,-0.5,1
UFC 257,Conor McGregor,Dustin Poirier,Underdog,-2.35,0,2,-0.13,-0.03,0.29,0.01,-0.66,0.19,0.03,-1.3,0
UFC 257,Daniel Hooker,Michael Chandler,Underdog,-0.3,4,4,0.19,0.01,0.17,0.04,-1.38,-0.04,0.09,-0.5,-4
UFC 257,Joanne Wood,Jessica Eye,Favorite,-0.14,0,-1,3.24,0.14,0.69,-0.05,0.94,0.15,0.01,-0.2,1
UFC 257,Makhmud Muradov,Andrew Sanchez,Favorite,-0.94,1,1,-0.09,0,-2.53,0.1,0.48,0.3,-0.23,0.2,-2
UFC 257,Amanda Ribas,Marina Alcalde Rodriguez,Underdog,-2.25,-10,-8,-2.67,-0.1,-1.89,0.04,1.44,0.01,0.21,0.6,-7
UFC 257,Arman Tsarukyan,Matt Frevola,Favorite,-5.13,-2,1,0.08,0.06,-1.73,-0.06,0.66,-0.04,0.33,-0.9,-6
UFC 257,Brad Tavares,Antonio Carlos Junior,Favorite,-0.44,-1,-5,1.43,0.01,1,0.03,-2.64,-0.13,0.28,-0.8,2
UFC 257,Sara McMann,Julianna Pena,Underdog,-0.3,0,-3,-0.91,-0.01,-0.38,-0.04,2.44,0.09,0.27,-0.31,9
UFC 257,Khalil Rountree,Marcin Prachnio,Underdog,-2.42,-2,2,-1.78,-0.17,0.87,-0.05,-0.17,-0.2,0,0.1,-1
UFC 257,Movsar Evloev,Nik Lentz,Favorite,-5.27,-1,4,0.98,0.01,-0.36,0.1,1.45,0.14,0.27,-1,-9
UFC 257,Zhalgas Zhumagulov,Amir Albazi,Underdog,-0.16,-1,-2,2.44,0.03,2.79,-0.11,-0.41,-0.15,0.35,-0.5,5
UFC FN,Alexander Volkov,Alistair Overeem,Favorite,-1.07,3,0,1.42,-0.08,0.56,-0.03,-0.93,0.07,0,-0.61,-9
UFC FN,Cory Sandhagen,Frankie Edgar,Favorite,-3.22,5,2,1.56,0.03,0.58,-0.08,-0.93,0.02,-0.02,0,-10
UFC FN,Michael Johnson,Clay Guida,Underdog,-1.36,3,3,1.62,0.06,0.82,-0.05,-2.51,0.04,0.14,-0.6,-5
UFC FN,Alexandre Pantoja,Manel Kape,Favorite,-0.36,0,-1,-0.71,-0.06,-0.54,-0.09,1.96,0.09,-0.09,0.4,4
UFC FN,Carlos Diego Ferreira,Beneil Dariush,Underdog,-0.19,-1,2,1.26,-0.09,0.78,-0.01,-0.94,-0.05,-0.21,-0.31,4
UFC FN,Mike Rodriguez,Danilo Marques,Underdog,-1.67,-2,5,2.9,-0.26,1.72,-0.12,-3.93,-0.29,0.37,-0.8,-3
UFC FN,Devonte Smith,Justin Jaynes,Favorite,-2.58,2,8,1.21,0.09,-1.42,-0.13,-0.4,-0.16,0.64,-0.8,-4
UFC FN,Karol Rosa,Joselyne Edwards,Favorite,-1.69,-3,-3,1.63,0.04,1.42,-0.02,0.21,0.12,0.04,-0.3,1
UFC FN,Molly McCann,Lara Fritzen Procopio,Underdog,-0.75,0,-5,0.15,-0.09,-1.56,0.16,-1.33,-0.09,-0.08,0.3,6
UFC FN,Youssef Zalal,Seung Woo Choi,Underdog,-1.57,-2,-2,-0.61,0.1,-1.29,0.18,1.4,-0.2,-0.09,1.3,-4
UFC FN,Timur Valiev,Martin Day,Favorite,-2.56,-4,-6,1.22,0.08,-0.46,-0.09,1.01,-0.2,-0.1,-0.2,-1
UFC FN,Ode Osbourne,Jerome Rivera,Favorite,-1.4,-3,1,0.25,0.04,1.84,-0.08,1.27,0.27,0.24,0.2,3
UFC Fight Night 185,Curtis Blaydes,Derrick Lewis,Underdog,-3.1,1,1,1.04,0,-0.65,0.18,5.15,0.27,-0.22,0,-6
UFC Fight Night 185,Ketlen Vieira,Yana Santos,Underdog,-1.92,2,0,-1.13,-0.16,0.89,0.01,0.39,-0.1,0.5,0.5,-2
UFC Fight Night 185,Charles Rosa,Darrick Minner,Underdog,-1.13,2,0,0.45,-0.3,1.58,0.12,-0.73,-0.37,-0.29,-1.71,3
UFC Fight Night 185,Chris Daukaus,Aleksei Oleinik,Favorite,-0.9,1,-4,2.76,0.02,0.83,0.11,-1.82,-0.46,0.63,-1.9,-12
UFC Fight Night 185,Phil Hawes,Nassourdine Imavov,Favorite,-0.25,-3,2,0.79,0.04,0.46,-0.06,1.23,0.03,0.14,-1.3,6
UFC Fight Night 185,Tom Aspinall,Andrei Arlovski,Favorite,-1.69,2,1,3.94,0.21,-0.44,0.09,3.08,0.64,0.24,1.5,-14
UFC Fight Night 185,Danny Chavez,Jared Gordon,Underdog,-0.48,-1,-1,-2.53,-0.19,0.43,-0.07,0,0.19,0.25,0,2
UFC Fight Night 185,John Castaneda,Eddie Wineland,Favorite,-0.3,-1,2,1.39,0.21,1.23,-0.12,1.57,0.03,-0.16,0.1,-7
UFC Fight Night 185,Julian Erosa,Nate Landwehr,Favorite,-0.09,4,2,-0.12,0.01,0.54,-0.09,0.62,0.05,-0.29,-0.2,-1
UFC Fight Night 185,Casey O'Neill,Shana Dobson,Favorite,-0.59,0,0,5.07,0.17,1.09,0.06,0.93,-0.12,0.52,0.7,-9
UFC Fight Night 185,Drako Rodriguez,Aiemann Zahabi,Underdog,-1,0,1,-0.07,-0.08,0.79,-0.13,2.73,0.5,-0.05,0.7,-9
UFC Fight Night 185,Sergey Spivak,Jared Vanderaa,Favorite,-1.63,-1,-2,-1.42,0.04,-1.88,0.03,4.38,0.14,0.49,0.5,-3
UFC Fight Night 186,Ciryl Gane,Jairzinho Rozenstruik,Favorite,-1.82,2,3,2.05,0.1,-0.59,0.16,0.57,0.21,-0.25,0.5,-2
UFC Fight Night 186,Magomed Ankalaev,Nikita Krylov,Favorite,-2.56,0,-2,-0.74,-0.03,-0.23,0.14,-1.27,-0.08,0.32,-1.4,-1
UFC Fight Night 186,Jimmie Rivera,Pedro Munhoz,Underdog,-0.59,-2,3,-1.29,-0.03,-2.34,0.03,0.37,0.09,0.1,-0.4,-3
UFC Fight Night 186,Alex Caceres,Kevin Croom,Favorite,-1.07,-1,0,1.56,0.14,-0.02,0.21,0.06,0.63,0.34,0.19,-1
UFC Fight Night 186,Alexander Hernandez,Thiago Moises,Underdog,-1.5,0,2,1.86,0,0.46,0,-0.58,-0.13,0.02,-1.2,2
UFC Fight Night 186,Sabina Mazo,Alexis Davis,Underdog,-1.29,1,2,1.46,-0.06,-0.11,0.02,-0.3,0.36,0.24,-0.5,-12
UFC Fight Night 186,Ronnie Lawrence,Vince Cachero,Favorite,-0.85,2,0,-0.52,0.11,-4.76,0.09,6.75,0.77,0.27,-0.3,-3
UFC Fight Night 186,Dustin Jacoby,Maxim Grishin,Favorite,-0.98,0,-2,2.27,-0.06,1.8,-0.02,0.15,0.09,-0.07,0,-4
UFC 259,Israel Adesanya,Jan Blachowicz,Underdog,-1.6,2,2,0.52,-0.03,0.19,0.03,-1.04,-0.36,0.08,-0.2,-7
UFC 259,Amanda Nunes,Megan Anderson,Favorite,-6.86,-4,-3,2.79,0.04,-0.73,0.19,2.21,0.29,0.28,0.19,1
UFC 259,Petr Yan,Aljamain Sterling,Underdog,-0.07,0,-4,0.52,0.01,2.06,0,-0.59,0.24,0.4,-0.6,-3
UFC 259,Islam Makhachev,Drew Dober,Favorite,-2.96,2,0,-1.88,0.19,-2.97,0.09,2.46,0.42,0.34,0.9,-3
UFC 259,Aleksandar Rakic,Thiago Santos,Favorite,-0.76,2,2,0.53,0.02,0.23,-0.04,-0.12,-0.09,0.19,0,-8
UFC 259,Casey Kenney,Dominick Cruz,Underdog,-0.37,-1,0,0.93,0.08,2.06,-0.12,-1.73,-0.08,-0.22,0.3,-6
UFC 259,Yadong Song,Kyler Phillips,Underdog,-0.76,0,-5,-1.23,-0.03,0.58,-0.06,-1.75,-0.06,-0.04,-0.3,-2
UFC 259,Askar Askarov,Joseph Benavidez,Favorite,-0.29,2,2,-0.48,0.2,0.12,-0.05,1.19,-0.06,0.04,-0.2,-8
UFC 259,Kai Kara-France,Rogerio Bontorin,Favorite,-0.42,-1,2,1.94,-0.13,-0.03,0.15,-2.27,-0.27,0.37,-1,-1
UFC 259,Jordan Espinosa,Tim Elliott,Underdog,-0.12,-1,3,0.82,0.08,0.27,0,-2.98,-0.19,0.1,-0.8,-3
UFC 259,Carlos Ulberg,Kennedy Nzechukwu,Underdog,-1.74,-1,-6,2.28,0.13,-1.31,0.02,0.35,0.3,-0.06,0.09,2
UFC 259,Sean Brady,Jake Matthews,Favorite,-1.29,-1,-1,0.47,0.08,0.98,0.01,1.7,0.16,0.25,0.6,2
UFC 259,Amanda Lemos,Livia Renata Souza,Favorite,-1.57,1,2,-1.35,-0.15,2.18,-0.16,0.07,0.13,0.06,0.7,8
UFC 259,Uros Medic,Aalon Cruz,Favorite,-0.82,1,-7,-2.08,0.2,-5.71,0,0.38,0.5,0.55,0,-3
UFC 259,Mario Bautista,Trevin Jones,Underdog,-1.55,2,-1,3.56,0.1,-0.3,0.14,1.63,0.29,0.06,0.8,-3
UFC 260,Francis Ngannou,Stipe Miocic,Favorite,-0.48,0,3,-2.5,-0.13,-1.66,-0.14,-1.11,0.27,0.02,0.3,-4
UFC 260,Vicente Luque,Tyron Woodley,Favorite,-1.71,2,1,2.71,0.04,2.45,-0.03,-0.07,0.13,-0.25,0.19,-10
UFC 260,Sean O'Malley,Thomas Almeida,Favorite,-2.42,4,2,2.79,0.18,-1.41,0.01,0.17,0.27,-0.13,0.3,-3
UFC 260,Miranda Maverick,Gillian Robertson,Favorite,-0.83,-2,2,1.19,0,-0.52,0.02,-0.04,0.03,-0.03,-0.6,-3
UFC 260,Khama Worthy,Jamie Mullarkey,Underdog,-0.29,-1,0,-0.21,0.01,-0.09,-0.08,-2.31,-0.34,-0.22,0.6,8
UFC 260,Alonzo Menifield,Fabio Cherant,Favorite,-2.34,-1,2,2.57,0.16,-1.32,0.1,0.67,0.33,0.75,0.3,7
UFC 260,Abubakar Nurmagomedov,Jared Gooden,Favorite,-1.62,-1,-5,-2.31,0.04,-4.07,0.17,0.57,-0.78,0.23,-0.2,4
UFC 260,Michal Oleksiejczuk,Modestas Bukauskas,Favorite,-0.94,-3,-4,1.77,0.09,0.38,0.1,0.75,0.44,-0.23,0,-1
UFC 260,Omar Morales,Shane Young,Favorite,-1.2,3,1,-1.78,0,-2.28,0.05,-0.17,0.82,-0.02,0,8
UFC 260,Marc-Andre Barriault,Abu Azaitar,Favorite,-0.26,4,-2,1.81,0.03,1.34,0.01,-0.78,-0.12,0.25,0.1,-4
UFC FN,Jiri Prochazka,Dominick Reyes,Favorite,-0.34,-1,3,1,0.06,1.65,-0.08,0.43,0.31,-0.12,-0.11,-3
UFC FN,Giga Chikadze,Cub Swanson,Favorite,-0.89,4,4,-0.63,-0.08,-0.4,0.03,-0.87,-0.19,0.07,-0.2,-5
UFC FN,Sean Strickland,Krzysztof Jotko,Favorite,-1.73,0,-1,2.93,-0.02,2.1,0.05,-0.49,0.25,-0.05,0.1,-1
UFC FN,Merab Dvalishvili,Cody Stamann,Favorite,-1.71,0,4,0.11,-0.06,-1.26,-0.06,4.09,-0.04,0.04,0.3,-1
UFC FN,Luana Pinheiro,Randa Markos,Favorite,-0.94,-2,-1,0.59,-0.03,1.06,0.05,1.12,0.04,0.14,0,-7
UFC FN,Kai Kamaka,T.J. Brown,Underdog,-0.77,-2,-3,1.59,0.12,2.4,0.06,-1.49,0.01,0.16,-1,-5
UFC FN,Poliana Botelho,Luana Carolina,Underdog,-1.73,2,-2,-1.73,0.08,-0.83,0.05,0.47,0.14,0,-0.6,5
UFC FN,Loma Lookboonmee,Sam Hughes,Favorite,-3,-4,-3,0.06,0.11,-2.03,-0.04,0.94,0.2,0.15,0.1,-3
UFC FN,Luke Sanders,Felipe Colares,Underdog,-0.66,-2,-2,4.44,0.07,-0.29,0.14,-1.17,0.06,0.28,-0.3,8
UFC 262,Charles Oliveira,Michael Chandler,Favorite,-0.38,2,3,-1.5,0.07,-1.38,0.04,0,0.02,-0.16,1.9,-4
UFC 262,Beneil Dariush,Tony Ferguson,Favorite,-1.03,-1,-4,-1.17,0.02,-1.77,0.01,1.5,-0.01,0.13,0,-5
UFC 262,Matt Schnell,Rogerio Bontorin,Underdog,-0.79,3,3,1.6,-0.15,1.28,0.05,-2.31,-0.16,-0.02,0,2
UFC 262,Katlyn Chookagian,Viviane Araujo,Favorite,-0.49,7,4,-1.82,0,-1.78,-0.03,-0.75,0.09,-0.78,-0.6,4
UFC 262,Shane Burgos,Edson Barboza,Underdog,-0.41,0,0,3.29,0.08,2.13,0,-0.03,-0.06,0.19,0.3,-5
UFC 262,Ronaldo Souza,Andre Muniz,Underdog,-0.07,-3,-8,1.76,-0.11,3.3,-0.1,-3.74,-0.34,0.25,-1.2,-6
UFC 262,Mike Grundy,Lando Vannata,Underdog,-0.22,-2,1,-2.43,0,-0.31,0.01,2.97,-0.09,-0.19,0.1,5
UFC 262,Jordan Wright,Jamie Pickett,Favorite,-0.01,0,-3,1.44,0.09,2.41,-0.19,0.82,0.04,0.32,0.3,-3
UFC 262,Antonina Shevchenko,Andrea Lee,Underdog,-0.28,2,-2,-0.84,0.09,-0.83,-0.1,-1.43,-0.16,-0.03,-0.2,4
UFC 262,Gina Mazany,Priscila Cachoeira,Underdog,-1.35,-1,3,-0.03,0.06,-3.51,0.07,4.18,0.19,-0.32,0.2,0
UFC 262,Tucker Lutz,Kevin Aguilar,Favorite,-0.17,1,-1,-0.22,0.06,-1.56,-0.09,1.83,0.28,-0.1,0.2,-6
UFC 262,Christos Giagos,Sean Soriano,Favorite,-1.41,1,1,-0.16,-0.2,1.06,-0.07,1.5,-0.2,0,0.4,0
UFC FN,Rob Font,Cody Garbrandt,Favorite,-0.03,0,6,2.55,0.04,-0.11,-0.04,-0.15,0,-0.34,0.3,4
UFC FN,Yan Xiaonan,Carla Esparza,Underdog,-0.21,4,0,2.8,0.03,0.97,0.02,-2.23,0.38,0.15,-0.3,-2
UFC FN,Justin Tafa,Jared Vanderaa,Underdog,-1.02,-4,-6,-0.88,0.1,-0.66,0.01,-0.18,-0.5,0.3,0,-2
UFC FN,Felicia Spencer,Norma Dumont,Underdog,-0.77,-1,1,0.1,-0.02,2.65,-0.22,-0.73,-0.5,-0.45,0.2,0
UFC FN,Bill Algeo,Ricardo Ramos,Underdog,-0.24,3,1,2.95,0.15,0.77,-0.1,-2.16,-0.14,-0.16,-0.6,6
UFC FN,Jack Hermansson,Edmen Shahbazyan,Favorite,-0.71,-1,2,1.48,-0.09,-0.4,0.11,-0.72,-0.09,0.17,-0.2,9
UFC FN,Ben Rothwell,Chris Barnett,Favorite,-2.3,7,3,-0.71,-0.06,-1.25,0.06,0.68,0.34,0.36,0.4,5
UFC FN,Court McGee,Claudio Silva,Favorite,-0.04,0,4,2.11,-0.05,0.62,0.14,-1.01,-0.02,0.24,-0.7,-2
UFC FN,Bruno Silva,Victor Rodriguez,Favorite,-2.53,-1,-2,1.45,0.09,-3.03,0.08,2.57,0.3,0.64,0.3,3
UFC FN,Joshua Culibao,Yilan Sha,Favorite,-1.75,2,4,0.92,-0.04,0.3,0.06,-2.9,-0.33,0.27,0.3,0
UFC FN,Damir Ismagulov,Rafael Alves,Favorite,-4.31,2,6,1.5,-0.06,-0.86,0.03,0.71,0.03,0.25,-1.5,0
UFC 263,Israel Adesanya,Marvin Vettori,Favorite,-1.85,4,6,-0.63,0.02,-1.14,0,-1.61,-0.31,0.08,-0.4,4
UFC 263,Deiveson Figueiredo,Brandon Moreno,Underdog,-1.55,-2,-2,-0.87,0.11,-0.25,-0.09,-0.1,-0.05,-0.06,1.2,6
UFC 263,Leon Edwards,Nate Diaz,Favorite,-4.5,2,-2,-1.83,0.08,-1.44,0.02,0.19,0.04,0.28,-0.9,-7
UFC 263,Belal Muhammad,Demian Maia,Favorite,-1.72,-2,0,2.75,0,1.57,-0.07,-0.52,0.1,0.32,-0.8,-11
UFC 263,Jamahal Hill,Paul Craig,Underdog,-2.18,1,3,4.72,0.08,0.53,0.02,-1.68,-0.2,0.36,-1.6,-3
UFC 263,Drew Dober,Brad Riddell,Underdog,-0.49,1,-1,-0.38,-0.13,0.7,-0.03,-1.06,-0.18,-0.07,0.1,3
UFC 263,Eryk Anders,Darren Stewart,Favorite,-0.64,1,1,0.36,0.01,0.87,0.02,0.04,-0.19,0.12,0,4
UFC 263,Joanne Wood,Lauren Murphy,Underdog,-0.63,1,-2,3.05,0.12,-0.37,-0.05,0.49,0.3,-0.11,0.2,-2
UFC 263,Movsar Evloev,Hakeem Dawodu,Favorite,-1.57,-1,-1,-1.03,-0.03,-0.48,0.04,4.75,0.46,0.05,0.2,-2
UFC 263,Pannie Kianzad,Alexis Davis,Favorite,-1.26,1,-2,0.11,0,-0.79,-0.02,-0.49,-0.11,0.32,-0.6,-7
UFC 263,Matt Frevola,Terrance McKinney,Underdog,-1.87,-1,-2,-0.83,-0.09,0.94,0.13,-0.87,0.04,-0.43,-0.1,4
UFC 263,Steven Peterson,Chase Hooper,Favorite,-0.13,-3,-4,-0.33,-0.12,2.61,0.17,-0.04,0.02,0.08,-1.6,9
UFC 263,Fares Ziam,Luigi Vendramini,Favorite,-0.42,5,2,-0.12,0.07,-2.1,0.08,-0.31,0.08,-0.33,-0.4,-1
UFC 263,Carlos Felipe,Jake Collier,Favorite,-0.93,-3,-3,-0.92,0.01,0.51,0,-0.71,-0.33,0.04,-0.6,-6
UFC FN,Islam Makhachev,Thiago Moises,Favorite,-4.73,1,0,-0.02,0.19,-2.93,0.05,1.53,0.15,0.34,-0.31,3
UFC FN,Miesha Tate,Marion Reneau,Favorite,-0.46,0,-3,-0.59,0.04,-0.54,-0.08,1.4,-0.32,0.05,0.5,-9
UFC FN,Mateusz Gamrot,Jeremy Stephens,Favorite,-1.45,1,-1,-0.09,0.1,0.02,0.01,4.12,-0.04,0.25,-0.31,-4
UFC FN,Rodolfo Vieira,Dustin Stoltzfus,Favorite,-1.53,0,-2,-0.31,0.1,1.3,0.01,1.77,-0.11,0.54,0.9,2
UFC FN,Gabriel Benitez,Billy Quarantillo,Underdog,-1.07,-2,1,-2.11,-0.16,-1.08,0.2,-1.02,0.27,-0.06,-0.21,0
UFC FN,Daniel Rodriguez,Preston Parsons,Favorite,-1.85,2,3,3.47,-0.06,2.1,0.05,-3.68,0.07,-0.18,-3,9
UFC FN,Amanda Lemos,Montserrat Ruiz,Favorite,-3.93,4,4,2.64,0.27,-0.75,0.07,-1.07,-0.2,0.23,-0.11,6
UFC FN,Khalid Taha,Sergey Morozov,Underdog,-0.83,-1,2,-0.37,-0.11,1.14,-0.15,-3.63,-0.31,-0.08,0.2,-2
UFC FN,Francisco Figueiredo,Malcolm Gordon,Underdog,-2.32,-1,-3,-0.46,0.15,0.58,0.18,0.78,0.4,0.5,-0.6,0
UFC FN,Jared Cannonier,Kelvin Gastelum,Favorite,-0.48,2,6,1.12,0.11,0.89,0.01,-0.52,0.12,0.04,-0.1,8
UFC FN,Mark O. Madsen,Clay Guida,Favorite,-0.77,1,2,0.92,0.15,0.96,-0.09,-0.27,0.3,-0.06,-0.6,-3
UFC FN,Chase Sherman,Parker Porter,Underdog,-1.07,4,3,-0.51,-0.05,0.33,0.01,-1.26,0.24,0.07,-0.5,-5
UFC FN,Trevin Jones,Saidyokub Kakhramonov,Underdog,-0.68,-1,1,0.08,-0.15,3.41,-0.19,-6.01,-0.33,-0.23,-1.7,5
UFC FN,Vinc Pichel,Austin Hubbard,Favorite,-0.34,0,1,-0.5,0.01,-0.7,-0.02,1.02,0.04,-0.4,0.2,9
UFC FN,Alexandre Pantoja,Brandon Royval,Favorite,-0.83,-4,-1,0.08,0.13,0.55,0.03,2.13,-0.13,0.28,-0.31,3
UFC FN,Luis Saldana,Austin Lingo,Underdog,-0.13,1,3,1.3,0.13,-1.22,0.03,0.21,-0.49,-0.31,0.2,4
UFC FN,Brian Kelleher,Domingo Pilarte,Favorite,-0.88,-6,-7,2.08,-0.06,1.67,0.14,0.54,-0.02,0.05,-0.11,3
UFC FN,Bea Malecki,Josiane Nunes,Underdog,-0.71,7,7,0.84,0.02,1.71,0.08,0,0,0.2,1.1,2
UFC FN,William Knight,Fabio Cherant,Favorite,-0.9,-3,-1,1.27,0.16,-1.59,-0.04,1.78,0.4,0.48,0.4,7
UFC FN,Roosevelt Roberts,Ignacio Bahamondes,Underdog,-0.75,-1,-2,-4.11,-0.03,-1.26,-0.05,1.39,0.28,-0.33,0.5,4
UFC FN,Ramiz Brahimaj,Sasha Palatnikov,Favorite,-0.81,-3,0,-4.95,-0.13,-1.76,-0.08,0.89,-0.65,-0.26,1.6,-4
UFC FN,Edson Barboza,Giga Chikadze,Underdog,-0.24,-1,1,0.03,0.01,1.21,-0.06,0.22,0.17,0.03,-0.1,3
UFC FN,Bryan Battle,Gilbert Urbina,Favorite,-1.03,-2,2,-1.1,-0.06,-0.88,0,-1.89,-0.16,0.47,-0.21,1
UFC FN,Ricky Turcios,Brady Hiestand,Favorite,-0.7,1,0,2.15,-0.16,0.05,0.02,-3.06,-0.22,0.03,-0.1,5
UFC FN,Kevin Lee,Daniel Rodriguez,Underdog,-0.56,-4,3,-3.42,-0.09,-1.69,-0.07,2.56,-0.08,0.12,0.7,-6
UFC FN,Andre Petroski,Micheal Gillmore,Favorite,-4.3,1,1,1.46,-0.08,0.06,0.08,4.32,0.54,0.3,2.29,-5
UFC FN,Makhmud Muradov,Gerald Meerschaert,Underdog,-5.33,1,-2,1.02,-0.03,-0.81,0.07,0.85,0.28,0.43,-1.4,-2
UFC FN,Alessio Di Chirico,Abdul Razak Alhassan,Underdog,-1.67,2,1,-0.06,-0.09,-0.56,0.05,0.56,0.01,0.32,-0.2,-4
UFC FN,Wellington Turman,Sam Alvey,Favorite,-0.29,-2,-3,-0.05,0.07,0.54,-0.08,1.49,0.06,-0.4,0.7,-11
UFC FN,Dustin Jacoby,Darren Stewart,Favorite,-1.24,3,2,2.48,0.01,0.78,0.08,-1.39,-0.2,-0.08,-0.1,3
UFC FN,J.J. Aldrich,Vanessa Demopoulos,Favorite,-3.27,3,8,-0.11,0.05,-1.32,0.19,0.24,0.12,0.36,-0.6,-4
UFC FN,Jamall Emmers,Pat Sabatini,Underdog,-0.58,2,4,3.28,-0.11,2.5,0.07,-1.9,-0.02,0.4,-1.7,1
UFC FN,Mana Martinez,Guido Cannetti,Favorite,-2.02,4,2,0.89,-0.08,2.1,-0.02,-1.55,-0.14,-0.39,0.09,-16
UFC FN,Darren Till,Derek Brunson,Underdog,-0.95,-1,-3,-1.21,-0.01,0.26,0.05,-2.59,0.13,-0.17,-0.6,-9
UFC FN,Tom Aspinall,Sergey Spivak,Favorite,-1.72,2,0,4.18,0.17,-1.02,0.17,-1.1,0.36,0.3,1.2,2
UFC FN,Alex Morono,David Zawada,Favorite,-0.68,-1,-3,1.03,-0.01,-0.38,0.02,-0.65,-0.12,-0.02,-1.3,0
UFC FN,Modestas Bukauskas,Khalil Rountree,Underdog,-0.64,2,2,-0.57,0.01,-0.31,0,0,0,0.13,-0.1,-4
UFC FN,Paddy Pimblett,Luigi Vendramini,Favorite,-0.51,2,0,2.31,0.12,-0.12,-0.16,-0.14,0.1,-0.44,1,1
UFC FN,Ji Yeon Kim,Molly McCann,Underdog,-0.12,3,10,-0.42,-0.13,0.46,-0.07,-1.82,-0.38,0.07,-0.5,0
UFC FN,Jack Shore,Liudvik Sholinian,Favorite,-3.78,-2,0,1.25,0.27,-3.35,0.01,3.1,0.38,0.09,0.7,-5
UFC FN,Charles Jourdain,Julian Erosa,Underdog,-1.07,-4,-5,-0.59,0,-1.99,0.09,-1.54,-0.36,-0.1,-0.21,-6
UFC FN,Marc-Andre Barriault,Dalcha Lungiambula,Favorite,-0.8,5,-2,3.12,0.01,1.73,0,-1.93,-0.2,-0.1,0.1,-2
UFC 266,Alex Volkanovski,Brian Ortega,Favorite,-1.05,3,4,-0.04,0.01,4.37,-0.09,-1.17,-0.27,-0.57,-1.2,4
UFC 266,Valentina Shevchenko,Lauren Murphy,Favorite,-9.72,0,-1,-0.77,0.13,-3.14,0.06,1.53,0.38,0.02,0.3,-4
UFC 266,Robbie Lawler,Nick Diaz,Favorite,-0.68,-2,-2,-1.86,0.04,0.83,0,-0.63,0.32,0.05,-1,2
UFC 266,Curtis Blaydes,Jairzinho Rozenstruik,Favorite,-2.42,2,2,0.08,0.01,-0.95,0.12,5.72,0.53,-0.44,0,-3
UFC 266,Jessica Andrade,Cynthia Calvillo,Favorite,-1.82,-3,-2,2.21,0.12,1.25,-0.09,0.57,0.11,-0.06,-0.5,-4
UFC 266,Merab Dvalishvili,Marlon Moraes,Favorite,-1.66,0,1,1.12,0,-2.16,0.02,5.56,-0.05,0.34,0,-3
UFC 266,Daniel Hooker,Nasrat Haqparast,Favorite,-0.62,2,3,-0.71,0.03,-0.5,-0.13,0.48,0.14,0.02,0.4,6
UFC 266,Chris Daukaus,Shamil Abdurakhimov,Favorite,-1.24,0,0,3.63,0.06,1.61,0,-1.01,-0.23,0.55,-0.1,-8
UFC 266,Taila Santos,Roxanne Modafferi,Favorite,-3.3,-1,-1,0.04,0.18,-3.06,0.06,0.64,0.53,0.56,1,-11
UFC 266,Uros Medic,Jalin Turner,Underdog,-0.19,-2,-6,-0.09,0.12,-1.39,0.17,-0.41,-0.06,-0.19,-1.11,2
UFC 266,Nick Maximov,Cody Brundage,Favorite,-0.44,0,4,0.3,-0.1,0.34,0.03,1.83,-0.08,-0.34,-0.7,-4
UFC 266,Matt Semelsberger,Martin Sano,Favorite,-3.78,2,0,-0.23,0.09,-7.79,0.14,1.02,0.56,0.45,0.4,-1
UFC 266,Omar Morales,Jonathan Pearce,Underdog,-0.8,-1,2,-1.91,-0.15,-0.25,0.03,-4.78,0.5,0.05,-0.8,6
UFC FN,Thiago Santos,Johnny Walker,Favorite,-0.83,-4,-6,-0.09,-0.06,-0.27,0.09,0.42,-0.67,0.08,-0.8,8
UFC FN,Niko Price,Alex Oliveira,Favorite,-0.73,1,0,2.46,-0.1,3.05,0.01,-1.65,-0.18,0.01,0.09,-2
UFC FN,Krzysztof Jotko,Misha Cirkunov,Favorite,-0.72,-2,0,-0.88,-0.1,-0.83,0,-2.82,0,0.05,-1.6,-3
UFC FN,Joe Solecki,Jared Gordon,Underdog,-0.45,0,2,-3.18,-0.01,-1.87,-0.05,0.7,0.09,-0.12,1.5,-5
UFC FN,Casey O'Neill,Antonina Shevchenko,Favorite,-1.38,-2,2,4.55,-0.02,3.36,0.04,1.34,-0.04,0.13,0.29,-13
UFC FN,Karol Rosa,Bethe Correia,Favorite,-3.49,0,3,1.96,0.13,-0.15,-0.08,0.83,0.27,-0.17,0,-11
UFC FN,Devonte Smith,Jamie Mullarkey,Underdog,-0.67,-3,2,0.16,0.07,-0.63,-0.05,-1.96,-0.1,0.06,0.2,1
UFC FN,Stephanie Egger,Shanna Young,Favorite,-0.2,-1,3,-0.98,-0.01,-2.4,0.09,2.48,0.42,-0.04,0,2
UFC FN,Alejandro Perez,Johnny Eduardo,Favorite,-1.48,-1,-4,0.5,-0.05,-0.05,-0.03,0.32,0.01,0.12,-0.11,-11
UFC FN,Marvin Vettori,Paulo Costa,Favorite,-1.08,-1,2,-1.65,-0.13,-2.14,0.09,1.21,-0.3,-0.12,0.5,-3
UFC FN,Jessica-Rose Clark,Joselyne Edwards,Favorite,-0.76,-3,-6,-0.98,-0.02,0.14,0.07,0.65,0.08,-0.03,0,8
UFC FN,Seung Woo Choi,Alex Caceres,Underdog,-2.07,2,1,-0.73,-0.11,-0.07,-0.16,0.32,-0.15,0.04,-0.7,-4
UFC FN,Francisco Trinaldo,Dwight Grant,Favorite,-0.45,-4,-6,-0.17,0.09,0,0,0.37,-0.59,-0.07,0.5,6
UFC FN,Nick Negumereanu,Ike Villanueva,Favorite,-1.61,-1,0,-3.66,-0.38,-7.24,-0.36,-0.6,-0.5,-1,0,
UFC FN,Gregory Rodrigues,Jun Yong Park,Favorite,-0.39,5,2,1.54,0.05,2,-0.03,0.62,-0.05,0.43,-0.61,-1
UFC FN,Mason Jones,David Onama,Favorite,-3.24,-1,0,0.57,-0.04,-0.16,-0.06,2.49,0.28,0.28,-0.5,0
UFC FN,Tabatha Ricci,Maria Oliveira,Favorite,-1.88,-5,-8,-0.75,-0.02,-0.82,0.15,2.04,-0.1,0.3,0.2,2
UFC FN,Laureano Staropoli,Jamie Pickett,Underdog,-1.48,-1,-9,0.66,-0.13,0.1,0.04,-0.44,-0.15,-0.2,-0.1,-4
UFC FN,Jai Herbert,Khama Worthy,Favorite,-0.99,2,3,-1.49,-0.08,-1.31,-0.02,0.2,0.1,0,-0.7,-1
UFC FN,Jeff Molina,Daniel Lacerda,Favorite,-0.83,0,-1,3.3,0.02,-3.24,0.21,-2.32,-0.5,0.66,-1.2,-1
UFC FN,Livia Renata Souza,Randa Markos,Underdog,-0.38,-1,0,1.81,0.25,-1.08,0.02,-0.23,0.21,-0.03,-0.2,-9
UFC FN,Zviad Lazishvili,Jonathan Martinez,Underdog,-0.15,-2,-1,-0.34,-0.1,2.25,-0.06,-0.41,-0.35,-0.68,-0.1,2
UFC 267,Jan Blachowicz,Glover Teixeira,Underdog,-2.32,0,2,-0.32,0.01,-1.52,0.02,-1.02,0.17,0.08,-0.61,-3
UFC 267,Petr Yan,Cory Sandhagen,Favorite,-1.5,-4,-3,-0.2,0.09,0.96,0,0.36,0.18,0.2,-0.2,-1
UFC 267,Islam Makhachev,Daniel Hooker,Favorite,-4.8,-2,-5,-2.62,0.12,-3.49,0.09,2.38,0.25,0.09,0.6,-2
UFC 267,Alexander Volkov,Marcin Tybura,Favorite,-2.19,4,2,1.49,0.08,-0.36,-0.02,-0.94,0.3,-0.07,0.1,-3
UFC 267,Khamzat Chimaev,Li Jingliang,Favorite,-4.67,2,4,1.25,0.15,-0.38,-0.15,2.74,0.05,0.4,2.7,-6
UFC 267,Magomed Ankalaev,Volkan Oezdemir,Favorite,-2.31,1,0,-0.95,0.06,-1.67,0.03,0.45,-0.03,0.05,-0.1,-3
UFC 267,Amanda Ribas,Virna Jandiroba,Favorite,-0.79,0,2,2.33,0.02,0.43,0.04,-0.3,0.15,0.12,-0.5,-5
UFC 267,Zubaira Tukhugov,Ricardo Ramos,Favorite,-0.86,-1,-4,-0.05,0.02,-0.68,0.06,-0.9,-0.21,0.28,-0.7,5
UFC 267,Albert Duraev,Roman Kopylov,Favorite,-3.21,-1,0,-1.67,-0.15,-1.09,-0.02,1.55,-0.22,-0.21,0.6,2
UFC 267,Elizeu Zaleski dos Santos,Benoit Saint-Denis,Favorite,-1.8,0,0,-1.19,-0.13,-1.66,0.14,-4.33,-0.24,-0.01,-1.11,9
UFC 267,Shamil Gamzatov,Michal Oleksiejczuk,Underdog,-0.14,2,2,0.29,-0.03,-0.8,-0.1,-0.75,-0.44,0.02,0,4
UFC 267,Lerone Murphy,Makwan Amirkhani,Favorite,-2.19,-1,1,3.68,0.1,-0.38,0.13,-2.37,0.09,0.11,-0.51,-3
UFC 267,Andre Petroski,Hu Yaozong,Favorite,-1.52,-3,1,0.14,0.01,-2.01,0.16,4.32,0.54,0.47,1.9,3
UFC 267,Tagir Ulanbekov,Allan Nascimento,Favorite,-2.92,-1,1,0.01,-0.16,1.02,0.01,2.16,0.2,0.44,1.2,0
UFC FN,Max Holloway,Yair Rodriguez,Favorite,-4.82,0,-2,2.51,0.01,0.72,0.06,-0.44,0.26,0.26,-0.4,1
UFC FN,Ben Rothwell,Marcos Rogerio de Lima,Underdog,-0.85,3,3,0,-0.15,1.73,-0.05,-0.72,-0.11,0.1,-0.1,4
UFC FN,Felicia Spencer,Leah Letson,Favorite,-2.7,-1,-3,0.14,0.07,0.7,-0.08,0.67,-0.32,-0.49,0.2,2
UFC FN,Miguel Baeza,Kalinn Williams,Underdog,-0.68,-1,-5,2,-0.04,3.39,-0.07,-4.31,-0.22,0,1.6,-3
UFC FN,Yadong Song,Julio Arce,Favorite,-0.48,1,-3,0.12,0.07,0.91,-0.13,0.2,0.12,-0.24,-0.1,-8
UFC FN,Thiago Moises,Joel Alvarez,Underdog,-1.93,-6,-7,-1.18,-0.06,0.82,0.05,1.64,0.44,0.45,0,-2
UFC FN,Cynthia Calvillo,Andrea Lee,Underdog,-0.23,-2,-5,-0.29,-0.09,0.36,0.02,-0.06,-0.14,0.21,0.2,1
UFC FN,Sean Woodson,Collin Anglin,Favorite,-2.82,5,7,0.99,-0.02,-1.35,0.06,-1.62,-0.05,-0.17,0.4,0
UFC FN,Cortney Casey,Liana Jojua,Favorite,-2.54,3,5,1.87,0.09,-1.33,0.01,-1.32,-0.35,-0.11,-0.8,8
UFC FN,Marc Diakiese,Rafael Alves,Underdog,-2.01,2,5,0.69,-0.08,-0.66,-0.06,3,0.18,0.22,-1.5,-2
UFC FN,Da Un Jung,Kennedy Nzechukwu,Favorite,-0.21,-2,-8,-5.13,-0.45,-4.91,-0.5,-0.6,-0.45,-0.8,-0.2,8
UFC FN,Miesha Tate,Ketlen Vieira,Underdog,-0.02,-2,-3,-0.42,0.04,-0.94,0,0.51,-0.13,-0.37,0.7,5
UFC FN,Sean Brady,Michael Chiesa,Favorite,-1.13,-3,-3,1.9,0.13,1.85,0.06,-0.05,0.06,0.27,0.19,-5
UFC FN,Taila Santos,Joanne Wood,Favorite,-3.32,0,3,-3.71,-0.04,-2.25,0.06,0.48,0.2,0.28,0.8,-8
UFC FN,Kyung Ho Kang,Rani Yahya,Underdog,-0.18,3,6,1.64,0.09,1.25,0.05,-0.86,0.26,0.39,-1,-3
UFC FN,Adrian Yanez,Davey Grant,Favorite,-2.07,-1,1,1.74,-0.02,1.93,0.01,-1.26,-0.41,0.39,-0.2,-8
UFC FN,Tucker Lutz,Pat Sabatini,Underdog,-0.15,0,2,1.72,-0.13,1.71,-0.05,-1.74,0.02,0.18,-1.7,-4
UFC FN,Rafa Garcia,Natan Levy,Favorite,-0.09,-2,-1,0.49,-0.11,1.02,0.03,-1.43,-0.14,0.38,-0.2,-3
UFC FN,Lupita Godinez,Loma Lookboonmee,Favorite,-0.67,1,0,0.03,-0.09,1.1,0.09,1.14,-0.04,0.12,0.9,2
UFC FN,Cody Durden,Qileng Aori,Favorite,-0.8,0,-2,-2.15,0.01,-3.14,0.04,3.38,0.03,0.08,0.3,3
UFC FN,Sean Soriano,Yilan Sha,Underdog,-2.07,1,1,0.9,0.15,-0.8,0.06,-1.57,0.22,0.12,0,4
UFC FN,Luana Pinheiro,Sam Hughes,Favorite,-3.22,-3,-2,-0.47,-0.05,-0.34,0.06,1.28,0.03,0.09,0.2,0
UFC Fight Night: Kattar vs. Chikadze,Giga Chikadze,Calvin Kattar,Underdog,-1.35,1,2,-0.68,0.03,-3.31,0.07,-0.16,0.04,-0.04,0.1,-1
UFC Fight Night: Kattar vs. Chikadze,Jake Collier,Chase Sherman,Favorite,-0.51,-1,0,-0.25,-0.02,-1.58,-0.03,0.62,-0.17,-0.07,0.6,1
UFC Fight Night: Kattar vs. Chikadze,Brandon Royval,Rogerio Bontorin,Favorite,-0.84,4,1,1.7,-0.17,0.14,-0.04,-2.43,0,-0.11,0.1,-1
UFC Fight Night: Kattar vs. Chikadze,Katlyn Chookagian,Jennifer Maia,Favorite,-1.5,7,8,-2.05,0.08,-1.34,-0.02,0.59,0.23,-0.58,-0.1,6
UFC Fight Night: Kattar vs. Chikadze,Viacheslav Borshchev,Dakota Bush,Favorite,-1.32,1,-4,2.4,0.19,0.07,0.13,-2.4,-0.33,0.35,0,3
UFC Fight Night: Kattar vs. Chikadze,Joanderson Brito,Bill Algeo,Underdog,-0.76,-4,-1,-2.81,-0.02,-1.87,-0.01,2.25,0.3,0.05,0.5,-5
UFC Fight Night: Kattar vs. Chikadze,Joseph Holmes,Jamie Pickett,Underdog,-0.87,2,0,0.23,0.06,-0.54,0.04,0.23,0,-0.18,0.7,-7
UFC Fight Night: Kattar vs. Chikadze,Ramiz Brahimaj,Court McGee,Underdog,-0.17,-1,-3,-2.86,0.03,0.06,-0.16,-0.23,0.09,-0.25,1.2,-8
UFC Fight Night: Kattar vs. Chikadze,Brian Kelleher,Kevin Croom,Favorite,-3.55,-5,-7,0.74,0.06,1.53,0.13,1.26,0.36,0.3,0.19,1
UFC Fight Night: Kattar vs. Chikadze,T.J. Brown,Charles Rosa,Favorite,-1.5,0,3,0.29,0.08,-0.97,0.02,1.74,0.21,-0.03,0.3,-3
UFC 270,Ciryl Gane,Francis Ngannou,Underdog,-0.6,0,-2,3.16,0.19,0.02,0.22,-0.19,-0.41,-0.21,0.2,-3
UFC 270,Brandon Moreno,Deiveson Figueiredo,Underdog,-1.09,2,2,0.86,-0.12,0.25,0.08,0.09,0.04,0.05,-1.2,-6
UFC 270,Michel Pereira,Andre Fialho,Favorite,-2.14,1,-1,1.86,0.13,-2.56,0.12,1.28,-0.45,0.27,0.8,0
UFC 270,Said Nurmagomedov,Cody Stamann,Favorite,-1.11,2,6,-0.84,0,-1.5,-0.06,-1.33,-0.23,-0.1,1.4,-2
UFC 270,Trevin Giles,Michael Morales,Underdog,-0.09,0,-5,-2.02,0.09,-1.38,0.05,-0.06,0.09,-0.21,0.3,7
UFC 270,Raoni Barcelos,Victor Henry,Underdog,-4.03,0,-1,-3.12,-0.04,-0.83,0.14,1.86,0.32,0.02,0.09,0
UFC 270,Jack Della Maddalena,Pete Rodriguez,Favorite,-2.65,2,2,-2.54,0.1,-8.56,0.24,0.21,0.16,-0.31,0.2,0
UFC 270,Tony Gravely,Saimon Oliveira,Favorite,-1.95,1,-3,1,0.07,0.55,-0.04,4.19,0.15,0.17,-1.3,-1
UFC 270,Matt Frevola,Genaro Valdez,Favorite,-1.38,0,-1,-0.38,0.12,-3.6,0.1,1.04,-0.04,0.06,0.5,1
UFC 270,Vanessa Demopoulos,Silvana Gomez Juarez,Favorite,-0.53,-1,-6,-0.28,0.08,1.65,-0.2,0.42,0.11,0,0.6,-4
UFC 270,Kay Hansen,Jasmine Jasudavicius,Underdog,-1.18,-5,-5,-0.95,0.04,-0.85,0,-0.34,-0.15,-0.44,0.4,-11
UFC 271,Israel Adesanya,Robert Whittaker,Favorite,-2.29,4,7,-0.65,0.06,-0.35,-0.03,-0.76,-0.24,-0.05,0.1,1
UFC 271,Derrick Lewis,Tai Tuivasa,Underdog,-1.03,1,4,-1.48,0.01,-2.57,-0.03,0.56,0.26,-0.05,0,8
UFC 271,Jared Cannonier,Derek Brunson,Favorite,-0.85,-2,0,1.17,0.05,1.08,0.07,-2.7,0.08,-0.22,-0.6,0
UFC 271,Renato Moicano,Alexander Hernandez,Favorite,-0.83,2,0,0.04,0.07,-0.98,0.04,0.82,0.14,0.13,0.5,4
UFC 271,Bobby Green,Nasrat Haqparast,Favorite,-0.69,0,-1,0.67,0.08,-1.5,-0.03,0.87,0.18,-0.05,0.3,9
UFC 271,Andrei Arlovski,Jared Vanderaa,Favorite,-0.81,-1,-3,-1.19,0.01,-2.47,0.11,0.2,-0.15,0.56,0.2,13
UFC 271,Casey O'Neill,Roxanne Modafferi,Favorite,-3.01,-1,0,5.06,0.24,0.59,0.05,0.41,0.15,0.36,0.6,-15
UFC 271,Kyler Phillips,Marcelo Rojo,Favorite,-3.71,0,1,0.79,0.06,-3.04,0.05,1.95,-0.04,0.08,0.5,-7
UFC 271,Carlos Ulberg,Fabio Cherant,Favorite,-1.9,3,3,6.06,0.18,-1.29,0.14,0.95,0.75,0.75,0.3,4
UFC 271,Ronnie Lawrence,Mana Martinez,Favorite,-2.42,-2,-2,-1.56,0.08,-3.2,0.02,6.03,0.35,0.2,-0.3,3
UFC 271,AJ Dobson,Jacob Malkoun,Underdog,-0.32,4,3,0.43,-0.11,2.82,-0.06,-4.95,0.33,0.45,-0.11,4
UFC 271,Sergey Morozov,Douglas Silva de Andrade,Underdog,-1.52,-1,-1,-0.66,0.04,-1.02,0.03,3.02,-0.16,-0.02,-0.2,-4
UFC 271,Jeremiah Wells,Mike Mathetha,Favorite,-1.55,-1,4,0.73,0.03,-1.69,-0.06,0.5,0.17,0.8,-0.2,-5
UFC 271,Maxim Grishin,William Knight,Favorite,-0.88,5,5,0.63,-0.05,-1.03,0.23,-1.57,-0.25,0.18,-0.4,4
UFC Fight Night: Green vs. Makhachev,Islam Makhachev,Bobby Green,Favorite,-6.47,0,-1,-3.99,0.07,-2.48,-0.02,1.98,0.21,0.16,0.7,-5
UFC Fight Night: Green vs. Makhachev,Misha Cirkunov,Wellington Turman,Underdog,-0.51,3,5,0.62,0,-1.11,0.11,2.6,0.19,0.34,0.89,10
UFC Fight Night: Green vs. Makhachev,Ji Yeon Kim,Priscila Cachoeira,Underdog,-1.38,0,7,1.61,-0.09,-1.62,0.13,-0.15,-0.33,-0.16,0.1,-1
UFC Fight Night: Green vs. Makhachev,Arman Tsarukyan,Joel Alvarez,Favorite,-1.55,-8,-5,0.14,0.01,-1.53,0.03,3.25,0.37,0.64,-1.3,-4
UFC Fight Night: Green vs. Makhachev,Gregory Rodrigues,Armen Petrosyan,Underdog,-0.94,0,4,0.38,0.03,2.4,-0.06,2.23,0.12,0.69,0.5,-1
UFC Fight Night: Green vs. Makhachev,Ignacio Bahamondes,Zhu Rong,Favorite,-1.75,6,3,1.68,-0.04,-1.22,0.11,-2.09,-0.62,0,0.2,2
UFC Fight Night: Green vs. Makhachev,Josiane Nunes,Ramona Pascual,Favorite,-1.47,-5,1,2.12,-0.13,-3.18,0.07,-1.81,-0.19,-0.43,0,-5
UFC Fight Night: Green vs. Makhachev,Fares Ziam,Terrance McKinney,Underdog,-0.31,3,2,-1.83,-0.03,-0.91,0.2,-2.64,-0.13,-0.18,-0.8,-2
UFC Fight Night: Green vs. Makhachev,Jonathan Martinez,Alejandro Perez,Favorite,-2.19,2,3,1.08,0.14,0.69,-0.05,-0.14,0.12,-0.02,-0.2,-4
UFC Fight Night: Green vs. Makhachev,Ramiz Brahimaj,Micheal Gillmore,Favorite,-3.01,-1,0,-0.31,-0.16,0.67,0.02,1.61,0.35,-0.06,1.6,-6
UFC Fight Night: Green vs. Makhachev,Carlos Hernandez,Victor Altamirano,Favorite,-0.58,0,-3,0.4,-0.11,0.83,-0.09,-2.33,-0.25,0.02,0.3,-3
UFC 272,Colby Covington,Jorge Masvidal,Favorite,-2.42,0,-2,-0.17,-0.09,-0.07,-0.09,2.41,-0.15,-0.05,-0.1,-3
UFC 272,Rafael dos Anjos,Renato Moicano,Favorite,-1.08,-3,-2,-0.9,-0.02,-0.48,0,0.06,-0.11,-0.17,0,4
UFC 272,Bryce Mitchell,Edson Barboza,Favorite,-0.93,-1,-5,-1.82,0.13,-3.03,0.01,3,-0.1,-0.39,1.5,-9
UFC 272,Kevin Holland,Alex Oliveira,Favorite,-3.99,4,5,1.25,-0.03,0.64,0.03,-1.5,0,-0.09,0,-5
UFC 272,Sergey Spivak,Greg Hardy,Favorite,-1.05,-2,-2,-1.25,-0.02,0.48,-0.07,4.35,0.31,0.05,0.5,-6
UFC 272,Jalin Turner,Jamie Mullarkey,Favorite,-0.75,3,3,1.21,0.01,0.04,-0.13,-1.52,0.21,-0.05,1,0
UFC 272,Marina Alcalde Rodriguez,Yan Xiaonan,Favorite,-2.24,8,11,2.33,0.06,1.62,-0.02,-0.38,-0.23,0.01,0.1,3
UFC 272,Kennedy Nzechukwu,Nick Negumereanu,Underdog,-0.45,5,10,5.13,0.45,4.9,0.5,0.6,0.45,0.8,0.2,
UFC 272,Mariya Agapova,Maryna Moroz,Underdog,-0.94,-1,1,0.25,0.22,-1.07,0.01,-0.11,0.42,0.04,0.3,-5
UFC 272,Umar Nurmagomedov,Brian Kelleher,Favorite,-7.39,2,3,1.36,0.27,-4.08,0.21,2.76,0.15,0.4,-0.1,-9
UFC 272,Tagir Ulanbekov,Tim Elliott,Underdog,-1.56,0,4,-0.17,0.01,0.63,-0.06,-0.03,-0.01,0.02,1.1,-5
UFC 272,Devonte Smith,Ludovit Klein,Underdog,-0.63,2,4,0.58,-0.03,0.16,-0.05,-1.42,-0.22,0.02,0.3,1
UFC 272,Dustin Jacoby,Michal Oleksiejczuk,Favorite,-1.29,3,2,0.47,-0.04,-0.19,-0.05,-0.39,-0.19,0.12,0,7
UFC Fight Night: Santos vs. Ankalaev,Magomed Ankalaev,Thiago Santos,Favorite,-5.04,1,-1,-0.09,0.05,-0.32,0.05,0.14,-0.03,0.2,-0.1,-9
UFC Fight Night: Santos vs. Ankalaev,Yadong Song,Marlon Moraes,Favorite,-2.13,2,0,1.12,0.02,-0.58,0.01,-0.21,-0.01,0.25,-0.1,-10
UFC Fight Night: Santos vs. Ankalaev,Sodiq Yusuff,Alex Caceres,Favorite,-2,-1,-2,1.45,0,1.42,-0.09,-0.26,-0.49,-0.03,-0.3,-4
UFC Fight Night: Santos vs. Ankalaev,Karl Roberson,Khalil Rountree,Underdog,-0.66,0,-2,-1.27,0.12,-1.76,0.06,0.72,0.4,-0.16,0.4,-1
UFC Fight Night: Santos vs. Ankalaev,Drew Dober,Terrance McKinney,Favorite,-0.73,-2,-3,-0.2,-0.1,1.6,0.06,-2.74,-0.18,-0.29,-0.9,6
UFC Fight Night: Santos vs. Ankalaev,Alex Pereira,Bruno Silva,Favorite,-1.35,12,14,2.04,0.15,0.56,-0.09,-2.39,0.7,0.05,0.1,2
UFC Fight Night: Santos vs. Ankalaev,Matt Semelsberger,A.J. Fletcher,Favorite,-1.12,3,8,0.41,-0.06,-0.41,0.08,-0.52,0.21,0.12,-0.5,4
UFC Fight Night: Santos vs. Ankalaev,Gillian Robertson,J.J. Aldrich,Underdog,-0.28,0,-4,-1.27,0,-1.26,-0.04,1.86,0.2,-0.24,1,-2
UFC Fight Night: Santos vs. Ankalaev,Javid Basharat,Trevin Jones,Favorite,-1.02,2,-1,3.29,0.16,-1.32,0.23,1.08,0.25,0.25,0,-5
UFC Fight Night: Santos vs. Ankalaev,Damon Jackson,Kamuela Kirk,Favorite,-0.3,1,-4,-0.23,-0.1,-2.58,0.1,1,0.08,-0.07,0.19,5
UFC Fight Night: Santos vs. Ankalaev,Miranda Maverick,Sabina Mazo,Favorite,-2.74,-4,-5,-2.3,0.03,-1.75,0.02,1.84,-0.34,-0.19,0.2,-1
UFC Fight Night: Santos vs. Ankalaev,Dalcha Lungiambula,Cody Brundage,Underdog,-0.5,-4,4,1.44,-0.1,1.63,0.09,-0.19,-0.08,0.08,-0.9,6
UFC Fight Night: Santos vs. Ankalaev,Kris Moutinho,Guido Cannetti,Underdog,-0.78,1,0,1.42,-0.24,12.64,-0.23,-2.27,-0.56,-0.64,-0.4,-13
UFC Fight Night: Santos vs. Ankalaev,Azamat Murzakanov,Tafon Nchukwi,Favorite,-1.31,-2,-6,-1,0.04,-1,0.02,-0.02,-0.41,0.18,0,6
UFC Fight Night: Volkov vs. Aspinall,Tom Aspinall,Alexander Volkov,Favorite,-0.35,-2,-2,2.62,0.09,-0.23,0.12,2.97,0.37,0.27,1.5,-4
UFC Fight Night: Volkov vs. Aspinall,Arnold Allen,Daniel Hooker,Favorite,-0.03,-4,-5,-1.69,-0.08,-1.85,0.09,0.23,0.15,-0.06,0,-4
UFC Fight Night: Volkov vs. Aspinall,Paddy Pimblett,Rodrigo Vargas,Favorite,-5.07,-1,0,4.65,0.29,-1.11,-0.12,0.98,0.25,0.56,-8,
UFC Fight Night: Volkov vs. Aspinall,Gunnar Nelson,Takashi Sato,Favorite,-4.8,1,-1,-0.37,0.2,-0.73,0.04,1.13,0.21,0.06,1,2
UFC Fight Night: Volkov vs. Aspinall,Molly McCann,Luana Carolina,Favorite,-0.73,-2,-7,1.16,0,1.31,0.14,1.44,-0.04,-0.33,0,4
UFC Fight Night: Volkov vs. Aspinall,Ilia Topuria,Jai Herbert,Favorite,-4.32,-6,-8,1.71,0.05,0.2,0.2,1.72,0.46,0.35,1.3,-9
UFC Fight Night: Volkov vs. Aspinall,Mike Grundy,Makwan Amirkhani,Underdog,-2.11,-3,0,0.75,0.01,1.47,0.1,0.09,-0.15,0.15,-0.7,2
UFC Fight Night: Volkov vs. Aspinall,Sergey Pavlovich,Shamil Abdurakhimov,Favorite,-2.64,0,8,5.8,0.03,1.59,0,-1.01,-0.23,0.3,-0.1,-10
UFC Fight Night: Volkov vs. Aspinall,Nikita Krylov,Paul Craig,Underdog,-1.38,0,1,1.92,0.09,-0.5,0,0.61,0.18,0.16,-0.21,-4
UFC Fight Night: Volkov vs. Aspinall,Jack Shore,Timur Valiev,Favorite,-0.3,2,4,-1.45,0.04,-1.02,0.11,1.37,-0.03,0.2,0.4,-5
UFC Fight Night: Volkov vs. Aspinall,Cory McKenna,Elise Reed,Underdog,-2.49,0,-5,0.33,-0.09,0.12,-0.05,1.64,-0.03,0.28,0.4,-7
UFC Fight Night: Volkov vs. Aspinall,Muhammad Mokaev,Cody Durden,Favorite,-4.3,0,3,-1.63,-0.04,-1.53,0.05,0.91,-0.1,-0.66,0.7,-10
UFC 273,Alex Volkanovski,Chan Sung Jung,Favorite,-4.82,4,1,0.1,-0.02,6.39,-0.12,-0.7,-0.44,-0.72,-0.6,0
UFC 273,Petr Yan,Aljamain Sterling,Underdog,-3.23,0,-4,0.52,0.01,2.06,0,-0.59,0.24,0.4,-0.6,-3
UFC 273,Khamzat Chimaev,Gilbert Burns,Favorite,-4.05,4,4,2.42,0.09,0.04,-0.13,1.75,0.08,0.5,2.2,-7
UFC 273,Mackenzie Dern,Tecia Torres,Favorite,-0.23,-3,-7,2.21,0.06,2.84,-0.15,-1.27,-0.19,-0.22,1.3,2
UFC 273,Vinc Pichel,Mark O. Madsen,Underdog,-0.17,2,0,0.06,-0.03,-0.93,0.03,-0.09,-0.12,-0.37,0.2,2
UFC 273,Ian Garry,Darian Weeks,Favorite,-3.47,4,2,1.77,0.04,-1.07,0.02,-1.45,0.45,-0.32,0,-4
UFC 273,Anthony Hernandez,Josh Fremd,Favorite,-1.07,-4,-1,1.36,0.15,0.83,-0.02,5.78,0.24,0.32,1.6,0
UFC 273,Raquel Pennington,Aspen Ladd,Favorite,-0.85,1,1,0.35,0.05,-1.37,0.13,-0.66,-0.2,0.01,0.09,6
UFC 273,Mike Malott,Mickey Gall,Favorite,-0.85,-1,-1,0.89,0,-0.92,0.03,1.83,0.3,-0.2,-0.9,0
UFC 273,Jared Vanderaa,Aleksei Oleinik,Underdog,-0.58,2,0,1.67,-0.04,1.87,0.01,-1.64,0.03,-0.17,-1.9,-14
UFC 273,Piera Rodriguez,Kay Hansen,Favorite,-0.24,1,0,0.63,-0.04,-0.36,0.06,1.27,0.18,0.29,-0.8,7
UFC 273,Julio Arce,Daniel Santos,Favorite,-1.33,0,3,0.1,-0.02,-2.08,0.18,-1.44,-0.22,0.23,0.3,5
UFC Fight Night: Luque vs. Muhammad II,Vicente Luque,Belal Muhammad,Underdog,-1.08,0,3,0.52,0.09,1.56,-0.05,-0.98,0.18,-0.32,0.4,-3
UFC Fight Night: Luque vs. Muhammad II,Gadzhi Omargadzhiev,Caio Borralho,Underdog,-0.27,0,-4,-1.12,-0.21,0.14,-0.21,-0.64,-0.33,-0.17,0,0
UFC Fight Night: Luque vs. Muhammad II,Miguel Baeza,Andre Fialho,Underdog,-1,2,0,1.58,0.08,-1.17,0.08,0.19,-0.72,0.34,1.8,1
UFC Fight Night: Luque vs. Muhammad II,Mayra Bueno Silva,Yanan Wu,Favorite,-4.79,-2,0,-0.4,0.15,-0.09,0.04,0.06,0.08,0.05,1.4,4
UFC Fight Night: Luque vs. Muhammad II,Pat Sabatini,T.J. Laramie,Favorite,-4.55,2,4,0.53,0.08,-1.11,0.1,2.29,0.08,0.09,1.9,7
UFC Fight Night: Luque vs. Muhammad II,Mounir Lazzez,Ange Loosa,Favorite,-1.27,3,2,1.4,0.09,-1.25,0.01,-0.25,0.14,-0.2,-0.2,5
UFC Fight Night: Luque vs. Muhammad II,Devin Clark,William Knight,Favorite,-0.99,2,2,0.4,-0.03,-0.06,0.09,0.38,-0.09,0.09,-0.31,-2
UFC Fight Night: Luque vs. Muhammad II,Pannie Kianzad,Lina Lansberg,Favorite,-4.26,0,1,2.05,-0.07,-0.21,0.09,-0.06,0.06,0.19,0,-10
UFC Fight Night: Luque vs. Muhammad II,Drakkar Klose,Brandon Jenkins,Favorite,-4.81,-3,-1,1.44,0.14,-4.6,0.18,1.58,0.26,0.41,0,4
UFC Fight Night: Luque vs. Muhammad II,Jesse Ronson,Rafa Garcia,Underdog,-0.59,3,0,-0.66,0.04,-0.82,-0.05,-3.15,-0.16,-0.23,0.2,9
UFC Fight Night: Luque vs. Muhammad II,Martin Buday,Chris Barnett,Favorite,-2.4,7,2,0.75,0.04,-0.17,0.14,0.26,0.25,0.67,0.3,-5
UFC Fight Night: Luque vs. Muhammad II,Istela Nunes,Sam Hughes,Underdog,-1.76,-1,2,0.98,0,0.33,0.03,-0.96,-0.3,-0.07,0,0
UFC Fight Night: Luque vs. Muhammad II,Heili Alateng,Kevin Croom,Favorite,-0.94,-6,-7,-0.01,-0.03,1.56,0.15,1.51,0.4,0.45,-0.5,-4
UFC Fight Night: Błachowicz vs. Rakić,Aleksandar Rakic,Jan Blachowicz,Underdog,-1.26,2,0,0.84,0,-0.12,-0.04,-0.34,-0.25,0.16,-0.2,-9
UFC Fight Night: Błachowicz vs. Rakić,Ion Cutelaba,Ryan Spann,Underdog,-1.76,-4,-4,1.19,0.02,-0.46,0.02,2.83,0.21,0.29,-1.5,-2
UFC Fight Night: Błachowicz vs. Rakić,Davey Grant,Louis Smolka,Favorite,-2.09,-1,1,0.09,-0.05,-0.3,0.02,-0.43,0.06,0.28,-1.6,6
UFC Fight Night: Błachowicz vs. Rakić,Katlyn Chookagian,Amanda Ribas,Favorite,-1.07,8,6,-2.33,0.06,-0.22,-0.07,-1.06,-0.02,-0.85,-0.7,11
UFC Fight Night: Błachowicz vs. Rakić,Manuel Torres,Frank Camacho,Favorite,-0.35,0,0,1.58,0.11,-4.3,0.05,2.14,0.35,0.15,1.6,-6
UFC Fight Night: Błachowicz vs. Rakić,Jake Hadley,Allan Nascimento,Underdog,-1.3,-1,1,0.14,-0.19,1.28,0.09,-1.31,-0.2,0.18,0.8,-5
UFC Fight Night: Błachowicz vs. Rakić,Andrea Lee,Viviane Araujo,Underdog,-0.33,2,1,0.58,-0.01,-1.21,0.05,0.09,0.17,-0.23,0,-2
UFC Fight Night: Błachowicz vs. Rakić,Michael Johnson,Alan Patrick,Favorite,-0.75,-1,-1,2.44,-0.02,0.87,0.13,-2.39,0.07,0.38,-0.3,-3
UFC Fight Night: Błachowicz vs. Rakić,Virna Jandiroba,Angela Hill,Favorite,-1.32,0,0,-3.08,-0.11,-1.91,-0.05,1.55,0.02,-0.04,1.09,-4
UFC Fight Night: Błachowicz vs. Rakić,Tatsuro Taira,Carlos Candelario,Favorite,-2.47,-1,2,-0.47,0.24,-4.02,0.02,-0.16,0.04,0.17,2.1,-8
UFC Fight Night: Błachowicz vs. Rakić,Nick Maximov,Andre Petroski,Underdog,-3.41,0,3,-1.57,-0.04,-0.44,-0.05,-0.17,-0.1,-0.46,-2.1,-6
UFC Fight Night: Holm vs. Vieira,Holly Holm,Ketlen Vieira,Underdog,-1.55,0,1,0.08,-0.01,-1,0.04,-0.64,-0.15,-0.17,-0.5,10
UFC Fight Night: Holm vs. Vieira,Michel Pereira,Santiago Ponzinibbio,Favorite,-0.48,1,0,0.25,0.13,-0.97,-0.04,1.05,0.25,0.34,0.8,-7
UFC Fight Night: Holm vs. Vieira,Tabatha Ricci,Polyana Viana,Favorite,-0.36,-4,-6,1.29,-0.04,2.29,0.06,2.17,0.01,0.39,-1.7,-2
UFC Fight Night: Holm vs. Vieira,Jun Yong Park,Eryk Anders,Favorite,-1.21,-3,-2,1.12,0.03,-0.88,0.03,0.04,0.24,-0.23,1,-4
UFC Fight Night: Holm vs. Vieira,Joseph Holmes,Alen Amedovski,Favorite,-1.31,6,6,1.89,0.23,-0.77,0.08,1.49,0.4,0.5,0.8,-8
UFC Fight Night: Holm vs. Vieira,Omar Morales,Uros Medic,Underdog,-0.45,-2,2,-2.09,-0.2,0,0,0.08,0.5,0.07,0,7
UFC Fight Night: Holm vs. Vieira,Jonathan Martinez,Vincent Morales,Favorite,-1.89,-1,0,0.37,0.12,-0.38,0.03,0.26,0.09,0.04,0.1,-3
UFC Fight Night: Holm vs. Vieira,Felipe Colares,Chase Hooper,Underdog,-0.91,-5,-5,-2.91,-0.08,1.32,0,0.42,0,-0.13,-1.8,6
UFC Fight Night: Holm vs. Vieira,Elise Reed,Sam Hughes,Underdog,-0.53,-2,-1,-1.37,0.03,-1.45,-0.05,-0.38,0.3,-0.15,0,0
UFC 275,Jiri Prochazka,Glover Teixeira,Favorite,-1.37,1,4,2.02,0.07,1,-0.11,-1.32,0.26,0.08,-0.61,-13
UFC 275,Valentina Shevchenko,Taila Santos,Favorite,-5.3,-1,-2,-0.12,0.04,-0.54,0.04,0.56,-0.13,-0.16,-0.7,6
UFC 275,Weili Zhang,Joanna Jedrzejczyk,Favorite,-0.85,-2,-2,-0.63,0.05,-0.11,-0.09,2.23,-0.16,-0.31,0.4,-2
UFC 275,Jake Matthews,Andre Fialho,Favorite,-0.02,-1,-1,0,0.04,-3.7,0.14,1.34,-0.6,-0.05,0.6,-1
UFC 275,Jack Della Maddalena,Ramazan Emeev,Favorite,-1.03,1,-3,4.21,0.08,2.12,0.01,-2.16,-0.13,0.03,-0.5,-10
UFC 275,Seung Woo Choi,Joshua Culibao,Underdog,-1.46,2,1,0.27,-0.04,-0.23,-0.1,0.87,0.54,0.01,-0.3,1
UFC 275,Steve Garcia,Hayisaer Maheshate,Underdog,-1.28,0,4,0.94,0.28,-3.36,-0.08,1.31,0.44,0.43,0.7,8
UFC 275,Brendan Allen,Jacob Malkoun,Favorite,-2.23,5,2,0.12,-0.04,1.35,-0.06,-4.88,0.04,0.37,0.99,0
UFC 275,Danaa Batgerel,Kyung Ho Kang,Underdog,-0.05,-2,-3,2.02,-0.12,0.87,-0.09,-1.35,-0.07,-0.07,-0.8,-2
UFC 275,Na Liang,Silvana Gomez Juarez,Underdog,-0.2,2,2,-2.27,0.09,-0.09,-0.25,3.6,0.57,-0.05,0.5,-12
UFC 275,Joselyne Edwards,Ramona Pascual,Favorite,-0.89,1,4,0.83,-0.05,-5.07,0.03,-0.81,0.14,-0.36,0.3,-7
UFC Fight Night: Kattar vs. Emmett,Calvin Kattar,Josh Emmett,Underdog,-1.93,5,2,0.71,0.03,2.13,-0.07,-0.52,-0.09,0.25,0,-3
UFC Fight Night: Kattar vs. Emmett,Kevin Holland,Tim Means,Favorite,-2.53,1,6,-0.84,0,-0.46,-0.1,-0.31,-0.03,-0.11,0.4,-9
UFC Fight Night: Kattar vs. Emmett,Albert Duraev,Joaquin Buckley,Underdog,-1.45,1,-1,-1.26,0.04,-0.12,0.01,0.28,-0.16,-0.03,0.6,5
UFC Fight Night: Kattar vs. Emmett,Damir Ismagulov,Guram Kutateladze,Favorite,-1.39,-1,2,-1.27,-0.04,-2.1,0.04,0.31,0.1,-0.06,0,1
UFC Fight Night: Kattar vs. Emmett,Gregory Rodrigues,Julian Marquez,Favorite,-0.85,1,3,1.21,0.11,0.3,0,2.46,0.45,0.47,-2.1,-2
UFC Fight Night: Kattar vs. Emmett,Adrian Yanez,Tony Kelley,Favorite,-2.34,-2,0,0.96,-0.06,0.9,0.11,0,0,0.48,-1.4,-7
UFC Fight Night: Kattar vs. Emmett,Jasmine Jasudavicius,Natalia Cristina da Silva,Underdog,-1.78,-9,-10,0.46,0.02,0.14,0,0.26,-0.13,0.03,0.2,5
UFC Fight Night: Kattar vs. Emmett,Jeremiah Wells,Court McGee,Favorite,-1.05,-2,-1,-2.19,0.06,-2.31,-0.13,1.24,0.19,0.11,0.4,-2
UFC Fight Night: Kattar vs. Emmett,Ricardo Ramos,Danny Chavez,Favorite,-2.51,1,5,0.35,-0.02,-0.09,0.06,1.07,0,-0.16,0.7,-9
UFC Fight Night: Kattar vs. Emmett,Gloria de Paula,Maria Oliveira,Underdog,-2.21,-1,-2,-0.15,0.15,-1.99,0.22,-0.21,-0.08,0.18,0.5,1
UFC Fight Night: Kattar vs. Emmett,Cody Stamann,Eddie Wineland,Favorite,-5.83,-1,-5,0.98,0.18,-0.13,-0.07,1.99,0.06,-0.1,-0.1,-5
UFC Fight Night: Kattar vs. Emmett,Phil Hawes,Deron Winn,Favorite,-1.9,6,7,0.78,0.14,-2.49,0.09,-2.18,-0.18,0.5,0.2,1
UFC Fight Night: Kattar vs. Emmett,Kyle Daukaus,Roman Dolidze,Underdog,-1.98,1,0,0.6,0.13,-0.42,-0.1,0.82,-0.16,0.48,0.59,-4
UFC Fight Night: Tsarukyan vs. Gamrot,Arman Tsarukyan,Mateusz Gamrot,Underdog,-1.82,-3,2,0.7,-0.04,-1.23,-0.06,-2.04,0.02,-0.16,-0.1,-6
UFC Fight Night: Tsarukyan vs. Gamrot,Shavkat Rakhmonov,Neil Magny,Favorite,-3.77,-2,-3,0.64,0.14,-0.01,-0.02,-0.68,-0.12,0.46,1.5,-7
UFC Fight Night: Tsarukyan vs. Gamrot,Josh Parisian,Alan Baudot,Favorite,-0.26,1,0,-0.82,-0.1,0.05,-0.06,0.98,0.33,-0.16,0.2,-2
UFC Fight Night: Tsarukyan vs. Gamrot,Thiago Moises,Christos Giagos,Favorite,-1.76,-1,-1,-0.56,-0.01,0.98,0.05,-1.2,0.08,0.04,0.9,-5
UFC Fight Night: Tsarukyan vs. Gamrot,Umar Nurmagomedov,Nathan Maness,Favorite,-6.89,-2,-3,2.42,0.2,-3.73,0.36,3.63,-0.19,0.21,0.3,-4
UFC Fight Night: Tsarukyan vs. Gamrot,Chris Curtis,Rodolfo Vieira,Favorite,-0.17,-2,2,2.57,-0.04,1.56,0.03,-4.18,-0.3,-0.19,-1.6,2
UFC Fight Night: Tsarukyan vs. Gamrot,Tafon Nchukwi,Carlos Ulberg,Underdog,-0.61,-4,0,-1.84,-0.07,0.51,0.02,-0.19,-0.19,-0.11,-0.3,-4
UFC Fight Night: Tsarukyan vs. Gamrot,T.J. Brown,Yilan Sha,Underdog,-1.37,1,3,1.09,-0.02,-0.05,-0.02,0.51,0.23,-0.05,1.3,4
UFC Fight Night: Tsarukyan vs. Gamrot,Sergey Morozov,Raulian Paiva,Favorite,-0.8,-2,-2,-1.13,0.01,-2.04,0.13,2.98,0.07,-0.09,-0.2,6
UFC Fight Night: Tsarukyan vs. Gamrot,J.P. Buys,Cody Durden,Underdog,-0.07,-2,0,-1.29,-0.12,0.12,-0.11,-3.29,-0.25,-0.41,1.99,-5
UFC Fight Night: Tsarukyan vs. Gamrot,Mario Bautista,Brian Kelleher,Favorite,-1.18,3,3,2.3,0.07,-0.65,-0.02,0.51,0.03,0.06,0.3,-7
UFC Fight Night: Tsarukyan vs. Gamrot,Jinh Yu Frey,Vanessa Demopoulos,Underdog,-1.55,1,6,-1.01,0.02,-1.46,0.11,0.6,0.25,0.6,-0.3,4
UFC 276,Israel Adesanya,Jared Cannonier,Favorite,-4.4,5,3,-0.75,-0.05,-1.02,-0.03,-0.39,-0.28,0.14,0.1,-6
UFC 276,Alex Volkanovski,Max Holloway,Favorite,-1.15,0,4,-3.13,-0.09,6.19,-0.19,-0.25,-0.53,-0.84,-0.3,5
UFC 276,Sean Strickland,Alex Pereira,Underdog,-0.29,-3,-3,0.81,-0.22,0.68,0.12,0.67,-0.36,0.07,-0.2,-3
UFC 276,Bryan Barberena,Robbie Lawler,Favorite,-0.02,1,-2,1.49,0.01,-0.09,-0.15,-0.52,-0.43,-0.16,0.3,-7
UFC 276,Jalin Turner,Brad Riddell,Favorite,-0.73,8,6,0.88,-0.06,1.04,-0.13,-0.98,0.19,0.1,1.1,-3
UFC 276,Jim Miller,Donald Cerrone,Favorite,-1.08,-5,-2,-1.42,-0.05,-0.99,0.03,0.37,0.1,-0.26,0.5,-1
UFC 276,Dricus Du Plessis,Brad Tavares,Favorite,-0.98,0,2,3.11,0.07,1.61,0,2.21,0.25,-0.41,0.8,-6
UFC 276,Maycee Barber,Jessica Eye,Favorite,-2.42,-1,-1,0.84,0.16,-1.3,-0.02,0.86,0.02,-0.04,-0.4,-11
UFC 276,Jessica-Rose Clark,Julija Stoliarenko,Underdog,-0.66,-2,-2,1.23,0.12,-1.04,0.11,0.72,0.14,0.07,-1.4,5
UFC Fight Night: Dos Anjos vs. Fiziev,Rafael Fiziev,Rafael dos Anjos,Favorite,-1.34,0,1,1.42,0.04,1.75,-0.11,-1.66,0.05,0.34,-0.6,-8
UFC Fight Night: Dos Anjos vs. Fiziev,Caio Borralho,Armen Petrosyan,Favorite,-1.86,-2,4,-2.78,0.07,-0.84,0.03,1.77,0.3,0.45,0.5,-2
UFC Fight Night: Dos Anjos vs. Fiziev,Said Nurmagomedov,Douglas Silva de Andrade,Favorite,-3.58,1,2,-0.12,0.08,-1.87,-0.02,0.4,-0.31,-0.04,1.2,-6
UFC Fight Night: Dos Anjos vs. Fiziev,Jared Vanderaa,Chase Sherman,Underdog,-1.5,0,2,-1.08,-0.02,-0.99,-0.08,0.09,0,-0.54,0,-2
UFC Fight Night: Dos Anjos vs. Fiziev,Ricky Turcios,Aiemann Zahabi,Underdog,-1.59,1,3,1.65,-0.06,0.09,-0.16,0.8,0.09,-0.34,0.2,-6
UFC Fight Night: Dos Anjos vs. Fiziev,Jamie Mullarkey,Michael Johnson,Favorite,-1.51,2,1,0.12,0.07,0.7,-0.04,1.69,-0.07,-0.04,0.1,-8
UFC Fight Night: Dos Anjos vs. Fiziev,Tresean Gore,Cody Brundage,Underdog,-0.6,0,3,1.42,-0.02,3.83,0.03,0.71,0.18,0.13,0.29,-1
UFC Fight Night: Dos Anjos vs. Fiziev,Antonina Shevchenko,Cortney Casey,Favorite,-0.99,1,0,-0.44,0.16,-1.07,-0.04,0.03,0.1,0.14,-0.1,2
UFC Fight Night: Dos Anjos vs. Fiziev,David Onama,Garrett Armfield,Favorite,-5.97,5,4,-1.18,-0.06,1.16,-0.06,0.67,0.17,-0.12,0.5,2
UFC Fight Night: Dos Anjos vs. Fiziev,Kennedy Nzechukwu,Karl Roberson,Favorite,-0.83,4,9,2.56,-0.06,2.48,-0.07,-0.12,0.04,0.38,-0.3,-2
UFC Fight Night: Dos Anjos vs. Fiziev,Ronnie Lawrence,Saidyokub Kakhramonov,Underdog,-0.29,0,-1,0.73,0.05,0.87,-0.06,0.12,0.29,-0.38,-1.7,3
UFC Fight Night: Ortega vs. Rodriguez,Brian Ortega,Yair Rodriguez,Underdog,-1.13,-3,-2,-0.59,-0.09,2.54,-0.04,0.48,0,-0.02,0.5,2
UFC Fight Night: Ortega vs. Rodriguez,Amanda Lemos,Michelle Waterson,Favorite,-2.32,1,3,-0.13,0.08,0.01,-0.05,-0.44,0.31,-0.13,0,-1
UFC Fight Night: Ortega vs. Rodriguez,Muslim Salikhov,Li Jingliang,Underdog,-0.66,-1,-1,-1.11,0.09,-0.9,0.05,0.02,-0.01,0.13,0,3
UFC Fight Night: Ortega vs. Rodriguez,Su Mudaerji,Matt Schnell,Underdog,-1.87,0,2,0.4,0.16,-1.83,0.05,-0.3,0.56,0.16,-0.4,-6
UFC Fight Night: Ortega vs. Rodriguez,Shane Burgos,Charles Jourdain,Favorite,-1,2,6,1.84,0.04,2.47,-0.01,0.34,0.34,0.43,-0.2,5
UFC Fight Night: Ortega vs. Rodriguez,Miesha Tate,Lauren Murphy,Underdog,-1.3,1,-2,-1.43,0.06,-2.27,-0.05,0.99,0.06,-0.14,1.2,-3
UFC Fight Night: Ortega vs. Rodriguez,Punahele Soriano,Dalcha Lungiambula,Favorite,-1.86,3,-4,0.89,0,0.61,-0.05,-1.35,-0.05,-0.44,0,-5
UFC Fight Night: Ortega vs. Rodriguez,Jack Shore,Ricky Simon,Underdog,-1.05,2,2,0.74,0.14,-1.29,-0.05,-2.39,-0.09,0,0.29,-2
UFC Fight Night: Ortega vs. Rodriguez,Bill Algeo,Herbert Burns,Favorite,-1.35,3,0,4.43,0.12,-0.09,0.06,-2.14,0.04,-0.1,-2.4,-2
UFC Fight Night: Ortega vs. Rodriguez,Da Un Jung,Dustin Jacoby,Underdog,-0.37,0,-1,-5.53,-0.47,-4.07,-0.57,-0.36,-0.25,-0.6,0,3
UFC Fight Night: Ortega vs. Rodriguez,Dustin Stoltzfus,Dwight Grant,Favorite,-0.42,-1,-1,0.2,0.08,0.62,-0.12,1.79,-0.6,-0.2,0.7,-7
UFC Fight Night: Ortega vs. Rodriguez,Emily Ducote,Jessica Penne,Favorite,-0.89,-3,-4,4.93,0.21,3.09,0.1,-1.13,-0.07,0.57,-0.6,-11
UFC Fight Night: Blaydes vs. Aspinall,Tom Aspinall,Curtis Blaydes,Underdog,-0.61,1,-2,4.18,0.16,0.94,0.07,-2.26,0.47,0.69,1.7,-2
UFC Fight Night: Blaydes vs. Aspinall,Jack Hermansson,Chris Curtis,Favorite,-0.01,3,2,-0.67,-0.08,-2.48,0.04,1.53,0.3,-0.02,0.4,-1
UFC Fight Night: Blaydes vs. Aspinall,Paddy Pimblett,Jordan Leavitt,Favorite,-2.09,1,2,2.58,-0.09,1.86,-0.16,-1.21,0,0.26,0.5,1
UFC Fight Night: Blaydes vs. Aspinall,Nikita Krylov,Alexander Gustafsson,Favorite,-1.27,-2,-2,0.34,0.15,-1.06,-0.08,0.76,-0.02,-0.3,0.99,-5
UFC Fight Night: Blaydes vs. Aspinall,Molly McCann,Hannah Goldy,Favorite,-3.75,0,1,0.59,0.02,0.27,0.13,1.16,0.26,-0.12,0.4,2
UFC Fight Night: Blaydes vs. Aspinall,Volkan Oezdemir,Paul Craig,Favorite,-0.57,-1,-1,2.13,0,0.94,0.11,-1.11,0.13,0.43,-1.5,-2
UFC Fight Night: Blaydes vs. Aspinall,Mason Jones,Ludovit Klein,Underdog,-3.44,3,2,1.65,-0.12,1.2,-0.08,1.39,-0.02,-0.03,0,0
UFC Fight Night: Blaydes vs. Aspinall,Marc Diakiese,Damir Hadzovic,Favorite,-3.21,1,3,-0.82,-0.08,-0.62,-0.1,2.5,-0.13,0.32,-0.2,-6
UFC Fight Night: Blaydes vs. Aspinall,Nathaniel Wood,Charles Rosa,Favorite,-4.31,-3,0,2.83,0.14,0.35,0.09,0.07,0.13,0.31,-0.5,-6
UFC Fight Night: Blaydes vs. Aspinall,Jonathan Pearce,Makwan Amirkhani,Favorite,-0.96,2,-1,3.99,0.1,0.45,0.08,1.28,0.07,0.23,-0.31,-3
UFC Fight Night: Blaydes vs. Aspinall,Muhammad Mokaev,Charles Johnson,Favorite,-3.86,-2,0,-2.95,-0.05,-1.8,-0.03,5.34,0.17,-0.67,0.4,-10
UFC Fight Night: Blaydes vs. Aspinall,Jai Herbert,Kyle Nelson,Favorite,-2.11,2,6,-0.96,-0.05,-1.55,-0.08,-0.91,-0.1,-0.17,-0.6,3
UFC Fight Night: Blaydes vs. Aspinall,Mandy Bohm,Victoria Leonardo,Underdog,-0.09,2,7,-0.77,0.06,-1.46,0.13,-0.89,-0.1,0.04,0.7,0
UFC Fight Night: Blaydes vs. Aspinall,Nicolas Dalby,Claudio Silva,Favorite,-1.56,0,3,1.55,0.01,0.43,0.06,-1.74,0.03,0.15,-1,-2
UFC 277,Amanda Nunes,Julianna Pena,Favorite,-1.89,2,0,1.38,0.04,0.32,0.06,0.79,-0.02,0.59,-0.11,1
UFC 277,Brandon Moreno,Kai Kara-France,Favorite,-1.3,3,1,-0.71,0.04,0.38,-0.07,1.1,0.13,-0.25,0.5,-1
UFC 277,Sergey Pavlovich,Derrick Lewis,Favorite,-0.33,0,5,5.73,-0.03,2.13,0.15,-0.57,-0.26,0.23,0,-7
UFC 277,Alexandre Pantoja,Alex Perez,Favorite,-1.06,-1,2,0.31,0.03,0.84,-0.09,0.54,0.02,-0.14,-0.1,2
UFC 277,Magomed Ankalaev,Anthony Smith,Favorite,-4.39,-1,-1,0.41,0.05,-2.22,0.12,0.53,0.04,0.37,-0.7,-4
UFC 277,Matt Semelsberger,Alex Morono,Underdog,-1.03,2,3,-1.1,0.02,0.04,-0.04,0.7,0.35,-0.11,0,-2
UFC 277,Drew Dober,Rafael Alves,Favorite,-1.29,0,2,2.48,-0.08,0.93,-0.07,0.42,-0.08,0.12,-1.4,2
UFC 277,Don'tale Mayes,Hamdy Abdelwahab,Underdog,-1.08,4,9,-0.19,-0.1,0.83,-0.12,-2.29,-0.32,0.6,0,1
UFC 277,Drakkar Klose,Rafa Garcia,Favorite,-1.37,2,0,0.17,0.13,-0.75,-0.1,-2.03,-0.18,-0.11,-0.3,7
UFC 277,Michael Morales,Adam Fugitt,Favorite,-4.83,-1,2,0.98,-0.09,-1.53,0.04,-2.2,0.07,0.41,0,-11
UFC 277,Joselyne Edwards,Ji Yeon Kim,Favorite,-0.32,1,-2,-0.67,0.16,-2.06,-0.07,1,0.33,0.14,0.2,-6
UFC 277,Ihor Potieria,Nick Negumereanu,Underdog,-0.17,3,2,5.13,0.5,5.04,0.51,0,0,0.56,0,
UFC 277,Orion Cosce,Mike Mathetha,Favorite,-1.25,1,1,1.09,0.14,1.02,-0.1,-0.67,0.13,0.61,-1,-13
UFC Fight Night: Santos vs. Hill,Jamahal Hill,Thiago Santos,Favorite,-2.47,2,3,3.45,0.06,0.94,-0.08,-0.88,-0.33,0.07,-0.1,-7
UFC Fight Night: Santos vs. Hill,Vicente Luque,Geoff Neal,Underdog,-1.18,0,0,0.1,0.02,-0.26,-0.05,0.54,0.09,-0.25,0.5,-1
UFC Fight Night: Santos vs. Hill,Zac Pauga,Mohammed Usman,Underdog,-2.04,0,-3,1.27,0.25,-1.48,0.05,-0.51,-0.11,1,0,1
UFC Fight Night: Santos vs. Hill,Juliana Miller,Brogan Walker,Favorite,-0.46,3,-1,1.27,0.15,1.04,-0.15,1.84,0.44,-0.11,1.8,-7
UFC Fight Night: Santos vs. Hill,Sergey Spivak,Augusto Sakai,Favorite,-2.35,0,1,-1.06,0,-0.05,0.01,4.32,0.24,0.13,0.5,-4
UFC Fight Night: Santos vs. Hill,Terrance McKinney,Erick Gonzalez,Favorite,-7.38,-1,-2,2.13,0.14,-5.45,0.04,-2.55,-0.2,0.35,1,-3
UFC Fight Night: Santos vs. Hill,Michal Oleksiejczuk,Sam Alvey,Favorite,-4.95,-2,-1,1.77,0.06,0.62,0.08,0.69,0.3,-0.34,-0.1,-9
UFC Fight Night: Santos vs. Hill,Bryan Battle,Takashi Sato,Favorite,-2.25,3,4,2.3,0.1,0.01,0,0.36,-0.09,-0.13,0.6,-4
UFC Fight Night: Santos vs. Hill,Cory McKenna,Miranda Granger,Favorite,-1.23,-4,-10,0.2,-0.07,0.62,-0.09,2.22,0.57,0.37,0.4,-8
UFC Fight Night: Santos vs. Hill,Mayra Bueno Silva,Stephanie Egger,Favorite,-0.35,0,-2,1.63,0.1,2.38,0.01,-1.8,-0.04,0.18,1,-3
UFC 278,Kamaru Usman,Leon Edwards,Underdog,-2.68,-2,2,1.61,-0.02,0.4,0,1.56,0.1,0.19,-0.31,5
UFC 278,Paulo Costa,Luke Rockhold,Favorite,-2.8,-2,-5,2.1,0.08,3.7,-0.07,-0.25,0.46,0.15,-1,-6
UFC 278,Merab Dvalishvili,Jose Aldo,Favorite,-0.65,-1,-2,0.87,-0.06,-1.36,-0.04,5.92,-0.18,-0.11,0.2,-4
UFC 278,Lucie Pudilova,Yanan Wu,Favorite,-0.63,0,1,-0.56,-0.04,-1.13,0.02,-0.07,-0.03,0.03,0.49,1
UFC 278,Tyson Pedro,Harry Hunsucker,Favorite,-6.47,1,4,-0.65,0.06,-4.15,0.14,0.76,0.3,0.5,-1.2,-3
UFC 278,Alexander Romanov,Marcin Tybura,Underdog,-2.68,-1,-3,0.45,0.04,-1.15,-0.06,2.89,0.21,-0.6,0.8,-5
UFC 278,Jared Gordon,Leonardo Santos,Favorite,-2.02,-3,-7,2.57,0.1,0,0.02,1.06,0.15,-0.24,-0.2,-9
UFC 278,A.J. Fletcher,Ange Loosa,Underdog,-0.81,0,-7,-2.73,0.02,-2.06,-0.06,-0.51,-0.08,-0.58,0.7,-4
UFC 278,Amir Albazi,Francisco Figueiredo,Favorite,-3.88,-1,0,0.75,-0.22,0.48,0.02,-0.8,-0.42,-0.36,0.29,-4
UFC 278,Qileng Aori,Jay Perrin,Favorite,-0.41,0,2,1.59,0.03,2.13,0.02,-1.38,-0.06,0,0,0
UFC 278,Victor Altamirano,Daniel Lacerda,Favorite,-0.8,2,0,0.59,0.11,-4.58,0.2,1.11,-0.11,0.63,-1.2,6
UFC Fight Night: Gane vs. Tuivasa,Ciryl Gane,Tai Tuivasa,Favorite,-4.04,2,6,1.53,0.1,-2.86,0.2,0.57,0.21,-0.07,0.5,3
UFC Fight Night: Gane vs. Tuivasa,Robert Whittaker,Marvin Vettori,Favorite,-1.4,0,-1,0.01,-0.04,-0.79,0.02,-0.85,-0.08,0.13,-0.5,3
UFC Fight Night: Gane vs. Tuivasa,Nassourdine Imavov,Joaquin Buckley,Favorite,-1.73,5,-1,0.28,0.18,0.13,0.03,-0.82,-0.13,0.07,1.5,-1
UFC Fight Night: Gane vs. Tuivasa,Roman Kopylov,Alessio Di Chirico,Favorite,-0.07,0,1,1.34,0.15,0.65,-0.02,-1.04,0.1,0.04,0,-1
UFC Fight Night: Gane vs. Tuivasa,William Gomis,Jarno Errens,Favorite,-1.53,1,0,-0.82,0,-1.87,0.12,1.06,0.6,0.53,0.4,-3
UFC Fight Night: Gane vs. Tuivasa,Charles Jourdain,Nathaniel Wood,Underdog,-0.59,3,0,-0.36,-0.03,0.08,0,-1.65,-0.38,-0.22,0.09,-3
UFC Fight Night: Gane vs. Tuivasa,Abusupiyan Magomedov,Dustin Stoltzfus,Favorite,-2.19,2,3,-0.62,0,0.43,0.07,0.25,0.37,0.54,-0.7,1
UFC Fight Night: Gane vs. Tuivasa,Nasrat Haqparast,John Makdessi,Favorite,-1.76,2,4,0.26,-0.05,1.09,-0.05,0.31,0.2,-0.08,0,-11
UFC Fight Night: Gane vs. Tuivasa,Michal Figlak,Fares Ziam,Underdog,-1.29,-3,-5,1.29,-0.09,3.21,-0.13,-0.32,-0.12,-0.11,-0.2,0
UFC Fight Night: Gane vs. Tuivasa,Benoit Saint-Denis,Gabriel Miranda,Favorite,-2.46,0,2,2.18,0.03,-1.9,0.02,-0.05,-0.04,0.69,-0.9,-6
UFC Fight Night: Gane vs. Tuivasa,Khalid Taha,Christian Quinonez,Underdog,-0.15,-3,-1,-1.56,-0.09,-0.43,-0.1,-1.37,-0.37,-0.23,0.2,4
UFC Fight Night: Gane vs. Tuivasa,Stephanie Egger,Ailin Perez,Favorite,-1.85,1,2,-0.76,-0.1,1.3,-0.05,-2.41,-0.09,-0.25,0.6,6
UFC Fight Night: Sandhagen vs. Song,Cory Sandhagen,Yadong Song,Favorite,-1.25,3,3,0.83,0.01,-0.57,0.02,0.7,-0.08,-0.08,0.09,6
UFC Fight Night: Sandhagen vs. Song,Chidi Njokuani,Gregory Rodrigues,Underdog,-0.31,0,5,-2,0.05,-2.36,0.04,-2.46,-0.45,-0.26,-0.3,3
UFC Fight Night: Sandhagen vs. Song,Andre Fili,Bill Algeo,Favorite,-0.35,-1,1,-2.31,-0.16,-0.41,0.04,1.3,0,0.12,0.2,-1
UFC Fight Night: Sandhagen vs. Song,Joe Pyfer,Alen Amedovski,Favorite,-4.3,4,1,2.67,0.1,-0.27,0.04,1.49,0.41,0.5,0.9,-9
UFC Fight Night: Sandhagen vs. Song,Anthony Hernandez,Marc-Andre Barriault,Favorite,-1.35,-1,1,-1.9,0.12,-2.21,-0.08,6.4,0.24,-0.05,2.9,-4
UFC Fight Night: Sandhagen vs. Song,Pat Sabatini,Damon Jackson,Underdog,-1.32,-3,-1,-0.98,0.18,-1.75,-0.03,1.22,0.07,0.09,0.5,-2
UFC Fight Night: Sandhagen vs. Song,Trevin Giles,Louis Cosce,Favorite,-1.37,3,3,-1.04,0.1,-3.13,0.1,0.14,0.3,0.2,-0.2,3
UFC Fight Night: Sandhagen vs. Song,Loma Lookboonmee,Denise Gomes,Favorite,-1.35,-1,-2,-0.71,0.08,-1.19,0.04,0.77,0.17,0.25,-0.7,4
UFC Fight Night: Sandhagen vs. Song,Daniel Zellhuber,Trey Ogden,Underdog,-3.46,2,5,2.48,-0.06,1.46,-0.02,-1.42,0.1,-0.07,-0.4,-10
UFC Fight Night: Sandhagen vs. Song,Gillian Robertson,Mariya Agapova,Favorite,-0.67,-1,-5,-2.06,-0.1,-0.7,0.04,1.94,-0.24,-0.04,0.09,2
UFC Fight Night: Sandhagen vs. Song,Javid Basharat,Tony Gravely,Favorite,-0.86,4,0,1.6,0.05,-1.5,0.18,-3.7,-0.01,0.32,-0.1,-4
UFC Fight Night: Sandhagen vs. Song,Nikolas Motta,Cameron VanCamp,Favorite,-0.64,-5,-4,-2.23,-0.14,-1.63,0.1,0,0,0.82,0,0
UFC Fight Night: Dern vs. Yan,Mackenzie Dern,Yan Xiaonan,Underdog,-1.2,-1,0,-1.66,-0.04,0.42,-0.07,-0.21,-0.58,-0.34,1.3,-3
UFC Fight Night: Dern vs. Yan,Randy Brown,Francisco Trinaldo,Favorite,-2.49,6,8,1.24,0.01,0.66,-0.06,-0.2,-0.03,0.14,0,-12
UFC Fight Night: Dern vs. Yan,Raoni Barcelos,Trevin Jones,Favorite,-1.8,0,-3,3.09,0.14,0.5,0.21,1.24,0.17,0.25,0.4,4
UFC Fight Night: Dern vs. Yan,Sodiq Yusuff,Don Shainis,Favorite,-7.39,3,4,2.24,-0.02,-1.37,0.22,-0.69,-0.05,0.42,-1.5,-2
UFC Fight Night: Dern vs. Yan,Mike Davis,Viacheslav Borshchev,Favorite,-1.04,,,-5.18,-0.58,-4.49,-0.54,0,0,-0.35,0,
UFC Fight Night: Dern vs. Yan,John Castaneda,Daniel Santos,Underdog,-1.11,-1,4,0.53,0.13,-0.13,0.06,0.02,-0.13,-0.03,0.2,3
UFC Fight Night: Dern vs. Yan,Ilir Latifi,Aleksei Oleinik,Favorite,-1.24,-4,-7,-1.25,-0.03,-0.87,0.12,0.28,-0.12,0.63,-1.6,-5
UFC Fight Night: Dern vs. Yan,Joaquim Silva,Jesse Ronson,Favorite,-0.39,-2,-1,0.12,-0.04,1.14,-0.04,-0.08,0.21,0.12,0.3,-3
UFC Fight Night: Dern vs. Yan,Krzysztof Jotko,Brendan Allen,Underdog,-0.15,-1,2,-1,-0.12,-1.6,0.09,-0.41,-0.08,0.24,-1.3,6
UFC Fight Night: Dern vs. Yan,Julija Stoliarenko,Chelsea Chandler,Underdog,-0.33,-1,-2,-0.96,-0.06,1.45,-0.03,-0.38,-0.33,0.21,1.7,-2
UFC Fight Night: Dern vs. Yan,Randy Costa,Guido Cannetti,Underdog,-2.29,3,5,3.09,-0.1,4.74,0.06,-2.27,-0.56,-0.15,-0.4,-15
UFC Fight Night: Grasso vs. Araujo,Alexa Grasso,Viviane Araujo,Favorite,-1.42,1,-2,0.55,-0.04,-1.01,0.01,-1.35,0.04,-0.2,0,-7
UFC Fight Night: Grasso vs. Araujo,Jonathan Martinez,Cub Swanson,Favorite,-1.41,0,0,-0.17,-0.02,0.03,-0.03,-0.69,-0.18,0.07,-0.31,-10
UFC Fight Night: Grasso vs. Araujo,Dusko Todorovic,Jordan Wright,Favorite,-1.42,-1,-3,1.44,0,-1.49,0.15,-1.13,-0.33,-0.56,-0.4,-2
UFC Fight Night: Grasso vs. Araujo,Victor Henry,Raphael Assuncao,Underdog,-3.24,2,2,5.11,0.12,3.12,-0.2,-1.65,-0.39,0.04,0.3,-4
UFC Fight Night: Grasso vs. Araujo,Alonzo Menifield,Misha Cirkunov,Favorite,-1.27,-3,-1,0.06,0.05,0.5,-0.08,-3.49,-0.06,-0.02,-1.4,-1
UFC Fight Night: Grasso vs. Araujo,Mana Martinez,Brandon Davis,Favorite,-0.67,0,-2,-0.35,0.13,0.32,-0.08,-0.03,0,-0.32,0.4,-6
UFC Fight Night: Grasso vs. Araujo,Nick Maximov,Jacob Malkoun,Underdog,-0.43,3,3,-1.93,-0.12,0.16,-0.06,-2.46,0.03,0.14,-0.2,-2
UFC Fight Night: Grasso vs. Araujo,Joanderson Brito,Lucas Alexander,Favorite,-3.37,-3,-1,-1.89,-0.05,0.81,-0.25,3.11,0.76,0.05,0.6,1
UFC Fight Night: Grasso vs. Araujo,Piera Rodriguez,Sam Hughes,Favorite,-0.95,-2,-1,-0.4,0.01,-1.67,0.01,2.15,0.1,0.09,0,0
UFC Fight Night: Grasso vs. Araujo,Tatsuro Taira,Carlos Vergara,Favorite,-2.13,1,1,2.71,0.23,-1.38,0.01,2.12,0.41,0.71,2.4,-12
UFC Fight Night: Grasso vs. Araujo,Pete Rodriguez,Mike Jackson,Favorite,-5.1,-5,-3,4.78,-0.14,9.1,-0.2,-0.71,-0.33,0.12,0,-12
UFC Fight Night: Kattar vs. Allen,Arnold Allen,Calvin Kattar,Favorite,-0.27,-3,-2,-1.37,0.01,-3.84,0.06,0.63,0.21,0.03,0.3,-6
UFC Fight Night: Kattar vs. Allen,Max Griffin,Tim Means,Favorite,-1.12,-3,1,-1.17,0,0.16,-0.04,0.29,0,0.03,0.09,-2
UFC Fight Night: Kattar vs. Allen,Waldo Cortes-Acosta,Jared Vanderaa,Favorite,-1.39,0,-2,0.67,0.03,-2.07,0.07,0.37,0.09,0.4,0.2,0
UFC Fight Night: Kattar vs. Allen,Josh Fremd,Tresean Gore,Underdog,-0.75,4,1,-0.11,-0.11,-3.5,0,-2.21,-0.46,-0.5,0.19,1
UFC Fight Night: Kattar vs. Allen,Dustin Jacoby,Khalil Rountree,Underdog,-1.05,2,0,1.69,0.07,-0.11,0.06,0.36,0.25,0.02,-0.1,2
UFC Fight Night: Kattar vs. Allen,Phil Hawes,Roman Dolidze,Underdog,-1.06,-2,1,2.71,0.19,0.36,0.04,0.8,-0.06,0.57,-1.11,0
UFC Fight Night: Kattar vs. Allen,Marcos Rogerio de Lima,Andrei Arlovski,Favorite,-1.75,-2,-2,-0.08,0.11,-0.31,-0.06,1.02,0.09,-0.18,0.3,-7
UFC Fight Night: Kattar vs. Allen,Jun Yong Park,Joseph Holmes,Favorite,-1.44,-6,-7,1.65,-0.04,0.21,-0.02,0.34,0.09,0.06,0.3,5
UFC Fight Night: Kattar vs. Allen,Chase Hooper,Steve Garcia,Underdog,-2.42,1,-1,0.23,-0.05,0.93,-0.11,0.13,-0.2,-0.33,1.6,-8
UFC Fight Night: Kattar vs. Allen,Carlos Mota,Cody Durden,Underdog,-0.8,-3,2,-2.37,-0.11,-1.77,0.03,-4.84,-0.5,-0.17,0.7,-4
UFC Fight Night: Kattar vs. Allen,Christian Rodriguez,Joshua Weems,Favorite,-3.25,-1,2,-1.8,-0.17,-1.06,-0.05,-3.63,0.14,-0.34,1.1,-4
UFC Fight Night: Rodriguez vs. Lemos,Marina Alcalde Rodriguez,Amanda Lemos,Underdog,-1.78,9,9,3.86,-0.05,1.07,0.12,-0.36,-0.13,0.06,-0.6,0
UFC Fight Night: Rodriguez vs. Lemos,Neil Magny,Daniel Rodriguez,Favorite,-0.09,2,6,-3.83,-0.04,-2.87,-0.05,1.54,-0.1,-0.09,0.2,-1
UFC Fight Night: Rodriguez vs. Lemos,Yilan Sha,Darrick Minner,Favorite,-2.97,1,0,-0.36,-0.2,0.66,0.15,0.5,-0.39,-0.26,-2.7,-4
UFC Fight Night: Rodriguez vs. Lemos,Tagir Ulanbekov,Nathan Maness,Favorite,-1.67,-3,-2,0.89,-0.03,-1,0.1,2.84,-0.29,-0.18,1.8,0
UFC Fight Night: Rodriguez vs. Lemos,Grant Dawson,Mark O. Madsen,Favorite,-1.4,2,0,-0.59,0.02,-1.71,-0.08,0.82,-0.31,-0.22,1.5,-9
UFC Fight Night: Rodriguez vs. Lemos,Miranda Maverick,Shanna Young,Favorite,-7.11,-4,0,0.61,0,-2.28,0.15,2.49,0.46,-0.13,-0.2,-7
UFC Fight Night: Rodriguez vs. Lemos,Mario Bautista,Benito Lopez,Favorite,-3.2,-1,-4,1.3,0.02,-1.19,-0.04,2.25,0.44,-0.07,0.7,0
UFC Fight Night: Rodriguez vs. Lemos,Polyana Viana,Jinh Yu Frey,Favorite,-0.51,2,2,0.02,-0.03,-1.59,0.01,-0.21,-0.03,-0.52,1.6,-8
UFC Fight Night: Rodriguez vs. Lemos,Johnny Munoz,Liudvik Sholinian,Favorite,-1.6,-1,0,-0.07,0.06,-3.01,0,2.4,0.25,-0.22,1.8,-3
UFC Fight Night: Rodriguez vs. Lemos,Jake Hadley,Carlos Candelario,Favorite,-1.97,-1,2,-0.62,-0.05,-1.61,0.15,-2.04,-0.3,-0.19,1.4,-5
UFC Fight Night: Rodriguez vs. Lemos,Tamires Vidal,Ramona Pascual,Favorite,-0.15,-1,2,-0.67,-0.02,-4.53,0.08,-1.81,-0.19,-0.72,1,-10
UFC Fight Night: Nzechukwu vs. Cutelaba,Kennedy Nzechukwu,Ion Cutelaba,Favorite,-1.12,4,8,0.68,0.02,1.47,0.03,-3.57,-0.12,0.04,0.2,1
UFC Fight Night: Nzechukwu vs. Cutelaba,Waldo Cortes-Acosta,Chase Sherman,Favorite,-1.66,0,0,-0.41,0.02,-3.05,0,0.46,0.09,-0.15,0.2,-2
UFC Fight Night: Nzechukwu vs. Cutelaba,Muslim Salikhov,Andre Fialho,Favorite,-0.05,-1,-4,0.06,0.1,-3.32,0.17,1.02,-0.6,0.06,0,9
UFC Fight Night: Nzechukwu vs. Cutelaba,Jack Della Maddalena,Danny Roberts,Favorite,-7.83,-2,-1,3.56,0.14,0.53,0.16,-0.03,0.07,0.13,0,-9
UFC Fight Night: Nzechukwu vs. Cutelaba,Charles Johnson,Zhalgas Zhumagulov,Favorite,-0.91,5,4,-0.76,0.09,-2.7,0.06,-0.9,0.04,-0.08,0.4,-2
UFC Fight Night: Nzechukwu vs. Cutelaba,Maryna Moroz,Jennifer Maia,Underdog,-0.96,3,3,0.07,-0.05,0.37,-0.05,0.27,-0.04,-0.16,0.5,-3
UFC Fight Night: Nzechukwu vs. Cutelaba,Miles Johns,Vincent Morales,Favorite,-0.91,-2,-4,-0.9,0.09,-1.7,0.15,1,-0.03,0.2,0,-3
UFC Fight Night: Nzechukwu vs. Cutelaba,Ricky Turcios,Kevin Natividad,Favorite,-1.09,3,1,2.4,0.02,-0.59,0.08,-2.66,-0.25,-0.38,0.2,-1
UFC Fight Night: Nzechukwu vs. Cutelaba,Vanessa Demopoulos,Maria Oliveira,Favorite,-0.03,-4,-10,-1.06,0.02,-0.07,-0.04,-0.53,-0.33,-0.17,0.6,8
UFC Fight Night: Nzechukwu vs. Cutelaba,Brady Hiestand,Fernando Garcia,Favorite,-1.05,1,4,0.89,0.18,-0.15,0.05,3.77,-0.04,-0.09,-0.3,-7
UFC Fight Night: Nzechukwu vs. Cutelaba,Natalia Cristina da Silva,Tereza Bleda,Favorite,-0.82,7,7,0.47,-0.11,2.03,0.04,0.08,0.23,-0.06,-0.5,8
UFC Fight Night: Thompson vs. Holland,Kevin Holland,Stephen Thompson,Underdog,-1.07,3,6,0.12,0.02,0.16,-0.05,0.59,-0.03,-0.11,0.6,-10
UFC Fight Night: Thompson vs. Holland,Rafael dos Anjos,Bryan Barberena,Favorite,-3.55,-4,-2,-1.87,-0.02,-1.38,0.15,1.81,0.12,0.05,0.3,4
UFC Fight Night: Thompson vs. Holland,Matheus Nicolau,Matt Schnell,Favorite,-2.94,-2,-4,-0.62,0.14,-1.37,0.1,0.78,0.01,0.43,-0.2,-3
UFC Fight Night: Thompson vs. Holland,Sergey Pavlovich,Tai Tuivasa,Favorite,-1.11,1,9,4.25,-0.02,-0.44,0.12,0,0,0.18,0,1
UFC Fight Night: Thompson vs. Holland,Jack Hermansson,Roman Dolidze,Underdog,-1.45,-1,1,2.46,0.04,0.33,0.05,0.23,-0.11,0.47,-0.9,0
UFC Fight Night: Thompson vs. Holland,Kyle Daukaus,Eryk Anders,Underdog,-1.76,2,1,-0.19,0.05,-1.23,-0.09,0.33,-0.02,0.02,1.79,-6
UFC Fight Night: Thompson vs. Holland,Phil Rowe,Niko Price,Favorite,-0.05,3,4,-1.52,0.1,-1.28,0.06,0.15,0.2,-0.06,-0.3,-1
UFC Fight Night: Thompson vs. Holland,Emily Ducote,Angela Hill,Underdog,-0.63,-1,-1,2.07,0.03,2.97,-0.05,-0.61,-0.19,0.17,-0.1,-9
UFC Fight Night: Thompson vs. Holland,Scott Holtzman,Clay Guida,Underdog,-1.42,2,-1,1.68,0.13,0.65,-0.06,-1.25,0.2,0,-0.4,-2
UFC Fight Night: Thompson vs. Holland,Marc Diakiese,Michael Johnson,Underdog,-2.9,0,0,-1.73,0.01,-1.19,-0.05,2.67,0.02,-0.16,0,-6
UFC Fight Night: Thompson vs. Holland,Jonathan Pearce,Darren Elkins,Favorite,-4.39,2,0,1.88,0.16,0.16,0.02,2.39,0.15,0.01,-0.31,-8
UFC Fight Night: Thompson vs. Holland,Francis Marshall,Marcelo Rojo,Favorite,-1.02,1,1,-1.26,-0.06,-2.35,-0.03,2.83,0,-0.66,0.7,-10
UFC Fight Night: Thompson vs. Holland,Yazmin Jauregui,Istela Nunes,Favorite,-2.53,-1,-2,1.24,-0.08,0.28,-0.05,0,0,0.5,0,-6
UFC 282,Magomed Ankalaev,Jan Blachowicz,Favorite,-1.82,1,-3,0.23,0.03,-0.67,0.05,-0.08,-0.19,0.17,-0.3,-10
UFC 282,Santiago Ponzinibbio,Alex Morono,Favorite,-0.8,1,1,0.03,0,0.5,0.03,0.15,0.07,0.04,-0.4,4
UFC 282,Dricus Du Plessis,Darren Till,Favorite,-1.25,1,2,4.19,0.03,1.45,-0.02,2.45,0.04,-0.29,0.8,-1
UFC 282,Ilia Topuria,Bryce Mitchell,Favorite,-0.5,-3,-1,2.1,-0.12,1.72,0.07,-1.54,0.15,0.59,-0.31,-2
UFC 282,Raul Rosas Jr,Jay Perrin,Favorite,-1.5,2,0,-2.43,-0.03,-2.38,0.02,0.73,-0.19,-0.58,1.8,-11
UFC 282,Jairzinho Rozenstruik,Chris Daukaus,Favorite,-0.94,-1,2,-2.61,-0.02,-1.86,-0.09,0,0,-0.25,0,2
UFC 282,Edmen Shahbazyan,Dalcha Lungiambula,Favorite,-2.46,6,-1,0.53,0.07,0.15,-0.08,0.1,-0.08,-0.15,0.6,-10
UFC 282,Joaquin Buckley,Chris Curtis,Underdog,-0.99,0,1,-1.51,-0.16,-3.04,0.05,1.69,0.44,-0.13,0,-6
UFC 282,Billy Quarantillo,Alexander Hernandez,Favorite,-0.99,1,-2,3.03,0.15,0.91,-0.13,0.17,-0.08,0.02,1,4
UFC 282,T.J. Brown,Erik Silva,Favorite,0,0,1,1.3,-0.26,1.32,0.08,-0.35,-0.24,-0.26,1.3,-3
UFC 282,Cameron Saaiman,Steven Koslow,Favorite,-2.39,1,-2,4.55,0.09,0.44,0.1,-4.37,-0.27,0.47,-0.41,-4
UFC Fight Night: Cannonier vs. Strickland,Jared Cannonier,Sean Strickland,Favorite,-0.13,-2,1,-1.24,0.11,-0.21,-0.04,-0.41,-0.23,-0.15,-0.2,7
UFC Fight Night: Cannonier vs. Strickland,Arman Tsarukyan,Damir Ismagulov,Favorite,-1.27,-3,-2,0.43,0.06,-0.6,-0.08,2.25,0.08,0.05,0,-6
UFC Fight Night: Cannonier vs. Strickland,Amir Albazi,Alessandro Costa,Favorite,-3.76,1,1,-1.34,-0.08,-0.44,0.06,1.44,0.21,-0.5,0.7,2
UFC Fight Night: Cannonier vs. Strickland,Julian Erosa,Alex Caceres,Underdog,-1.01,3,1,1.92,-0.02,3.2,-0.16,1.08,-0.23,-0.07,0.1,-1
UFC Fight Night: Cannonier vs. Strickland,Drew Dober,Bobby Green,Favorite,-0.88,-2,-1,-2.12,-0.12,0.48,-0.11,-0.48,-0.2,-0.18,-0.2,-2
UFC Fight Night: Cannonier vs. Strickland,Michal Oleksiejczuk,Cody Brundage,Favorite,-1.92,0,2,3.43,-0.05,1.96,0.18,-1.58,-0.09,-0.21,-0.9,-1
UFC Fight Night: Cannonier vs. Strickland,Cheyanne Buys,Cory McKenna,Underdog,-0.93,2,9,-1.13,-0.02,-0.17,-0.08,-0.68,-0.33,-0.46,1.9,4
UFC Fight Night: Cannonier vs. Strickland,Jake Matthews,Matt Semelsberger,Underdog,-2.26,-2,-2,-0.48,0.02,-1.65,0.05,0.57,-0.17,0.17,0.19,-2
UFC Fight Night: Cannonier vs. Strickland,Saidyokub Kakhramonov,Said Nurmagomedov,Underdog,-0.07,0,-1,-1.5,0.04,-1.25,0.01,5.62,0.31,0.16,0.5,-4
UFC Fight Night: Cannonier vs. Strickland,Rafa Garcia,Hayisaer Maheshate,Favorite,-0.7,-5,-1,0.29,0.13,-1.55,0.07,3.61,0.44,0.34,0.3,5
UFC Fight Night: Cannonier vs. Strickland,Rinat Fakhretdinov,Bryan Battle,Favorite,-0.67,-1,-3,-0.47,0.05,-1.58,0.08,3.13,0.18,0.53,-0.3,3
UFC Fight Night: Cannonier vs. Strickland,Manel Kape,David Dvorak,Favorite,-1.5,0,0,1.64,0.11,1.21,0,0.07,0.07,0.07,0.2,-1
UFC Fight Night: Cannonier vs. Strickland,Sergey Morozov,Journey Newson,Favorite,-2.41,1,0,0.36,0.1,0.4,-0.04,3.07,0.15,0.25,-0.3,-1
UFC Fight Night: Muniz vs. Allen,Andre Muniz,Brendan Allen,Underdog,-1.51,-1,3,-2.01,-0.04,-1.84,0.07,2.49,0.03,-0.23,-0.2,6
UFC Fight Night: Muniz vs. Allen,Augusto Sakai,Don'tale Mayes,Favorite,-0.19,-3,-4,0.9,0.06,-0.13,0.01,-0.48,-0.03,-0.04,0,1
UFC Fight Night: Muniz vs. Allen,Tatiana Suarez,Montana De La Rosa,Favorite,-5.07,-2,-2,1.56,0.27,-1.83,0.07,4.49,0.3,0.36,0.09,4
UFC Fight Night: Muniz vs. Allen,Mike Malott,Yohan Lainesse,Favorite,-1.53,0,-3,1.61,0.05,-0.05,-0.06,2.1,0.31,-0.56,0.5,1
UFC Fight Night: Muniz vs. Allen,Trevor Peek,Erick Gonzalez,Favorite,-1.92,-2,-5,2.18,0.18,-3.91,0.03,-4.18,-0.03,0.04,0,-3
UFC Fight Night: Muniz vs. Allen,Gabriella Fernandes,Jasmine Jasudavicius,Underdog,-0.29,-1,-2,-2.33,0.01,-1.33,-0.05,-2.16,-0.37,-0.2,-0.4,-5
UFC Fight Night: Muniz vs. Allen,Jordan Leavitt,Victor Martinez,Favorite,-0.2,1,1,-5.39,0.09,-5.82,0.03,1.49,-0.09,-0.5,1.1,-4
UFC Fight Night: Muniz vs. Allen,Charles Johnson,Ode Osbourne,Underdog,-0.69,2,-3,1.02,0.14,-1.29,0.14,-0.87,-0.05,0.03,0.4,1
UFC Fight Night: Muniz vs. Allen,Joe Solecki,Carl Deaton,Favorite,-6.31,2,1,0.68,0.25,-0.33,-0.09,2.65,0.5,0,1.5,-4
UFC Fight Night: Muniz vs. Allen,Nurullo Aliev,Rafael Alves,Favorite,-1.14,2,4,0.64,0.03,-2.84,0.01,2.77,0.19,-0.44,-1.5,-10
UFC 285,Jon Jones,Ciryl Gane,Favorite,-0.85,0,3,-1.21,-0.04,0.03,0.01,1.35,0.24,0.44,0,2
UFC 285,Valentina Shevchenko,Alexa Grasso,Underdog,-7.33,0,0,-1.39,0.09,-1.85,0.04,2.15,0.18,0.12,-0.2,6
UFC 285,Shavkat Rakhmonov,Geoff Neal,Favorite,-3.98,2,2,-0.85,0.1,-3.06,-0.06,1.03,-0.16,0.13,1.7,-4
UFC 285,Mateusz Gamrot,Jalin Turner,Favorite,-1.23,-5,-7,-2.51,0.03,-1.51,0.18,4.49,-0.21,0.16,-1,4
UFC 285,Bo Nickal,Jamie Pickett,Favorite,-11.93,-1,-4,-1.01,0.15,-3.12,0.19,6.2,0.09,-0.67,7.4,-7
UFC 285,Cody Garbrandt,Trevin Jones,Favorite,-0.94,1,-5,0.85,0.03,-0.54,0.2,0.41,0.19,0.2,-0.2,-1
UFC 285,Dricus Du Plessis,Derek Brunson,Favorite,-1.55,0,-1,2.98,0.03,1.71,0.04,-0.15,0.18,-0.45,0.2,-10
UFC 285,Amanda Ribas,Viviane Araujo,Favorite,-0.15,-1,-2,0.51,-0.07,-1.56,0.04,0.3,0.1,0.06,0.09,-7
UFC 285,Marc-Andre Barriault,Julian Marquez,Favorite,-0.6,-1,2,1.33,0.02,0.67,0.01,0.22,0.25,0.14,-2.5,0
UFC 285,Ian Garry,Kenan Song,Favorite,-6.37,3,3,1.9,0.09,-2.89,0.03,0.21,0.25,0.07,0,-8
UFC 285,Cameron Saaiman,Mana Martinez,Favorite,-2.01,-2,-3,0.99,-0.02,-0.77,0.01,0.19,-0.14,0.21,0.19,-5
UFC 285,Tabatha Ricci,Jessica Penne,Favorite,-2.82,-4,-6,1.76,0.06,0.19,0.13,1.67,0.13,0.41,-0.4,-12
UFC 285,Farid Basharat,DaMon Blackshear,Favorite,-3.29,-2,-1,0.18,0.1,-1.65,0.08,1.62,0.03,0.16,-0.21,-3
UFC 285,Loik Radzhabov,Esteban Ribovics,Favorite,-1.56,1,0,-3.27,-0.11,1.24,-0.09,5.8,-0.1,-0.05,-0.5,5
UFC Fight Night: Yan vs. Dvalishvili,Petr Yan,Merab Dvalishvili,Underdog,-1.78,1,-1,0.63,0.12,1.99,0.01,-4.7,0.15,0.04,-0.2,-2
UFC Fight Night: Yan vs. Dvalishvili,Alexander Romanov,Alexander Volkov,Underdog,-0.69,-5,-5,-1.04,-0.05,-0.8,-0.05,3.83,-0.09,-0.53,0.7,-2
UFC Fight Night: Yan vs. Dvalishvili,Nikita Krylov,Ryan Spann,Favorite,-0.84,-2,-2,1.12,0.15,-1.42,0,0.95,0.03,0.06,-0.11,0
UFC Fight Night: Yan vs. Dvalishvili,Said Nurmagomedov,Jonathan Martinez,Underdog,-1.66,0,0,-1,-0.03,-1.75,0,0.6,-0.19,-0.03,1.29,2
UFC Fight Night: Yan vs. Dvalishvili,Mario Bautista,Guido Cannetti,Favorite,-7.4,3,1,2.25,-0.08,1.15,0.02,-0.03,-0.12,0.02,0.6,-14
UFC Fight Night: Yan vs. Dvalishvili,Vitor Petrino,Anton Turkalj,Favorite,-0.07,-2,-1,0.36,0.03,-0.84,-0.1,-1.01,0.25,0.54,0.8,-1
UFC Fight Night: Yan vs. Dvalishvili,Karl Williams,Lukasz Brzeski,Favorite,-1.06,-1,1,-1.91,0.03,-1.45,0.03,4.26,0,0.64,-0.3,2
UFC Fight Night: Yan vs. Dvalishvili,Davey Grant,Raphael Assuncao,Favorite,-0.51,3,3,1.54,0,1.31,-0.11,-0.39,0.01,-0.18,0,-3
UFC Fight Night: Yan vs. Dvalishvili,Sedriques Dumas,Josh Fremd,Underdog,-1.51,-2,3,-1.18,0.02,-0.49,0.09,-0.13,0.25,0.09,-1,-2
UFC Fight Night: Yan vs. Dvalishvili,Victor Henry,Tony Gravely,Favorite,-0.6,2,-1,4.51,0.06,1.15,0.02,-5.4,-0.41,0.3,0.2,5
UFC Fight Night: Yan vs. Dvalishvili,J.J. Aldrich,Ariane Lipski,Underdog,-3.11,3,6,1,0.07,-0.37,0.14,-0.72,-0.33,0.52,-0.3,0
UFC Fight Night: Yan vs. Dvalishvili,Bruno Silva,Tyson Nam,Favorite,-1.06,-3,-3,-0.83,0.13,-1.88,-0.07,2.57,0.3,-0.23,0.3,-6
UFC Fight Night: Yan vs. Dvalishvili,Carlston Harris,Jared Gooden,Favorite,-2.67,0,-1,-1.9,0,-4.02,0.04,1.29,-0.71,-0.1,0.6,6
UFC 286,Kamaru Usman,Leon Edwards,Underdog,-1.87,-2,2,1.61,-0.02,0.4,0,1.56,0.1,0.19,-0.31,5
UFC 286,Rafael Fiziev,Justin Gaethje,Underdog,-1.78,-3,1,-1.88,-0.08,-2.5,-0.04,0.18,0.15,0.14,0,-4
UFC 286,Gunnar Nelson,Bryan Barberena,Favorite,-2.83,-1,0,-3.51,0.13,-1.59,0.04,1.77,0.37,0.16,0.7,0
UFC 286,Casey O'Neill,Jennifer Maia,Underdog,-0.93,2,5,4.06,0.16,1.78,0.01,1.35,0.1,0.08,0.6,-9
UFC 286,Marvin Vettori,Roman Dolidze,Favorite,-4.17,-2,-2,1.93,0.06,0.88,0.05,0.35,0.04,0.35,-0.8,-5
UFC 286,Jack Shore,Makwan Amirkhani,Favorite,-4.65,-2,-1,2.42,0.13,-0.67,0.1,-0.86,-0.05,0.41,-0.41,-6
UFC 286,Chris Duncan (2),Omar Morales,Favorite,0,-1,-2,1.46,0.06,0.46,-0.09,3.39,-0.62,-0.3,0,-7
UFC 286,Sam Patterson,Yanal Ashmoz,Underdog,-2.04,6,10,-0.54,-0.04,-1.94,-0.1,0.26,0.5,-0.17,3.6,-1
UFC 286,Muhammad Mokaev,Jafel Filho,Favorite,-6.38,0,2,-0.83,0.07,-0.64,0.09,3.98,0.07,-0.56,-1.6,-8
UFC 286,Lerone Murphy,Gabriel Santos,Favorite,-1.23,0,3,0.54,-0.02,-3.43,0.15,-2.75,0.06,-0.2,-0.6,5
UFC 286,Christian Duncan,Dusko Todorovic,Favorite,-1.77,1,5,0.41,0.05,-0.73,0.03,-0.51,0.02,0.04,0,-2
UFC 286,Jake Hadley,Malcolm Gordon,Favorite,-3.43,0,-1,0.85,-0.04,1.56,0.17,-1.48,-0.29,0.08,0.7,-7
UFC 286,Joanne Wood,Luana Carolina,Favorite,-1.27,0,-4,2.46,0.02,1.25,0.02,1.14,0.13,-0.19,-0.3,8
UFC 286,Juliana Miller,Veronica Macedo,Underdog,-3.21,3,2,0.18,0,1,-0.15,0.76,0.03,-0.6,1.5,0
UFC Fight Night: Vera vs. Sandhagen,Cory Sandhagen,Marlon Vera,Favorite,-0.59,3,0,1.02,-0.05,-2.09,0.07,0.83,-0.06,-0.06,-0.61,1
UFC Fight Night: Vera vs. Sandhagen,Holly Holm,Yana Santos,Favorite,-1.67,2,1,-1.04,-0.17,-0.11,0.05,-0.25,-0.24,0.34,0,8
UFC Fight Night: Vera vs. Sandhagen,Nate Landwehr,Austin Lingo,Favorite,-1.34,-1,2,2.39,0.09,0.88,-0.02,0.57,-0.26,0.1,1,6
UFC Fight Night: Vera vs. Sandhagen,Maycee Barber,Andrea Lee,Favorite,-2.02,-1,-4,0,0.07,-0.86,-0.08,-0.42,-0.15,-0.03,-0.5,-9
UFC Fight Night: Vera vs. Sandhagen,Chidi Njokuani,Albert Duraev,Underdog,-0.84,4,5,1.09,0.2,-0.07,-0.04,-1.97,-0.29,0.07,-0.4,0
UFC Fight Night: Vera vs. Sandhagen,Tucker Lutz,Daniel Pineda,Underdog,-2.13,1,3,0.65,-0.03,0.06,-0.03,0.28,0.19,0.2,-1.5,-9
UFC Fight Night: Vera vs. Sandhagen,Steven Peterson,Lucas Alexander,Underdog,-0.73,-1,-3,-0.48,-0.16,4.11,-0.18,1.42,0.26,0.07,0.7,5
UFC Fight Night: Vera vs. Sandhagen,Preston Parsons,Trevin Giles,Underdog,-0.19,-1,-3,0.56,0,0.96,-0.07,3.11,-0.08,0.09,2.8,-3
UFC Fight Night: Vera vs. Sandhagen,Carlos Vergara,Daniel Lacerda,Favorite,-1.83,0,-1,-3.16,0.02,-5.75,0.1,-2.32,-0.5,0,-1.2,9
UFC Fight Night: Vera vs. Sandhagen,Vinicius Salvador,Victor Altamirano,Underdog,-0.09,-1,0,0.93,-0.14,2.8,-0.07,-3.07,-0.29,0.23,0,-6
UFC 287,Israel Adesanya,Alex Pereira,Favorite,-0.41,0,1,-1.17,-0.15,-0.54,0.06,-0.13,-0.86,0.07,-0.31,-2
UFC 287,Gilbert Burns,Jorge Masvidal,Favorite,-3.55,-1,-3,-0.76,0.01,0.37,-0.1,0.86,-0.21,-0.22,0.2,-2
UFC 287,Adrian Yanez,Rob Font,Underdog,-0.98,-1,-1,0.97,-0.05,2.1,0,-0.89,-0.35,0.54,-0.3,-6
UFC 287,Kevin Holland,Santiago Ponzinibbio,Favorite,-1.75,3,8,-0.67,0.08,-1.48,-0.11,0.37,0.08,-0.06,0.6,-6
UFC 287,Raul Rosas Jr,Christian Rodriguez,Underdog,-1.31,2,-4,-2.17,-0.04,-0.76,-0.11,2.42,-0.22,-0.66,0.7,-7
UFC 287,Kelvin Gastelum,Chris Curtis,Favorite,-0.33,-1,-4,-2.21,-0.11,-2.93,0.05,0.96,0.3,-0.23,0.1,-4
UFC 287,Luana Pinheiro,Michelle Waterson,Favorite,-0.69,-1,0,0,-0.06,-0.03,0.14,0.82,0.01,-0.04,-0.5,-7
UFC 287,Joe Pyfer,Gerald Meerschaert,Favorite,-1.19,1,-2,0.48,-0.05,0.2,-0.03,-0.68,0.02,0.15,-0.7,-9
UFC 287,Lupita Godinez,Cynthia Calvillo,Favorite,-1.99,-2,-3,-0.29,0.09,-0.54,-0.02,1.24,0.02,0.06,0.19,-6
UFC 287,Ignacio Bahamondes,Trey Ogden,Favorite,-3.31,4,3,3.77,-0.01,0.79,-0.02,-1.64,-0.23,-0.16,-0.2,-8
UFC 287,Yilan Sha,Steve Garcia,Underdog,-1.04,-4,-6,-2.57,-0.12,0.54,0.03,1.59,-0.11,-0.48,-0.7,-2
UFC 287,Jaqueline Amorim,Sam Hughes,Underdog,-1.64,-2,4,-0.71,0.07,-2.66,0.05,0.52,-0.07,-0.57,5.4,-3
UFC Fight Night: Holloway vs. Allen,Max Holloway,Arnold Allen,Favorite,-0.89,3,-1,3.78,0.07,1.8,-0.03,-0.77,0.03,0.08,-0.11,2
UFC Fight Night: Holloway vs. Allen,Billy Quarantillo,Edson Barboza,Underdog,-0.9,-1,-5,3.25,0.12,0.92,-0.14,0.79,-0.27,-0.11,1,-3
UFC Fight Night: Holloway vs. Allen,Dustin Jacoby,Azamat Murzakanov,Underdog,-0.69,5,5,0.96,-0.1,0.95,0,-0.39,0.09,-0.23,0,1
UFC Fight Night: Holloway vs. Allen,Ion Cutelaba,Tanner Boser,Favorite,-0.29,-1,0,-0.26,-0.1,0.68,-0.11,4.17,0.56,0.13,0,-2
UFC Fight Night: Holloway vs. Allen,Chris Gutierrez,Pedro Munhoz,Underdog,-1.5,3,2,-0.53,0.14,-3.45,0.06,-0.23,0.12,-0.13,-0.4,-4
UFC Fight Night: Holloway vs. Allen,Rafa Garcia,Clay Guida,Favorite,-2.34,0,0,1.55,0.08,1.2,0,0.48,0.08,0.12,-0.3,-13
UFC Fight Night: Holloway vs. Allen,Bill Algeo,T.J. Brown,Favorite,-1.4,3,1,2.79,0.08,1.62,-0.03,-2.56,-0.11,0.2,-1.2,0
UFC Fight Night: Holloway vs. Allen,Matheus Nicolau,Brandon Royval,Underdog,-1.24,-3,-2,-0.71,0.16,-0.23,0.2,0.9,-0.15,0.53,-0.31,0
UFC Fight Night: Holloway vs. Allen,Zak Cummings,Ed Herman,Favorite,-1.38,-1,-2,-0.36,-0.13,-0.8,0.13,-1.34,-0.19,0.07,-0.4,-4
UFC Fight Night: Holloway vs. Allen,Gillian Robertson,Piera Rodriguez,Favorite,-0.35,2,0,-1.04,-0.01,0.28,-0.02,-0.59,0.02,-0.24,1,-2
UFC Fight Night: Holloway vs. Allen,Daniel Zellhuber,Lando Vannata,Favorite,-0.34,4,6,1.34,-0.05,0.29,0.01,-0.88,-0.04,0.25,-0.1,-8
UFC Fight Night: Holloway vs. Allen,Bruna Brasil,Denise Gomes,Underdog,-0.63,4,2,-1.87,0.14,0.25,0.02,0.46,0.28,0.06,-0.8,6
UFC Fight Night: Holloway vs. Allen,Gaston Bolanos,Aaron Phillips,Favorite,-1.08,-2,-2,2.37,-0.11,-0.17,0.06,-0.86,-0.5,0.06,-0.6,-3
UFC Fight Night: Holloway vs. Allen,Lucie Pudilova,Joselyne Edwards,Underdog,-0.47,0,-3,-1.03,-0.16,0.47,0.01,-0.45,-0.06,0.02,0.4,1
UFC Fight Night: Pavlovich vs. Blaydes,Curtis Blaydes,Sergey Pavlovich,Underdog,-0.47,1,-4,-4.69,0.02,-2.78,0.03,5.72,0.53,-0.44,0,1
UFC Fight Night: Pavlovich vs. Blaydes,Brad Tavares,Bruno Silva,Underdog,-0.83,9,9,0.33,-0.04,0.06,-0.04,-1.79,-0.04,0.17,-0.3,2
UFC Fight Night: Pavlovich vs. Blaydes,Iasmin Lucindo,Brogan Walker,Favorite,-3.16,-1,-1,1.91,0.16,-0.6,0.19,2.23,0.53,0.69,0.3,-13
UFC Fight Night: Pavlovich vs. Blaydes,Matt Semelsberger,Jeremiah Wells,Underdog,-0.24,4,1,1.36,0,2.9,0.06,-2.06,0.12,-0.35,-0.4,-6
UFC Fight Night: Pavlovich vs. Blaydes,Rick Glenn,Christos Giagos,Underdog,-0.76,2,-1,0.91,0.02,0.88,0.01,-2.29,-0.23,0.16,0,1
UFC Fight Night: Pavlovich vs. Blaydes,Montel Jackson,Rani Yahya,Favorite,-5.07,4,8,1.65,0.15,-0.68,0.14,0.69,0.41,0.4,-1.5,-7
UFC Fight Night: Pavlovich vs. Blaydes,Norma Dumont,Karol Rosa,Favorite,-0.18,2,0,-3.23,-0.08,-2.9,0.17,0.69,0.23,0.03,0,4
UFC Fight Night: Pavlovich vs. Blaydes,Junior Tafa,Mohammed Usman,Underdog,-0.23,1,-4,-1.37,0.03,-2.35,-0.03,-0.89,-0.18,0.81,0,-8
UFC Fight Night: Pavlovich vs. Blaydes,Francis Marshall,William Gomis,Underdog,-1.29,-3,-1,1.04,-0.13,2.58,-0.22,2.23,-0.1,-0.81,0,-1
UFC Fight Night: Pavlovich vs. Blaydes,Danaa Batgerel,Brady Hiestand,Underdog,-0.63,-1,-1,2.44,-0.17,0.56,-0.07,-3.54,0.03,0.2,-0.3,9
UFC 288,Henry Cejudo,Aljamain Sterling,Underdog,-0.15,-3,-7,-0.85,-0.06,0.99,0.02,-0.33,0.04,0.3,-0.5,3
UFC 288,Gilbert Burns,Belal Muhammad,Underdog,-0.68,-1,-1,-1.26,0.04,-0.23,-0.03,0.26,0.03,-0.44,0.3,2
UFC 288,Jessica Andrade,Yan Xiaonan,Underdog,-0.91,-4,-1,1.65,0.06,1.71,-0.03,1.37,-0.18,0.09,0.3,-2
UFC 288,Movsar Evloev,Diego Lopes,Favorite,-6.64,-4,0,1.2,-0.1,-1.85,0.24,4.75,0.46,0.28,-4.8,1
UFC 288,Charles Jourdain,Kron Gracie,Favorite,-0.83,0,-1,1.81,0.03,-2.52,0.03,-0.38,-0.15,0.48,0.09,-7
UFC 288,Drew Dober,Matt Frevola,Underdog,-1.53,-1,-1,0.62,-0.02,0.66,-0.08,-1.88,-0.23,0.14,-0.8,2
UFC 288,Kennedy Nzechukwu,Devin Clark,Favorite,-1.04,5,8,2.1,-0.1,1.66,0.06,-1.57,0.13,0.22,0.1,-3
UFC 288,Marina Alcalde Rodriguez,Virna Jandiroba,Underdog,-0.15,10,10,5,0.12,2.32,-0.01,-1.74,0.14,-0.1,-1.1,2
UFC 288,Parker Porter,Braxton Smith,Favorite,-0.94,1,3,0.08,0.02,-5.22,0.19,1.35,0.26,-0.34,0.5,5
UFC 288,Ikram Aliskerov,Phil Hawes,Favorite,-1.14,0,-1,2.91,0.06,3.43,-0.2,0.22,-0.02,-0.9,2.09,-4
UFC 288,Claudio Ribeiro,Joseph Holmes,Favorite,-0.84,-3,-3,0.71,-0.03,1.82,-0.25,-0.93,0.09,0.16,-0.8,3
UFC Fight Night: Hill vs. Dern,Mackenzie Dern,Angela Hill,Favorite,-0.78,1,-1,-2.07,-0.09,-0.78,-0.1,-0.02,-0.19,-0.48,1.2,-8
UFC Fight Night: Hill vs. Dern,Anthony Hernandez,Edmen Shahbazyan,Favorite,-1.36,-2,0,0.69,0.06,-0.63,0,4.38,0.1,0,2.4,4
UFC Fight Night: Hill vs. Dern,Lupita Godinez,Emily Ducote,Favorite,-0.54,0,-2,-3.32,-0.05,-4.26,0.06,2.84,0.32,-0.1,1,0
UFC Fight Night: Hill vs. Dern,Joaquin Buckley,Andre Fialho,Favorite,-1.46,-2,2,0.95,-0.05,-3.14,0.12,1.44,-0.57,0.02,0,0
UFC Fight Night: Hill vs. Dern,Carlos Diego Ferreira,Michael Johnson,Favorite,-0.46,-1,1,0.77,0,-0.4,-0.01,0.34,-0.11,-0.22,0.6,2
UFC Fight Night: Hill vs. Dern,Viacheslav Borshchev,Hayisaer Maheshate,Favorite,-0.78,-1,-2,1.27,0.29,-1.27,0.01,0,0,-0.11,0,8
UFC Fight Night: Hill vs. Dern,Karolina Kowalkiewicz,Vanessa Demopoulos,Favorite,-0.45,1,5,1.73,0.02,-0.15,0.17,-0.08,0.12,0.43,-0.4,3
UFC Fight Night: Hill vs. Dern,Gilbert Urbina,Orion Cosce,Favorite,-0.12,4,4,2.84,0.03,0.59,0,1.08,0.03,-0.61,0.8,-1
UFC Fight Night: Hill vs. Dern,Rodrigo Nascimento Ferreira,Ilir Latifi,Favorite,-1.09,4,7,2,0.03,1.69,-0.14,-0.88,0.02,-0.24,0.3,-10
UFC Fight Night: Hill vs. Dern,Nick Fiore,Chase Hooper,Underdog,-0.37,-3,-2,-2.25,-0.06,4.59,0.06,1.05,0.21,0.15,-2.3,2
UFC Fight Night: Hill vs. Dern,Natalia Cristina da Silva,Victoria Leonardo,Favorite,-4.89,11,14,0.22,0.03,-0.81,0.04,0.29,0.23,0.06,0.2,-4
UFC Fight Night: Hill vs. Dern,Themba Gorimbo,Takashi Sato,Favorite,-0.3,3,4,0.31,0.27,-2.65,0.02,3.28,0.2,0.18,0,0
UFC Fight Night: Kara-France vs. Albazi,Amir Albazi,Kai Kara-France,Favorite,-0.28,1,-1,-1.78,0,-0.18,-0.03,1.08,0,-0.48,0.7,-1
UFC Fight Night: Kara-France vs. Albazi,Alex Caceres,Daniel Pineda,Favorite,-1.24,3,4,1.12,0,-0.1,0.15,-1.17,0.43,0.16,-1,-3
UFC Fight Night: Kara-France vs. Albazi,Jim Miller,Jesse Butler,Favorite,-1.78,-2,-2,0.38,0.27,-4.33,0.16,1.53,0.44,0.47,1.7,8
UFC Fight Night: Kara-France vs. Albazi,Tim Elliott,Victor Altamirano,Favorite,-1.03,-1,-4,-1.16,-0.13,-1.04,0.02,0.29,0.07,-0.05,1,4
UFC Fight Night: Kara-France vs. Albazi,Karine Silva,Ketlen Souza,Favorite,-1.37,2,4,-2.12,-0.34,1.09,-0.11,2.69,0.21,-0.5,2.2,1
UFC Fight Night: Kara-France vs. Albazi,Abubakar Nurmagomedov,Elizeu Zaleski dos Santos,Underdog,-0.32,0,-1,-1.74,0.11,-0.73,0.08,0.82,0.09,0.19,-0.4,-3
UFC Fight Night: Kara-France vs. Albazi,Daniel Santos,Johnny Munoz,Favorite,-1.47,-2,-4,1.81,0.01,2.46,-0.06,-0.5,0.25,0.27,-1.8,-2
UFC Fight Night: Kara-France vs. Albazi,Don'tale Mayes,Andrei Arlovski,Favorite,-0.45,3,4,-0.09,-0.03,0.75,-0.1,0.32,0.07,-0.17,-0.2,-13
UFC Fight Night: Kara-France vs. Albazi,John Castaneda,Muin Gafurov,Favorite,-0.25,-1,3,1.81,0.09,2.04,0.08,-0.48,0.1,0.08,0.2,4
UFC Fight Night: Kara-France vs. Albazi,Jamie Mullarkey,Muhammadjon Naimov,Underdog,-3.58,3,4,1.05,0,-0.05,0.12,0.37,0.01,0.21,0.1,0
UFC Fight Night: Kara-France vs. Albazi,Elise Reed,Jinh Yu Frey,Favorite,-0.42,0,-2,-0.32,0.06,-1.18,0,-0.45,0.24,-0.49,-0.3,-8
UFC Fight Night: Kara-France vs. Albazi,Luan Lacerda,DaMon Blackshear,Underdog,-0.63,-3,-1,0.23,-0.03,2.98,-0.02,-1.08,-0.12,0.08,-0.21,2
UFC Fight Night: Kara-France vs. Albazi,Maxim Grishin,Philipe Lins,Underdog,-0.42,1,0,-0.54,0.03,-1.32,0.11,-1.44,-0.17,-0.34,0,2
UFC 289,Amanda Nunes,Irene Aldana,Favorite,-2.22,-1,1,-0.7,0.1,-3.71,0,2.57,0.04,0.05,0.49,-1
UFC 289,Beneil Dariush,Charles Oliveira,Underdog,-0.58,0,-2,0.38,-0.06,-0.56,0.05,-0.27,-0.06,0.25,-1.9,1
UFC 289,Mike Malott,Adam Fugitt,Favorite,-1.35,0,-4,-0.47,-0.09,-1.8,0.04,-0.4,0.26,-0.34,1,-3
UFC 289,Dan Ige,Nate Landwehr,Favorite,-1.85,-2,-1,-2.5,-0.02,-2.23,0.01,0.06,-0.15,-0.29,-0.7,-3
UFC 289,Marc-Andre Barriault,Eryk Anders,Favorite,-0.69,0,-1,2.78,0,1.5,0.02,-1.57,-0.02,-0.12,0,-3
UFC 289,Miranda Maverick,Jasmine Jasudavicius,Underdog,-1.92,-4,-3,-0.16,0.01,-1.44,0.07,0.33,0.09,-0.4,0,-9
UFC 289,Qileng Aori,Aiemann Zahabi,Underdog,-0.19,-1,1,1.87,0.07,2.42,-0.24,1.25,0.3,-0.22,0,-6
UFC 289,Blake Bilder,Kyle Nelson,Underdog,-1.9,-3,-3,0.16,0.02,-0.54,0.01,-0.79,-0.13,-0.03,0,0
UFC 289,David Dvorak,Steve Erceg,Underdog,-2.03,-3,0,-1.04,-0.06,-0.92,0.06,-0.66,0.03,0.09,-0.3,3
UFC 289,Diana Belbita,Maria Oliveira,Favorite,-0.43,1,-1,1.5,0.03,0.79,0.07,-0.04,0.18,0.18,0,0
UFC Fight Night: Vettori vs. Cannonier,Marvin Vettori,Jared Cannonier,Underdog,-0.39,1,-3,-0.13,-0.08,0.11,-0.03,1.22,0.03,0.05,0.5,-10
UFC Fight Night: Vettori vs. Cannonier,Arman Tsarukyan,Joaquim Silva,Favorite,-8.9,-1,3,0.12,0.04,-2.7,0,2.86,-0.13,0.06,-0.8,-8
UFC Fight Night: Vettori vs. Cannonier,Christian Duncan,Armen Petrosyan,Underdog,-0.85,-1,8,0.26,0.09,0.92,-0.07,0.23,-0.19,0.19,0,-5
UFC Fight Night: Vettori vs. Cannonier,Pat Sabatini,Lucas Almeida,Favorite,-1.07,-3,-1,-3.03,0.12,-3.78,0.03,3.73,0.42,0.09,1.9,0
UFC Fight Night: Vettori vs. Cannonier,Manuel Torres,Nikolas Motta,Favorite,-1.21,1,3,5.06,0.24,-1.64,0.05,3.26,0.66,0.06,1.6,-2
UFC Fight Night: Vettori vs. Cannonier,Muslim Salikhov,Nicolas Dalby,Underdog,-1.06,0,-4,-0.68,0.08,-0.5,0.09,0.15,0.1,0.13,-0.1,0
UFC Fight Night: Vettori vs. Cannonier,Alessandro Costa,Jimmy Flick,Favorite,-2.24,-3,-1,2.43,-0.04,-1.71,0.16,-1.52,-0.15,0.9,-5.4,-5
UFC Fight Night: Vettori vs. Cannonier,Christian Quinonez,Kyung Ho Kang,Underdog,-0.56,-1,-3,0.84,-0.08,1.21,0,-0.5,-0.2,0.15,-0.8,-8
UFC Fight Night: Vettori vs. Cannonier,Denys Bondar,Carlos Hernandez,Underdog,-0.68,-2,2,-0.37,0.03,0.62,0.1,2.88,0.42,-0.04,-0.3,1
UFC Fight Night: Vettori vs. Cannonier,Tereza Bleda,Gabriella Fernandes,Favorite,-1.66,3,5,1.39,0.06,-0.85,-0.01,1.81,0.27,0.21,0.7,-8
UFC Fight Night: Vettori vs. Cannonier,Modestas Bukauskas,Zac Pauga,Favorite,-1.22,1,2,-1.19,-0.22,1.14,-0.08,-0.38,-0.08,-0.3,0,-6
UFC Fight Night: Emmett vs. Topuria,Ilia Topuria,Josh Emmett,Favorite,-2.8,1,-1,0.36,0.1,-1.27,0.04,1,0.19,0.46,1.2,-12
UFC Fight Night: Emmett vs. Topuria,Amanda Ribas,Maycee Barber,Underdog,-1.17,-2,1,-0.08,-0.13,0.5,0.06,0.62,0.08,0.31,0.6,4
UFC Fight Night: Emmett vs. Topuria,Gabriel Santos,David Onama,Underdog,-1.4,-2,-4,-0.59,0.07,0.93,-0.09,3.67,0.29,0.14,0.7,-2
UFC Fight Night: Emmett vs. Topuria,Brendan Allen,Bruno Silva,Favorite,-1.37,10,10,0.93,0.07,0.74,-0.12,-0.83,0.17,-0.07,1.09,-6
UFC Fight Night: Emmett vs. Topuria,Neil Magny,Phil Rowe,Favorite,-0.96,0,0,-0.47,-0.06,-1.91,-0.03,1.31,0,-0.05,-0.11,3
UFC Fight Night: Emmett vs. Topuria,Randy Brown,Wellington Turman,Favorite,-1.78,3,6,1.14,-0.05,-0.84,0.09,-0.77,0.19,0.32,-0.31,6
UFC Fight Night: Emmett vs. Topuria,Mateusz Rebecki,Loik Radzhabov,Favorite,-0.33,-4,-3,1.76,0.06,-0.59,0.09,-2.62,0.18,-0.23,1,-2
UFC Fight Night: Emmett vs. Topuria,Tabatha Ricci,Gillian Robertson,Favorite,-0.29,-4,-2,1.67,-0.1,1.82,0.03,0.46,-0.09,0.34,-0.8,0
UFC Fight Night: Emmett vs. Topuria,Zhalgas Zhumagulov,Joshua Van,Underdog,-1.4,-1,1,-3.84,-0.11,0.09,-0.08,0.16,-0.23,-0.04,0.2,13
UFC Fight Night: Emmett vs. Topuria,Trevor Peek,Jose Mariscal,Underdog,-0.52,4,5,1.38,0.01,0.18,-0.09,-0.5,0.26,0.21,-2.3,-13
UFC Fight Night: Emmett vs. Topuria,Jamall Emmers,Jack Jenkins,Underdog,-1.22,3,6,0.87,-0.13,0.98,-0.03,-0.73,-0.29,0.15,0.2,4
UFC Fight Night: Emmett vs. Topuria,Cody Brundage,Sedriques Dumas,Underdog,-0.79,-2,-7,-0.14,0.09,0.15,-0.14,1.62,0.02,0.28,0.5,2
UFC Fight Night: Strickland vs. Magomedov,Sean Strickland,Abusupiyan Magomedov,Favorite,-0.69,-1,-2,3.03,-0.04,0.6,0.06,-1.8,-0.13,-0.23,0.2,0
UFC Fight Night: Strickland vs. Magomedov,Damir Ismagulov,Grant Dawson,Underdog,-0.34,0,2,0.38,-0.1,0.16,0.15,-2.68,-0.08,0.29,-1.5,3
UFC Fight Night: Strickland vs. Magomedov,Michael Morales,Max Griffin,Favorite,-1.8,1,3,1.36,-0.03,-0.21,-0.05,-0.21,0,0.23,-0.3,-14
UFC Fight Night: Strickland vs. Magomedov,Melissa Gatto,Ariane Lipski,Underdog,-1.62,3,8,0.9,0.09,-1.91,0.09,0.09,-0.27,0.49,0.2,-3
UFC Fight Night: Strickland vs. Magomedov,Ismael Bonfim,Benoit Saint-Denis,Underdog,-1.98,-3,-2,0.09,0,-1.83,0.27,-3.69,-0.04,0.07,-1.5,0
UFC Fight Night: Strickland vs. Magomedov,Brunno Ferreira,Nursulton Ruziboev,Underdog,-1.55,-7,-4,2.5,0.07,-0.43,-0.02,0.48,-0.84,0.66,0,1
UFC Fight Night: Strickland vs. Magomedov,Rinat Fakhretdinov,Kevin Lee,Favorite,-1.32,3,-3,0.16,0.14,-1.44,0.02,1.06,0.03,0.25,-0.5,1
UFC Fight Night: Strickland vs. Magomedov,Joanderson Brito,Westin Wilson,Favorite,-8.92,-5,-1,1.24,0.17,-3.97,0.18,3.11,0.76,0.62,-3.6,-6
UFC Fight Night: Strickland vs. Magomedov,Karol Rosa,Yana Santos,Favorite,-1.13,-1,-1,2.17,0,1.75,-0.02,0.1,-0.09,0.26,-0.1,-5
UFC Fight Night: Strickland vs. Magomedov,Guram Kutateladze,Elves Brenner,Underdog,-5.35,1,0,0.42,-0.02,-0.3,0.04,-0.91,-0.13,0,0,6
UFC Fight Night: Strickland vs. Magomedov,Ivana Petrovic,Luana Carolina,Underdog,-1.09,2,1,-2.44,-0.08,-1.18,0.04,2.45,0.08,-0.17,1.1,-1
UFC Fight Night: Strickland vs. Magomedov,Alexander Romanov,Blagoy Ivanov,Favorite,-0.5,3,2,0.8,0.12,-2,-0.04,3.63,0.14,-0.41,0.8,-4
UFC 290,Alex Volkanovski,Yair Rodriguez,Favorite,-2.63,0,2,-0.62,-0.08,6.92,-0.12,-0.69,-0.27,-0.58,-0.7,6
UFC 290,Brandon Moreno,Alexandre Pantoja,Underdog,-1.13,2,3,-0.54,-0.05,-0.35,0.08,-0.87,-0.01,-0.06,-0.31,-4
UFC 290,Robert Whittaker,Dricus Du Plessis,Underdog,-2.7,-1,-3,-1.92,-0.09,-1.32,0.03,-2.19,-0.13,0.41,-0.8,3
UFC 290,Jalin Turner,Daniel Hooker,Underdog,-2.12,3,2,0.51,0,-0.19,-0.11,0,0.21,-0.07,0.7,-5
UFC 290,Bo Nickal,Valentine Woodburn,Favorite,-12.93,5,2,0.03,0.27,-4.43,0.34,5.54,-0.5,-0.5,7.5,-2
UFC 290,Niko Price,Robbie Lawler,Underdog,-1.35,1,2,1.61,-0.05,0.92,-0.11,0.04,-0.44,-0.02,0.7,-8
UFC 290,Tatsuro Taira,Edgar Chairez,Favorite,-9.88,0,-1,0.81,0.23,-2.95,0.03,2.12,0.41,0.3,0.7,-4
UFC 290,Yazmin Jauregui,Denise Gomes,Underdog,-2.83,1,1,1.45,-0.1,1.46,0.06,-1.13,-0.33,0.53,-0.8,1
UFC 290,Jim Crute,Alonzo Menifield,Underdog,-0.63,2,-2,-0.24,-0.03,-0.53,-0.05,4.17,0.23,-0.16,1.7,-8
UFC 290,Vitor Petrino,Marcin Prachnio,Favorite,-1.82,-1,3,-2.8,-0.11,-0.72,-0.1,3.81,0.46,0.13,0.8,-9
UFC 290,Cameron Saaiman,Terrence Mitchell,Favorite,-4.32,-2,-7,3.11,0.12,-4.67,0.1,-2.78,-0.22,0.47,0.7,-11
UFC 290,Jesus Santos Aguilar,Shannon Ross,Favorite,-0.56,4,8,-2.73,-0.02,-3.02,-0.04,2.5,1,0,0,-8
UFC 290,Esteban Ribovics,Kamuela Kirk,Favorite,-0.78,0,-6,2.98,0.02,-2.38,0.13,-0.57,0.4,0.13,-0.7,-2
UFC Fight Night: Holm vs. Bueno Silva,Holly Holm,Mayra Bueno Silva,Underdog,-0.9,2,3,-0.71,-0.17,-1.95,0.02,0.18,-0.09,0.07,-1.5,10
UFC Fight Night: Holm vs. Bueno Silva,Jack Della Maddalena,Bassil Hafez,Favorite,-4.82,0,1,4.61,0.28,-1.27,0.27,-2.79,0.01,0.19,0.2,-5
UFC Fight Night: Holm vs. Bueno Silva,Francisco Prado,Ottman Azaitar,Favorite,-0.09,2,-2,-1.16,-0.11,0.7,0.04,0,0,-0.75,0.4,-13
UFC Fight Night: Holm vs. Bueno Silva,Jun Yong Park,Albert Duraev,Favorite,-0.59,-1,-2,1.54,0.09,0.29,-0.06,-0.14,0.21,-0.1,0.5,-2
UFC Fight Night: Holm vs. Bueno Silva,Norma Dumont,Chelsea Chandler,Favorite,-0.58,-1,-1,-0.35,0.03,-1.2,0.17,0.59,0.08,0.38,0,0
UFC Fight Night: Holm vs. Bueno Silva,Nazim Sadykhov,Terrance McKinney,Favorite,-0.78,0,-4,0.41,-0.03,3.09,0.02,-1.75,0.26,-0.1,-0.7,1
UFC Fight Night: Holm vs. Bueno Silva,Melsik Bagdasaryan,Tucker Lutz,Favorite,-0.72,1,-2,1.54,0.14,-0.19,0.13,-1.99,-0.44,0.03,-0.2,3
UFC Fight Night: Holm vs. Bueno Silva,Viktoriya Dudakova,Istela Nunes,Favorite,-1.27,1,1,-1.88,0.07,-2.39,-0.1,2.45,0.41,0,0,-6
UFC Fight Night: Holm vs. Bueno Silva,Melquizael Costa,Austin Lingo,Favorite,-1.5,0,1,0.43,0.09,-1.87,0.02,2.06,-0.39,-0.33,0.5,-2
UFC Fight Night: Holm vs. Bueno Silva,Evan Elder,Genaro Valdez,Favorite,-2.17,1,0,0.67,0.18,-2.16,0.08,-0.8,-0.22,-0.08,0,-5
UFC Fight Night: Holm vs. Bueno Silva,Azat Maksum,Tyson Nam,Favorite,-3.24,0,2,-1.08,-0.1,0.26,-0.1,2,0.22,-0.21,0.5,-11
UFC Fight Night: Holm vs. Bueno Silva,Alex Munoz,Carl Deaton,Favorite,-1.52,8,6,-0.32,0.09,0.41,-0.19,0,0,-0.29,4.9,14
UFC Fight Night: Holm vs. Bueno Silva,Ailin Perez,Ashlee Evans-Smith,Favorite,-1.85,-3,-1,-1.08,0.21,-3.41,0.03,3.93,0.28,0.25,0,-7
UFC Fight Night: Aspinall vs. Tybura,Tom Aspinall,Marcin Tybura,Favorite,-3.98,2,0,4.11,0.18,-0.59,0.1,2.03,0.67,0.2,1.6,-7
UFC Fight Night: Aspinall vs. Tybura,Molly McCann,Julija Stoliarenko,Underdog,-1.38,-3,-4,3.3,0.09,0.4,0.17,0.89,0.1,-0.12,-1.11,3
UFC Fight Night: Aspinall vs. Tybura,Nathaniel Wood,Andre Fili,Favorite,-1.37,-5,-5,2.06,0.13,0.1,0.05,-0.43,0.01,0.01,0.2,-2
UFC Fight Night: Aspinall vs. Tybura,Andre Muniz,Paul Craig,Underdog,-1.55,-2,2,-0.49,0.03,-0.99,0.1,2.55,0.3,-0.03,-0.41,-2
UFC Fight Night: Aspinall vs. Tybura,Fares Ziam,Jai Herbert,Favorite,-0.83,0,-2,0.01,0.07,-1.43,0.2,0.61,0.13,0.1,0.2,-9
UFC Fight Night: Aspinall vs. Tybura,Lerone Murphy,Joshua Culibao,Favorite,-0.64,-1,0,1.8,0.12,-0.65,0.03,1.59,0.52,-0.22,0.3,2
UFC Fight Night: Aspinall vs. Tybura,Daniel Marcos,Davey Grant,Favorite,-0.56,-1,0,0.98,0.08,0.18,0.1,-0.93,0.09,0.28,-0.2,-7
UFC Fight Night: Aspinall vs. Tybura,Danny Roberts,Jonny Parsons,Underdog,-0.55,4,5,-1.48,-0.05,-1.16,-0.1,0.24,0.09,-0.1,0.2,4
UFC Fight Night: Aspinall vs. Tybura,Joel Alvarez,Marc Diakiese,Favorite,-1.32,5,4,1.1,0.06,0.73,-0.03,-3.29,-0.43,-0.56,1.3,0
UFC Fight Night: Aspinall vs. Tybura,Jamal Pogues,Michael Parkin,Underdog,-0.6,-1,-2,-1.19,-0.08,0.23,-0.09,0.79,0.07,0.27,-0.3,0
UFC Fight Night: Aspinall vs. Tybura,Makhmud Muradov,Bryan Barberena,Favorite,-2.69,2,3,-1.14,-0.05,-2.02,0.17,2.9,0.44,0.27,-0.1,-1
UFC Fight Night: Aspinall vs. Tybura,Ketlen Vieira,Pannie Kianzad,Favorite,-0.72,1,2,-1.71,-0.09,0.25,-0.03,1.05,0.1,0.26,0.5,0
UFC Fight Night: Aspinall vs. Tybura,Chris Duncan (2),Yanal Ashmoz,Favorite,-0.49,1,3,1.79,0.04,-1.7,-0.1,2.93,-0.12,-0.17,0,2
UFC Fight Night: Aspinall vs. Tybura,Bruna Brasil,Shauna Bannon,Favorite,-0.55,1,0,-0.67,0.25,0.18,0.14,1.59,0.62,0.2,0,0
UFC Fight Night: Aspinall vs. Tybura,Jafel Filho,Daniel Barez,Favorite,-0.05,1,2,-1.44,-0.13,-3.32,-0.09,-2.31,0.02,-0.36,1,-4
UFC 291,Dustin Poirier,Justin Gaethje,Underdog,-0.68,-2,2,-1.33,-0.08,-3.1,0.01,1.22,0.1,-0.12,1.4,0
UFC 291,Jan Blachowicz,Alex Pereira,Underdog,-0.1,-2,-1,-1.69,-0.12,-0.74,0.03,0.91,-0.5,-0.02,-0.11,5
UFC 291,Marcos Rogerio de Lima,Derrick Lewis,Underdog,-1.35,-2,-4,1.22,0.06,0.41,0.1,0.83,0.19,0.06,0.5,-1
UFC 291,Bobby Green,Tony Ferguson,Favorite,-2.71,-1,-5,1.5,0.07,-0.67,0.06,0.8,0.03,0.06,-0.61,-3
UFC 291,Kevin Holland,Michael Chiesa,Favorite,-0.56,2,6,2.37,0.08,1.49,-0.05,-2.48,-0.12,-0.06,-0.4,-5
UFC 291,Gabriel Bonfim,Trevin Giles,Favorite,-2.65,1,-2,1.6,-0.16,3.03,0.01,3.56,0.2,0.29,3.5,-5
UFC 291,Carlos Vergara,Vinicius Salvador,Favorite,-0.83,-1,-1,-4.69,0.04,-3.97,-0.03,-0.36,-0.11,-0.86,0,9
UFC 291,Roman Kopylov,Claudio Ribeiro,Favorite,-1.52,-1,-2,1.07,0.03,-0.81,0.3,-0.15,0,0.2,0,2
UFC 291,Jake Matthews,Darrius Flowers,Favorite,-2,2,2,0.35,-0.1,-2.6,0.17,0.96,0.2,0.02,0.6,0
UFC 291,Matt Semelsberger,Uros Medic,Underdog,-1.35,0,4,-1.73,-0.17,1.02,-0.04,0.64,0.06,-0.11,0.4,0
UFC 291,Miranda Maverick,Priscila Cachoeira,Favorite,-2.14,-4,0,0.04,0.02,-4.43,0.15,2.34,0.13,-0.25,0.4,-9
UFC Fight Night: Luque vs. Dos Anjos,Rafael dos Anjos,Vicente Luque,Underdog,-0.18,-3,-5,-1.6,-0.06,-2,0.07,0.95,-0.19,-0.07,0,7
UFC Fight Night: Luque vs. Dos Anjos,Hakeem Dawodu,Cub Swanson,Underdog,-1.46,0,3,0.75,0,-0.47,-0.03,-1.1,-0.52,0.04,-0.4,-8
UFC Fight Night: Luque vs. Dos Anjos,Khalil Rountree,Chris Daukaus,Favorite,-1.06,-2,0,-2.21,-0.11,-0.46,-0.06,0,0,-0.43,0.1,0
UFC Fight Night: Luque vs. Dos Anjos,Iasmin Lucindo,Polyana Viana,Favorite,-1.09,-2,-1,0.96,0.06,0.46,0.13,1.41,0.2,0.42,-1.6,-9
UFC Fight Night: Luque vs. Dos Anjos,Tafon Nchukwi,AJ Dobson,Underdog,-0.55,-1,1,1.28,0.06,-1.2,0.08,-0.91,-0.19,-0.02,-0.3,-3
UFC Fight Night: Luque vs. Dos Anjos,Josh Fremd,Jamie Pickett,Favorite,-2.55,2,-4,0.28,-0.04,-1,-0.04,-0.43,-0.16,-0.37,1.29,-5
UFC Fight Night: Luque vs. Dos Anjos,Marcus McGhee,J.P. Buys,Favorite,-2.71,3,2,3.55,0.12,-0.5,0.3,-0.72,0.08,0.75,-1.5,6
UFC Fight Night: Luque vs. Dos Anjos,Terrance McKinney,Mike Breeden,Favorite,-2.03,0,3,-1.22,0.04,-4.66,0.03,2.47,0.06,0.17,1,-6
UFC Fight Night: Luque vs. Dos Anjos,Francis Marshall,Isaac Dulgarian,Underdog,-0.78,2,1,0.78,-0.25,1.54,0.14,-2.77,0.03,0,-0.8,-2
UFC Fight Night: Luque vs. Dos Anjos,Martin Buday,Josh Parisian,Favorite,-1.34,0,-2,0.62,0.04,0.82,0.13,-0.72,-0.09,0.54,0.09,-2
UFC Fight Night: Luque vs. Dos Anjos,Jaqueline Amorim,Montserrat Ruiz,Favorite,-1.65,3,7,2.54,0.25,-3.11,0.25,-0.57,-0.6,-0.33,4.6,-3
UFC Fight Night: Luque vs. Dos Anjos,Luana Santos,Juliana Miller,Favorite,-0.6,-1,1,2.9,0.1,-1.11,0.32,-0.23,0.06,0.66,-1.8,-4
UFC Fight Night: Holloway vs. Jung,Max Holloway,Chan Sung Jung,Favorite,-5.35,4,-3,3.24,0.07,0.2,0.06,-0.45,0.09,0.12,-0.3,-5
UFC Fight Night: Holloway vs. Jung,Ryan Spann,Anthony Smith,Underdog,-0.58,1,3,0.02,-0.08,-0.58,-0.03,0.85,0.08,-0.03,0.8,-3
UFC Fight Night: Holloway vs. Jung,Giga Chikadze,Alex Caceres,Favorite,-1.46,2,1,-0.13,-0.06,0.35,0,-0.32,-0.35,0.04,-0.5,0
UFC Fight Night: Holloway vs. Jung,Rinya Nakamura,Fernando Garcia,Favorite,-4.86,0,1,1.48,0.2,-2.41,0.19,3.44,0.4,0.5,1,-3
UFC Fight Night: Holloway vs. Jung,Erin Blanchfield,Taila Santos,Favorite,-0.38,-2,-2,2.07,-0.03,1.69,0,0.04,-0.43,-0.05,-0.11,-5
UFC Fight Night: Holloway vs. Jung,Garrett Armfield,Toshiomi Kazama,Favorite,-0.88,-1,1,3.99,-0.02,-0.01,0.12,-1.51,-0.13,-0.03,0,0
UFC Fight Night: Holloway vs. Jung,Michal Oleksiejczuk,Chidi Njokuani,Favorite,-0.17,-3,-6,0.96,-0.11,1.31,0.05,0.75,0.44,-0.26,-0.2,-6
UFC Fight Night: Holloway vs. Jung,Rolando Bedoya,Kenan Song,Underdog,-1.62,-1,3,4.33,0.09,0.45,0.02,-0.34,-0.5,-0.61,0,-7
UFC Fight Night: Holloway vs. Jung,Yusaku Kinoshita,Billy Goff,Underdog,-0.73,2,-1,-3.91,0.03,-0.59,-0.08,-2.01,-0.17,-0.5,0,-2
UFC Fight Night: Holloway vs. Jung,J.J. Aldrich,Na Liang,Favorite,-4.63,0,0,1.89,0.04,0.42,0.24,-2.94,-0.35,0.41,-0.5,4
UFC Fight Night: Holloway vs. Jung,Seung Woo Choi,Jarno Errens,Favorite,-1.58,1,1,0.04,-0.09,-0.34,-0.17,0.87,0.54,0.4,-0.3,2
UFC 293,Israel Adesanya,Sean Strickland,Underdog,-4.58,3,4,-1.98,0.07,-1.23,-0.06,-0.8,-0.5,0,-0.1,1
UFC 293,Alexander Volkov,Tai Tuivasa,Favorite,-1.64,5,5,1.13,0.07,-2.05,0.11,0.49,0.63,0.16,0.2,4
UFC 293,Manel Kape,Felipe Dos Santos,Favorite,-2.99,-2,-2,0.58,0.2,-0.57,0.18,0.65,0.37,0.61,-0.1,7
UFC 293,Justin Tafa,Austen Lane,Favorite,-1.42,-6,-6,0.65,0.08,2.2,0.02,-1.03,-0.2,0.5,0,-6
UFC 293,Anton Turkalj,Tyson Pedro,Underdog,-0.05,1,-1,-0.45,-0.17,1.02,-0.03,4.22,0.1,-0.34,-0.8,-5
UFC 293,Carlos Ulberg,Da Un Jung,Favorite,-1.85,1,2,7.41,0.59,3.6,0.52,0.95,0.75,0.75,0.3,-6
UFC 293,Jack Jenkins,Jose Mariscal,Underdog,-1.21,2,3,1.22,0.07,-0.92,0.06,0.24,0.41,0.42,-2.3,-12
UFC 293,Jamie Mullarkey,John Makdessi,Favorite,-1.75,4,6,-1.13,-0.03,0.37,-0.16,2.31,0.34,-0.08,0.1,-10
UFC 293,Nasrat Haqparast,Landon Quiñones,Favorite,-3.55,1,2,-0.99,0.03,-2.46,0.08,-0.19,-0.13,-0.22,0,0
UFC 293,Charlie Radtke,Mike Mathetha,Favorite,-2.3,-1,2,1.61,0.13,0.03,0.01,-1.82,-0.12,1,-1,-9
UFC 293,Shane Young,Gabriel Miranda,Underdog,-0.83,-3,1,1.67,-0.11,-1.42,0.13,-4.17,-0.23,0.64,-2.4,-4
UFC 293,Kevin Jousset,Kiefer Crosbie,Favorite,-0.8,3,5,0.13,-0.11,-0.92,0.03,1.51,0.66,1,0.8,-3
UFC Fight Night: Grasso vs. Shevchenko II,Valentina Shevchenko,Alexa Grasso,Favorite,-0.02,0,0,-1.39,0.09,-1.85,0.04,2.15,0.18,0.12,-0.2,6
UFC Fight Night: Grasso vs. Shevchenko II,Raul Rosas Jr,Terrence Mitchell,Favorite,-5.37,-1,-7,-0.93,0.09,-7.33,0.05,-0.13,-0.17,0,1.8,-15
UFC Fight Night: Grasso vs. Shevchenko II,Daniel Zellhuber,Christos Giagos,Favorite,-1.7,3,6,2.83,0,1.84,0.06,-2.62,-0.03,0.41,-0.2,-10
UFC Fight Night: Grasso vs. Shevchenko II,Fernando Padilla,Kyle Nelson,Underdog,-1.75,2,5,2.83,-0.04,0.55,0.01,-1.11,-0.2,0.27,0.2,-6
UFC Fight Night: Grasso vs. Shevchenko II,Lupita Godinez,Elise Reed,Favorite,-3.16,-1,-2,1.46,-0.02,0.52,0.1,2.46,-0.14,0.42,1,-1
UFC Fight Night: Grasso vs. Shevchenko II,Roman Kopylov,Josh Fremd,Favorite,-2.76,-4,-1,1.73,0.11,1.46,0.13,-0.42,0.25,0.56,-1.4,3
UFC Fight Night: Grasso vs. Shevchenko II,Tracy Cortez,Jasmine Jasudavicius,Favorite,-0.17,-2,-3,0.16,0.08,-1.25,0.08,0.16,0.09,-0.06,-0.11,-5
UFC Fight Night: Grasso vs. Shevchenko II,Charlie Campbell,Alex Reyes,Favorite,-3.82,1,-1,1.5,0.15,-7.18,0.15,2.95,0.4,0.71,0,-9
UFC Fight Night: Grasso vs. Shevchenko II,Josefine Knutsson,Marnic Mann,Favorite,-4.86,3,-4,2.25,0.11,-3.75,0.33,0.77,0.38,0.75,-0.4,-3
UFC Fight Night: Fiziev vs. Gamrot,Rafael Fiziev,Mateusz Gamrot,Underdog,-0.78,-2,1,1.81,0,1.9,-0.1,-4.99,0.05,-0.02,-0.1,-2
UFC Fight Night: Fiziev vs. Gamrot,Bryce Mitchell,Dan Ige,Favorite,-1.2,3,-1,-1.46,0.12,-1.89,0.01,2.39,0.14,-0.25,1.3,-3
UFC Fight Night: Fiziev vs. Gamrot,Marina Alcalde Rodriguez,Michelle Waterson,Favorite,-2.22,10,12,3.74,0.03,1.08,0.07,-0.8,0.18,-0.07,-0.6,-1
UFC Fight Night: Fiziev vs. Gamrot,Bryan Battle,A.J. Fletcher,Favorite,-0.94,3,10,1.15,0.02,-0.88,-0.03,-0.42,-0.07,0.13,-0.31,2
UFC Fight Night: Fiziev vs. Gamrot,Charles Jourdain,Ricardo Ramos,Favorite,-0.5,0,-3,2.34,0.1,0.56,0,-2.93,-0.5,-0.24,-0.1,0
UFC Fight Night: Fiziev vs. Gamrot,Dan Argueta,Miles Johns,Underdog,-0.88,0,2,-1.1,-0.02,-0.65,-0.18,3.3,0.26,-0.29,1.6,0
UFC Fight Night: Fiziev vs. Gamrot,Andre Fialho,Tim Means,Underdog,-0.93,-2,-1,-1.79,-0.09,2.61,-0.15,-0.91,0.6,0.01,-0.2,-10
UFC Fight Night: Fiziev vs. Gamrot,Jacob Malkoun,Cody Brundage,Underdog,-4.08,-3,1,2.23,0.02,0.18,0.09,4.29,-0.11,-0.49,-0.5,-2
UFC Fight Night: Fiziev vs. Gamrot,Mohammed Usman,Jake Collier,Favorite,-0.2,-1,1,-2.62,-0.08,-0.88,0.02,0.18,-0.16,-0.67,-0.6,0
UFC Fight Night: Fiziev vs. Gamrot,Mizuki Inoue,Hannah Goldy,Favorite,-2.4,-1,4,-0.64,0.03,0.95,-0.03,-0.33,0.02,0.3,-0.2,-3
UFC Fight Night: Fiziev vs. Gamrot,Tamires Vidal,Montserrat Rendon,Underdog,-1.36,-2,0,0.07,0.27,0,0,-3,-0.54,-0.72,1,-10
UFC Fight Night: Dawson vs. Green,Grant Dawson,Bobby Green,Underdog,-3.46,0,1,-3.48,-0.02,-1.48,-0.17,2.49,-0.03,-0.34,1.2,-7
UFC Fight Night: Dawson vs. Green,Joe Pyfer,Abdul Razak Alhassan,Favorite,-3.41,4,2,0.29,-0.08,-0.42,-0.05,0.6,0.02,0,0.7,-11
UFC Fight Night: Dawson vs. Green,Joaquin Buckley,Alex Morono,Favorite,-1.07,-1,4,-0.63,-0.05,-1.04,0,1.37,0.22,0.13,-0.4,-3
UFC Fight Night: Dawson vs. Green,Drew Dober,Rick Glenn,Favorite,-3.25,-4,0,0.39,-0.03,0.13,0,0.15,0.04,-0.12,-0.31,0
UFC Fight Night: Dawson vs. Green,Alexander Hernandez,Bill Algeo,Underdog,-0.2,-3,-1,-1.83,-0.12,0.14,0.08,0.2,-0.16,0.02,0,-3
UFC Fight Night: Dawson vs. Green,Karolina Kowalkiewicz,Diana Belbita,Favorite,-0.47,-4,-4,-0.83,0.01,-1,0.06,-0.58,-0.39,0.07,0.2,11
UFC Fight Night: Dawson vs. Green,Mateus Mendonca,Nathan Maness,Underdog,-1.8,-4,-1,-0.68,-0.08,-0.16,-0.11,1.67,-0.48,-0.23,0.1,-7
UFC Fight Night: Dawson vs. Green,Kanako Murata,Vanessa Demopoulos,Underdog,-2.7,-1,3,-1.83,0.15,-3.3,0.12,2.96,0.45,0.7,0.2,-5
UFC Fight Night: Dawson vs. Green,Qileng Aori,Johnny Munoz,Favorite,-0.04,-2,-2,2.86,0.14,3.37,-0.09,-0.95,0.21,0.12,-1.8,-1
UFC Fight Night: Dawson vs. Green,Montana De La Rosa,J.J. Aldrich,Underdog,-0.73,2,1,-1.18,-0.11,-1.17,-0.16,1.04,0.07,-0.03,0.8,-2
UFC Fight Night: Yusuff vs. Barboza,Sodiq Yusuff,Edson Barboza,Underdog,-0.79,-2,-4,1.54,0.04,-0.15,-0.04,-0.17,-0.3,-0.1,0.3,-7
UFC Fight Night: Yusuff vs. Barboza,Jennifer Maia,Viviane Araujo,Underdog,-0.58,0,-4,0.23,-0.09,-0.45,-0.02,-1.34,-0.13,-0.21,-0.5,-2
UFC Fight Night: Yusuff vs. Barboza,Adrian Yanez,Jonathan Martinez,Underdog,-0.06,-1,0,1.96,-0.09,1.88,0,-0.41,-0.35,0.31,-0.1,0
UFC Fight Night: Yusuff vs. Barboza,Michel Pereira,Andre Petroski,Favorite,-1.12,1,0,1.66,0.05,0.62,0.06,-2.79,0.01,0.13,-1.5,-2
UFC Fight Night: Yusuff vs. Barboza,Christian Rodriguez,Cameron Saaiman,Favorite,-0.77,-1,4,-1.87,0.01,-1.9,0.05,0.22,0.26,0.19,0.4,3
UFC Fight Night: Yusuff vs. Barboza,T.J. Brown,Darren Elkins,Underdog,-1.2,-1,1,-0.07,0.06,-0.38,-0.04,0.56,0.21,-0.21,0.19,-6
UFC Fight Night: Yusuff vs. Barboza,Tainara Lisboa,Ravena Oliveira,Favorite,-2.07,2,2,1.04,0.02,0.19,0.06,0.04,-0.26,0.07,0.5,6
UFC Fight Night: Yusuff vs. Barboza,Terrance McKinney,Brendon Marotte,Favorite,-4.02,1,3,1.53,-0.5,-39.37,0.12,3.45,0.36,0.85,1,1
UFC Fight Night: Yusuff vs. Barboza,Melissa Dixon,Irina Alekseeva,Favorite,-0.43,-1,1,-1.11,0.09,0.09,-0.02,-0.22,0,-0.25,-0.9,-1
UFC Fight Night: Yusuff vs. Barboza,Chris Gutierrez,Heili Alateng,Favorite,-1.99,4,1,2.15,0.25,-1.88,0.06,-1.71,-0.16,-0.07,0.1,1
UFC Fight Night: Yusuff vs. Barboza,Emily Ducote,Ashley Yoder,Favorite,-2.45,-5,-6,4.03,0.13,3.71,0.09,-0.9,-0.13,0.27,-0.6,-6
UFC 294,Islam Makhachev,Alex Volkanovski,Favorite,-1.77,-1,-3,-1.58,0.2,-9.64,0.2,3.17,0.6,0.9,1,-5
UFC 294,Khamzat Chimaev,Kamaru Usman,Favorite,-2.87,2,-1,1.35,0.05,0.71,-0.13,1.17,0.01,0.1,2.6,-7
UFC 294,Ikram Aliskerov,Warlley Alves,Favorite,-4.83,1,4,5.2,0.17,3.2,-0.15,1.11,-0.17,-0.62,1.49,-2
UFC 294,Said Nurmagomedov,Muin Gafurov,Favorite,-2.37,1,2,0.56,0.06,-0.83,0.08,-1.39,-0.1,0.04,1.4,4
UFC 294,Muhammad Mokaev,Tim Elliott,Favorite,-3.37,0,4,-1.86,0.03,-1.3,0,2.02,-0.06,-0.59,0,-14
UFC 294,Trevor Peek,Mohammad Yahya,Favorite,-1.14,0,-3,1.71,0.08,0.09,0.07,0.82,-0.47,0.12,-1,-1
UFC 294,Sedriques Dumas,Abu Azaitar,Favorite,-1.62,5,3,-2.62,0.02,-2.19,0.05,-0.3,0.13,-0.02,0.4,-10
UFC 294,Anshul Jubli,Mike Breeden,Underdog,-1.86,2,-1,0.73,0.01,-1.67,0.09,-0.17,-0.12,-0.05,0.4,-6
UFC 294,Nathaniel Wood,Muhammadjon Naimov,Underdog,-2.02,-3,-1,2.58,0.03,-0.36,0.15,-0.2,0.14,0.13,0.5,2
UFC 294,Viktoriya Dudakova,Jinh Yu Frey,Favorite,-4.1,2,2,0.16,0.09,-1.79,-0.03,1.43,0.04,-0.4,-0.3,-14
UFC 294,Sharabutdin Magomedov,Bruno Silva,Favorite,-2.08,10,13,-0.17,-0.03,0.64,-0.04,0.08,0.47,0.36,-0.3,-1
UFC 295,Alex Pereira,Jiri Prochazka,Favorite,-0.12,1,-1,-0.66,0.05,-1.78,0.09,-0.62,0.4,0.01,0.1,5
UFC 295,Tom Aspinall,Sergey Pavlovich,Favorite,-0.1,2,-6,-0.5,0.18,-1.85,0.1,3.46,1,0.25,1.7,-1
UFC 295,Mackenzie Dern,Jessica Andrade,Underdog,-1.55,3,1,-3.31,-0.1,-1.29,-0.05,-1.58,-0.4,-0.44,1,-1
UFC 295,Benoit Saint-Denis,Matt Frevola,Favorite,-1.51,2,2,1.99,0.12,1.41,-0.17,2.17,-0.04,0.26,0.6,-5
UFC 295,Pat Sabatini,Diego Lopes,Underdog,-0.18,-3,-2,-1.21,0.01,-3.2,0.12,3.73,0.42,0.08,-3.1,4
UFC 295,Lupita Godinez,Tabatha Ricci,Favorite,-1.21,1,0,-0.16,0.1,-1.37,0.03,0.04,0.11,0.06,0.8,1
UFC 295,Steve Erceg,Alessandro Costa,Favorite,-1.47,4,1,0.37,0.02,0.7,-0.05,0.97,0.14,-0.31,0.5,0
UFC 295,Mateusz Rebecki,Roosevelt Roberts,Favorite,-5.56,-7,-7,1.64,0.03,1.03,0.02,2.73,0.46,-0.19,0.09,1
UFC 295,Jared Gordon,Mark O. Madsen,Favorite,-1.37,1,-4,1.82,0.07,-0.58,0.04,-0.91,-0.26,0,0,-4
UFC 295,John Castaneda,Kyung Ho Kang,Favorite,-0.29,-3,-2,1.44,0.02,1.66,0.01,0.04,-0.2,0.02,-0.61,-4
UFC 295,Joshua Van,Kevin Borjas,Favorite,-1.61,0,-3,4.16,0.13,-0.94,0.1,1.13,0.42,0.17,0,-4
UFC 295,Jamall Emmers,Dennis Buzukja,Favorite,-1.68,1,4,1.13,0.06,-1.04,0.11,1.03,0.1,0.18,-0.1,8
UFC Fight Night: Allen vs. Craig,Brendan Allen,Paul Craig,Favorite,-3.37,-1,-1,1.52,0.07,0.85,0.02,0.06,0.26,0.2,-0.21,-8
UFC Fight Night: Allen vs. Craig,Michael Morales,Jake Matthews,Favorite,-2.42,1,6,1.98,0.01,1.04,-0.08,-0.36,0,0.29,-0.6,-5
UFC Fight Night: Allen vs. Craig,Chase Hooper,Jordan Leavitt,Favorite,-1.21,4,3,2.53,-0.09,1.49,-0.21,-0.74,-0.02,0.25,1.19,-4
UFC Fight Night: Allen vs. Craig,Payton Talbott,Nick Aguirre,Favorite,-5.86,1,-4,7.32,0.21,0.69,0.06,-1.16,-0.2,0.57,-0.1,-3
UFC Fight Night: Allen vs. Craig,Amanda Ribas,Luana Pinheiro,Favorite,-1.46,1,4,1.06,0,-0.77,-0.03,-0.18,0.18,0.18,0.49,-1
UFC Fight Night: Allen vs. Craig,Myktybek Orolbai,Uros Medic,Favorite,-0.04,-3,3,-2.49,-0.08,-0.63,-0.11,7.06,-0.06,-0.06,0.6,-5
UFC Fight Night: Allen vs. Craig,Jonathan Pearce,Joanderson Brito,Underdog,-0.45,4,-1,1.97,0.03,0.78,0.08,2.13,-0.26,-0.05,0.2,3
UFC Fight Night: Allen vs. Craig,Jose Johnson,Chad Anheliger,Favorite,-1.37,6,7,-0.81,0.14,-1.38,0.02,-0.2,0.2,-0.06,0,-8
UFC Fight Night: Allen vs. Craig,Christian Duncan,Denis Tiuliulin,Favorite,-4.42,1,2,1.46,0.21,-2.34,0.14,0.45,0.14,-0.23,0,-8
UFC Fight Night: Allen vs. Craig,Michael Parkin,Caio Machado (2),Favorite,-2.91,0,1,-1.54,-0.07,1.21,-0.05,1.6,0.41,-0.32,0.3,-1
UFC Fight Night: Allen vs. Craig,Lucas Alexander,Jeka Asparido Saragih,Underdog,-4.08,3,4,2.47,0.05,-1.01,0.3,-2.37,-1,-0.1,-0.6,-1
UFC Fight Night: Allen vs. Craig,Ailin Perez,Lucie Pudilova,Favorite,-1.03,-3,-1,-0.73,0.18,-2.66,0.05,4.34,0.23,0.08,-0.7,0
UFC Fight Night: Allen vs. Craig,Rafael Estevam,Charles Johnson,Favorite,-0.57,-1,-1,-1.55,0.12,0.18,-0.25,2.94,-0.05,-0.67,0.09,-6
UFC Fight Night: Dariush vs. Tsarukyan,Arman Tsarukyan,Beneil Dariush,Favorite,-2.17,-3,0,0.01,0,-0.81,-0.04,1.35,0.02,-0.06,-0.9,-8
UFC Fight Night: Dariush vs. Tsarukyan,Jalin Turner,Bobby Green,Favorite,-0.93,5,6,-0.86,-0.05,0.82,-0.22,-0.4,0.17,0,0.8,-8
UFC Fight Night: Dariush vs. Tsarukyan,Rob Font,Deiveson Figueiredo,Underdog,-0.37,3,3,2.52,-0.11,0.27,0.06,-0.76,-0.08,-0.12,-1.4,0
UFC Fight Night: Dariush vs. Tsarukyan,Sean Brady,Kelvin Gastelum,Favorite,-0.14,1,1,0.22,0.12,0.31,0.03,2.33,0.26,0.28,1.09,-1
UFC Fight Night: Dariush vs. Tsarukyan,Joaquim Silva,Clay Guida,Favorite,-2.44,1,-1,1.02,0.09,1.52,-0.08,-2.74,0.14,0.01,0.2,-7
UFC Fight Night: Dariush vs. Tsarukyan,Punahele Soriano,Dustin Stoltzfus,Underdog,-2.52,-1,-3,0.46,0.01,1.25,0,-1.61,0,-0.13,-0.7,-1
UFC Fight Night: Dariush vs. Tsarukyan,Julia Avila,Miesha Tate,Underdog,-0.51,1,3,-0.04,-0.03,-0.13,-0.02,-1.48,0.02,-0.06,-1,-1
UFC Fight Night: Dariush vs. Tsarukyan,Zachary Reese,Cody Brundage,Underdog,-1.81,4,5,2.31,0.12,4.26,-0.15,-2.33,-0.52,-0.68,8.9,0
UFC Fight Night: Dariush vs. Tsarukyan,Drakkar Klose,Joe Solecki,Favorite,-0.35,0,0,2.16,-0.02,1.93,-0.02,-1.07,-0.24,0.18,-1.5,6
UFC Fight Night: Dariush vs. Tsarukyan,Rodolfo Bellato,Ihor Potieria,Favorite,-3.25,0,2,1.34,0.1,0.86,-0.08,1.09,0.25,0.43,0.5,1
UFC Fight Night: Dariush vs. Tsarukyan,Wellington Turman,Jared Gooden,Underdog,-1.27,0,-5,-1.85,0.02,-2.51,-0.03,0.88,-0.8,-0.24,0.6,-3
UFC Fight Night: Dariush vs. Tsarukyan,Jamey Lyn-Horth,Veronica Macedo,Underdog,-1.13,3,2,0.84,0.17,-0.23,0.09,-0.59,-0.16,0.09,-0.3,6
UFC Fight Night: Song vs. Gutierrez,Yadong Song,Chris Gutierrez,Favorite,-2.81,-1,0,-0.31,-0.15,1.17,-0.08,0.38,0.1,0.03,0.1,-7
UFC Fight Night: Song vs. Gutierrez,Khalil Rountree,Anthony Smith,Favorite,-1.32,-3,0,0.6,-0.09,-0.3,0.03,-0.49,-0.26,0.08,-0.6,-1
UFC Fight Night: Song vs. Gutierrez,Nasrat Haqparast,Jamie Mullarkey,Favorite,-1.16,-2,-2,1.39,-0.03,0.71,0.1,-2,-0.15,0,-0.1,-1
UFC Fight Night: Song vs. Gutierrez,Tim Elliott,Su Mudaerji,Favorite,-0.78,-1,-6,-1.25,-0.11,-0.07,-0.05,3.44,-0.53,-0.08,0.4,9
UFC Fight Night: Song vs. Gutierrez,Jun Yong Park,Andre Muniz,Underdog,-1.15,-3,-5,2.56,0,1.3,-0.02,-2.41,0,0.21,-0.1,-1
UFC Fight Night: Song vs. Gutierrez,Kevin Jousset,Kenan Song,Favorite,-0.69,2,4,3.87,0.09,-1.29,0.03,1.17,0.16,0.39,0.8,-3
UFC Fight Night: Song vs. Gutierrez,Hyun Sung Park,Shannon Ross,Favorite,-4.8,1,0,-1.81,0.04,-3.96,0.03,1.54,0.27,0,2.6,-7
UFC Fight Night: Song vs. Gutierrez,Melquizael Costa,Steve Garcia,Underdog,-1.73,-2,-4,-0.56,-0.11,0.59,0.12,1.18,-0.17,-0.46,-0.2,-5
UFC Fight Night: Song vs. Gutierrez,Luana Santos,Stephanie Egger,Favorite,-0.78,0,-1,4.01,0.09,1.16,0.12,-0.87,0.08,0.16,-0.6,-11
UFC Fight Night: Song vs. Gutierrez,Tatsuro Taira,Carlos Hernandez,Favorite,-4.42,-1,3,-1.45,0.24,-3.39,0,1.01,0.26,0.05,2.1,-6
UFC Fight Night: Song vs. Gutierrez,Rayanne Amanda,Talita Alencar,Underdog,-0.71,7,11,2.17,0.23,-2.18,0.08,0.23,0.39,0.31,0.7,2
UFC 296,Leon Edwards,Colby Covington,Favorite,-0.75,3,2,-1.13,0.15,-0.65,-0.02,-2.54,-0.1,0.02,0.2,-4
UFC 296,Alexandre Pantoja,Brandon Royval,Favorite,-1.37,-4,-1,0.08,0.13,0.55,0.03,2.13,-0.13,0.28,-0.31,3
UFC 296,Shavkat Rakhmonov,Stephen Thompson,Favorite,-4.83,1,2,0,0.14,-0.62,-0.04,1.23,-0.12,0.35,1.8,-12
UFC 296,Paddy Pimblett,Tony Ferguson,Favorite,-2.62,-1,-3,0.18,0.07,-0.71,-0.15,0.59,-0.1,-0.11,0.7,-11
UFC 296,Bryce Mitchell,Josh Emmett,Underdog,-1.9,4,0,-1.75,0.21,-2.99,-0.04,2.54,0.03,-0.13,1.5,-10
UFC 296,Dustin Jacoby,Alonzo Menifield,Underdog,-2.02,3,0,1.61,-0.1,0.5,0.07,-0.32,-0.09,-0.16,-0.3,0
UFC 296,Irene Aldana,Karol Rosa,Favorite,-0.99,4,1,-1.1,-0.17,1.54,0.07,-1.06,0.04,0.07,0.2,7
UFC 296,Cody Garbrandt,Brian Kelleher,Favorite,-1.08,2,-1,-0.42,-0.01,-0.88,0.05,-0.71,-0.07,0.2,-0.7,-5
UFC 296,Casey O'Neill,Ariane Lipski,Underdog,-1.06,4,8,5.54,0.15,1.55,0.11,0.39,-0.18,0.52,0.4,-5
UFC 296,Tagir Ulanbekov,Cody Durden,Favorite,-0.94,0,3,0.06,-0.06,0.4,0,-1.13,-0.04,-0.06,1.8,-1
UFC 296,Andre Fili,Lucas Almeida,Favorite,-0.85,0,3,-1.2,-0.1,-1.21,0.06,2.16,0.47,0.28,0.3,0
UFC 296,Martin Buday,Shamil Gaziev,Underdog,-0.33,0,-1,2.54,0.08,0.96,0.12,-0.27,0.1,0,-0.2,-2
UFC 297,Dricus Du Plessis,Sean Strickland,Favorite,-0.04,0,0,0.58,0.09,0.43,-0.07,2.15,-0.13,-0.37,0.6,-3
UFC 297,Mayra Bueno Silva,Raquel Pennington,Underdog,-0.93,-1,-1,-0.3,0.04,1.57,-0.07,-0.22,0.1,0.05,0.9,-3
UFC 297,Mike Malott,Neil Magny,Underdog,-2.9,-2,-7,0.35,0,0.91,0,0.87,0.19,-0.38,0.7,-4
UFC 297,Chris Curtis,Marc-Andre Barriault,Favorite,-1.01,-3,1,-0.44,0.04,0.49,0,-0.22,-0.25,0.14,-0.1,2
UFC 297,Movsar Evloev,Arnold Allen,Favorite,-1.26,-1,2,1.03,0.07,-0.03,0,3.73,-0.04,-0.05,-0.2,0
UFC 297,Brad Katona,Garrett Armfield,Underdog,-1.43,0,-6,-1.51,-0.05,1.05,-0.1,1.5,0.27,-0.12,0,5
UFC 297,Charles Jourdain,Sean Woodson,Underdog,-1.28,-5,-9,-0.03,0.01,0.11,-0.02,-0.58,-0.52,-0.36,0.19,-3
UFC 297,Serhiy Sidey,Ramon Taveras,Underdog,-1.24,3,2,0.53,-0.11,-1.22,-0.09,0,0,-1,0,-3
UFC 297,Gillian Robertson,Polyana Viana,Favorite,-2.16,0,-4,-0.39,0.06,0.47,0.03,1.71,0.09,0.04,-0.9,-2
UFC 297,Yohan Lainesse,Sam Patterson,Underdog,-0.52,-2,-2,-0.32,0.02,-0.04,0.08,-0.25,-0.72,0.38,-3.1,3
UFC 297,Jasmine Jasudavicius,Priscila Cachoeira,Favorite,-3.13,0,3,0.19,0.01,-3,0.08,2.01,0.03,0.15,0.4,0
UFC 297,Malcolm Gordon,Jimmy Flick,Underdog,-1.29,0,3,0.8,-0.05,-3.2,0.02,-0.08,0.08,0.26,-4.41,1
UFC Fight Night: Dolidze vs. Imavov,Nassourdine Imavov,Roman Dolidze,Favorite,-0.88,1,-1,1.91,0.15,-0.11,0.09,-0.44,-0.1,0.43,0.19,-6
UFC Fight Night: Dolidze vs. Imavov,Renato Moicano,Drew Dober,Favorite,-1.17,3,2,0.04,0.07,-0.56,0.08,1.18,0.27,0.15,0.5,0
UFC Fight Night: Dolidze vs. Imavov,Randy Brown,Muslim Salikhov,Favorite,-1.92,4,8,1.01,-0.05,0.39,-0.08,-0.49,-0.02,0.01,0.5,-6
UFC Fight Night: Dolidze vs. Imavov,Natalia Cristina da Silva,Viviane Araujo,Favorite,-2.44,12,10,-0.63,-0.04,-1.07,-0.06,0.13,0.09,-0.02,-0.4,-7
UFC Fight Night: Dolidze vs. Imavov,Gilbert Urbina,Charlie Radtke,Underdog,-1.28,6,3,2.32,0.04,1.58,-0.11,2.25,0.28,-1,0.8,-5
UFC Fight Night: Dolidze vs. Imavov,Molly McCann,Diana Belbita,Favorite,-1.78,-3,-6,-0.75,0.07,-1.61,0.12,0.91,-0.24,-0.23,0.6,7
UFC Fight Night: Dolidze vs. Imavov,Azat Maksum,Charles Johnson,Underdog,-2.06,-2,0,-1.69,-0.3,2.07,-0.04,1.59,-0.02,-0.02,-0.1,-4
UFC Fight Night: Dolidze vs. Imavov,Themba Gorimbo,Pete Rodriguez,Favorite,-1.49,4,6,-6.75,0.25,-11.75,0.04,4.04,0.57,-0.22,0,6
UFC Fight Night: Dolidze vs. Imavov,Jung Young Lee,Blake Bilder,Favorite,-1.01,-1,0,-3.81,-0.48,-3.86,0.21,4.26,0.26,-0.71,-0.6,14
UFC Fight Night: Dolidze vs. Imavov,Julija Stoliarenko,Luana Carolina,Underdog,-0.66,1,-3,-2.14,-0.1,0.91,-0.03,0.55,-0.15,-0.22,1.1,1
UFC Fight Night: Dolidze vs. Imavov,Marquel Mederos,Landon Quiñones,Favorite,-0.48,1,-1,-2.38,0.04,-4.41,0.07,-0.5,-0.33,-0.1,0,-1
UFC Fight Night: Dolidze vs. Imavov,Thomas Petersen,Jamal Pogues,Underdog,-0.93,-2,-3,0.43,0.24,-0.38,-0.04,0.43,-0.04,0.23,0.7,1
UFC Fight Night: Hermansson vs. Pyfer,Joe Pyfer,Jack Hermansson,Underdog,-1.84,1,-2,-1.43,-0.04,-0.11,-0.06,-0.05,0.1,-0.31,0.5,-8
UFC Fight Night: Hermansson vs. Pyfer,Dan Ige,Andre Fili,Favorite,-1.16,-4,-3,-0.1,0.08,-0.6,0.05,-1.11,-0.21,-0.11,0,-1
UFC Fight Night: Hermansson vs. Pyfer,Robert Bryczek,Ihor Potieria,Underdog,-1.23,-3,0,-3,-0.26,-0.58,0.08,0,0,0.43,0,6
UFC Fight Night: Hermansson vs. Pyfer,Gregory Rodrigues,Brad Tavares,Favorite,-1.67,2,1,2.7,0.12,2.15,-0.05,1.68,0.19,0.18,0.5,-4
UFC Fight Night: Hermansson vs. Pyfer,Michael Johnson,Darrius Flowers,Favorite,-0.56,1,2,1.32,-0.16,-1.33,0.13,-0.02,0.2,0.21,0,8
UFC Fight Night: Hermansson vs. Pyfer,Rodolfo Vieira,Armen Petrosyan,Favorite,0,-3,2,-2.51,0.02,1.69,-0.08,3.95,-0.04,0.69,1.6,1
UFC Fight Night: Hermansson vs. Pyfer,Carlos Prates,Trevin Giles,Favorite,-1.69,1,4,1.1,0.01,3.73,-0.21,-1.19,-0.5,-0.05,-0.3,-1
UFC Fight Night: Hermansson vs. Pyfer,Bolaji Oki,Timothy Cuamba,Favorite,-1.05,1,2,2.65,0.08,-1.71,0.07,0.34,0.84,0.12,0,3
UFC Fight Night: Hermansson vs. Pyfer,Loma Lookboonmee,Bruna Brasil,Favorite,-2.24,-5,-4,1.15,-0.06,-1.44,0.02,0.3,-0.12,0.18,0.1,-2
UFC Fight Night: Hermansson vs. Pyfer,Devin Clark,Marcin Prachnio,Underdog,-1.36,-3,1,-2.59,-0.02,-0.06,-0.11,2,0.12,0,0.1,-1
UFC Fight Night: Hermansson vs. Pyfer,Jeremiah Wells,Max Griffin,Underdog,-0.71,-2,-2,-1.51,-0.06,-2.5,-0.09,1.63,0.03,0.12,0.5,-1
UFC Fight Night: Hermansson vs. Pyfer,Zac Pauga,Bogdan Guskov,Underdog,-0.25,-1,0,1.33,0.14,-0.98,0.1,0.38,0.07,0.34,0,5
UFC Fight Night: Hermansson vs. Pyfer,Hyder Amil,Fernando Garcia,Favorite,-1.37,2,3,2.69,0.2,-1.63,0.13,0.4,-0.17,0.28,1.4,1
UFC Fight Night: Moreno vs. Royval,Brandon Moreno,Brandon Royval,Underdog,-2.43,-2,2,-0.46,0.08,0.2,0.12,1.27,-0.14,0.23,-0.61,-1
UFC Fight Night: Moreno vs. Royval,Yair Rodriguez,Brian Ortega,Underdog,-0.74,3,2,0.58,0.08,-2.55,0.03,-0.48,0,0.01,-0.5,-2
UFC Fight Night: Moreno vs. Royval,Daniel Zellhuber,Francisco Prado,Favorite,-2.38,3,8,1.28,0,-0.61,0.04,0.22,0.33,0.69,-0.2,3
UFC Fight Night: Moreno vs. Royval,Yazmin Jauregui,Sam Hughes,Favorite,-5.05,-2,0,2.22,-0.08,0.61,-0.02,-0.96,-0.3,0.43,0,-6
UFC Fight Night: Moreno vs. Royval,Manuel Torres,Chris Duncan (2),Favorite,-0.93,0,2,3.26,0.11,-0.5,0.07,-0.6,0.28,0.55,1.6,-2
UFC Fight Night: Moreno vs. Royval,Raoni Barcelos,Christian Quinonez,Favorite,-0.93,-1,-3,1.02,0.1,0.24,0.05,0.49,-0.05,0.01,0.6,9
UFC Fight Night: Moreno vs. Royval,Mateus Mendonca,Jesus Santos Aguilar,Underdog,-0.35,-4,-3,-1.57,0.02,-0.24,-0.23,0.04,-0.73,-0.45,0.4,-2
UFC Fight Night: Moreno vs. Royval,Edgar Chairez,Daniel Lacerda,Favorite,-3.61,1,1,-1.27,0.02,-4.18,0.08,-2.32,-0.5,0.41,0.5,1
UFC Fight Night: Moreno vs. Royval,Fares Ziam,Claudio Puelles,Favorite,-1.31,3,3,1.14,-0.02,-1.06,0.19,-2.36,-0.13,0.07,-1,-1
UFC Fight Night: Moreno vs. Royval,Luis Rodriguez,Denys Bondar,Favorite,-0.15,9,6,-0.93,-0.04,-2.04,-0.06,-2.82,-0.25,-0.15,1.2,-1
UFC Fight Night: Moreno vs. Royval,Felipe Dos Santos,Victor Altamirano,Favorite,-2.2,-1,0,-0.02,-0.23,1.37,-0.15,-3.43,-0.39,-0.47,0.5,-10
UFC Fight Night: Moreno vs. Royval,Muhammadjon Naimov,Erik Silva,Favorite,-4.05,0,-1,1.26,-0.24,3,0,-1.82,-0.47,-0.06,0,-8
UFC Fight Night: Rozenstruik vs. Gaziev,Shamil Gaziev,Jairzinho Rozenstruik,Underdog,-1.11,2,0,-0.81,-0.05,1.95,-0.05,0.53,0.14,0.25,0.5,-2
UFC Fight Night: Rozenstruik vs. Gaziev,Vitor Petrino,Tyson Pedro,Favorite,-3.23,-1,-2,-0.09,-0.14,0.18,-0.12,3.22,0.36,0.2,0,-6
UFC Fight Night: Rozenstruik vs. Gaziev,Muhammad Mokaev,Alex Perez,Favorite,-2.81,1,5,-2.57,0.02,-1.77,-0.03,3.69,-0.04,-0.82,0.09,-9
UFC Fight Night: Rozenstruik vs. Gaziev,Umar Nurmagomedov,Bekzat Almakhan,Favorite,-8.42,1,1,4.55,0.51,-3.97,0.46,4.51,0.56,1,0.6,2
UFC Fight Night: Rozenstruik vs. Gaziev,Steve Erceg,Matt Schnell,Favorite,-3.48,0,-2,0.28,0.1,-0.36,-0.04,0.65,-0.18,0.09,-0.5,-6
UFC Fight Night: Rozenstruik vs. Gaziev,Eryk Anders,Jamie Pickett,Favorite,-3.88,-1,-5,0.76,0,0.54,0,0.53,-0.15,0.12,0,2
UFC Fight Night: Rozenstruik vs. Gaziev,Vinicius  de Oliveira,Bernardo Sopai,Favorite,-0.2,3,4,2.36,-0.06,-1.62,-0.04,-1.37,-0.25,-0.1,0,5
UFC Fight Night: Rozenstruik vs. Gaziev,Javid Basharat,Aiemann Zahabi,Underdog,-6.88,1,1,1.98,0.1,-0.64,-0.09,1.5,0.24,0.05,0.2,-8
UFC Fight Night: Rozenstruik vs. Gaziev,Christian Duncan,Claudio Ribeiro,Favorite,-2.82,1,2,2.37,0.1,-1.09,0.2,-0.12,-0.36,-0.17,0,-3
UFC Fight Night: Rozenstruik vs. Gaziev,Ludovit Klein,A.J. Cunningham,Favorite,-7.39,-3,1,-3.7,0.26,-8.16,0.05,1.77,0.47,0.49,0,0
UFC Fight Night: Rozenstruik vs. Gaziev,Abdul-Kareem Al-Selwady,Loik Radzhabov,Underdog,-0.58,-3,0,1.2,-0.08,-1.14,0.13,-4.41,-0.27,-0.35,0,-4
UFC 299,Sean O'Malley,Marlon Vera,Favorite,-1.95,3,2,3.32,0.12,-1.97,0.12,-0.19,0.02,-0.08,-0.61,-2
UFC 299,Benoit Saint-Denis,Dustin Poirier,Underdog,-1.37,2,1,0.25,0.03,0.62,-0.12,3.43,0.01,0.05,0.1,-7
UFC 299,Kevin Holland,Michael Page,Underdog,-0.43,0,2,1.1,-0.2,1.59,-0.06,0.07,0.13,-0.12,0.6,-6
UFC 299,Jack Della Maddalena,Gilbert Burns,Favorite,-0.77,1,2,3.45,0.05,0.84,0.12,-2.04,-0.22,0.19,-0.3,-10
UFC 299,Petr Yan,Yadong Song,Favorite,-0.8,-1,0,0.64,0.1,0.4,0.02,1.06,0.1,0.13,-0.1,5
UFC 299,Jailton Junior,Curtis Blaydes,Underdog,-0.4,-2,-1,-1.58,-0.09,0.31,-0.07,-2.3,-0.15,0.22,0.8,1
UFC 299,Maycee Barber,Katlyn Chookagian,Favorite,-1.17,-6,-7,2.4,0.06,-0.29,0,0.42,-0.08,0.53,0.1,-15
UFC 299,Mateusz Gamrot,Rafael dos Anjos,Favorite,-3.53,2,0,-0.4,0.04,-0.15,-0.02,3.33,0,0.35,-0.5,-6
UFC 299,Kyler Phillips,Pedro Munhoz,Favorite,-1.47,2,7,0.39,0.02,-2.86,0.04,1.9,0.28,-0.07,0,-9
UFC 299,Ion Cutelaba,Philipe Lins,Underdog,-0.56,-1,-3,0.64,-0.06,-0.16,0,2.52,0.23,-0.24,0,-8
UFC 299,Michel Pereira,Michal Oleksiejczuk,Favorite,-0.62,1,-1,0.1,0.04,-0.56,-0.04,0.78,0.11,0.46,0.8,1
UFC 299,Robelis Despaigne,Josh Parisian,Favorite,-2.93,3,5,-2.39,0.06,-1.35,0.08,-0.98,-0.33,-0.22,-0.2,1
UFC 299,Assu Almabaev,Carlos Vergara,Favorite,-4.12,-2,-4,2.21,0.1,-1.11,0.08,7.12,0.56,0,1.3,-6
UFC 299,Maryna Moroz,Joanne Wood,Underdog,-1.51,1,2,-2.68,-0.18,0,0,-0.82,-0.32,-0.16,0.3,-6
UFC Fight Night: Tuivasa vs. Tybura,Tai Tuivasa,Marcin Tybura,Underdog,-0.07,-1,-3,0.35,0.01,1.69,-0.13,-1.43,-0.33,-0.23,-0.1,-7
UFC Fight Night: Tuivasa vs. Tybura,Kennedy Nzechukwu,Ovince St Preux,Underdog,-5.04,2,3,2.1,-0.02,1.58,0.03,-0.51,0.09,0.13,-0.3,-10
UFC Fight Night: Tuivasa vs. Tybura,Isaac Dulgarian,Christian Rodriguez,Underdog,-1.27,0,0,-0.58,0.09,0.25,-0.18,4.92,-0.08,-0.66,0.39,1
UFC Fight Night: Tuivasa vs. Tybura,Macy Chiasson,Pannie Kianzad,Favorite,-1.67,4,6,-1.22,-0.05,-1.15,-0.08,1.92,0.03,-0.05,0.4,0
UFC Fight Night: Tuivasa vs. Tybura,Gerald Meerschaert,Bryan Barberena,Favorite,-1.88,1,5,-2.17,-0.03,-1.22,0.09,2.04,0.16,-0.16,1.3,1
UFC Fight Night: Tuivasa vs. Tybura,Mike Davis,Natan Levy,Favorite,-3.6,,,-3.7,-0.52,-3.19,-0.58,-5.03,-0.58,-0.41,-0.5,
UFC Fight Night: Tuivasa vs. Tybura,Josiane Nunes,Chelsea Chandler,Underdog,-0.71,-6,-1,2.54,-0.02,2.16,0.04,-1.31,-0.6,0.24,0,-3
UFC Fight Night: Tuivasa vs. Tybura,Jafel Filho,Ode Osbourne,Favorite,-0.98,0,-5,-1.11,0.02,-2.45,0.02,0.5,0.06,-0.09,2.4,-1
UFC Fight Night: Tuivasa vs. Tybura,Joshua Culibao,Danny Silva,Underdog,-1.14,-1,3,-5.11,-0.16,-6.23,-0.03,-3,-0.5,-0.33,-0.2,3
UFC Fight Night: Tuivasa vs. Tybura,Cory McKenna,Jaqueline Amorim,Underdog,-0.77,0,-10,-0.34,-0.12,1.34,-0.15,0.74,0.35,0.71,-5,-4
UFC Fight Night: Tuivasa vs. Tybura,Thiago Moises,Mitch Ramirez,Favorite,-2.68,-2,-1,0.1,-0.02,0.85,0.19,0.72,-0.57,0.56,1.3,-2
UFC Fight Night: Tuivasa vs. Tybura,Charalampos Grigoriou,Chad Anheliger,Underdog,-0.94,1,3,-1.48,-0.05,2.44,-0.08,2.93,0.5,0.58,-0.6,-5
UFC Fight Night: Ribas vs. Namajunas,Rose Namajunas,Amanda Ribas,Favorite,-1.37,2,-1,-0.94,0,0.1,0.02,-0.69,-0.05,-0.26,-0.2,1
UFC Fight Night: Ribas vs. Namajunas,Karl Williams,Justin Tafa,Favorite,-1.19,3,5,-1.22,-0.03,-3.32,0.13,4.75,0.5,0.5,0.2,4
UFC Fight Night: Ribas vs. Namajunas,Edmen Shahbazyan,AJ Dobson,Favorite,-1.12,1,-1,-0.69,0.06,-1.22,-0.02,0.57,-0.37,-0.03,0.3,-6
UFC Fight Night: Ribas vs. Namajunas,Payton Talbott,Cameron Saaiman,Favorite,-0.8,2,3,2.73,0.08,-0.6,0,-0.91,-0.29,0.43,-0.2,2
UFC Fight Night: Ribas vs. Namajunas,Youssef Zalal,Billy Quarantillo,Favorite,-0.25,0,2,-4.49,-0.08,-3.85,0.22,1.03,0.11,-0.02,0.19,-8
UFC Fight Night: Ribas vs. Namajunas,Fernando Padilla,Luis Pajuelo,Favorite,-0.89,3,7,0.45,-0.15,-2.95,0.01,0,0,0.34,0.8,-2
UFC Fight Night: Ribas vs. Namajunas,Trey Ogden,Kurt Holobaugh,Favorite,-0.48,0,2,-1,0.03,-0.49,0.09,0.93,-0.13,0.54,-0.31,-3
UFC Fight Night: Ribas vs. Namajunas,Ricardo Ramos,Julian Erosa,Underdog,-0.96,-4,-2,-2.93,-0.11,-2.55,0.09,1.39,0.13,0.14,-0.11,-6
UFC Fight Night: Ribas vs. Namajunas,Miles Johns,Cody Gibson,Favorite,-0.51,-3,-5,-0.73,0.03,-1.54,0.11,-0.14,-0.07,0.16,-0.2,-6
UFC Fight Night: Ribas vs. Namajunas,Steven Nguyen,Jarno Errens,Underdog,-0.81,0,0,3.71,-0.06,4,-0.04,0.28,1,0.55,-0.3,2
UFC Fight Night: Ribas vs. Namajunas,Dariya Zheleznyakova,Montserrat Rendon,Favorite,-2.05,1,0,0.67,0.09,-2.23,0.27,-3,-0.54,-0.5,0,-7
UFC Fight Night: Ribas vs. Namajunas,Andre Lima,Igor da Silva,Favorite,-0.81,-2,-3,0.29,0.25,-1.57,0.01,0.68,0.55,0.27,1,-12
UFC Fight Night: Ribas vs. Namajunas,Michael Parkin,Mohammed Usman,Favorite,-0.45,2,0,1.36,0.14,-0.27,0.06,0.71,0.23,0.5,0.3,-7
UFC Fight Night: Blanchfield vs. Fiorot,Erin Blanchfield,Manon Fiorot,Underdog,-1.14,-3,1,-0.79,0.04,0.56,-0.11,0.87,-0.09,-0.12,1,-9
UFC Fight Night: Blanchfield vs. Fiorot,Vicente Luque,Joaquin Buckley,Underdog,-0.18,1,-1,0.82,0.16,2.09,-0.06,-0.69,0.09,-0.07,0.6,2
UFC Fight Night: Blanchfield vs. Fiorot,Bruno Silva,Chris Weidman,Underdog,-1.39,-10,-13,-0.14,0.01,-0.14,0.07,-0.88,-0.12,-0.02,-0.5,-5
UFC Fight Night: Blanchfield vs. Fiorot,Nursulton Ruziboev,Sedriques Dumas,Favorite,-1.32,3,-3,0.74,-0.03,2.45,-0.08,0.06,0.5,-0.4,-0.4,2
UFC Fight Night: Blanchfield vs. Fiorot,Bill Algeo,Kyle Nelson,Underdog,-1.68,1,2,2.51,0.07,-0.18,-0.06,-0.25,0.26,-0.17,-0.5,1
UFC Fight Night: Blanchfield vs. Fiorot,Chidi Njokuani,Rhys McKee,Favorite,-0.48,1,2,-0.71,0.15,-4.91,0.13,0,0,0.33,0.2,7
UFC Fight Night: Blanchfield vs. Fiorot,Jamall Emmers,Nate Landwehr,Underdog,-1.01,1,2,-0.96,0.01,-1.71,0.01,0.83,-0.01,0.04,-0.8,-1
UFC Fight Night: Blanchfield vs. Fiorot,Lupita Godinez,Virna Jandiroba,Underdog,-1.43,-1,-3,1.83,0.09,0.62,0.06,0.68,0.1,0.1,-0.2,-5
UFC Fight Night: Blanchfield vs. Fiorot,Julio Arce,Herbert Burns,Favorite,-2.82,-2,-3,2.63,-0.05,-1.55,0.27,-2.54,-0.14,0.29,-2.21,-2
UFC Fight Night: Blanchfield vs. Fiorot,Dennis Buzukja,Connor Matthews,Favorite,-0.13,1,-1,-1.14,-0.03,-1.11,-0.12,-2.17,-0.24,0.21,-0.4,-5
UFC Fight Night: Blanchfield vs. Fiorot,Ibo Aslan,Anton Turkalj,Favorite,-0.29,-1,-1,4.38,0.03,1.11,0.09,-4.99,-0.41,0.84,0,1
UFC Fight Night: Blanchfield vs. Fiorot,Jacob Malkoun,Andre Petroski,Favorite,-1.63,-3,0,0.35,0.07,-0.61,0.01,2.29,-0.13,-0.61,-1.9,-4
UFC Fight Night: Blanchfield vs. Fiorot,Caolan Loughran,Angel Pacheco,Favorite,-3.21,-2,-2,-3.24,0.07,-5.74,0.15,2.5,0.33,-0.29,0,-4
UFC Fight Night: Allen vs. Curtis II,Brendan Allen,Chris Curtis,Favorite,-1.42,4,0,-1.78,0.02,-2.33,-0.06,1.74,0.47,-0.24,1.4,-8
UFC Fight Night: Allen vs. Curtis II,Alexander Hernandez,Damon Jackson,Underdog,-1.09,-2,1,1.33,0,1.37,0.04,-1.45,-0.04,0.18,-1.3,-4
UFC Fight Night: Allen vs. Curtis II,Morgan Charriere,Jose Mariscal,Underdog,-0.48,3,4,0.77,-0.05,0.26,0.03,-0.73,0.13,0.54,-1.5,-14
UFC Fight Night: Allen vs. Curtis II,Ignacio Bahamondes,Christos Giagos,Favorite,-2.47,5,4,4.12,0.05,1.17,0.06,-2.84,-0.36,0.32,0,-8
UFC Fight Night: Allen vs. Curtis II,Charlie Campbell,Trevor Peek,Favorite,-0.77,3,2,0.96,0,-0.44,0.11,1.13,-0.13,0.16,0,-1
UFC Fight Night: Allen vs. Curtis II,Alex Morono,Court McGee,Favorite,-2.56,0,-3,0.27,0.03,0.54,-0.04,-1.52,-0.03,-0.14,0,-6
UFC Fight Night: Allen vs. Curtis II,Valter Walker,Lukasz Brzeski,Underdog,-1.66,2,0,-2.58,0,0.72,-0.14,3.52,0.3,-0.36,-0.5,-6
UFC Fight Night: Allen vs. Curtis II,Norma Dumont,Germaine de Randamie,Favorite,-0.1,-2,-4,0.54,0.02,-0.12,0.01,1.91,0.68,0.06,-0.4,-7
UFC Fight Night: Allen vs. Curtis II,Victor Hugo Silva,Pedro Falcao,Favorite,-0.64,1,5,0.56,0.03,-0.38,0.13,-1.4,0.28,0.04,1.4,0
UFC Fight Night: Allen vs. Curtis II,Jean Matsumoto,Dan Argueta,Favorite,-0.78,-1,0,2.57,-0.08,2.61,0,-3.25,0.02,-0.01,-1,-6
UFC Fight Night: Allen vs. Curtis II,Dylan Budka,César Almeida,Underdog,-0.71,-1,1,-3.46,-0.05,0.49,-0.16,3.38,0.38,0.38,0.7,-12
UFC Fight Night: Allen vs. Curtis II,Melissa Dixon,Nora Cornolle,Underdog,-2.36,0,1,-0.57,-0.07,2.38,-0.1,0.65,0.2,0.25,0,-2
UFC 300,Alex Pereira,Jamahal Hill,Favorite,-0.38,0,0,-2.08,0.07,0.14,0.03,0.18,1,-0.04,0.4,3
UFC 300,Weili Zhang,Yan Xiaonan,Favorite,-4.08,-1,0,0.69,0.09,-0.52,-0.05,1.5,-0.27,-0.12,0.5,0
UFC 300,Justin Gaethje,Max Holloway,Underdog,-0.98,0,1,-0.39,0.1,2.74,-0.07,-0.15,-0.29,-0.09,-0.3,3
UFC 300,Arman Tsarukyan,Charles Oliveira,Favorite,-1.27,-3,-2,0.39,-0.06,-1.36,0.02,1.08,-0.04,0.19,-2.8,-7
UFC 300,Bo Nickal,Cody Brundage,Favorite,-8.93,1,4,0.01,0.07,-1.8,0.26,5.13,-0.03,-0.68,6.6,-2
UFC 300,Jiri Prochazka,Aleksandar Rakic,Favorite,0,-1,2,1.49,0.06,2.63,-0.1,0.03,0.35,-0.17,0.2,-1
UFC 300,Aljamain Sterling,Calvin Kattar,Favorite,-1.06,-4,-1,-0.15,0.13,-4.45,0.03,1.92,-0.02,-0.27,0.6,-2
UFC 300,Kayla Harrison,Holly Holm,Favorite,-3.37,0,-3,4.38,0.3,-2.63,0.27,3.55,0.1,0.24,2.1,-9
UFC 300,Diego Lopes,Sodiq Yusuff,Favorite,-0.66,2,1,-2.44,0.08,0.22,-0.17,-0.29,-0.2,-0.2,4.59,-2
UFC 300,Jalin Turner,Renato Moicano,Underdog,-1.81,4,5,1.21,0,0.89,-0.19,-1.1,0.1,0.02,0.5,-6
UFC 300,Jessica Andrade,Marina Alcalde Rodriguez,Favorite,-0.65,-12,-12,-0.68,0,0.08,-0.02,1.75,0.05,0.08,0.2,-5
UFC 300,Bobby Green,Jim Miller,Favorite,-1.09,2,0,3.46,0.1,0.25,0.05,-0.35,-0.06,0.27,-1.4,-3
UFC 300,Deiveson Figueiredo,Cody Garbrandt,Favorite,-2.7,-3,3,0.02,0.15,-0.38,-0.1,0.61,0.07,-0.23,1.7,4
UFC Fight Night: Nicolau vs Perez,Matheus Nicolau,Alex Perez,Underdog,-0.98,0,1,-0.48,0.07,0.06,0.07,-0.69,0.01,0.11,-0.1,-1
UFC Fight Night: Nicolau vs Perez,Ryan Spann,Bogdan Guskov,Underdog,-1.16,2,3,0.12,-0.08,0.18,-0.03,1.34,0.35,-0.2,1.5,1
UFC Fight Night: Nicolau vs Perez,Karine Silva,Ariane Lipski,Favorite,-0.69,3,6,-0.21,-0.05,-1.62,0.03,2.21,0.16,-0.15,1.9,-1
UFC Fight Night: Nicolau vs Perez,Jhonata Diniz,Austen Lane,Favorite,-2.3,-2,-1,0.87,0.01,1.1,0.01,-1.03,-0.2,0.8,0,-4
UFC Fight Night: Nicolau vs Perez,Jonathan Pearce,David Onama,Underdog,-0.8,1,-3,0.28,0.06,-1.67,0.02,4.57,0.32,0.05,0.3,3
UFC Fight Night: Nicolau vs Perez,Uros Medic,Tim Means,Favorite,-2.17,-1,-4,0.42,0.1,-0.46,-0.03,-0.78,0.09,-0.1,-0.2,-9
UFC Fight Night: Nicolau vs Perez,Victor Henry,Rani Yahya,Favorite,-3.16,1,1,6.63,0.16,3.54,-0.04,-2.73,-0.3,0.54,-1.3,-2
UFC Fight Night: Nicolau vs Perez,Michal Figlak,Austin Hubbard,Underdog,-0.94,0,-1,-0.12,-0.06,1.18,-0.05,-1.25,-0.38,-0.09,0,-5
UFC Fight Night: Nicolau vs Perez,Caio Machado (2),Don'tale Mayes,Underdog,-0.13,-2,-3,2.38,0.14,-1.23,0.16,-0.71,-0.43,0.21,0,-3
UFC Fight Night: Nicolau vs Perez,Ketlen Souza,Marnic Mann,Favorite,-2.55,3,-1,3.31,0.27,-3.05,0.28,-1,0.17,0.25,-0.4,-2
UFC Fight Night: Nicolau vs Perez,James Llontop,Chris Padilla,Underdog,-3.25,3,-1,2.11,0.06,-2.08,0.17,-9.89,-1,0.5,-3.3,-4
UFC Fight Night: Nicolau vs Perez,Ivana Petrovic,Na Liang,Favorite,-3.79,3,3,0.19,0,-1.5,0.17,-0.77,-0.08,0.35,1.2,2
UFC Fight Night: Nicolau vs Perez,Hayisaer Maheshate,Gabriel Benitez,Favorite,-1.46,4,0,-1.36,-0.13,1.26,-0.1,-0.22,-0.5,-0.11,-0.9,-11
UFC 301,Alexandre Pantoja,Steve Erceg,Favorite,-1.09,-3,-1,-0.11,0,-0.23,-0.03,1.37,0.2,0.08,0.3,6
UFC 301,Jonathan Martinez,Jose Aldo,Underdog,-0.83,1,0,0.91,0.02,0.14,-0.04,-0.11,-0.19,-0.23,0,-7
UFC 301,Vitor Petrino,Anthony Smith,Underdog,-3.76,-2,1,-0.42,-0.03,-1.89,-0.02,3.49,0.4,0.21,0.1,-9
UFC 301,Michel Pereira,Ihor Potieria,Favorite,-4.54,-2,-2,0.03,0.04,-1.34,0.06,1.53,0.55,0.37,0.8,3
UFC 301,Caio Borralho,Paul Craig,Favorite,-4.56,-2,-1,0.46,0.13,-0.92,0.15,0.31,0.43,0.39,-1.11,-5
UFC 301,Joanderson Brito,Jack Shore,Favorite,-1.16,0,1,-0.4,-0.07,0.33,-0.11,0,0.38,-0.15,-0.1,0
UFC 301,Iasmin Lucindo,Karolina Kowalkiewicz,Favorite,-2.92,0,2,-1.76,0.03,-2.44,0.08,1.89,0.3,0.07,0.09,-16
UFC 301,Myktybek Orolbai,Elves Brenner,Favorite,-1.84,0,2,-1.18,0.05,-2.27,-0.06,5.85,0.13,-0.25,0.6,0
UFC 301,Drakkar Klose,Joaquim Silva,Favorite,-1.35,1,1,0.71,0.12,-1.08,-0.03,1.19,-0.24,0,-0.8,1
UFC 301,Mauricio Ruffy,Jamie Mullarkey,Favorite,-1.62,-1,1,0.49,0.12,-0.74,0.05,-2.31,-0.34,0.21,-0.1,-2
UFC 301,Dione Barbosa,Ernesta Kareckaite,Favorite,-1.56,-3,-5,-5.7,0.12,-4.05,0.23,1.29,-0.41,-0.86,3.1,7
UFC 301,Ismael Bonfim,Vinc Pichel,Favorite,-4.12,-2,-1,2.17,0.08,0.11,0.14,-1.71,-0.22,0.51,-0.2,-13
UFC 301,Alessandro Costa,Kevin Borjas,Favorite,-0.4,-1,-1,-0.79,0.06,-3.2,0.07,0.27,0.12,0.29,0,2
UFC Fight Night: Lewis vs. Nascimento,Derrick Lewis,Rodrigo Nascimento Ferreira,Favorite,-0.83,1,-1,-1.57,0.01,-2.14,-0.03,-0.66,-0.11,-0.24,-0.6,8
UFC Fight Night: Lewis vs. Nascimento,Joaquin Buckley,Nursulton Ruziboev,Favorite,-0.39,-7,0,1.75,-0.08,-1.48,0.08,0.92,-0.57,0.69,0,0
UFC Fight Night: Lewis vs. Nascimento,Carlos Ulberg,Alonzo Menifield,Favorite,-1.85,4,1,3.49,0.02,0.03,0.03,0.27,0.42,0,0,-3
UFC Fight Night: Lewis vs. Nascimento,Mateusz Rebecki,Carlos Diego Ferreira,Underdog,-3.35,-2,-8,-0.35,0.08,0.72,-0.03,3.16,0.45,-0.27,0.4,-8
UFC Fight Night: Lewis vs. Nascimento,Sean Woodson,Alex Caceres,Favorite,-1.77,4,5,1.37,-0.03,1.1,-0.05,0.12,-0.07,0.19,-0.3,-4
UFC Fight Night: Lewis vs. Nascimento,Robelis Despaigne,Waldo Cortes-Acosta,Underdog,-1.87,3,6,-3.48,0.06,-0.08,-0.04,-0.56,-0.6,-0.35,-0.2,3
UFC Fight Night: Lewis vs. Nascimento,Viacheslav Borshchev,Chase Hooper,Underdog,-0.27,-2,-5,0.09,0.05,1.16,0.18,-1.45,-0.24,-0.21,-2.3,8
UFC Fight Night: Lewis vs. Nascimento,Esteban Ribovics,Terrance McKinney,Favorite,-0.7,0,-4,1.67,0.02,0.86,0.08,-2.52,0.3,-0.25,-0.5,-1
UFC Fight Night: Lewis vs. Nascimento,Tabatha Ricci,Tecia Torres,Favorite,-0.56,-6,-9,3.18,0.02,3.7,-0.06,0.93,0.01,0.27,0.2,0
UFC Fight Night: Lewis vs. Nascimento,Trey Waters,Billy Goff,Favorite,-0.69,7,5,-2.14,-0.03,-0.1,-0.03,-1.57,0.16,-0.16,0.9,4
UFC Fight Night: Lewis vs. Nascimento,Jake Hadley,Charles Johnson,Underdog,-0.07,-2,0,-1.13,-0.11,0.39,0.01,-0.17,-0.17,-0.33,1.1,-6
UFC Fight Night: Lewis vs. Nascimento,Veronica Macedo,J.J. Aldrich,Favorite,-0.2,-1,-3,-0.75,-0.02,-0.63,-0.13,0.42,0.17,-0.07,0.3,-3
UFC Fight Night: Barboza vs. Murphy,Lerone Murphy,Edson Barboza,Favorite,-0.8,-2,-2,0.89,0.1,-2.06,0.03,1.14,0.02,-0.26,0.5,-6
UFC Fight Night: Barboza vs. Murphy,Kalinn Williams,Carlston Harris,Favorite,-0.3,3,3,-0.32,0.03,-0.97,0.07,2.78,0.21,0.44,-0.61,-2
UFC Fight Night: Barboza vs. Murphy,Themba Gorimbo,Ramiz Brahimaj,Favorite,-0.43,3,5,0.78,0.27,-2.61,0.01,2.42,0.23,0.34,-1.6,2
UFC Fight Night: Barboza vs. Murphy,Adrian Yanez,Vinicius Salvador,Favorite,-3.55,0,0,1.02,-0.03,-0.75,0.08,-0.36,-0.11,0.14,0,3
UFC Fight Night: Barboza vs. Murphy,Angela Hill,Luana Pinheiro,Favorite,-0.46,1,2,1.81,0.08,0.69,-0.03,-1.45,0,0.09,-0.1,8
UFC Fight Night: Barboza vs. Murphy,Tom Nolan,Victor Martinez,Favorite,-3.79,7,3,1.31,0.02,-1.13,-0.13,-0.7,-0.33,0.19,0,-8
UFC Fight Night: Barboza vs. Murphy,Oumar Sy,George Tokkos,Favorite,-4.12,6,13,0,0,0.81,0.25,8.07,0.66,0,4,
UFC Fight Night: Barboza vs. Murphy,Melissa Gatto,Tamires Vidal,Favorite,-2.81,-1,1,0.57,-0.07,-1.06,0,1.47,0.28,0.35,-0.5,3
UFC Fight Night: Barboza vs. Murphy,Abusupiyan Magomedov,Warlley Alves,Favorite,-2.37,3,6,-0.17,-0.04,-0.23,0.05,1.43,0.27,0.38,-0.8,0
UFC Fight Night: Barboza vs. Murphy,Piera Rodriguez,Ariane Carnelossi,Underdog,-1.59,1,2,0.77,0.07,-1.91,0.12,1.73,-0.15,0.52,-0.3,0
UFC Fight Night: Barboza vs. Murphy,Kleydson Rodrigues,Heili Alateng,Underdog,-0.76,0,1,1.94,0.24,-2.38,-0.04,-1.39,-0.23,-0.22,0.6,-4
UFC Fight Night: Barboza vs. Murphy,Emily Ducote,Vanessa Demopoulos,Underdog,-2.93,0,4,3.47,0.11,2.14,0.15,-0.22,0.03,0.63,-0.6,-5
