,Event Title,Fighter A,Fighter B,Winner,Odds A,Odds B,Underdog,Favorite
0,UFC 159 - Jones vs. Sonnen,Jon Jones,Chael Sonnen,Jon Jones,1.13,9,Chael Sonnen,Jon Jones
1,UFC 159 - Jones vs. Sonnen,Michael Bisping,Alan Belcher,Michael Bisping,1.57,4.5,Alan Belcher,Michael Bisping
2,UFC 159 - Jones vs. Sonnen,Roy Nelson,Cheick Kongo,Roy Nelson,1.43,3.2,Cheick Kongo,Roy Nelson
3,UFC 159 - Jones vs. Sonnen,Phil Davis,Vinny Magalhaes,Phil Davis,1.36,3.55,Vinny Magalhaes,Phil Davis
4,UFC 159 - Jones vs. Sonnen,Pat Healy,Jim Miller,Pat Healy,3.4,1.4,Pat Healy,Jim Miller
5,UFC 159 - Jones vs. Sonnen,Rustam Khabilov,Yancy Medeiros,Rustam Khabilov,1.54,3.4,Yancy Medeiros,Rustam Khabilov
6,UFC 159 - Jones vs. Sonnen,Ovince St Preux,Gian Villante,Ovince St Preux,1.69,2.4,Gian Villante,Ovince St Preux
7,UFC 159 - Jones vs. Sonnen,Sara McMann,Sheila Gaff,Sara McMann,1.18,5.8,Sheila Gaff,Sara McMann
8,UFC 159 - Jones vs. Sonnen,Bryan Caraway,Johnny Bedford,Bryan Caraway,2.15,1.91,Bryan Caraway,Johnny Bedford
9,UFC 159 - Jones vs. Sonnen,Cody McKenzie,Leonard Garcia,Cody McKenzie,2.93,1.53,Cody McKenzie,Leonard Garcia
10,UFC 159 - Jones vs. Sonnen,Steven Siler,Kurt Holobaugh,Steven Siler,1.95,2.06,Kurt Holobaugh,Steven Siler
11,UFC on FX 8 - Belfort vs. Rockhold,Vitor Belfort,Luke Rockhold,Vitor Belfort,1.95,2.04,Luke Rockhold,Vitor Belfort
12,UFC on FX 8 - Belfort vs. Rockhold,Ronaldo Souza,Chris Camozzi,Ronaldo Souza,1.17,6,Chris Camozzi,Ronaldo Souza
13,UFC on FX 8 - Belfort vs. Rockhold,Rafael dos Anjos,Evan Dunham,Rafael dos Anjos,1.5,2.91,Evan Dunham,Rafael dos Anjos
14,UFC on FX 8 - Belfort vs. Rockhold,Rafael Natal,Joao Zeferino,Rafael Natal,1.36,3.7,Joao Zeferino,Rafael Natal
15,UFC on FX 8 - Belfort vs. Rockhold,Nik Lentz,Hacran Dias,Nik Lentz,1.99,2.1,Hacran Dias,Nik Lentz
16,UFC on FX 8 - Belfort vs. Rockhold,Francisco Trinaldo,Mike Rio,Francisco Trinaldo,1.33,3.9,Mike Rio,Francisco Trinaldo
17,UFC on FX 8 - Belfort vs. Rockhold,Gleison Tibau,John Cholish,Gleison Tibau,1.42,3.35,John Cholish,Gleison Tibau
18,UFC on FX 8 - Belfort vs. Rockhold,Paulo Thiago,Michel Prazeres,Paulo Thiago,1.57,2.76,Michel Prazeres,Paulo Thiago
19,UFC on FX 8 - Belfort vs. Rockhold,Yuri Alcantara,Iliarde Santos,Yuri Alcantara,1.2,5.5,Iliarde Santos,Yuri Alcantara
20,UFC on FX 8 - Belfort vs. Rockhold,Fabio Maldonado,Roger Hollett,Fabio Maldonado,1.38,3.45,Roger Hollett,Fabio Maldonado
21,UFC on FX 8 - Belfort vs. Rockhold,John Lineker,Azamat Gashimov,John Lineker,2.1,1.87,John Lineker,Azamat Gashimov
22,UFC on FX 8 - Belfort vs. Rockhold,Jussier Formiga,Chris Cariaso,Jussier Formiga,1.65,2.55,Chris Cariaso,Jussier Formiga
23,UFC on FX 8 - Belfort vs. Rockhold,Lucas Martins,Jeremy Larsen,Lucas Martins,1.33,3.85,Jeremy Larsen,Lucas Martins
24,UFC 160 - Velasquez vs. Bigfoot 2,Cain Velasquez,Antonio Silva,Cain Velasquez,1.16,6.75,Antonio Silva,Cain Velasquez
25,UFC 160 - Velasquez vs. Bigfoot 2,Junior dos Santos,Mark Hunt,Junior dos Santos,1.25,5.25,Mark Hunt,Junior dos Santos
26,UFC 160 - Velasquez vs. Bigfoot 2,Glover Teixeira,James Te Huna,Glover Teixeira,1.33,4.75,James Te Huna,Glover Teixeira
27,UFC 160 - Velasquez vs. Bigfoot 2,T.J. Grant,Gray Maynard,T.J. Grant,2.65,1.74,T.J. Grant,Gray Maynard
28,UFC 160 - Velasquez vs. Bigfoot 2,Donald Cerrone,K.J. Noons,Donald Cerrone,1.37,3.48,K.J. Noons,Donald Cerrone
29,UFC 160 - Velasquez vs. Bigfoot 2,Mike Pyle,Rick Story,Mike Pyle,2.5,1.67,Mike Pyle,Rick Story
30,UFC 160 - Velasquez vs. Bigfoot 2,Dennis Bermudez,Max Holloway,Dennis Bermudez,1.4,3.65,Max Holloway,Dennis Bermudez
31,UFC 160 - Velasquez vs. Bigfoot 2,Robert Whittaker,Colton Smith,Robert Whittaker,2.75,1.71,Robert Whittaker,Colton Smith
32,UFC 160 - Velasquez vs. Bigfoot 2,Khabib Nurmagomedov,Abel Trujillo,Khabib Nurmagomedov,1.4,3.75,Abel Trujillo,Khabib Nurmagomedov
33,UFC 160 - Velasquez vs. Bigfoot 2,Stephen Thompson,Nah-Shon Burrell,Stephen Thompson,1.63,2.65,Nah-Shon Burrell,Stephen Thompson
34,UFC 160 - Velasquez vs. Bigfoot 2,George Roop,Brian Bowles,George Roop,3.66,1.36,George Roop,Brian Bowles
35,UFC 160 - Velasquez vs. Bigfoot 2,Jeremy Stephens,Estevan Payan,Jeremy Stephens,1.6,2.9,Estevan Payan,Jeremy Stephens
36,UFC on Fox 8 - Johnson vs. Moraga,Demetrious Johnson,John Moraga,Demetrious Johnson,1.25,4.75,John Moraga,Demetrious Johnson
37,UFC on Fox 8 - Johnson vs. Moraga,Rory MacDonald,Jake Ellenberger,Rory MacDonald,1.43,3.14,Jake Ellenberger,Rory MacDonald
38,UFC on Fox 8 - Johnson vs. Moraga,Robbie Lawler,Bobby Voelker,Robbie Lawler,1.29,4.15,Bobby Voelker,Robbie Lawler
39,UFC on Fox 8 - Johnson vs. Moraga,Liz Carmouche,Jessica Andrade,Liz Carmouche,1.2,5.75,Jessica Andrade,Liz Carmouche
40,UFC on Fox 8 - Johnson vs. Moraga,Jorge Masvidal,Michael Chiesa,Jorge Masvidal,1.4,3.55,Michael Chiesa,Jorge Masvidal
41,UFC on Fox 8 - Johnson vs. Moraga,Danny Castillo,Tim Means,Danny Castillo,1.5,3.45,Tim Means,Danny Castillo
42,UFC on Fox 8 - Johnson vs. Moraga,Melvin Guillard,Mac Danzig,Melvin Guillard,1.91,2.45,Mac Danzig,Melvin Guillard
43,UFC on Fox 8 - Johnson vs. Moraga,Daron Cruickshank,Yves Edwards,Daron Cruickshank,1.67,2.75,Yves Edwards,Daron Cruickshank
44,UFC on Fox 8 - Johnson vs. Moraga,Ed Herman,Trevor Smith,Ed Herman,1.57,3,Trevor Smith,Ed Herman
45,UFC on Fox 8 - Johnson vs. Moraga,Germaine de Randamie,Julie Kedzie,Germaine de Randamie,1.63,2.7,Julie Kedzie,Germaine de Randamie
46,UFC on Fox 8 - Johnson vs. Moraga,Justin Salas,Aaron Riley,Justin Salas,1.45,3.2,Aaron Riley,Justin Salas
47,UFC on Fox 8 - Johnson vs. Moraga,Yaotzin Meza,John Albert,Yaotzin Meza,3.3,1.47,Yaotzin Meza,John Albert
48,UFC 163 - Aldo vs. Korean Zombie,Jose Aldo,Chan Sung Jung,Jose Aldo,1.15,8.05,Chan Sung Jung,Jose Aldo
49,UFC 163 - Aldo vs. Korean Zombie,Phil Davis,Lyoto Machida,Phil Davis,1.4,4.05,Lyoto Machida,Phil Davis
50,UFC 163 - Aldo vs. Korean Zombie,Cezar Ferreira,Thiago Santos,Cezar Ferreira,1.22,5.1,Thiago Santos,Cezar Ferreira
51,UFC 163 - Aldo vs. Korean Zombie,Thales Leites,Tom Watson,Thales Leites,1.69,2.5,Tom Watson,Thales Leites
52,UFC 163 - Aldo vs. Korean Zombie,John Lineker,Jose Maria Tome,John Lineker,1.27,4.55,Jose Maria Tome,John Lineker
53,UFC 163 - Aldo vs. Korean Zombie,Anthony Perosh,Vinny Magalhaes,Anthony Perosh,5.35,1.22,Anthony Perosh,Vinny Magalhaes
54,UFC 163 - Aldo vs. Korean Zombie,Amanda Nunes,Sheila Gaff,Amanda Nunes,1.51,3,Sheila Gaff,Amanda Nunes
55,UFC 163 - Aldo vs. Korean Zombie,Sergio Moraes,Neil Magny,Sergio Moraes,1.72,2.51,Neil Magny,Sergio Moraes
56,UFC 163 - Aldo vs. Korean Zombie,Ian McCall,Iliarde Santos,Ian McCall,1.22,5.05,Iliarde Santos,Ian McCall
57,UFC 163 - Aldo vs. Korean Zombie,Rani Yahya,Josh Clopton,Rani Yahya,1.13,9.17,Josh Clopton,Rani Yahya
58,UFC 163 - Aldo vs. Korean Zombie,Francimar Barroso,Ednaldo Oliveira,Francimar Barroso,2.4,1.83,Francimar Barroso,Ednaldo Oliveira
59,UFC 163 - Aldo vs. Korean Zombie,Viscardi Andrade,Bristol Marunde,Viscardi Andrade,1.57,2.77,Bristol Marunde,Viscardi Andrade
60,UFC Fight Night 26 - Shogun vs. Sonnen,Chael Sonnen,Mauricio Rua,Chael Sonnen,2.55,1.67,Chael Sonnen,Mauricio Rua
61,UFC Fight Night 26 - Shogun vs. Sonnen,Travis Browne,Alistair Overeem,Travis Browne,2.7,1.67,Travis Browne,Alistair Overeem
62,UFC Fight Night 26 - Shogun vs. Sonnen,Urijah Faber,Yuri Alcantara,Urijah Faber,1.47,3.05,Yuri Alcantara,Urijah Faber
63,UFC Fight Night 26 - Shogun vs. Sonnen,Matt Brown,Mike Pyle,Matt Brown,1.8,2.3,Mike Pyle,Matt Brown
64,UFC Fight Night 26 - Shogun vs. Sonnen,John Howard,Urijah Hall,John Howard,5.2,1.22,John Howard,Urijah Hall
65,UFC Fight Night 26 - Shogun vs. Sonnen,Michael Johnson,Joe Lauzon,Michael Johnson,3.6,1.42,Michael Johnson,Joe Lauzon
66,UFC Fight Night 26 - Shogun vs. Sonnen,Michael McDonald,Brad Pickett,Michael McDonald,1.33,4.05,Brad Pickett,Michael McDonald
67,UFC Fight Night 26 - Shogun vs. Sonnen,Conor McGregor,Max Holloway,Conor McGregor,1.42,3.85,Max Holloway,Conor McGregor
68,UFC Fight Night 26 - Shogun vs. Sonnen,Steven Siler,Mike Brown,Steven Siler,2.9,1.5,Steven Siler,Mike Brown
69,UFC Fight Night 26 - Shogun vs. Sonnen,Diego Brandao,Daniel Pineda,Diego Brandao,1.57,3,Daniel Pineda,Diego Brandao
70,UFC Fight Night 26 - Shogun vs. Sonnen,Manny Gamburyan,Cole Miller,Manny Gamburyan,1.8,2.31,Cole Miller,Manny Gamburyan
71,UFC Fight Night 26 - Shogun vs. Sonnen,Ovince St Preux,Cody Donovan,Ovince St Preux,1.31,4.63,Cody Donovan,Ovince St Preux
72,UFC Fight Night 26 - Shogun vs. Sonnen,James Vick,Ramsey Nijem,James Vick,2.75,1.57,James Vick,Ramsey Nijem
73,UFC 167 - St. Pierre vs. Hendricks,Georges St. Pierre,Johny Hendricks,Georges St. Pierre,1.54,2.85,Johny Hendricks,Georges St. Pierre
74,UFC 167 - St. Pierre vs. Hendricks,Rashad Evans,Chael Sonnen,Rashad Evans,1.5,3.2,Chael Sonnen,Rashad Evans
75,UFC 167 - St. Pierre vs. Hendricks,Robbie Lawler,Rory MacDonald,Robbie Lawler,4.65,1.26,Robbie Lawler,Rory MacDonald
76,UFC 167 - St. Pierre vs. Hendricks,Tyron Woodley,Josh Koscheck,Tyron Woodley,1.95,2.3,Josh Koscheck,Tyron Woodley
77,UFC 167 - St. Pierre vs. Hendricks,Ali Bagautinov,Tim Elliott,Ali Bagautinov,2.5,1.67,Ali Bagautinov,Tim Elliott
78,UFC 167 - St. Pierre vs. Hendricks,Donald Cerrone,Evan Dunham,Donald Cerrone,1.87,2.15,Evan Dunham,Donald Cerrone
79,UFC 167 - St. Pierre vs. Hendricks,Thales Leites,Ed Herman,Thales Leites,1.61,2.71,Ed Herman,Thales Leites
80,UFC 167 - St. Pierre vs. Hendricks,Rick Story,Brian Ebersole,Rick Story,1.49,3.01,Brian Ebersole,Rick Story
81,UFC 167 - St. Pierre vs. Hendricks,Erik Perez,Edwin Figueroa,Erik Perez,1.24,4.78,Edwin Figueroa,Erik Perez
82,UFC 167 - St. Pierre vs. Hendricks,Jason High,Anthony Lapsley,Jason High,1.32,3.9,Anthony Lapsley,Jason High
83,UFC 167 - St. Pierre vs. Hendricks,Sergio Pettis,Will Campuzano,Sergio Pettis,1.26,4.55,Will Campuzano,Sergio Pettis
84,UFC 167 - St. Pierre vs. Hendricks,Gian Villante,Cody Donovan,Gian Villante,1.31,4.1,Cody Donovan,Gian Villante
85,UFC - The Ultimate Fighter 18 Finale,Nate Diaz,Gray Maynard,Nate Diaz,2.14,1.83,Nate Diaz,Gray Maynard
86,UFC - The Ultimate Fighter 18 Finale,Julianna Pena,Jessica Rakoczy,Julianna Pena,1.36,3.6,Jessica Rakoczy,Julianna Pena
87,UFC - The Ultimate Fighter 18 Finale,Chris Holdsworth,Davey Grant,Chris Holdsworth,1.5,2.95,Davey Grant,Chris Holdsworth
88,UFC - The Ultimate Fighter 18 Finale,Jessamyn Duke,Peggy Morgan,Jessamyn Duke,1.43,3.25,Peggy Morgan,Jessamyn Duke
89,UFC - The Ultimate Fighter 18 Finale,Raquel Pennington,Roxanne Modafferi,Raquel Pennington,1.26,5.16,Roxanne Modafferi,Raquel Pennington
90,UFC - The Ultimate Fighter 18 Finale,Akira Corassani,Maximo Blanco,Akira Corassani,2.77,1.55,Akira Corassani,Maximo Blanco
91,UFC - The Ultimate Fighter 18 Finale,Tom Niinimaki,Rani Yahya,Tom Niinimaki,2,1.95,Tom Niinimaki,Rani Yahya
92,UFC - The Ultimate Fighter 18 Finale,Jared Rosholt,Walt Harris,Jared Rosholt,1.45,3.5,Walt Harris,Jared Rosholt
93,UFC - The Ultimate Fighter 18 Finale,Sean Spencer,Drew Dober,Sean Spencer,1.45,3.1,Drew Dober,Sean Spencer
94,UFC - The Ultimate Fighter 18 Finale,Josh Sampo,Ryan Benoit,Josh Sampo,1.87,2.05,Ryan Benoit,Josh Sampo
95,UFC Fight Night 33 - Hunt vs. Bigfoot,Mark Hunt,Antonio Silva,Mark Hunt,2.4,1.75,Mark Hunt,Antonio Silva
96,UFC Fight Night 33 - Hunt vs. Bigfoot,Mauricio Rua,James Te Huna,James Te Huna,2.4,1.75,Mark Hunt,Antonio Silva
97,UFC Fight Night 33 - Hunt vs. Bigfoot,Ryan Bader,Anthony Perosh,Ryan Bader,1.21,5.65,Anthony Perosh,Ryan Bader
98,UFC Fight Night 33 - Hunt vs. Bigfoot,Soa Palelei,Pat Barry,Soa Palelei,2.6,1.59,Soa Palelei,Pat Barry
99,UFC Fight Night 33 - Hunt vs. Bigfoot,Clint Hester,Dylan Andrews,Clint Hester,2.3,1.74,Clint Hester,Dylan Andrews
100,UFC Fight Night 33 - Hunt vs. Bigfoot,Bethe Correia,Julie Kedzie,Bethe Correia,2.6,1.61,Bethe Correia,Julie Kedzie
101,UFC Fight Night 33 - Hunt vs. Bigfoot,Takeya Mizugaki,Nam Phan,Takeya Mizugaki,1.33,4,Nam Phan,Takeya Mizugaki
102,UFC Fight Night 33 - Hunt vs. Bigfoot,Caio Magalhaes,Nick Ring,Caio Magalhaes,2.85,1.57,Caio Magalhaes,Nick Ring
103,UFC Fight Night 33 - Hunt vs. Bigfoot,Justin Scoggins,Richie Vaculik,Justin Scoggins,1.3,4.1,Richie Vaculik,Justin Scoggins
104,UFC Fight Night 33 - Hunt vs. Bigfoot,Krzysztof Jotko,Bruno Santos,Krzysztof Jotko,3.15,1.45,Krzysztof Jotko,Bruno Santos
105,UFC Fight Night 33 - Hunt vs. Bigfoot,Alex Garcia,Ben Wall,Alex Garcia,1.16,6.55,Ben Wall,Alex Garcia
106,UFC 168 - Weidman vs. Silva 2,Chris Weidman,Anderson Silva,Chris Weidman,2.75,1.58,Chris Weidman,Anderson Silva
107,UFC 168 - Weidman vs. Silva 2,Ronda Rousey,Miesha Tate,Ronda Rousey,1.17,6.55,Miesha Tate,Ronda Rousey
108,UFC 168 - Weidman vs. Silva 2,Travis Browne,Josh Barnett,Travis Browne,2.35,1.74,Travis Browne,Josh Barnett
109,UFC 168 - Weidman vs. Silva 2,Jim Miller,Fabricio Camoes,Jim Miller,1.26,4.76,Fabricio Camoes,Jim Miller
110,UFC 168 - Weidman vs. Silva 2,Dustin Poirier,Diego Brandao,Dustin Poirier,1.46,3.2,Diego Brandao,Dustin Poirier
111,UFC 168 - Weidman vs. Silva 2,Urijah Hall,Chris Leben,Urijah Hall,1.38,3.96,Chris Leben,Urijah Hall
112,UFC 168 - Weidman vs. Silva 2,Michael Johnson,Gleison Tibau,Michael Johnson,1.71,2.35,Gleison Tibau,Michael Johnson
113,UFC 168 - Weidman vs. Silva 2,Dennis Siver,Manny Gamburyan,Dennis Siver,1.35,3.86,Manny Gamburyan,Dennis Siver
114,UFC 168 - Weidman vs. Silva 2,John Howard,Siyar Bahadurzada,John Howard,2.4,1.69,John Howard,Siyar Bahadurzada
115,UFC 168 - Weidman vs. Silva 2,William Macario,Bobby Voelker,William Macario,2.25,1.77,William Macario,Bobby Voelker
116,UFC 168 - Weidman vs. Silva 2,Robbie Peralta,Estevan Payan,Robbie Peralta,1.61,2.65,Estevan Payan,Robbie Peralta
117,UFC Fight Night 34 - Saffiedine vs. Lim,Tarec Saffiedine,Hyun Gyu Lim,Tarec Saffiedine,1.47,3.11,Hyun Gyu Lim,Tarec Saffiedine
118,UFC Fight Night 34 - Saffiedine vs. Lim,Tatsuya Kawajiri,Sean Soriano,Tatsuya Kawajiri,1.98,2.3,Sean Soriano,Tatsuya Kawajiri
119,UFC Fight Night 34 - Saffiedine vs. Lim,Kiichi Kunimoto,Luiz Dutra,Kiichi Kunimoto,2.45,1.67,Kiichi Kunimoto,Luiz Dutra
120,UFC Fight Night 34 - Saffiedine vs. Lim,Kyung Ho Kang,Shunichi Shimizu,Kyung Ho Kang,1.33,3.95,Shunichi Shimizu,Kyung Ho Kang
121,UFC Fight Night 34 - Saffiedine vs. Lim,Max Holloway,Will Chope,Max Holloway,1.43,3.46,Will Chope,Max Holloway
122,UFC Fight Night 34 - Saffiedine vs. Lim,Katsunori Kikuno,Quinn Mulhern,Katsunori Kikuno,1.61,2.7,Quinn Mulhern,Katsunori Kikuno
123,UFC Fight Night 34 - Saffiedine vs. Lim,Royston Wee,Dave Galera,Royston Wee,2.75,1.57,Royston Wee,Dave Galera
124,UFC Fight Night 34 - Saffiedine vs. Lim,Mairbek Taisumov,Tae Hyun Bang,Mairbek Taisumov,1.31,4.2,Tae Hyun Bang,Mairbek Taisumov
125,UFC Fight Night 34 - Saffiedine vs. Lim,Dustin Kimura,Jon delos Reyes,Dustin Kimura,1.36,4.25,Jon delos Reyes,Dustin Kimura
126,UFC Fight Night 34 - Saffiedine vs. Lim,Russell Doane,Leandro Issa,Russell Doane,2.15,1.83,Russell Doane,Leandro Issa
127,UFC Fight Night 35 - Rockhold vs. Philippou,Luke Rockhold,Costas Philippou,Luke Rockhold,1.29,4.6,Costas Philippou,Luke Rockhold
128,UFC Fight Night 35 - Rockhold vs. Philippou,Brad Tavares,Lorenz Larkin,Brad Tavares,3.4,1.43,Brad Tavares,Lorenz Larkin
129,UFC Fight Night 35 - Rockhold vs. Philippou,T.J. Dillashaw,Mike Easton,T.J. Dillashaw,1.36,3.79,Mike Easton,T.J. Dillashaw
130,UFC Fight Night 35 - Rockhold vs. Philippou,Yoel Romero,Derek Brunson,Yoel Romero,1.51,3.14,Derek Brunson,Yoel Romero
131,UFC Fight Night 35 - Rockhold vs. Philippou,John Moraga,Dustin Ortiz,John Moraga,1.48,3.59,Dustin Ortiz,John Moraga
132,UFC Fight Night 35 - Rockhold vs. Philippou,Cole Miller,Sam Sicilia,Cole Miller,1.87,2.24,Sam Sicilia,Cole Miller
133,UFC Fight Night 35 - Rockhold vs. Philippou,Ramsey Nijem,Justin Edwards,Ramsey Nijem,1.69,2.5,Justin Edwards,Ramsey Nijem
134,UFC Fight Night 35 - Rockhold vs. Philippou,Elias Silverio,Isaac Vallie-Flagg,Elias Silverio,1.65,2.65,Isaac Vallie-Flagg,Elias Silverio
135,UFC Fight Night 35 - Rockhold vs. Philippou,Trevor Smith,Brian Houston,Trevor Smith,2.28,1.77,Trevor Smith,Brian Houston
136,UFC Fight Night 35 - Rockhold vs. Philippou,Louis Smolka,Alptekin Ozkilic,Louis Smolka,3.75,1.37,Louis Smolka,Alptekin Ozkilic
137,UFC Fight Night 35 - Rockhold vs. Philippou,Vinc Pichel,Garett Whiteley,Vinc Pichel,1.68,2.4,Garett Whiteley,Vinc Pichel
138,UFC Fight Night 35 - Rockhold vs. Philippou,Beneil Dariush,Charlie Brenneman,Beneil Dariush,2.85,1.61,Beneil Dariush,Charlie Brenneman
139,UFC on Fox 10 - Henderson vs. Thomson,Benson Henderson,Josh Thomson,Benson Henderson,1.36,3.8,Josh Thomson,Benson Henderson
140,UFC on Fox 10 - Henderson vs. Thomson,Stipe Miocic,Gabriel Gonzaga,Stipe Miocic,1.4,3.6,Gabriel Gonzaga,Stipe Miocic
141,UFC on Fox 10 - Henderson vs. Thomson,Donald Cerrone,Adriano Martins,Donald Cerrone,1.59,2.62,Adriano Martins,Donald Cerrone
142,UFC on Fox 10 - Henderson vs. Thomson,Jeremy Stephens,Darren Elkins,Jeremy Stephens,1.88,2.15,Darren Elkins,Jeremy Stephens
143,UFC on Fox 10 - Henderson vs. Thomson,Alex Caceres,Sergio Pettis,Alex Caceres,2.9,1.54,Alex Caceres,Sergio Pettis
144,UFC on Fox 10 - Henderson vs. Thomson,Eddie Wineland,Yves Jabouin,Eddie Wineland,1.24,5.26,Yves Jabouin,Eddie Wineland
145,UFC on Fox 10 - Henderson vs. Thomson,Chico Camus,Yaotzin Meza,Chico Camus,1.54,2.8,Yaotzin Meza,Chico Camus
146,UFC on Fox 10 - Henderson vs. Thomson,Hugo Viana,Ramiro Hernandez,Hugo Viana,1.31,3.93,Ramiro Hernandez,Hugo Viana
147,UFC on Fox 10 - Henderson vs. Thomson,Daron Cruickshank,Mike Rio,Daron Cruickshank,1.43,3.25,Mike Rio,Daron Cruickshank
148,UFC on Fox 10 - Henderson vs. Thomson,George Sullivan,Mike Rhodes,George Sullivan,3.55,1.4,George Sullivan,Mike Rhodes
149,UFC on Fox 10 - Henderson vs. Thomson,Nikita Krylov,Walt Harris,Nikita Krylov,4.55,1.25,Nikita Krylov,Walt Harris
150,UFC 169 - Barao vs. Faber 2,Renan Barao,Urijah Faber,Renan Barao,1.3,4.05,Urijah Faber,Renan Barao
151,UFC 169 - Barao vs. Faber 2,Jose Aldo,Ricardo Lamas,Jose Aldo,1.15,7.01,Ricardo Lamas,Jose Aldo
152,UFC 169 - Barao vs. Faber 2,Alistair Overeem,Frank Mir,Alistair Overeem,1.26,4.75,Frank Mir,Alistair Overeem
153,UFC 169 - Barao vs. Faber 2,Ali Bagautinov,John Lineker,Ali Bagautinov,1.69,2.44,John Lineker,Ali Bagautinov
154,UFC 169 - Barao vs. Faber 2,Abel Trujillo,Jamie Varner,Abel Trujillo,2.1,1.87,Abel Trujillo,Jamie Varner
155,UFC 169 - Barao vs. Faber 2,Alan Patrick,John Makdessi,Alan Patrick,2.4,1.8,Alan Patrick,John Makdessi
156,UFC 169 - Barao vs. Faber 2,Chris Cariaso,Danny Martinez,Chris Cariaso,1.61,2.71,Danny Martinez,Chris Cariaso
157,UFC 169 - Barao vs. Faber 2,Nick Catone,Tom Watson,Nick Catone,2.6,1.83,Nick Catone,Tom Watson
158,UFC 169 - Barao vs. Faber 2,Al Iaquinta,Kevin Lee,Al Iaquinta,1.67,3.1,Kevin Lee,Al Iaquinta
159,UFC 169 - Barao vs. Faber 2,Clint Hester,Andy Enz,Clint Hester,1.57,2.9,Andy Enz,Clint Hester
160,UFC 169 - Barao vs. Faber 2,Rashid Magomedov,Tony Martin,Rashid Magomedov,1.71,3.2,Tony Martin,Rashid Magomedov
161,UFC 169 - Barao vs. Faber 2,Neil Magny,Gasan Umalatov,Neil Magny,2.65,1.69,Neil Magny,Gasan Umalatov
162,UFC Fight Night 36 - Machida vs. Mousasi,Lyoto Machida,Gegard Mousasi,Lyoto Machida,1.5,3,Gegard Mousasi,Lyoto Machida
163,UFC Fight Night 36 - Machida vs. Mousasi,Ronaldo Souza,Francis Carmont,Ronaldo Souza,1.21,5.5,Francis Carmont,Ronaldo Souza
164,UFC Fight Night 36 - Machida vs. Mousasi,Erick Silva,Takenori Sato,Erick Silva,1.09,10.01,Takenori Sato,Erick Silva
165,UFC Fight Night 36 - Machida vs. Mousasi,Nico Musoke,Viscardi Andrade,Nico Musoke,2.31,1.74,Nico Musoke,Viscardi Andrade
166,UFC Fight Night 36 - Machida vs. Mousasi,Charles Oliveira,Andy Ogle,Charles Oliveira,1.14,7.38,Andy Ogle,Charles Oliveira
167,UFC Fight Night 36 - Machida vs. Mousasi,Joe Proctor,Cristiano Marcello,Joe Proctor,1.43,3.3,Cristiano Marcello,Joe Proctor
168,UFC Fight Night 36 - Machida vs. Mousasi,Rodrigo Damm,Ivan Jorge,Rodrigo Damm,2.55,1.68,Rodrigo Damm,Ivan Jorge
169,UFC Fight Night 36 - Machida vs. Mousasi,Francisco Trinaldo,Jesse Ronson,Francisco Trinaldo,1.65,2.55,Jesse Ronson,Francisco Trinaldo
170,UFC Fight Night 36 - Machida vs. Mousasi,Yuri Alcantara,Wilson Reis,Yuri Alcantara,1.48,3.2,Wilson Reis,Yuri Alcantara
171,UFC Fight Night 36 - Machida vs. Mousasi,Felipe Arantes,Maximo Blanco,Felipe Arantes,2,2.2,Maximo Blanco,Felipe Arantes
172,UFC Fight Night 36 - Machida vs. Mousasi,Ildemar Alcantara,Albert Tumenov,Ildemar Alcantara,3.05,1.48,Ildemar Alcantara,Albert Tumenov
173,UFC Fight Night 36 - Machida vs. Mousasi,Zubaira Tukhugov,Douglas Silva de Andrade,Zubaira Tukhugov,1.95,2.04,Douglas Silva de Andrade,Zubaira Tukhugov
174,UFC Fight Night 38 - Shogun vs. Henderson 2,Dan Henderson,Mauricio Rua,Dan Henderson,2.55,1.65,Dan Henderson,Mauricio Rua
175,UFC Fight Night 38 - Shogun vs. Henderson 2,C.B. Dollaway,Cezar Ferreira,C.B. Dollaway,4.58,1.3,C.B. Dollaway,Cezar Ferreira
176,UFC Fight Night 38 - Shogun vs. Henderson 2,Fabio Maldonado,Gian Villante,Fabio Maldonado,3.85,1.57,Fabio Maldonado,Gian Villante
177,UFC Fight Night 38 - Shogun vs. Henderson 2,Michel Prazeres,Mairbek Taisumov,Michel Prazeres,3.85,1.32,Michel Prazeres,Mairbek Taisumov
178,UFC Fight Night 38 - Shogun vs. Henderson 2,Rony Jason,Steven Siler,Rony Jason,1.56,2.7,Steven Siler,Rony Jason
179,UFC Fight Night 38 - Shogun vs. Henderson 2,Thiago Santos,Ronny Markes,Thiago Santos,7.6,1.13,Thiago Santos,Ronny Markes
180,UFC Fight Night 38 - Shogun vs. Henderson 2,Jussier Formiga,Scott Jorgensen,Jussier Formiga,2.75,1.54,Jussier Formiga,Scott Jorgensen
181,UFC Fight Night 38 - Shogun vs. Henderson 2,Kenny Robertson,Thiago de Oliveira Perpetuo,Kenny Robertson,2.27,1.77,Kenny Robertson,Thiago de Oliveira Perpetuo
182,UFC Fight Night 38 - Shogun vs. Henderson 2,Hans Stringer,Francimar Barroso,Hans Stringer,2.27,1.77,Hans Stringer,Francimar Barroso
183,UFC Fight Night 38 - Shogun vs. Henderson 2,Godofredo Pepey,Noad Lahat,Godofredo Pepey,3.85,1.36,Godofredo Pepey,Noad Lahat
184,UFC - The Ultimate Fighter Nations Finale,Tim Kennedy,Michael Bisping,Tim Kennedy,2.85,1.5,Tim Kennedy,Michael Bisping
185,UFC - The Ultimate Fighter Nations Finale,Patrick Cote,Kyle Noke,Patrick Cote,2.85,1.52,Patrick Cote,Kyle Noke
186,UFC - The Ultimate Fighter Nations Finale,Elias Theodorou,Sheldon Westcott,Elias Theodorou,1.57,2.81,Sheldon Westcott,Elias Theodorou
187,UFC - The Ultimate Fighter Nations Finale,Chad Laprise,Olivier Aubin-Mercier,Chad Laprise,2.45,1.67,Chad Laprise,Olivier Aubin-Mercier
188,UFC - The Ultimate Fighter Nations Finale,Dustin Poirier,Akira Corassani,Dustin Poirier,1.1,9.5,Akira Corassani,Dustin Poirier
189,UFC - The Ultimate Fighter Nations Finale,K.J. Noons,Sam Stout,K.J. Noons,2.04,1.99,K.J. Noons,Sam Stout
190,UFC - The Ultimate Fighter Nations Finale,Sarah Kaufman,Leslie Smith,Sarah Kaufman,1.4,3.45,Leslie Smith,Sarah Kaufman
191,UFC - The Ultimate Fighter Nations Finale,Ryan Jimmo,Sean O'Connell,Ryan Jimmo,1.17,7.15,Sean O'Connell,Ryan Jimmo
192,UFC - The Ultimate Fighter Nations Finale,George Roop,Dustin Kimura,George Roop,1.71,2.51,Dustin Kimura,George Roop
193,UFC - The Ultimate Fighter Nations Finale,Mark Bocek,Mike de la Torre,Mark Bocek,1.16,6.7,Mike de la Torre,Mark Bocek
194,UFC - The Ultimate Fighter Nations Finale,Nordine Taleb,Vik Grujic,Nordine Taleb,1.43,3.18,Vik Grujic,Nordine Taleb
195,UFC - The Ultimate Fighter Nations Finale,Richard Walsh,Chris Indich,Richard Walsh,1.44,3.17,Chris Indich,Richard Walsh
196,UFC - The Ultimate Fighter Nations Finale,Mitch Gagnon,Tim Gorman,Mitch Gagnon,1.32,3.9,Tim Gorman,Mitch Gagnon
197,UFC on Fox 11 - Werdum vs. Browne,Fabricio Werdum,Travis Browne,Fabricio Werdum,3.15,1.45,Fabricio Werdum,Travis Browne
198,UFC on Fox 11 - Werdum vs. Browne,Miesha Tate,Liz Carmouche,Miesha Tate,1.56,2.81,Liz Carmouche,Miesha Tate
199,UFC on Fox 11 - Werdum vs. Browne,Donald Cerrone,Edson Barboza,Donald Cerrone,2.62,1.71,Donald Cerrone,Edson Barboza
200,UFC on Fox 11 - Werdum vs. Browne,Yoel Romero,Brad Tavares,Yoel Romero,2.36,1.72,Yoel Romero,Brad Tavares
201,UFC on Fox 11 - Werdum vs. Browne,Khabib Nurmagomedov,Rafael dos Anjos,Khabib Nurmagomedov,1.36,3.75,Rafael dos Anjos,Khabib Nurmagomedov
202,UFC on Fox 11 - Werdum vs. Browne,Thiago Alves,Seth Baczynski,Thiago Alves,1.24,5.23,Seth Baczynski,Thiago Alves
203,UFC on Fox 11 - Werdum vs. Browne,Jorge Masvidal,Pat Healy,Jorge Masvidal,1.38,3.48,Pat Healy,Jorge Masvidal
204,UFC on Fox 11 - Werdum vs. Browne,Alex White,Estevan Payan,Alex White,2.3,1.87,Alex White,Estevan Payan
205,UFC on Fox 11 - Werdum vs. Browne,Caio Magalhaes,Luke Zachrich,Caio Magalhaes,1.35,3.86,Luke Zachrich,Caio Magalhaes
206,UFC on Fox 11 - Werdum vs. Browne,Jordan Mein,Hernani Perpetuo,Jordan Mein,1.24,4.75,Hernani Perpetuo,Jordan Mein
207,UFC on Fox 11 - Werdum vs. Browne,Dustin Ortiz,Ray Borg,Dustin Ortiz,1.67,2.5,Ray Borg,Dustin Ortiz
208,UFC on Fox 11 - Werdum vs. Browne,Mirsad Bektic,Chas Skelly,Mirsad Bektic,1.74,2.3,Chas Skelly,Mirsad Bektic
209,UFC on Fox 11 - Werdum vs. Browne,Derrick Lewis,Jack May,Derrick Lewis,1.34,3.6,Jack May,Derrick Lewis
210,UFC 172 - Jones vs. Teixeira,Jon Jones,Glover Teixeira,Jon Jones,1.24,5.05,Glover Teixeira,Jon Jones
211,UFC 172 - Jones vs. Teixeira,Anthony Johnson,Phil Davis,Anthony Johnson,3.2,1.47,Anthony Johnson,Phil Davis
212,UFC 172 - Jones vs. Teixeira,Luke Rockhold,Tim Boetsch,Luke Rockhold,1.14,9,Tim Boetsch,Luke Rockhold
213,UFC 172 - Jones vs. Teixeira,Jim Miller,Yancy Medeiros,Jim Miller,1.65,2.8,Yancy Medeiros,Jim Miller
214,UFC 172 - Jones vs. Teixeira,Max Holloway,Andre Fili,Max Holloway,2.25,1.77,Max Holloway,Andre Fili
215,UFC 172 - Jones vs. Teixeira,Joseph Benavidez,Tim Elliott,Joseph Benavidez,1.24,5,Tim Elliott,Joseph Benavidez
216,UFC 172 - Jones vs. Teixeira,Takanori Gomi,Isaac Vallie-Flagg,Takanori Gomi,1.67,2.53,Isaac Vallie-Flagg,Takanori Gomi
217,UFC 172 - Jones vs. Teixeira,Bethe Correia,Jessamyn Duke,Bethe Correia,2.25,1.83,Bethe Correia,Jessamyn Duke
218,UFC 172 - Jones vs. Teixeira,Danny Castillo,Charlie Brenneman,Danny Castillo,1.29,4.2,Charlie Brenneman,Danny Castillo
219,UFC 172 - Jones vs. Teixeira,Chris Beal,Patrick Williams,Chris Beal,1.91,2.21,Patrick Williams,Chris Beal
220,UFC Fight Night 40 - Brown vs. Silva,Matt Brown,Erick Silva,Matt Brown,3.1,1.56,Matt Brown,Erick Silva
221,UFC Fight Night 40 - Brown vs. Silva,Costas Philippou,Lorenz Larkin,Costas Philippou,3.25,1.64,Costas Philippou,Lorenz Larkin
222,UFC Fight Night 40 - Brown vs. Silva,Daron Cruickshank,Erik Koch,Daron Cruickshank,4.05,1.34,Daron Cruickshank,Erik Koch
223,UFC Fight Night 40 - Brown vs. Silva,Neil Magny,Tim Means,Neil Magny,1.36,3.85,Tim Means,Neil Magny
224,UFC Fight Night 40 - Brown vs. Silva,Soa Palelei,Ruan Potts,Soa Palelei,1.33,3.95,Ruan Potts,Soa Palelei
225,UFC Fight Night 40 - Brown vs. Silva,Chris Cariaso,Louis Smolka,Chris Cariaso,2.36,1.69,Chris Cariaso,Louis Smolka
226,UFC Fight Night 40 - Brown vs. Silva,Ed Herman,Rafael Natal,Ed Herman,2.75,1.69,Ed Herman,Rafael Natal
227,UFC Fight Night 40 - Brown vs. Silva,Kyoji Horiguchi,Darrell Montague,Kyoji Horiguchi,1.52,2.9,Darrell Montague,Kyoji Horiguchi
228,UFC Fight Night 40 - Brown vs. Silva,Zak Cummings,Yan Cabral,Zak Cummings,5.75,1.19,Zak Cummings,Yan Cabral
229,UFC Fight Night 40 - Brown vs. Silva,Johnny Eduardo,Eddie Wineland,Johnny Eduardo,8.35,1.13,Johnny Eduardo,Eddie Wineland
230,UFC Fight Night 40 - Brown vs. Silva,Nik Lentz,Manny Gamburyan,Nik Lentz,1.21,5.6,Manny Gamburyan,Nik Lentz
231,UFC Fight Night 40 - Brown vs. Silva,Justin Salas,Ben Wall,Justin Salas,1.36,3.6,Ben Wall,Justin Salas
232,UFC Fight Night 40 - Brown vs. Silva,Albert Tumenov,Anthony Lapsley,Albert Tumenov,1.4,3.45,Anthony Lapsley,Albert Tumenov
233,UFC Fight Night 42 - Henderson vs. Khabilov,Benson Henderson,Rustam Khabilov,Benson Henderson,1.46,3.17,Rustam Khabilov,Benson Henderson
234,UFC Fight Night 42 - Henderson vs. Khabilov,Diego Sanchez,Ross Pearson,Diego Sanchez,2.4,1.77,Diego Sanchez,Ross Pearson
235,UFC Fight Night 42 - Henderson vs. Khabilov,John Dodson,John Moraga,John Dodson,1.2,5.8,John Moraga,John Dodson
236,UFC Fight Night 42 - Henderson vs. Khabilov,Rafael dos Anjos,Jason High,Rafael dos Anjos,1.38,3.55,Jason High,Rafael dos Anjos
237,UFC Fight Night 42 - Henderson vs. Khabilov,Piotr Hallmann,Yves Edwards,Piotr Hallmann,1.65,2.5,Yves Edwards,Piotr Hallmann
238,UFC Fight Night 42 - Henderson vs. Khabilov,Bryan Caraway,Erik Perez,Bryan Caraway,2.15,1.83,Bryan Caraway,Erik Perez
239,UFC Fight Night 42 - Henderson vs. Khabilov,Sergio Pettis,Yaotzin Meza,Sergio Pettis,1.18,6.4,Yaotzin Meza,Sergio Pettis
240,UFC Fight Night 42 - Henderson vs. Khabilov,Lance Benoist,Bobby Voelker,Lance Benoist,2,1.95,Lance Benoist,Bobby Voelker
241,UFC Fight Night 42 - Henderson vs. Khabilov,Scott Jorgensen,Danny Martinez,Scott Jorgensen,1.42,3.25,Danny Martinez,Scott Jorgensen
242,UFC Fight Night 42 - Henderson vs. Khabilov,Jon Tuck,Jake Lindsey,Jon Tuck,1.67,2.44,Jake Lindsey,Jon Tuck
243,UFC Fight Night 42 - Henderson vs. Khabilov,Patrick Cummins,Roger Narvaez,Patrick Cummins,1.32,3.85,Roger Narvaez,Patrick Cummins
244,UFC 174 - Johnson vs. Bagautinov,Demetrious Johnson,Ali Bagautinov,Demetrious Johnson,1.18,6.6,Ali Bagautinov,Demetrious Johnson
245,UFC 174 - Johnson vs. Bagautinov,Rory MacDonald,Tyron Woodley,Rory MacDonald,1.95,2.05,Tyron Woodley,Rory MacDonald
246,UFC 174 - Johnson vs. Bagautinov,Ryan Bader,Rafael Cavalcante,Ryan Bader,1.63,2.55,Rafael Cavalcante,Ryan Bader
247,UFC 174 - Johnson vs. Bagautinov,Andrei Arlovski,Brendan Schaub,Andrei Arlovski,2.4,1.71,Andrei Arlovski,Brendan Schaub
248,UFC 174 - Johnson vs. Bagautinov,Ovince St Preux,Ryan Jimmo,Ovince St Preux,1.62,2.6,Ryan Jimmo,Ovince St Preux
249,UFC 174 - Johnson vs. Bagautinov,Kiichi Kunimoto,Daniel Sarafian,Kiichi Kunimoto,5.15,1.22,Kiichi Kunimoto,Daniel Sarafian
250,UFC 174 - Johnson vs. Bagautinov,Valerie Letourneau,Elizabeth Phillips,Valerie Letourneau,2.25,1.83,Valerie Letourneau,Elizabeth Phillips
251,UFC 174 - Johnson vs. Bagautinov,Yves Jabouin,Mike Easton,Yves Jabouin,3,1.47,Yves Jabouin,Mike Easton
252,UFC 174 - Johnson vs. Bagautinov,Tae Hyun Bang,Kajan Johnson,Tae Hyun Bang,2.7,1.56,Tae Hyun Bang,Kajan Johnson
253,UFC 174 - Johnson vs. Bagautinov,Michinori Tanaka,Roland Delorme,Michinori Tanaka,1.67,2.4,Roland Delorme,Michinori Tanaka
254,UFC 174 - Johnson vs. Bagautinov,Jason Saggo,Josh Shockley,Jason Saggo,2,1.95,Jason Saggo,Josh Shockley
255,UFC Fight Night 44 - Swanson vs. Stephens,Cub Swanson,Jeremy Stephens,Cub Swanson,1.47,3.07,Jeremy Stephens,Cub Swanson
256,UFC Fight Night 44 - Swanson vs. Stephens,Kelvin Gastelum,Nico Musoke,Kelvin Gastelum,1.36,3.9,Nico Musoke,Kelvin Gastelum
257,UFC Fight Night 44 - Swanson vs. Stephens,Cezar Ferreira,Andrew Craig,Cezar Ferreira,1.38,3.9,Andrew Craig,Cezar Ferreira
258,UFC Fight Night 44 - Swanson vs. Stephens,Ricardo Lamas,Hacran Dias,Ricardo Lamas,1.4,3.48,Hacran Dias,Ricardo Lamas
259,UFC Fight Night 44 - Swanson vs. Stephens,Clint Hester,Antonio Braga Neto,Clint Hester,2.45,1.67,Clint Hester,Antonio Braga Neto
260,UFC Fight Night 44 - Swanson vs. Stephens,Joe Ellenberger,James Moontasri,Joe Ellenberger,1.57,2.8,James Moontasri,Joe Ellenberger
261,UFC Fight Night 44 - Swanson vs. Stephens,Carlos Diego Ferreira,Colton Smith,Carlos Diego Ferreira,1.54,2.75,Colton Smith,Carlos Diego Ferreira
262,UFC Fight Night 44 - Swanson vs. Stephens,Cody Gibson,Johnny Bedford,Cody Gibson,2.77,1.59,Cody Gibson,Johnny Bedford
263,UFC Fight Night 44 - Swanson vs. Stephens,Marcelo Guimaraes,Andy Enz,Marcelo Guimaraes,2.95,1.53,Marcelo Guimaraes,Andy Enz
264,UFC Fight Night 44 - Swanson vs. Stephens,Ray Borg,Shane Howell,Ray Borg,1.24,5.1,Shane Howell,Ray Borg
265,UFC Fight Night 44 - Swanson vs. Stephens,Aleksei Oleinik,Anthony Hamilton,Aleksei Oleinik,1.73,2.3,Anthony Hamilton,Aleksei Oleinik
266,UFC Fight Night 46 - McGregor vs. Brandao,Conor McGregor,Diego Brandao,Conor McGregor,1.18,6.6,Diego Brandao,Conor McGregor
267,UFC Fight Night 46 - McGregor vs. Brandao,Gunnar Nelson,Zak Cummings,Gunnar Nelson,1.16,7.6,Zak Cummings,Gunnar Nelson
268,UFC Fight Night 46 - McGregor vs. Brandao,Ian McCall,Brad Pickett,Ian McCall,1.67,2.5,Brad Pickett,Ian McCall
269,UFC Fight Night 46 - McGregor vs. Brandao,Norman Parke,Naoyuki Kotani,Norman Parke,1.25,5.15,Naoyuki Kotani,Norman Parke
270,UFC Fight Night 46 - McGregor vs. Brandao,Ilir Latifi,Chris Dempsey,Ilir Latifi,1.38,3.65,Chris Dempsey,Ilir Latifi
271,UFC Fight Night 46 - McGregor vs. Brandao,Neil Seery,Phil Harris,Neil Seery,1.65,2.45,Phil Harris,Neil Seery
272,UFC Fight Night 46 - McGregor vs. Brandao,Cathal Pendred,Mike King,Cathal Pendred,1.77,2.3,Mike King,Cathal Pendred
273,UFC Fight Night 46 - McGregor vs. Brandao,Trevor Smith,Tor Troeng,Trevor Smith,2.45,1.65,Trevor Smith,Tor Troeng
274,UFC Fight Night 46 - McGregor vs. Brandao,Nikita Krylov,Cody Donovan,Nikita Krylov,1.87,2.2,Cody Donovan,Nikita Krylov
275,UFC Fight Night 46 - McGregor vs. Brandao,Patrick Holohan,Josh Sampo,Patrick Holohan,3.25,1.44,Patrick Holohan,Josh Sampo
276,UFC on Fox 12 - Lawler vs. Brown,Robbie Lawler,Matt Brown,Robbie Lawler,1.35,5,Matt Brown,Robbie Lawler
277,UFC on Fox 12 - Lawler vs. Brown,Anthony Johnson,Rogerio Nogueira,Anthony Johnson,1.17,6.4,Rogerio Nogueira,Anthony Johnson
278,UFC on Fox 12 - Lawler vs. Brown,Dennis Bermudez,Clay Guida,Dennis Bermudez,1.62,2.85,Clay Guida,Dennis Bermudez
279,UFC on Fox 12 - Lawler vs. Brown,Bobby Green,Josh Thomson,Bobby Green,4.45,1.31,Bobby Green,Josh Thomson
280,UFC on Fox 12 - Lawler vs. Brown,Jorge Masvidal,Daron Cruickshank,Jorge Masvidal,1.47,3.15,Daron Cruickshank,Jorge Masvidal
281,UFC on Fox 12 - Lawler vs. Brown,Patrick Cummins,Kyle Kingsbury,Patrick Cummins,1.5,3.05,Kyle Kingsbury,Patrick Cummins
282,UFC on Fox 12 - Lawler vs. Brown,Tim Means,Hernani Perpetuo,Tim Means,1.56,3,Hernani Perpetuo,Tim Means
283,UFC on Fox 12 - Lawler vs. Brown,Brian Ortega,Mike de la Torre,Brian Ortega,1.59,2.81,Mike de la Torre,Brian Ortega
284,UFC on Fox 12 - Lawler vs. Brown,Tiago Trator,Akbarh Arreola,Tiago Trator,1.4,3.75,Akbarh Arreola,Tiago Trator
285,UFC on Fox 12 - Lawler vs. Brown,Gilbert Burns,Andreas Stahl,Gilbert Burns,1.69,2.47,Andreas Stahl,Gilbert Burns
286,UFC on Fox 12 - Lawler vs. Brown,Joanna Jedrzejczyk,Juliana Lima,Joanna Jedrzejczyk,1.32,3.85,Juliana Lima,Joanna Jedrzejczyk
287,UFC on Fox 12 - Lawler vs. Brown,Noad Lahat,Steven Siler,Noad Lahat,3.07,1.48,Noad Lahat,Steven Siler
288,UFC Fight Night 48 - Bisping vs. Le,Michael Bisping,Cung Le,Michael Bisping,1.43,3.55,Cung Le,Michael Bisping
289,UFC Fight Night 48 - Bisping vs. Le,Tyron Woodley,Dong Hyun Kim,Tyron Woodley,1.55,2.9,Dong Hyun Kim,Tyron Woodley
290,UFC Fight Night 48 - Bisping vs. Le,Zhang Lipeng,Brendan O'Reilly,Zhang Lipeng,2.4,1.79,Zhang Lipeng,Brendan O'Reilly
291,UFC Fight Night 48 - Bisping vs. Le,Ning Guangyou,Yang Jianping,Ning Guangyou,3.07,1.5,Ning Guangyou,Yang Jianping
292,UFC Fight Night 48 - Bisping vs. Le,Wang Sai,Danny Mitchell,Wang Sai,2.84,1.53,Wang Sai,Danny Mitchell
293,UFC Fight Night 48 - Bisping vs. Le,Alberto Mina,Shinsho Anzai,Alberto Mina,1.45,3.31,Shinsho Anzai,Alberto Mina
294,UFC Fight Night 48 - Bisping vs. Le,Yuta Sasaki,Roland Delorme,Yuta Sasaki,1.71,2.35,Roland Delorme,Yuta Sasaki
295,UFC Fight Night 48 - Bisping vs. Le,Colby Covington,Wang Anying,Colby Covington,1.24,5.2,Wang Anying,Colby Covington
296,UFC Fight Night 48 - Bisping vs. Le,Royston Wee,Zhuikui Yao,Royston Wee,1.45,3.4,Zhuikui Yao,Royston Wee
297,UFC Fight Night 48 - Bisping vs. Le,Milana Dudieva,Elizabeth Phillips,Milana Dudieva,1.71,2.33,Elizabeth Phillips,Milana Dudieva
298,UFC 177 - Dillashaw vs. Soto,T.J. Dillashaw,Joe Soto,T.J. Dillashaw,1.1,10,Joe Soto,T.J. Dillashaw
299,UFC 177 - Dillashaw vs. Soto,Tony Ferguson,Danny Castillo,Tony Ferguson,1.42,3.45,Danny Castillo,Tony Ferguson
300,UFC 177 - Dillashaw vs. Soto,Bethe Correia,Shayna Baszler,Bethe Correia,1.7,2.4,Shayna Baszler,Bethe Correia
301,UFC 177 - Dillashaw vs. Soto,Carlos Diego Ferreira,Ramsey Nijem,Carlos Diego Ferreira,1.56,2.7,Ramsey Nijem,Carlos Diego Ferreira
302,UFC 177 - Dillashaw vs. Soto,Yancy Medeiros,Damon Jackson,Yancy Medeiros,1.95,2.05,Damon Jackson,Yancy Medeiros
303,UFC 177 - Dillashaw vs. Soto,Derek Brunson,Lorenz Larkin,Derek Brunson,1.61,2.65,Lorenz Larkin,Derek Brunson
304,UFC 177 - Dillashaw vs. Soto,Anthony Hamilton,Ruan Potts,Anthony Hamilton,1.45,3.05,Ruan Potts,Anthony Hamilton
305,UFC 177 - Dillashaw vs. Soto,Chris Wade,Cain Carrizosa,Chris Wade,1.71,2.38,Cain Carrizosa,Chris Wade
306,UFC Fight Night 51 - Bigfoot vs. Arlovski 2,Andrei Arlovski,Antonio Silva,Andrei Arlovski,4.8,1.24,Andrei Arlovski,Antonio Silva
307,UFC Fight Night 51 - Bigfoot vs. Arlovski 2,Gleison Tibau,Piotr Hallmann,Gleison Tibau,1.43,3.5,Piotr Hallmann,Gleison Tibau
308,UFC Fight Night 51 - Bigfoot vs. Arlovski 2,Leonardo Santos,Efrain Escudero,Leonardo Santos,1.48,3.25,Efrain Escudero,Leonardo Santos
309,UFC Fight Night 51 - Bigfoot vs. Arlovski 2,Santiago Ponzinibbio,Wendell Oliveira,Santiago Ponzinibbio,1.95,2,Wendell Oliveira,Santiago Ponzinibbio
310,UFC Fight Night 51 - Bigfoot vs. Arlovski 2,Yuri Alcantara,Russell Doane,Yuri Alcantara,1.32,3.85,Russell Doane,Yuri Alcantara
311,UFC Fight Night 51 - Bigfoot vs. Arlovski 2,Jessica Andrade,Larissa Pacheco,Jessica Andrade,1.91,2.05,Larissa Pacheco,Jessica Andrade
312,UFC Fight Night 51 - Bigfoot vs. Arlovski 2,Godofredo Pepey,Dashon Johnson,Godofredo Pepey,1.77,2.25,Dashon Johnson,Godofredo Pepey
313,UFC Fight Night 51 - Bigfoot vs. Arlovski 2,George Sullivan,Igor Araujo,George Sullivan,2.35,1.77,George Sullivan,Igor Araujo
314,UFC Fight Night 51 - Bigfoot vs. Arlovski 2,Francisco Trinaldo,Leandro Silva,Francisco Trinaldo,1.57,2.71,Leandro Silva,Francisco Trinaldo
315,UFC Fight Night 51 - Bigfoot vs. Arlovski 2,Sean Spencer,Paulo Thiago,Sean Spencer,1.5,3.15,Paulo Thiago,Sean Spencer
316,UFC Fight Night 51 - Bigfoot vs. Arlovski 2,Rani Yahya,Johnny Bedford,Rani Yahya,2.25,1.8,Rani Yahya,Johnny Bedford
317,UFC Fight Night 52 - Hunt vs. Nelson,Mark Hunt,Roy Nelson,Mark Hunt,2.1,2.14,Roy Nelson,Mark Hunt
318,UFC Fight Night 52 - Hunt vs. Nelson,Myles Jury,Takanori Gomi,Myles Jury,1.18,6.05,Takanori Gomi,Myles Jury
319,UFC Fight Night 52 - Hunt vs. Nelson,Yoshihiro Akiyama,Amir Sadollah,Yoshihiro Akiyama,1.65,2.77,Amir Sadollah,Yoshihiro Akiyama
320,UFC Fight Night 52 - Hunt vs. Nelson,Miesha Tate,Rin Nakai,Miesha Tate,1.34,3.9,Rin Nakai,Miesha Tate
321,UFC Fight Night 52 - Hunt vs. Nelson,Kiichi Kunimoto,Richard Walsh,Kiichi Kunimoto,1.43,3.15,Richard Walsh,Kiichi Kunimoto
322,UFC Fight Night 52 - Hunt vs. Nelson,Kyoji Horiguchi,Jon delos Reyes,Kyoji Horiguchi,1.17,6.5,Jon delos Reyes,Kyoji Horiguchi
323,UFC Fight Night 52 - Hunt vs. Nelson,Masanori Kanehara,Alex Caceres,Masanori Kanehara,3.65,1.35,Masanori Kanehara,Alex Caceres
324,UFC Fight Night 52 - Hunt vs. Nelson,Katsunori Kikuno,Sam Sicilia,Katsunori Kikuno,1.72,2.35,Sam Sicilia,Katsunori Kikuno
325,UFC Fight Night 52 - Hunt vs. Nelson,Hyun Gyu Lim,Takenori Sato,Hyun Gyu Lim,1.17,6.55,Takenori Sato,Hyun Gyu Lim
326,UFC Fight Night 52 - Hunt vs. Nelson,Kyung Ho Kang,Michinori Tanaka,Kyung Ho Kang,2.47,1.67,Kyung Ho Kang,Michinori Tanaka
327,UFC Fight Night 52 - Hunt vs. Nelson,Johnny Case,Kazuki Tokudome,Johnny Case,2.28,1.77,Johnny Case,Kazuki Tokudome
328,UFC Fight Night 52 - Hunt vs. Nelson,Maximo Blanco,Daniel Hooker,Maximo Blanco,1.75,2.35,Daniel Hooker,Maximo Blanco
329,UFC 178 - Johnson vs. Cariaso,Demetrious Johnson,Chris Cariaso,Demetrious Johnson,1.07,12.5,Chris Cariaso,Demetrious Johnson
330,UFC 178 - Johnson vs. Cariaso,Donald Cerrone,Eddie Alvarez,Donald Cerrone,1.75,2.25,Eddie Alvarez,Donald Cerrone
331,UFC 178 - Johnson vs. Cariaso,Conor McGregor,Dustin Poirier,Conor McGregor,1.44,3.4,Dustin Poirier,Conor McGregor
332,UFC 178 - Johnson vs. Cariaso,Yoel Romero,Tim Kennedy,Yoel Romero,2.23,2.01,Yoel Romero,Tim Kennedy
333,UFC 178 - Johnson vs. Cariaso,Cat Zingano,Amanda Nunes,Cat Zingano,1.48,2.97,Amanda Nunes,Cat Zingano
334,UFC 178 - Johnson vs. Cariaso,Dominick Cruz,Takeya Mizugaki,Dominick Cruz,1.21,5.75,Takeya Mizugaki,Dominick Cruz
335,UFC 178 - Johnson vs. Cariaso,Jorge Masvidal,James Krause,Jorge Masvidal,1.33,3.95,James Krause,Jorge Masvidal
336,UFC 178 - Johnson vs. Cariaso,Stephen Thompson,Patrick Cote,Stephen Thompson,1.29,4.4,Patrick Cote,Stephen Thompson
337,UFC 178 - Johnson vs. Cariaso,Brian Ebersole,John Howard,Brian Ebersole,3.2,1.5,Brian Ebersole,John Howard
338,UFC 178 - Johnson vs. Cariaso,Kevin Lee,Jon Tuck,Kevin Lee,1.44,3.2,Jon Tuck,Kevin Lee
339,UFC 178 - Johnson vs. Cariaso,Manny Gamburyan,Cody Gibson,Manny Gamburyan,2.55,1.65,Manny Gamburyan,Cody Gibson
340,UFC Fight Night 53 - Nelson vs. Story,Rick Story,Gunnar Nelson,Rick Story,4.29,1.29,Rick Story,Gunnar Nelson
341,UFC Fight Night 53 - Nelson vs. Story,Max Holloway,Akira Corassani,Max Holloway,1.19,5.8,Akira Corassani,Max Holloway
342,UFC Fight Night 53 - Nelson vs. Story,Jan Blachowicz,Ilir Latifi,Jan Blachowicz,3.51,1.38,Jan Blachowicz,Ilir Latifi
343,UFC Fight Night 53 - Nelson vs. Story,Mike Wilkinson,Niklas Backstrom,Mike Wilkinson,8.02,1.14,Mike Wilkinson,Niklas Backstrom
344,UFC Fight Night 53 - Nelson vs. Story,Magnus Cedenblad,Scott Askham,Magnus Cedenblad,1.83,2.25,Scott Askham,Magnus Cedenblad
345,UFC Fight Night 53 - Nelson vs. Story,Nico Musoke,Alexander Yakovlev,Nico Musoke,1.5,3.01,Alexander Yakovlev,Nico Musoke
346,UFC Fight Night 53 - Nelson vs. Story,Dennis Siver,Charles Rosa,Dennis Siver,1.4,3.71,Charles Rosa,Dennis Siver
347,UFC Fight Night 53 - Nelson vs. Story,Cathal Pendred,Gasan Umalatov,Cathal Pendred,1.71,2.38,Gasan Umalatov,Cathal Pendred
348,UFC Fight Night 53 - Nelson vs. Story,Krzysztof Jotko,Tor Troeng,Krzysztof Jotko,1.83,2.3,Tor Troeng,Krzysztof Jotko
349,UFC Fight Night 53 - Nelson vs. Story,Mairbek Taisumov,Marcin Bandel,Mairbek Taisumov,1.67,2.5,Marcin Bandel,Mairbek Taisumov
350,UFC Fight Night 53 - Nelson vs. Story,Zubaira Tukhugov,Ernest Chavez,Zubaira Tukhugov,1.4,3.48,Ernest Chavez,Zubaira Tukhugov
351,UFC Fight Night - Rockhold vs. Bisping,Michael Bisping,Luke Rockhold,Luke Rockhold,4.76,1.23,Michael Bisping,Luke Rockhold
352,UFC Fight Night - Rockhold vs. Bisping,Ross Pearson,Al Iaquinta,Al Iaquinta,1.67,2.5,Al Iaquinta,Ross Pearson
353,UFC Fight Night - Rockhold vs. Bisping,Soa Palelei,Walt Harris,Soa Palelei,1.67,2.44,Walt Harris,Soa Palelei
354,UFC Fight Night - Rockhold vs. Bisping,Jake Matthews,Vagner Rocha,Jake Matthews,1.28,4.35,Vagner Rocha,Jake Matthews
355,UFC Fight Night - Rockhold vs. Bisping,Anthony Perosh,Guto Inocente,Anthony Perosh,2.86,1.54,Anthony Perosh,Guto Inocente
356,UFC Fight Night - Rockhold vs. Bisping,Dylan Andrews,Sam Alvey,Sam Alvey,1.61,2.5,Sam Alvey,Dylan Andrews
357,UFC Fight Night - Rockhold vs. Bisping,Richie Vaculik,Louis Smolka,Louis Smolka,4,1.32,Richie Vaculik,Louis Smolka
358,UFC Fight Night - Rockhold vs. Bisping,Vik Grujic,Chris Clements,Chris Clements,1.75,2.27,Chris Clements,Vik Grujic
359,UFC Fight Night - Rockhold vs. Bisping,Daniel Kelly,Luke Zachrich,Daniel Kelly,3.57,1.35,Daniel Kelly,Luke Zachrich
360,UFC Fight Night - Rockhold vs. Bisping,Jumabieke Tuerxun,Marcus Brimage,Marcus Brimage,5.56,1.2,Jumabieke Tuerxun,Marcus Brimage
361,UFC Fight Night - Shogun vs. St. Preux,Mauricio Rua,Ovince St Preux,Ovince St Preux,1.54,2.7,Ovince St Preux,Mauricio Rua
362,UFC Fight Night - Shogun vs. St. Preux,Warlley Alves,Alan Jouban,Warlley Alves,1.45,3.03,Alan Jouban,Warlley Alves
363,UFC Fight Night - Shogun vs. St. Preux,Claudio Silva,Leon Edwards,Claudio Silva,2.63,1.54,Claudio Silva,Leon Edwards
364,UFC Fight Night - Shogun vs. St. Preux,Dhiego Lima,Jorge Antonio Cezario de Oliveira,Dhiego Lima,1.32,3.7,Jorge Antonio Cezario de Oliveira,Dhiego Lima
365,UFC Fight Night - Shogun vs. St. Preux,Juliana Lima,Nina Nunes,Juliana Lima,2.38,1.69,Juliana Lima,Nina Nunes
366,UFC Fight Night - Shogun vs. St. Preux,Diego Rivas,Rodolfo Rubio Perez,Diego Rivas,1.82,2,Rodolfo Rubio Perez,Diego Rivas
367,UFC Fight Night - Shogun vs. St. Preux,Caio Magalhaes,Trevor Smith,Caio Magalhaes,1.47,2.94,Trevor Smith,Caio Magalhaes
368,UFC Fight Night - Shogun vs. St. Preux,Leandro Silva,Charlie Brenneman,Leandro Silva,1.64,2.5,Charlie Brenneman,Leandro Silva
369,UFC Fight Night - Shogun vs. St. Preux,Tim Gorman,Thomas Almeida,Thomas Almeida,3.7,1.3,Tim Gorman,Thomas Almeida
370,UFC Fight Night - Shogun vs. St. Preux,Colby Covington,Wagner Silva Gomes,Colby Covington,1.23,4.76,Wagner Silva Gomes,Colby Covington
371,UFC 180 - Werdum vs. Hunt,Fabricio Werdum,Mark Hunt,Fabricio Werdum,1.27,4.55,Mark Hunt,Fabricio Werdum
372,UFC 180 - Werdum vs. Hunt,Jake Ellenberger,Kelvin Gastelum,Kelvin Gastelum,2.94,1.47,Jake Ellenberger,Kelvin Gastelum
373,UFC 180 - Werdum vs. Hunt,Ricardo Lamas,Dennis Bermudez,Ricardo Lamas,2.7,1.59,Ricardo Lamas,Dennis Bermudez
374,UFC 180 - Werdum vs. Hunt,Augusto Montano,Chris Heatherly,Augusto Montano,1.47,2.94,Chris Heatherly,Augusto Montano
375,UFC 180 - Werdum vs. Hunt,Edgar Garcia,Hector Urbina,Hector Urbina,1.54,2.78,Hector Urbina,Edgar Garcia
376,UFC 180 - Werdum vs. Hunt,Alejandro Perez,Jose Quinonez,Alejandro Perez,3.03,1.47,Alejandro Perez,Jose Quinonez
377,UFC 180 - Werdum vs. Hunt,Leslie Smith,Jessica Eye,Jessica Eye,3.13,1.43,Leslie Smith,Jessica Eye
378,UFC 180 - Werdum vs. Hunt,Gabriel Benitez,Humberto Brown Morrison,Gabriel Benitez,1.3,4.17,Humberto Brown Morrison,Gabriel Benitez
379,UFC 180 - Werdum vs. Hunt,Enrique Briones,Guido Cannetti,Enrique Briones,1.89,2.04,Guido Cannetti,Enrique Briones
380,UFC 180 - Werdum vs. Hunt,Marco Beltran,Marlon Vera,Marco Beltran,3.33,1.39,Marco Beltran,Marlon Vera
381,UFC Fight Night - Edgar vs. Swanson,Cub Swanson,Frankie Edgar,Frankie Edgar,3.03,1.47,Cub Swanson,Frankie Edgar
382,UFC Fight Night - Edgar vs. Swanson,Bobby Green,Edson Barboza,Edson Barboza,2.04,1.96,Bobby Green,Edson Barboza
383,UFC Fight Night - Edgar vs. Swanson,Brad Pickett,Chico Camus,Chico Camus,1.52,3.03,Chico Camus,Brad Pickett
384,UFC Fight Night - Edgar vs. Swanson,Jared Rosholt,Aleksei Oleinik,Aleksei Oleinik,1.47,3.03,Aleksei Oleinik,Jared Rosholt
385,UFC Fight Night - Edgar vs. Swanson,Joseph Benavidez,Dustin Ortiz,Joseph Benavidez,1.27,4.35,Dustin Ortiz,Joseph Benavidez
386,UFC Fight Night - Edgar vs. Swanson,Isaac Vallie-Flagg,Matt Wiman,Matt Wiman,2.78,1.54,Isaac Vallie-Flagg,Matt Wiman
387,UFC Fight Night - Edgar vs. Swanson,Ruslan Magomedov,Josh Copeland,Ruslan Magomedov,1.49,2.94,Josh Copeland,Ruslan Magomedov
388,UFC Fight Night - Edgar vs. Swanson,Luke Barnatt,Roger Narvaez,Roger Narvaez,1.33,3.57,Roger Narvaez,Luke Barnatt
389,UFC Fight Night - Edgar vs. Swanson,James Vick,Nick Hein,James Vick,1.49,2.78,Nick Hein,James Vick
390,UFC Fight Night - Edgar vs. Swanson,Yves Edwards,Akbarh Arreola,Akbarh Arreola,1.54,2.78,Akbarh Arreola,Yves Edwards
391,UFC Fight Night - Edgar vs. Swanson,Kailin Curran,Paige VanZant,Paige VanZant,2.38,1.69,Kailin Curran,Paige VanZant
392,UFC Fight Night - Edgar vs. Swanson,Doo Ho Choi,Juan Manuel Puig,Doo Ho Choi,1.3,3.85,Juan Manuel Puig,Doo Ho Choi
393,UFC 181 - Hendricks vs. Lawler 2,Robbie Lawler,Johny Hendricks,Robbie Lawler,2.94,1.49,Robbie Lawler,Johny Hendricks
394,UFC 181 - Hendricks vs. Lawler 2,Anthony Pettis,Gilbert Melendez,Anthony Pettis,1.41,3.13,Gilbert Melendez,Anthony Pettis
395,UFC 181 - Hendricks vs. Lawler 2,Travis Browne,Brendan Schaub,Travis Browne,1.32,3.85,Brendan Schaub,Travis Browne
396,UFC 181 - Hendricks vs. Lawler 2,Todd Duffee,Anthony Hamilton,Todd Duffee,1.33,3.7,Anthony Hamilton,Todd Duffee
397,UFC 181 - Hendricks vs. Lawler 2,Tony Ferguson,Abel Trujillo,Tony Ferguson,1.43,3.13,Abel Trujillo,Tony Ferguson
398,UFC 181 - Hendricks vs. Lawler 2,Urijah Faber,Francisco Rivera,Urijah Faber,1.23,5,Francisco Rivera,Urijah Faber
399,UFC 181 - Hendricks vs. Lawler 2,Eddie Gordon,Josh Samman,Josh Samman,1.64,2.44,Josh Samman,Eddie Gordon
400,UFC 181 - Hendricks vs. Lawler 2,Justin Jones,Corey Anderson,Corey Anderson,3.85,1.32,Justin Jones,Corey Anderson
401,UFC 181 - Hendricks vs. Lawler 2,Ashlee Evans-Smith,Raquel Pennington,Raquel Pennington,1.54,2.7,Raquel Pennington,Ashlee Evans-Smith
402,UFC 181 - Hendricks vs. Lawler 2,Sergio Pettis,Matt Hobar,Sergio Pettis,1.33,3.7,Matt Hobar,Sergio Pettis
403,UFC 181 - Hendricks vs. Lawler 2,Clay Collard,Alex White,Clay Collard,2.22,1.75,Clay Collard,Alex White
404,UFC - The Ultimate Fighter 20 Finale,Carla Esparza,Rose Namajunas,Carla Esparza,2.63,1.56,Carla Esparza,Rose Namajunas
405,UFC - The Ultimate Fighter 20 Finale,Jeremy Stephens,Charles Oliveira,Charles Oliveira,1.89,2.33,Charles Oliveira,Jeremy Stephens
406,UFC - The Ultimate Fighter 20 Finale,Yancy Medeiros,Joe Proctor,Yancy Medeiros,1.43,3.23,Joe Proctor,Yancy Medeiros
407,UFC - The Ultimate Fighter 20 Finale,Jessica Penne,Randa Markos,Jessica Penne,2,1.92,Jessica Penne,Randa Markos
408,UFC - The Ultimate Fighter 20 Finale,Felice Herrig,Lisa Ellis,Felice Herrig,1.28,4.17,Lisa Ellis,Felice Herrig
409,UFC - The Ultimate Fighter 20 Finale,Bec Rawlings,Heather Clark,Heather Clark,1.56,2.63,Heather Clark,Bec Rawlings
410,UFC - The Ultimate Fighter 20 Finale,Joanne Wood,Seo Hee Ham,Joanne Wood,1.2,5.88,Seo Hee Ham,Joanne Wood
411,UFC - The Ultimate Fighter 20 Finale,Tecia Torres,Angela Magana,Tecia Torres,1.18,5.88,Angela Magana,Tecia Torres
412,UFC - The Ultimate Fighter 20 Finale,Aisling Daly,Alex Chambers,Aisling Daly,1.49,2.94,Alex Chambers,Aisling Daly
413,UFC - The Ultimate Fighter 20 Finale,Emily Kagan,Angela Hill,Angela Hill,2.5,1.64,Emily Kagan,Angela Hill
414,UFC on Fox 13 - Dos Santos vs. Miocic,Junior dos Santos,Stipe Miocic,Junior dos Santos,1.28,4.55,Stipe Miocic,Junior dos Santos
415,UFC on Fox 13 - Dos Santos vs. Miocic,Nate Diaz,Rafael dos Anjos,Rafael dos Anjos,3.57,1.41,Nate Diaz,Rafael dos Anjos
416,UFC on Fox 13 - Dos Santos vs. Miocic,Alistair Overeem,Stefan Struve,Alistair Overeem,1.47,3.23,Stefan Struve,Alistair Overeem
417,UFC on Fox 13 - Dos Santos vs. Miocic,Matt Mitrione,Gabriel Gonzaga,Matt Mitrione,1.79,2.22,Gabriel Gonzaga,Matt Mitrione
418,UFC on Fox 13 - Dos Santos vs. Miocic,Claudia Gadelha,Joanna Jedrzejczyk,Joanna Jedrzejczyk,1.43,3.23,Joanna Jedrzejczyk,Claudia Gadelha
419,UFC on Fox 13 - Dos Santos vs. Miocic,Willie Gates,John Moraga,John Moraga,5.56,1.23,Willie Gates,John Moraga
420,UFC on Fox 13 - Dos Santos vs. Miocic,Ben Saunders,Joe Riggs,Ben Saunders,1.43,3.23,Joe Riggs,Ben Saunders
421,UFC on Fox 13 - Dos Santos vs. Miocic,Jamie Varner,Drew Dober,Drew Dober,1.28,4.35,Drew Dober,Jamie Varner
422,UFC on Fox 13 - Dos Santos vs. Miocic,Joe Ellenberger,Bryan Barberena,Bryan Barberena,1.47,3.13,Bryan Barberena,Joe Ellenberger
423,UFC on Fox 13 - Dos Santos vs. Miocic,David Michaud,Garett Whiteley,David Michaud,1.47,2.94,Garett Whiteley,David Michaud
424,UFC on Fox 13 - Dos Santos vs. Miocic,Henry Cejudo,Dustin Kimura,Henry Cejudo,1.45,3.23,Dustin Kimura,Henry Cejudo
425,UFC on Fox 13 - Dos Santos vs. Miocic,Ian Entwistle,Anthony Birchak,Ian Entwistle,3.03,1.47,Ian Entwistle,Anthony Birchak
426,UFC Fight Night - Machida vs. Dollaway,Lyoto Machida,C.B. Dollaway,Lyoto Machida,1.18,5.88,C.B. Dollaway,Lyoto Machida
427,UFC Fight Night - Machida vs. Dollaway,Renan Barao,Mitch Gagnon,Renan Barao,1.14,7.14,Mitch Gagnon,Renan Barao
428,UFC Fight Night - Machida vs. Dollaway,Patrick Cummins,Antonio Carlos Junior,Patrick Cummins,1.64,2.56,Antonio Carlos Junior,Patrick Cummins
429,UFC Fight Night - Machida vs. Dollaway,Rashid Magomedov,Elias Silverio,Rashid Magomedov,1.64,2.44,Elias Silverio,Rashid Magomedov
430,UFC Fight Night - Machida vs. Dollaway,Erick Silva,Mike Rhodes,Erick Silva,1.28,4.35,Mike Rhodes,Erick Silva
431,UFC Fight Night - Machida vs. Dollaway,Antonio Dos Santos Jr.,Daniel Sarafian,Daniel Sarafian,2.38,1.67,Antonio Dos Santos Jr.,Daniel Sarafian
432,UFC Fight Night - Machida vs. Dollaway,Marcos Rogerio de Lima,Igor Pokrajac,Marcos Rogerio de Lima,1.33,4,Igor Pokrajac,Marcos Rogerio de Lima
433,UFC Fight Night - Machida vs. Dollaway,Tom Niinimaki,Renato Moicano,Renato Moicano,1.92,2.04,Renato Moicano,Tom Niinimaki
434,UFC Fight Night - Machida vs. Dollaway,Hacran Dias,Darren Elkins,Hacran Dias,1.54,2.78,Darren Elkins,Hacran Dias
435,UFC Fight Night - Machida vs. Dollaway,Leandro Issa,Yuta Sasaki,Leandro Issa,5,1.22,Leandro Issa,Yuta Sasaki
436,UFC Fight Night - Machida vs. Dollaway,Tim Means,Marcio Alexandre Jr.,Tim Means,1.47,3.03,Marcio Alexandre Jr.,Tim Means
437,UFC Fight Night - Machida vs. Dollaway,Jake Collier,Vitor Miranda,Vitor Miranda,1.59,2.56,Vitor Miranda,Jake Collier
438,UFC 182 - Jones vs. Cormier,Jon Jones,Daniel Cormier,Jon Jones,1.64,2.5,Daniel Cormier,Jon Jones
439,UFC 182 - Jones vs. Cormier,Donald Cerrone,Myles Jury,Donald Cerrone,1.54,2.7,Myles Jury,Donald Cerrone
440,UFC 182 - Jones vs. Cormier,Nate Marquardt,Brad Tavares,Brad Tavares,1.79,2.22,Brad Tavares,Nate Marquardt
441,UFC 182 - Jones vs. Cormier,Kyoji Horiguchi,Louis Gaudinot,Kyoji Horiguchi,1.16,6.67,Louis Gaudinot,Kyoji Horiguchi
442,UFC 182 - Jones vs. Cormier,Hector Lombard,Josh Burkman,Hector Lombard,1.15,7.14,Josh Burkman,Hector Lombard
443,UFC 182 - Jones vs. Cormier,Danny Castillo,Paul Felder,Paul Felder,1.47,2.94,Paul Felder,Danny Castillo
444,UFC 182 - Jones vs. Cormier,Marcus Brimage,Cody Garbrandt,Cody Garbrandt,1.56,2.7,Cody Garbrandt,Marcus Brimage
445,UFC 182 - Jones vs. Cormier,Shawn Jordan,Jared Cannonier,Shawn Jordan,1.47,3.03,Jared Cannonier,Shawn Jordan
446,UFC 182 - Jones vs. Cormier,Evan Dunham,Rodrigo Damm,Evan Dunham,1.22,5.56,Rodrigo Damm,Evan Dunham
447,UFC 182 - Jones vs. Cormier,Omari Akhmedov,Mats Nilsson,Omari Akhmedov,1.64,2.5,Mats Nilsson,Omari Akhmedov
448,UFC 182 - Jones vs. Cormier,Alexis Dufresne,Marion Reneau,Marion Reneau,1.56,2.7,Marion Reneau,Alexis Dufresne
449,UFC Fight Night - McGregor vs. Siver,Conor McGregor,Dennis Siver,Conor McGregor,1.11,10,Dennis Siver,Conor McGregor
450,UFC Fight Night - McGregor vs. Siver,Donald Cerrone,Benson Henderson,Donald Cerrone,2.22,1.79,Donald Cerrone,Benson Henderson
451,UFC Fight Night - McGregor vs. Siver,Urijah Hall,Ron Stallings,Urijah Hall,1.14,8.33,Ron Stallings,Urijah Hall
452,UFC Fight Night - McGregor vs. Siver,Norman Parke,Gleison Tibau,Gleison Tibau,2.27,1.72,Norman Parke,Gleison Tibau
453,UFC Fight Night - McGregor vs. Siver,Cathal Pendred,Sean Spencer,Cathal Pendred,2.38,1.67,Cathal Pendred,Sean Spencer
454,UFC Fight Night - McGregor vs. Siver,John Howard,Lorenz Larkin,Lorenz Larkin,2.38,1.67,John Howard,Lorenz Larkin
455,UFC Fight Night - McGregor vs. Siver,Zhang Lipeng,Chris Wade,Chris Wade,5.56,1.22,Zhang Lipeng,Chris Wade
456,UFC Fight Night - McGregor vs. Siver,Patrick Holohan,Shane Howell,Patrick Holohan,1.39,3.57,Shane Howell,Patrick Holohan
457,UFC Fight Night - McGregor vs. Siver,Johnny Case,Frankie Perez,Johnny Case,,,,
458,UFC Fight Night - McGregor vs. Siver,Charles Rosa,Sean Soriano,Charles Rosa,1.75,2.22,Sean Soriano,Charles Rosa
459,UFC Fight Night - McGregor vs. Siver,Sean O'Connell,Matt Van Buren,Sean O'Connell,1.56,2.78,Matt Van Buren,Sean O'Connell
460,UFC Fight Night - McGregor vs. Siver,Joby Sanchez,Tateki Matsuda,Joby Sanchez,1.64,2.56,Tateki Matsuda,Joby Sanchez
461,UFC on Fox 14 - Gustafsson vs. Johnson,Alexander Gustafsson,Anthony Johnson,Anthony Johnson,1.35,3.7,Anthony Johnson,Alexander Gustafsson
462,UFC on Fox 14 - Gustafsson vs. Johnson,Gegard Mousasi,Dan Henderson,Gegard Mousasi,1.2,5.56,Dan Henderson,Gegard Mousasi
463,UFC on Fox 14 - Gustafsson vs. Johnson,Phil Davis,Ryan Bader,Ryan Bader,1.49,3.03,Ryan Bader,Phil Davis
464,UFC on Fox 14 - Gustafsson vs. Johnson,Akira Corassani,Sam Sicilia,Sam Sicilia,1.89,2.08,Sam Sicilia,Akira Corassani
465,UFC on Fox 14 - Gustafsson vs. Johnson,Nico Musoke,Albert Tumenov,Albert Tumenov,2.33,1.75,Nico Musoke,Albert Tumenov
466,UFC on Fox 14 - Gustafsson vs. Johnson,Kenny Robertson,Sultan Aliev,Kenny Robertson,2.63,1.61,Kenny Robertson,Sultan Aliev
467,UFC on Fox 14 - Gustafsson vs. Johnson,Makwan Amirkhani,Andy Ogle,Makwan Amirkhani,2.44,1.69,Makwan Amirkhani,Andy Ogle
468,UFC on Fox 14 - Gustafsson vs. Johnson,Nikita Krylov,Stanislav Nedkov,Nikita Krylov,1.82,2.13,Stanislav Nedkov,Nikita Krylov
469,UFC on Fox 14 - Gustafsson vs. Johnson,Anthony Christodoulou,Mairbek Taisumov,Mairbek Taisumov,8.33,1.12,Anthony Christodoulou,Mairbek Taisumov
470,UFC on Fox 14 - Gustafsson vs. Johnson,Mirsad Bektic,Paul Redmond,Mirsad Bektic,1.15,6.67,Paul Redmond,Mirsad Bektic
471,UFC on Fox 14 - Gustafsson vs. Johnson,Konstantin Erokhin,Viktor Pesta,Viktor Pesta,1.27,4.35,Viktor Pesta,Konstantin Erokhin
472,UFC on Fox 14 - Gustafsson vs. Johnson,Chris Beal,Neil Seery,Neil Seery,1.54,2.78,Neil Seery,Chris Beal
473,UFC 183 - Silva vs. Diaz,Anderson Silva,Nick Diaz,Anderson Silva,1.2,5.26,Nick Diaz,Anderson Silva
474,UFC 183 - Silva vs. Diaz,Tyron Woodley,Kelvin Gastelum,Tyron Woodley,2.33,2,Tyron Woodley,Kelvin Gastelum
475,UFC 183 - Silva vs. Diaz,Joe Lauzon,Al Iaquinta,Al Iaquinta,2.78,1.56,Joe Lauzon,Al Iaquinta
476,UFC 183 - Silva vs. Diaz,Tim Boetsch,Thales Leites,Thales Leites,5,1.23,Tim Boetsch,Thales Leites
477,UFC 183 - Silva vs. Diaz,Jordan Mein,Thiago Alves,Thiago Alves,1.75,2.27,Thiago Alves,Jordan Mein
478,UFC 183 - Silva vs. Diaz,Miesha Tate,Sara McMann,Miesha Tate,2.7,1.64,Miesha Tate,Sara McMann
479,UFC 183 - Silva vs. Diaz,Derek Brunson,Ed Herman,Derek Brunson,1.18,5.88,Ed Herman,Derek Brunson
480,UFC 183 - Silva vs. Diaz,Ian McCall,John Lineker,John Lineker,1.43,3.13,John Lineker,Ian McCall
481,UFC 183 - Silva vs. Diaz,Tom Watson,Rafael Natal,Rafael Natal,2.44,1.72,Tom Watson,Rafael Natal
482,UFC 183 - Silva vs. Diaz,Ildemar Alcantara,Richardson Moreira,Ildemar Alcantara,1.61,2.56,Richardson Moreira,Ildemar Alcantara
483,UFC 183 - Silva vs. Diaz,Andy Enz,Thiago Santos,Thiago Santos,2.7,1.59,Andy Enz,Thiago Santos
484,UFC Fight Night - Henderson vs Thatch,Benson Henderson,Brandon Thatch,Benson Henderson,2.38,1.79,Benson Henderson,Brandon Thatch
485,UFC Fight Night - Henderson vs Thatch,Max Holloway,Cole Miller,Max Holloway,1.27,4.76,Cole Miller,Max Holloway
486,UFC Fight Night - Henderson vs Thatch,Neil Magny,Kiichi Kunimoto,Neil Magny,1.18,5.88,Kiichi Kunimoto,Neil Magny
487,UFC Fight Night - Henderson vs Thatch,Patrick Walsh,Daniel Kelly,Daniel Kelly,1.64,2.63,Daniel Kelly,Patrick Walsh
488,UFC Fight Night - Henderson vs Thatch,Michel Prazeres,Kevin Lee,Kevin Lee,2.33,1.69,Michel Prazeres,Kevin Lee
489,UFC Fight Night - Henderson vs Thatch,Chris Kelades,Ray Borg,Ray Borg,7.69,1.14,Chris Kelades,Ray Borg
490,UFC Fight Night - Henderson vs Thatch,Efrain Escudero,Rodrigo Lima,Efrain Escudero,2.13,1.82,Efrain Escudero,Rodrigo Lima
491,UFC Fight Night - Henderson vs Thatch,Jim Alers,Chas Skelly,Chas Skelly,3.03,1.47,Jim Alers,Chas Skelly
492,UFC Fight Night - Henderson vs Thatch,Tim Elliott,Zach Makovsky,Zach Makovsky,2,1.96,Tim Elliott,Zach Makovsky
493,UFC Fight Night - Henderson vs Thatch,Cody Pfister,James Moontasri,James Moontasri,3.03,1.47,Cody Pfister,James Moontasri
494,UFC Fight Night - Mir vs. Bigfoot,Frank Mir,Antonio Silva,Frank Mir,3.45,1.45,Frank Mir,Antonio Silva
495,UFC Fight Night - Mir vs. Bigfoot,Edson Barboza,Michael Johnson,Michael Johnson,1.59,2.63,Michael Johnson,Edson Barboza
496,UFC Fight Night - Mir vs. Bigfoot,Cezar Ferreira,Sam Alvey,Sam Alvey,1.32,4.17,Sam Alvey,Cezar Ferreira
497,UFC Fight Night - Mir vs. Bigfoot,Rustam Khabilov,Adriano Martins,Adriano Martins,1.2,5.56,Adriano Martins,Rustam Khabilov
498,UFC Fight Night - Mir vs. Bigfoot,Yuri Alcantara,Frankie Saenz,Frankie Saenz,1.14,7.69,Frankie Saenz,Yuri Alcantara
499,UFC Fight Night - Mir vs. Bigfoot,Santiago Ponzinibbio,Sean Strickland,Santiago Ponzinibbio,2.86,1.54,Santiago Ponzinibbio,Sean Strickland
500,UFC Fight Night - Mir vs. Bigfoot,Jessica Andrade,Marion Reneau,Marion Reneau,1.41,3.33,Marion Reneau,Jessica Andrade
501,UFC Fight Night - Mir vs. Bigfoot,Matt Dwyer,William Macario,Matt Dwyer,4.35,1.27,Matt Dwyer,William Macario
502,UFC Fight Night - Mir vs. Bigfoot,Mike de la Torre,Tiago Trator,Mike de la Torre,3.03,1.47,Mike de la Torre,Tiago Trator
503,UFC Fight Night - Mir vs. Bigfoot,Cody Gibson,Douglas Silva de Andrade,Douglas Silva de Andrade,1.43,3.23,Douglas Silva de Andrade,Cody Gibson
504,UFC Fight Night - Mir vs. Bigfoot,Ivan Jorge,Josh Shockley,Ivan Jorge,1.45,3.13,Josh Shockley,Ivan Jorge
505,UFC 184 - Rousey vs. Zingano,Ronda Rousey,Cat Zingano,Ronda Rousey,1.18,7.14,Cat Zingano,Ronda Rousey
506,UFC 184 - Rousey vs. Zingano,Holly Holm,Raquel Pennington,Holly Holm,1.16,6.25,Raquel Pennington,Holly Holm
507,UFC 184 - Rousey vs. Zingano,Josh Koscheck,Jake Ellenberger,Jake Ellenberger,2.78,1.52,Josh Koscheck,Jake Ellenberger
508,UFC 184 - Rousey vs. Zingano,Alan Jouban,Richard Walsh,Alan Jouban,1.33,3.85,Richard Walsh,Alan Jouban
509,UFC 184 - Rousey vs. Zingano,Tony Ferguson,Gleison Tibau,Tony Ferguson,1.43,3.23,Gleison Tibau,Tony Ferguson
510,UFC 184 - Rousey vs. Zingano,Mark Munoz,Roan Carneiro,Roan Carneiro,1.39,3.45,Roan Carneiro,Mark Munoz
511,UFC 184 - Rousey vs. Zingano,Dhiego Lima,Tim Means,Tim Means,2.33,1.72,Dhiego Lima,Tim Means
512,UFC 184 - Rousey vs. Zingano,Derrick Lewis,Ruan Potts,Derrick Lewis,1.19,5.56,Ruan Potts,Derrick Lewis
513,UFC 184 - Rousey vs. Zingano,James Krause,Valmir Lazaro,Valmir Lazaro,1.59,2.63,Valmir Lazaro,James Krause
514,UFC 184 - Rousey vs. Zingano,Masio Fullen,Alexander Torres,Masio Fullen,1.67,2.38,Alexander Torres,Masio Fullen
515,UFC 185 - Pettis vs. Dos Anjos,Anthony Pettis,Rafael dos Anjos,Rafael dos Anjos,1.27,4.9,Rafael dos Anjos,Anthony Pettis
516,UFC 185 - Pettis vs. Dos Anjos,Carla Esparza,Joanna Jedrzejczyk,Joanna Jedrzejczyk,1.63,2.48,Joanna Jedrzejczyk,Carla Esparza
517,UFC 185 - Pettis vs. Dos Anjos,Johny Hendricks,Matt Brown,Johny Hendricks,1.3,4.26,Matt Brown,Johny Hendricks
518,UFC 185 - Pettis vs. Dos Anjos,Alistair Overeem,Roy Nelson,Alistair Overeem,1.54,2.8,Roy Nelson,Alistair Overeem
519,UFC 185 - Pettis vs. Dos Anjos,Henry Cejudo,Chris Cariaso,Henry Cejudo,1.2,6.02,Chris Cariaso,Henry Cejudo
520,UFC 185 - Pettis vs. Dos Anjos,Ross Pearson,Sam Stout,Ross Pearson,1.3,4.26,Sam Stout,Ross Pearson
521,UFC 185 - Pettis vs. Dos Anjos,Roger Narvaez,Elias Theodorou,Elias Theodorou,3.94,1.31,Roger Narvaez,Elias Theodorou
522,UFC 185 - Pettis vs. Dos Anjos,Daron Cruickshank,Beneil Dariush,Beneil Dariush,1.73,2.37,Beneil Dariush,Daron Cruickshank
523,UFC 185 - Pettis vs. Dos Anjos,Jared Rosholt,Josh Copeland,Jared Rosholt,1.36,3.73,Josh Copeland,Jared Rosholt
524,UFC 185 - Pettis vs. Dos Anjos,Sergio Pettis,Ryan Benoit,Ryan Benoit,1.22,5.35,Ryan Benoit,Sergio Pettis
525,UFC 185 - Pettis vs. Dos Anjos,Joseph Duffy,Jake Lindsey,Joseph Duffy,1.22,5.62,Jake Lindsey,Joseph Duffy
526,UFC 185 - Pettis vs. Dos Anjos,Larissa Pacheco,Germaine de Randamie,Germaine de Randamie,1.71,2.4,Germaine de Randamie,Larissa Pacheco
527,UFC Fight Night - Maia vs. LaFlare,Demian Maia,Ryan LaFlare,Demian Maia,2.22,1.79,Demian Maia,Ryan LaFlare
528,UFC Fight Night - Maia vs. LaFlare,Erick Silva,Josh Koscheck,Erick Silva,1.23,5.26,Josh Koscheck,Erick Silva
529,UFC Fight Night - Maia vs. LaFlare,Tony Martin,Leonardo Santos,Leonardo Santos,1.79,2.27,Leonardo Santos,Tony Martin
530,UFC Fight Night - Maia vs. LaFlare,Amanda Nunes,Shayna Baszler,Amanda Nunes,1.23,5,Shayna Baszler,Amanda Nunes
531,UFC Fight Night - Maia vs. LaFlare,Alex Oliveira,Gilbert Burns,Gilbert Burns,6.25,1.18,Alex Oliveira,Gilbert Burns
532,UFC Fight Night - Maia vs. LaFlare,Andre Fili,Godofredo Pepey,Godofredo Pepey,1.33,3.7,Godofredo Pepey,Andre Fili
533,UFC Fight Night - Maia vs. LaFlare,Akbarh Arreola,Francisco Trinaldo,Francisco Trinaldo,2.86,1.52,Akbarh Arreola,Francisco Trinaldo
534,UFC Fight Night - Maia vs. LaFlare,Katsunori Kikuno,Edmilson Souza,Edmilson Souza,3.23,1.43,Katsunori Kikuno,Edmilson Souza
535,UFC Fight Night - Maia vs. LaFlare,Drew Dober,Leandro Silva,Leandro Silva,2.33,1.69,Drew Dober,Leandro Silva
536,UFC Fight Night - Maia vs. LaFlare,Cain Carrizosa,Leonardo Mafra,Leonardo Mafra,2.5,1.64,Cain Carrizosa,Leonardo Mafra
537,UFC Fight Night - Maia vs. LaFlare,Christos Giagos,Jorge Antonio Cezario de Oliveira,Christos Giagos,1.54,2.78,Jorge Antonio Cezario de Oliveira,Christos Giagos
538,UFC Fight Night - Maia vs. LaFlare,Bentley Syler,Freddy Serrano,Freddy Serrano,2.08,2.33,Freddy Serrano,Bentley Syler
539,UFC Fight Night - Mendes vs. Lamas,Chad Mendes,Ricardo Lamas,Chad Mendes,1.25,4.76,Ricardo Lamas,Chad Mendes
540,UFC Fight Night - Mendes vs. Lamas,Al Iaquinta,Jorge Masvidal,Al Iaquinta,2.17,1.79,Al Iaquinta,Jorge Masvidal
541,UFC Fight Night - Mendes vs. Lamas,Michael Chiesa,Mitch Clarke,Michael Chiesa,1.28,4,Mitch Clarke,Michael Chiesa
542,UFC Fight Night - Mendes vs. Lamas,Julianna Pena,Milana Dudieva,Julianna Pena,1.39,3.33,Milana Dudieva,Julianna Pena
543,UFC Fight Night - Mendes vs. Lamas,Clay Guida,Robbie Peralta,Clay Guida,1.43,3.13,Robbie Peralta,Clay Guida
544,UFC Fight Night - Mendes vs. Lamas,Dustin Poirier,Carlos Diego Ferreira,Dustin Poirier,1.56,2.63,Carlos Diego Ferreira,Dustin Poirier
545,UFC Fight Night - Mendes vs. Lamas,Lauren Murphy,Liz Carmouche,Liz Carmouche,1.96,1.92,Lauren Murphy,Liz Carmouche
546,UFC Fight Night - Mendes vs. Lamas,Gray Maynard,Alexander Yakovlev,Alexander Yakovlev,2.13,1.82,Gray Maynard,Alexander Yakovlev
547,UFC Fight Night - Mendes vs. Lamas,Timothy Johnson,Shamil Abdurakhimov,Timothy Johnson,3.33,1.41,Timothy Johnson,Shamil Abdurakhimov
548,UFC Fight Night - Mendes vs. Lamas,Justin Jones,Ron Stallings,Ron Stallings,1.79,2.17,Ron Stallings,Justin Jones
549,UFC Fight Night - Gonzaga vs. Cro Cop 2,Gabriel Gonzaga,Mirko Filipovic,Mirko Filipovic,1.49,2.94,Mirko Filipovic,Gabriel Gonzaga
550,UFC Fight Night - Gonzaga vs. Cro Cop 2,Jan Blachowicz,Jimi Manuwa,Jimi Manuwa,2.27,1.75,Jan Blachowicz,Jimi Manuwa
551,UFC Fight Night - Gonzaga vs. Cro Cop 2,Pawel Pawlak,Sheldon Westcott,Pawel Pawlak,2.86,1.52,Pawel Pawlak,Sheldon Westcott
552,UFC Fight Night - Gonzaga vs. Cro Cop 2,Joanne Wood,Maryna Moroz,Maryna Moroz,1.18,7.14,Maryna Moroz,Joanne Wood
553,UFC Fight Night - Gonzaga vs. Cro Cop 2,Seth Baczynski,Leon Edwards,Leon Edwards,2.22,1.89,Seth Baczynski,Leon Edwards
554,UFC Fight Night - Gonzaga vs. Cro Cop 2,Bartosz Fabinski,Garreth McLellan,Bartosz Fabinski,1.82,2.13,Garreth McLellan,Bartosz Fabinski
555,UFC Fight Night - Gonzaga vs. Cro Cop 2,Mickael Lebout,Sergio Moraes,Sergio Moraes,5,1.27,Mickael Lebout,Sergio Moraes
556,UFC Fight Night - Gonzaga vs. Cro Cop 2,Damian Stasiak,Yaotzin Meza,Yaotzin Meza,1.79,2.13,Yaotzin Meza,Damian Stasiak
557,UFC Fight Night - Gonzaga vs. Cro Cop 2,Daniel Omielanczuk,Anthony Hamilton,Anthony Hamilton,1.69,2.33,Anthony Hamilton,Daniel Omielanczuk
558,UFC Fight Night - Gonzaga vs. Cro Cop 2,Izabela Badurek,Alexandra Albu,Alexandra Albu,3.03,1.56,Izabela Badurek,Alexandra Albu
559,UFC Fight Night - Gonzaga vs. Cro Cop 2,Marcin Bandel,Stevie Ray,Stevie Ray,2.7,1.59,Marcin Bandel,Stevie Ray
560,UFC Fight Night - Gonzaga vs. Cro Cop 2,Taylor Lapilus,Rocky Lee,Taylor Lapilus,1.52,2.86,Rocky Lee,Taylor Lapilus
561,UFC on Fox 15 - Rockhold vs. Machida,Luke Rockhold,Lyoto Machida,Luke Rockhold,1.64,2.5,Lyoto Machida,Luke Rockhold
562,UFC on Fox 15 - Rockhold vs. Machida,Ronaldo Souza,Chris Camozzi,Ronaldo Souza,1.08,12.5,Chris Camozzi,Ronaldo Souza
563,UFC on Fox 15 - Rockhold vs. Machida,Cub Swanson,Max Holloway,Max Holloway,1.69,2.33,Max Holloway,Cub Swanson
564,UFC on Fox 15 - Rockhold vs. Machida,Paige VanZant,Felice Herrig,Paige VanZant,1.82,2.13,Felice Herrig,Paige VanZant
565,UFC on Fox 15 - Rockhold vs. Machida,Jim Miller,Beneil Dariush,Beneil Dariush,2.63,1.61,Jim Miller,Beneil Dariush
566,UFC on Fox 15 - Rockhold vs. Machida,Ovince St Preux,Patrick Cummins,Ovince St Preux,2.08,1.85,Ovince St Preux,Patrick Cummins
567,UFC on Fox 15 - Rockhold vs. Machida,Corey Anderson,Gian Villante,Gian Villante,1.28,4.35,Gian Villante,Corey Anderson
568,UFC on Fox 15 - Rockhold vs. Machida,Takeya Mizugaki,Aljamain Sterling,Aljamain Sterling,4.17,1.28,Takeya Mizugaki,Aljamain Sterling
569,UFC on Fox 15 - Rockhold vs. Machida,Tim Means,George Sullivan,Tim Means,1.64,2.56,George Sullivan,Tim Means
570,UFC on Fox 15 - Rockhold vs. Machida,Diego Brandao,Jimy Hettes,Diego Brandao,1.67,2.44,Jimy Hettes,Diego Brandao
571,UFC on Fox 15 - Rockhold vs. Machida,Chris Dempsey,Eddie Gordon,Chris Dempsey,5,1.23,Chris Dempsey,Eddie Gordon
572,UFC 186 - Johnson vs. Horiguchi,Demetrious Johnson,Kyoji Horiguchi,Demetrious Johnson,1.14,7.69,Kyoji Horiguchi,Demetrious Johnson
573,UFC 186 - Johnson vs. Horiguchi,Quinton Jackson,Fabio Maldonado,Quinton Jackson,1.43,3.33,Fabio Maldonado,Quinton Jackson
574,UFC 186 - Johnson vs. Horiguchi,Michael Bisping,C.B. Dollaway,Michael Bisping,1.69,2.33,C.B. Dollaway,Michael Bisping
575,UFC 186 - Johnson vs. Horiguchi,Shane Campbell,John Makdessi,John Makdessi,2.5,1.67,Shane Campbell,John Makdessi
576,UFC 186 - Johnson vs. Horiguchi,Thomas Almeida,Yves Jabouin,Thomas Almeida,1.23,4.76,Yves Jabouin,Thomas Almeida
577,UFC 186 - Johnson vs. Horiguchi,Patrick Cote,Joe Riggs,Patrick Cote,1.49,3.03,Joe Riggs,Patrick Cote
578,UFC 186 - Johnson vs. Horiguchi,Sarah Kaufman,Alexis Davis,Alexis Davis,1.52,2.86,Alexis Davis,Sarah Kaufman
579,UFC 186 - Johnson vs. Horiguchi,Chad Laprise,Bryan Barberena,Chad Laprise,1.27,4.55,Bryan Barberena,Chad Laprise
580,UFC 186 - Johnson vs. Horiguchi,Olivier Aubin-Mercier,David Michaud,Olivier Aubin-Mercier,1.3,4.35,David Michaud,Olivier Aubin-Mercier
581,UFC 186 - Johnson vs. Horiguchi,Nordine Taleb,Chris Clements,Nordine Taleb,1.45,3.23,Chris Clements,Nordine Taleb
582,UFC 186 - Johnson vs. Horiguchi,Jessica Rakoczy,Valerie Letourneau,Valerie Letourneau,2.5,1.67,Jessica Rakoczy,Valerie Letourneau
583,UFC 186 - Johnson vs. Horiguchi,Randa Markos,Aisling Daly,Randa Markos,1.39,3.45,Aisling Daly,Randa Markos
584,UFC Fight Night - Hunt vs. Miocic,Mark Hunt,Stipe Miocic,Stipe Miocic,3.13,1.45,Mark Hunt,Stipe Miocic
585,UFC Fight Night - Hunt vs. Miocic,Brad Tavares,Robert Whittaker,Robert Whittaker,1.79,2.33,Robert Whittaker,Brad Tavares
586,UFC Fight Night - Hunt vs. Miocic,Anthony Perosh,Sean O'Connell,Sean O'Connell,1.72,2.33,Sean O'Connell,Anthony Perosh
587,UFC Fight Night - Hunt vs. Miocic,Jake Matthews,James Vick,James Vick,1.59,2.7,James Vick,Jake Matthews
588,UFC Fight Night - Hunt vs. Miocic,Hatsu Hioki,Daniel Hooker,Daniel Hooker,1.35,3.57,Daniel Hooker,Hatsu Hioki
589,UFC Fight Night - Hunt vs. Miocic,Kyle Noke,Jonavin Webb,Kyle Noke,1.92,2.04,Jonavin Webb,Kyle Noke
590,UFC Fight Night - Hunt vs. Miocic,Sam Alvey,Daniel Kelly,Sam Alvey,1.27,4.35,Daniel Kelly,Sam Alvey
591,UFC Fight Night - Hunt vs. Miocic,Lisa Ellis,Bec Rawlings,Bec Rawlings,2.7,1.56,Lisa Ellis,Bec Rawlings
592,UFC Fight Night - Hunt vs. Miocic,Dylan Andrews,Brad Scott,Brad Scott,1.92,2,Brad Scott,Dylan Andrews
593,UFC Fight Night - Hunt vs. Miocic,Alex Chambers,Kailin Curran,Alex Chambers,3.13,1.45,Alex Chambers,Kailin Curran
594,UFC Fight Night - Hunt vs. Miocic,Vik Grujic,Brendan O'Reilly,Brendan O'Reilly,1.85,2.08,Brendan O'Reilly,Vik Grujic
595,UFC Fight Night - Hunt vs. Miocic,Alptekin Ozkilic,Ben Nguyen,Ben Nguyen,1.54,2.78,Ben Nguyen,Alptekin Ozkilic
596,UFC Fight Night - Edgar vs. Faber,Frankie Edgar,Urijah Faber,Frankie Edgar,1.25,5.26,Urijah Faber,Frankie Edgar
597,UFC Fight Night - Edgar vs. Faber,Gegard Mousasi,Costas Philippou,Gegard Mousasi,1.18,5.88,Costas Philippou,Gegard Mousasi
598,UFC Fight Night - Edgar vs. Faber,Mark Munoz,Luke Barnatt,Mark Munoz,2.38,1.75,Mark Munoz,Luke Barnatt
599,UFC Fight Night - Edgar vs. Faber,Neil Magny,Hyun Gyu Lim,Neil Magny,1.85,2.08,Hyun Gyu Lim,Neil Magny
600,UFC Fight Night - Edgar vs. Faber,Phillipe Nover,Yui Chul Nam,Phillipe Nover,2.56,1.61,Phillipe Nover,Yui Chul Nam
601,UFC Fight Night - Edgar vs. Faber,Mark Eddiva,Levan Makashvili,Levan Makashvili,4.55,1.27,Mark Eddiva,Levan Makashvili
602,UFC Fight Night - Edgar vs. Faber,Tae Hyun Bang,Jon Tuck,Jon Tuck,2.33,1.72,Tae Hyun Bang,Jon Tuck
603,UFC Fight Night - Edgar vs. Faber,Kajan Johnson,Zhang Lipeng,Kajan Johnson,2.08,2.13,Zhang Lipeng,Kajan Johnson
604,UFC Fight Night - Edgar vs. Faber,Li Jingliang,Dhiego Lima,Li Jingliang,2.44,1.69,Li Jingliang,Dhiego Lima
605,UFC Fight Night - Edgar vs. Faber,Royston Wee,Ning Guangyou,Ning Guangyou,2.33,1.79,Royston Wee,Ning Guangyou
606,UFC Fight Night - Edgar vs. Faber,Jon delos Reyes,Roldan Sangcha-an,Jon delos Reyes,1.59,2.63,Roldan Sangcha-an,Jon delos Reyes
607,UFC Fight Night - Edgar vs. Faber,Nolan Ticman,Zhuikui Yao,Zhuikui Yao,1.43,3.45,Zhuikui Yao,Nolan Ticman
608,UFC 187 - Cormier vs. Johnson,Daniel Cormier,Anthony Johnson,Daniel Cormier,1.96,1.96,Daniel Cormier,Anthony Johnson
609,UFC 187 - Cormier vs. Johnson,Chris Weidman,Vitor Belfort,Chris Weidman,1.23,5,Vitor Belfort,Chris Weidman
610,UFC 187 - Cormier vs. Johnson,John Makdessi,Donald Cerrone,Donald Cerrone,5.88,1.18,John Makdessi,Donald Cerrone
611,UFC 187 - Cormier vs. Johnson,Andrei Arlovski,Travis Browne,Andrei Arlovski,4.76,1.25,Andrei Arlovski,Travis Browne
612,UFC 187 - Cormier vs. Johnson,Joseph Benavidez,John Moraga,Joseph Benavidez,1.18,6.25,John Moraga,Joseph Benavidez
613,UFC 187 - Cormier vs. Johnson,John Dodson,Zach Makovsky,John Dodson,1.18,5.88,Zach Makovsky,John Dodson
614,UFC 187 - Cormier vs. Johnson,Josh Burkman,Dong Hyun Kim,Dong Hyun Kim,3.33,1.43,Josh Burkman,Dong Hyun Kim
615,UFC 187 - Cormier vs. Johnson,Urijah Hall,Rafael Natal,Rafael Natal,1.27,4.35,Rafael Natal,Urijah Hall
616,UFC 187 - Cormier vs. Johnson,Mike Pyle,Colby Covington,Colby Covington,3.45,1.39,Mike Pyle,Colby Covington
617,UFC 187 - Cormier vs. Johnson,Leo Kuntz,Islam Makhachev,Islam Makhachev,4.35,1.28,Leo Kuntz,Islam Makhachev
618,UFC 187 - Cormier vs. Johnson,Justin Scoggins,Josh Sampo,Justin Scoggins,1.25,4.55,Josh Sampo,Justin Scoggins
619,UFC Fight Night - Condit vs. Alves,Carlos Condit,Thiago Alves,Carlos Condit,1.43,3.13,Thiago Alves,Carlos Condit
620,UFC Fight Night - Condit vs. Alves,Nik Lentz,Charles Oliveira,Charles Oliveira,3.33,1.41,Nik Lentz,Charles Oliveira
621,UFC Fight Night - Condit vs. Alves,K.J. Noons,Alex Oliveira,Alex Oliveira,2.13,1.79,K.J. Noons,Alex Oliveira
622,UFC Fight Night - Condit vs. Alves,Ryan Jimmo,Francimar Barroso,Francimar Barroso,1.39,3.33,Francimar Barroso,Ryan Jimmo
623,UFC Fight Night - Condit vs. Alves,Francisco Trinaldo,Norman Parke,Francisco Trinaldo,2.94,1.47,Francisco Trinaldo,Norman Parke
624,UFC Fight Night - Condit vs. Alves,Wendell Oliveira,Darren Till,Darren Till,1.89,2.04,Darren Till,Wendell Oliveira
625,UFC Fight Night - Condit vs. Alves,Rony Jason,Damon Jackson,Rony Jason,1.49,2.7,Damon Jackson,Rony Jason
626,UFC Fight Night - Condit vs. Alves,Jussier Formiga,Wilson Reis,Jussier Formiga,1.67,2.22,Wilson Reis,Jussier Formiga
627,UFC Fight Night - Condit vs. Alves,Nicolas Dalby,Elizeu Zaleski dos Santos,Nicolas Dalby,1.3,3.7,Elizeu Zaleski dos Santos,Nicolas Dalby
628,UFC Fight Night - Condit vs. Alves,Mirsad Bektic,Lucas Martins,Mirsad Bektic,1.3,3.7,Lucas Martins,Mirsad Bektic
629,UFC Fight Night - Condit vs. Alves,Juliana Lima,Ericka Almeida,Juliana Lima,1.49,2.7,Ericka Almeida,Juliana Lima
630,UFC Fight Night - Condit vs. Alves,Tom Breese,Luiz Dutra,Tom Breese,1.69,2.17,Luiz Dutra,Tom Breese
631,UFC Fight Night - Boetsch vs. Henderson,Dan Henderson,Tim Boetsch,Dan Henderson,2.78,1.54,Dan Henderson,Tim Boetsch
632,UFC Fight Night - Boetsch vs. Henderson,Ben Rothwell,Matt Mitrione,Ben Rothwell,2.7,1.56,Ben Rothwell,Matt Mitrione
633,UFC Fight Night - Boetsch vs. Henderson,Dustin Poirier,Yancy Medeiros,Dustin Poirier,1.56,2.86,Yancy Medeiros,Dustin Poirier
634,UFC Fight Night - Boetsch vs. Henderson,Brian Ortega,Thiago Tavares,Brian Ortega,2.56,1.61,Brian Ortega,Thiago Tavares
635,UFC Fight Night - Boetsch vs. Henderson,Joe Soto,Anthony Birchak,Anthony Birchak,1.56,2.7,Anthony Birchak,Joe Soto
636,UFC Fight Night - Boetsch vs. Henderson,Alex Caceres,Francisco Rivera,Francisco Rivera,2.22,1.82,Alex Caceres,Francisco Rivera
637,UFC Fight Night - Boetsch vs. Henderson,Derrick Lewis,Shawn Jordan,Shawn Jordan,2.04,1.96,Derrick Lewis,Shawn Jordan
638,UFC Fight Night - Boetsch vs. Henderson,Brian Ebersole,Omari Akhmedov,Omari Akhmedov,2.22,1.79,Brian Ebersole,Omari Akhmedov
639,UFC Fight Night - Boetsch vs. Henderson,Christos Giagos,Chris Wade,Chris Wade,2.56,1.61,Christos Giagos,Chris Wade
640,UFC Fight Night - Boetsch vs. Henderson,Joe Proctor,Justin Edwards,Joe Proctor,1.49,2.86,Justin Edwards,Joe Proctor
641,UFC Fight Night - Boetsch vs. Henderson,Ricardo Abreu,Jake Collier,Jake Collier,1.56,2.7,Jake Collier,Ricardo Abreu
642,UFC Fight Night - Boetsch vs. Henderson,Leonardo Morales,Jose Quinonez,Jose Quinonez,1.64,2.63,Jose Quinonez,Leonardo Morales
643,UFC 188 - Velasquez vs. Werdum,Cain Velasquez,Fabricio Werdum,Fabricio Werdum,1.2,5.26,Fabricio Werdum,Cain Velasquez
644,UFC 188 - Velasquez vs. Werdum,Gilbert Melendez,Eddie Alvarez,Eddie Alvarez,1.61,2.56,Eddie Alvarez,Gilbert Melendez
645,UFC 188 - Velasquez vs. Werdum,Kelvin Gastelum,Nate Marquardt,Kelvin Gastelum,1.22,5.26,Nate Marquardt,Kelvin Gastelum
646,UFC 188 - Velasquez vs. Werdum,Charles Rosa,Yair Rodriguez,Yair Rodriguez,1.47,2.94,Yair Rodriguez,Charles Rosa
647,UFC 188 - Velasquez vs. Werdum,Tecia Torres,Angela Hill,Tecia Torres,1.35,3.57,Angela Hill,Tecia Torres
648,UFC 188 - Velasquez vs. Werdum,Henry Cejudo,Chico Camus,Henry Cejudo,1.1,10,Chico Camus,Henry Cejudo
649,UFC 188 - Velasquez vs. Werdum,Efrain Escudero,Drew Dober,Efrain Escudero,2.38,1.69,Efrain Escudero,Drew Dober
650,UFC 188 - Velasquez vs. Werdum,Alejandro Perez,Patrick Williams,Patrick Williams,1.64,2.5,Patrick Williams,Alejandro Perez
651,UFC 188 - Velasquez vs. Werdum,Frank Trevino,Johnny Case,Johnny Case,5.26,1.23,Frank Trevino,Johnny Case
652,UFC 188 - Velasquez vs. Werdum,Cathal Pendred,Augusto Montano,Cathal Pendred,2.38,1.67,Cathal Pendred,Augusto Montano
653,UFC 188 - Velasquez vs. Werdum,Gabriel Benitez,Clay Collard,Gabriel Benitez,3.33,1.43,Gabriel Benitez,Clay Collard
654,UFC Fight Night - Jedrzejczyk vs. Penne,Joanna Jedrzejczyk,Jessica Penne,Joanna Jedrzejczyk,1.15,7.14,Jessica Penne,Joanna Jedrzejczyk
655,UFC Fight Night - Jedrzejczyk vs. Penne,Tatsuya Kawajiri,Dennis Siver,Tatsuya Kawajiri,2.56,1.64,Tatsuya Kawajiri,Dennis Siver
656,UFC Fight Night - Jedrzejczyk vs. Penne,Peter Sobotta,Steven Kennedy,Peter Sobotta,1.39,4,Steven Kennedy,Peter Sobotta
657,UFC Fight Night - Jedrzejczyk vs. Penne,Lukasz Sajewski,Nick Hein,Nick Hein,2.5,1.67,Lukasz Sajewski,Nick Hein
658,UFC Fight Night - Jedrzejczyk vs. Penne,Makwan Amirkhani,Masio Fullen,Makwan Amirkhani,1.45,3.13,Masio Fullen,Makwan Amirkhani
659,UFC Fight Night - Jedrzejczyk vs. Penne,Mairbek Taisumov,Alan Patrick,Mairbek Taisumov,1.67,2.5,Alan Patrick,Mairbek Taisumov
660,UFC Fight Night - Jedrzejczyk vs. Penne,Arnold Allen,Alan Omer,Arnold Allen,2.7,1.59,Arnold Allen,Alan Omer
661,UFC Fight Night - Jedrzejczyk vs. Penne,Niklas Backstrom,Noad Lahat,Noad Lahat,1.47,3.03,Noad Lahat,Niklas Backstrom
662,UFC Fight Night - Jedrzejczyk vs. Penne,Scott Askham,Antonio Dos Santos Jr.,Scott Askham,1.45,3.13,Antonio Dos Santos Jr.,Scott Askham
663,UFC Fight Night - Jedrzejczyk vs. Penne,Piotr Hallmann,Magomed Mustafaev,Magomed Mustafaev,2.08,1.92,Piotr Hallmann,Magomed Mustafaev
664,UFC Fight Night - Jedrzejczyk vs. Penne,Taylor Lapilus,Yuta Sasaki,Taylor Lapilus,3.57,1.41,Taylor Lapilus,Yuta Sasaki
665,UFC Fight Night - Machida vs. Romero,Lyoto Machida,Yoel Romero,Yoel Romero,1.56,2.63,Yoel Romero,Lyoto Machida
666,UFC Fight Night - Machida vs. Romero,Lorenz Larkin,Santiago Ponzinibbio,Lorenz Larkin,1.49,2.94,Santiago Ponzinibbio,Lorenz Larkin
667,UFC Fight Night - Machida vs. Romero,Eddie Gordon,Antonio Carlos Junior,Antonio Carlos Junior,2.78,1.59,Eddie Gordon,Antonio Carlos Junior
668,UFC Fight Night - Machida vs. Romero,Steve Bosse,Thiago Santos,Thiago Santos,2.86,1.54,Steve Bosse,Thiago Santos
669,UFC Fight Night - Machida vs. Romero,Hacran Dias,Levan Makashvili,Hacran Dias,1.56,2.78,Levan Makashvili,Hacran Dias
670,UFC Fight Night - Machida vs. Romero,Alex Oliveira,Joe Merritt,Alex Oliveira,1.25,4.55,Joe Merritt,Alex Oliveira
671,UFC Fight Night - Machida vs. Romero,Leandro Silva,Lewis Gonzalez,Leandro Silva,1.59,2.86,Lewis Gonzalez,Leandro Silva
672,UFC Fight Night - Machida vs. Romero,Steve Montgomery,Tony Sims,Tony Sims,1.92,2,Tony Sims,Steve Montgomery
673,UFC Fight Night - Machida vs. Romero,Danny Martinez,Sirwan Kakai,Sirwan Kakai,1.79,2.22,Sirwan Kakai,Danny Martinez
674,UFC 189 - McGregor vs. Mendes,Conor McGregor,Chad Mendes,Conor McGregor,1.56,2.7,Chad Mendes,Conor McGregor
675,UFC 189 - McGregor vs. Mendes,Robbie Lawler,Rory MacDonald,Robbie Lawler,2.65,1.62,Robbie Lawler,Rory MacDonald
676,UFC 189 - McGregor vs. Mendes,Dennis Bermudez,Jeremy Stephens,Jeremy Stephens,1.5,2.97,Jeremy Stephens,Dennis Bermudez
677,UFC 189 - McGregor vs. Mendes,Gunnar Nelson,Brandon Thatch,Gunnar Nelson,2.6,1.59,Gunnar Nelson,Brandon Thatch
678,UFC 189 - McGregor vs. Mendes,Brad Pickett,Thomas Almeida,Thomas Almeida,6.99,1.14,Brad Pickett,Thomas Almeida
679,UFC 189 - McGregor vs. Mendes,Matt Brown,Tim Means,Matt Brown,1.56,2.75,Tim Means,Matt Brown
680,UFC 189 - McGregor vs. Mendes,Alex Garcia,Mike Swick,Alex Garcia,1.25,4.55,Mike Swick,Alex Garcia
681,UFC 189 - McGregor vs. Mendes,Cathal Pendred,John Howard,John Howard,1.91,2,John Howard,Cathal Pendred
682,UFC 189 - McGregor vs. Mendes,Cody Garbrandt,Enrique Briones,Cody Garbrandt,1.16,6.41,Enrique Briones,Cody Garbrandt
683,UFC 189 - McGregor vs. Mendes,Neil Seery,Louis Smolka,Louis Smolka,2.15,1.83,Neil Seery,Louis Smolka
684,UFC 189 - McGregor vs. Mendes,Yosdenis Cedeno,Cody Pfister,Cody Pfister,1.51,2.85,Cody Pfister,Yosdenis Cedeno
685,UFC - The Ultimate Fighter 21 Finale,Jake Ellenberger,Stephen Thompson,Stephen Thompson,2.75,1.53,Jake Ellenberger,Stephen Thompson
686,UFC - The Ultimate Fighter 21 Finale,Hayder Hassan,Kamaru Usman,Kamaru Usman,2.85,1.52,Hayder Hassan,Kamaru Usman
687,UFC - The Ultimate Fighter 21 Finale,Michael Graves,Vicente Luque,Michael Graves,2.1,1.88,Michael Graves,Vicente Luque
688,UFC - The Ultimate Fighter 21 Finale,Jorge Masvidal,Cezar Ferreira,Jorge Masvidal,1.47,3.19,Cezar Ferreira,Jorge Masvidal
689,UFC - The Ultimate Fighter 21 Finale,Michelle Waterson,Angela Magana,Michelle Waterson,1.17,6.06,Angela Magana,Michelle Waterson
690,UFC - The Ultimate Fighter 21 Finale,Maximo Blanco,Mike de la Torre,Maximo Blanco,1.95,2,Mike de la Torre,Maximo Blanco
691,UFC - The Ultimate Fighter 21 Finale,Josh Samman,Caio Magalhaes,Josh Samman,2.1,1.84,Josh Samman,Caio Magalhaes
692,UFC - The Ultimate Fighter 21 Finale,Russell Doane,Jerrod Sanders,Jerrod Sanders,1.28,4.44,Jerrod Sanders,Russell Doane
693,UFC - The Ultimate Fighter 21 Finale,Dan Miller,Trevor Smith,Trevor Smith,1.91,2.1,Trevor Smith,Dan Miller
694,UFC - The Ultimate Fighter 21 Finale,George Sullivan,Dominic Waters,George Sullivan,1.5,2.86,Dominic Waters,George Sullivan
695,UFC - The Ultimate Fighter 21 Finale,Willie Gates,Darrell Montague,Willie Gates,2.05,1.92,Willie Gates,Darrell Montague
696,UFC Fight Night - Mir vs. Duffee,Frank Mir,Todd Duffee,Frank Mir,2.8,1.53,Frank Mir,Todd Duffee
697,UFC Fight Night - Mir vs. Duffee,Josh Thomson,Tony Ferguson,Tony Ferguson,2.85,1.53,Josh Thomson,Tony Ferguson
698,UFC Fight Night - Mir vs. Duffee,Holly Holm,Marion Reneau,Holly Holm,1.5,2.85,Marion Reneau,Holly Holm
699,UFC Fight Night - Mir vs. Duffee,Scott Jorgensen,Manny Gamburyan,Manny Gamburyan,2.4,1.67,Scott Jorgensen,Manny Gamburyan
700,UFC Fight Night - Mir vs. Duffee,Kevin Lee,James Moontasri,Kevin Lee,1.4,3.34,James Moontasri,Kevin Lee
701,UFC Fight Night - Mir vs. Duffee,Alan Jouban,Matt Dwyer,Alan Jouban,1.23,4.85,Matt Dwyer,Alan Jouban
702,UFC Fight Night - Mir vs. Duffee,Sam Sicilia,Yaotzin Meza,Sam Sicilia,1.61,2.8,Yaotzin Meza,Sam Sicilia
703,UFC Fight Night - Mir vs. Duffee,Jessica Andrade,Sarah Moras,Jessica Andrade,1.3,4,Sarah Moras,Jessica Andrade
704,UFC Fight Night - Mir vs. Duffee,Rani Yahya,Masanori Kanehara,Rani Yahya,2,1.92,Rani Yahya,Masanori Kanehara
705,UFC Fight Night - Mir vs. Duffee,Sean Strickland,Igor Araujo,Sean Strickland,1.29,4.15,Igor Araujo,Sean Strickland
706,UFC Fight Night - Mir vs. Duffee,Kevin Casey,Ildemar Alcantara,Kevin Casey,1.95,1.95,Kevin Casey,Ildemar Alcantara
707,UFC Fight Night - Mir vs. Duffee,Andrew Craig,Lyman Good,Lyman Good,3.02,1.39,Andrew Craig,Lyman Good
708,UFC Fight Night - Bisping vs. Leites,Michael Bisping,Thales Leites,Michael Bisping,1.93,1.98,Thales Leites,Michael Bisping
709,UFC Fight Night - Bisping vs. Leites,Ross Pearson,Evan Dunham,Evan Dunham,1.44,3.06,Evan Dunham,Ross Pearson
710,UFC Fight Night - Bisping vs. Leites,Joseph Duffy,Ivan Jorge,Joseph Duffy,1.13,6.99,Ivan Jorge,Joseph Duffy
711,UFC Fight Night - Bisping vs. Leites,Joanne Wood,Cortney Casey,Joanne Wood,1.29,4,Cortney Casey,Joanne Wood
712,UFC Fight Night - Bisping vs. Leites,Pawel Pawlak,Leon Edwards,Leon Edwards,4.26,1.33,Pawel Pawlak,Leon Edwards
713,UFC Fight Night - Bisping vs. Leites,Leonardo Mafra,Stevie Ray,Stevie Ray,2.8,1.51,Leonardo Mafra,Stevie Ray
714,UFC Fight Night - Bisping vs. Leites,Patrick Holohan,Vaughan Lee,Patrick Holohan,1.61,2.64,Vaughan Lee,Patrick Holohan
715,UFC Fight Night - Bisping vs. Leites,Ilir Latifi,Hans Stringer,Ilir Latifi,1.45,3.07,Hans Stringer,Ilir Latifi
716,UFC Fight Night - Bisping vs. Leites,Teemu Packalen,Mickael Lebout,Mickael Lebout,1.83,2.16,Mickael Lebout,Teemu Packalen
717,UFC Fight Night - Bisping vs. Leites,Robert Whiteford,Paul Redmond,Robert Whiteford,1.71,2.35,Paul Redmond,Robert Whiteford
718,UFC Fight Night - Bisping vs. Leites,Jimmie Rivera,Marcus Brimage,Jimmie Rivera,1.87,2.08,Marcus Brimage,Jimmie Rivera
719,UFC Fight Night - Bisping vs. Leites,Daniel Omielanczuk,Chris de la Rocha,Daniel Omielanczuk,1.68,2.37,Chris de la Rocha,Daniel Omielanczuk
720,UFC on Fox 16 - Dillashaw vs. Barao 2,T.J. Dillashaw,Renan Barao,T.J. Dillashaw,1.48,2.95,Renan Barao,T.J. Dillashaw
721,UFC on Fox 16 - Dillashaw vs. Barao 2,Miesha Tate,Jessica Eye,Miesha Tate,1.53,2.8,Jessica Eye,Miesha Tate
722,UFC on Fox 16 - Dillashaw vs. Barao 2,Edson Barboza,Paul Felder,Edson Barboza,1.75,2.25,Paul Felder,Edson Barboza
723,UFC on Fox 16 - Dillashaw vs. Barao 2,Joe Lauzon,Takanori Gomi,Joe Lauzon,1.32,4.1,Takanori Gomi,Joe Lauzon
724,UFC on Fox 16 - Dillashaw vs. Barao 2,Gian Villante,Tom Lawlor,Tom Lawlor,1.51,3,Tom Lawlor,Gian Villante
725,UFC on Fox 16 - Dillashaw vs. Barao 2,Jim Miller,Danny Castillo,Jim Miller,1.87,2.1,Danny Castillo,Jim Miller
726,UFC on Fox 16 - Dillashaw vs. Barao 2,Ben Saunders,Kenny Robertson,Ben Saunders,2.1,1.91,Ben Saunders,Kenny Robertson
727,UFC on Fox 16 - Dillashaw vs. Barao 2,Bryan Caraway,Eddie Wineland,Bryan Caraway,2.2,1.87,Bryan Caraway,Eddie Wineland
728,UFC on Fox 16 - Dillashaw vs. Barao 2,Daron Cruickshank,James Krause,James Krause,1.63,2.65,James Krause,Daron Cruickshank
729,UFC on Fox 16 - Dillashaw vs. Barao 2,Andrew Holbrook,Ramsey Nijem,Andrew Holbrook,2.4,1.7,Andrew Holbrook,Ramsey Nijem
730,UFC on Fox 16 - Dillashaw vs. Barao 2,Jessamyn Duke,Elizabeth Phillips,Elizabeth Phillips,2.45,1.7,Jessamyn Duke,Elizabeth Phillips
731,UFC on Fox 16 - Dillashaw vs. Barao 2,Zak Cummings,Dominique Steele,Zak Cummings,1.36,4.15,Dominique Steele,Zak Cummings
732,UFC 190 - Rousey vs. Correia,Ronda Rousey,Bethe Correia,Ronda Rousey,1.07,12.82,Bethe Correia,Ronda Rousey
733,UFC 190 - Rousey vs. Correia,Fernando Bruno,Glaico Franca,Glaico Franca,2.58,1.6,Fernando Bruno,Glaico Franca
734,UFC 190 - Rousey vs. Correia,Mauricio Rua,Rogerio Nogueira,Mauricio Rua,1.53,2.75,Rogerio Nogueira,Mauricio Rua
735,UFC 190 - Rousey vs. Correia,Reginaldo Vieira,Dileno Lopes,Reginaldo Vieira,3.7,1.34,Reginaldo Vieira,Dileno Lopes
736,UFC 190 - Rousey vs. Correia,Rodrigo Nogueira,Stefan Struve,Stefan Struve,2.53,1.63,Rodrigo Nogueira,Stefan Struve
737,UFC 190 - Rousey vs. Correia,Antonio Silva,Soa Palelei,Antonio Silva,2.74,1.54,Antonio Silva,Soa Palelei
738,UFC 190 - Rousey vs. Correia,Claudia Gadelha,Jessica Aguilar,Claudia Gadelha,1.24,4.74,Jessica Aguilar,Claudia Gadelha
739,UFC 190 - Rousey vs. Correia,Demian Maia,Neil Magny,Demian Maia,1.62,2.58,Neil Magny,Demian Maia
740,UFC 190 - Rousey vs. Correia,Rafael Cavalcante,Patrick Cummins,Patrick Cummins,2.43,1.65,Rafael Cavalcante,Patrick Cummins
741,UFC 190 - Rousey vs. Correia,Warlley Alves,Nordine Taleb,Warlley Alves,1.46,3,Nordine Taleb,Warlley Alves
742,UFC 190 - Rousey vs. Correia,Yuri Alcantara,Leandro Issa,Yuri Alcantara,1.43,3.16,Leandro Issa,Yuri Alcantara
743,UFC 190 - Rousey vs. Correia,Vitor Miranda,Clint Hester,Vitor Miranda,2.38,1.67,Vitor Miranda,Clint Hester
744,UFC 190 - Rousey vs. Correia,Hugo Viana,Guido Cannetti,Guido Cannetti,1.33,4,Guido Cannetti,Hugo Viana
745,UFC Fight Night - St. Preux vs. Teixeira,Glover Teixeira,Ovince St Preux,Glover Teixeira,1.95,1.95,Glover Teixeira,Ovince St Preux
746,UFC Fight Night - St. Preux vs. Teixeira,Michael Johnson,Beneil Dariush,Beneil Dariush,1.65,2.45,Beneil Dariush,Michael Johnson
747,UFC Fight Night - St. Preux vs. Teixeira,Sam Alvey,Derek Brunson,Derek Brunson,4.55,1.26,Sam Alvey,Derek Brunson
748,UFC Fight Night - St. Preux vs. Teixeira,Jared Rosholt,Timothy Johnson,Jared Rosholt,1.42,3.36,Timothy Johnson,Jared Rosholt
749,UFC Fight Night - St. Preux vs. Teixeira,Sara McMann,Amanda Nunes,Amanda Nunes,1.4,3.34,Amanda Nunes,Sara McMann
750,UFC Fight Night - St. Preux vs. Teixeira,Ray Borg,Geane Herrera,Ray Borg,1.24,4.95,Geane Herrera,Ray Borg
751,UFC Fight Night - St. Preux vs. Teixeira,Urijah Hall,Oluwale Bamgbose,Urijah Hall,1.29,4.26,Oluwale Bamgbose,Urijah Hall
752,UFC Fight Night - St. Preux vs. Teixeira,Chris Camozzi,Tom Watson,Chris Camozzi,1.72,2.3,Tom Watson,Chris Camozzi
753,UFC Fight Night - St. Preux vs. Teixeira,Willie Gates,Dustin Ortiz,Dustin Ortiz,4.81,1.26,Willie Gates,Dustin Ortiz
754,UFC Fight Night - St. Preux vs. Teixeira,Frankie Saenz,Sirwan Kakai,Frankie Saenz,2,1.95,Frankie Saenz,Sirwan Kakai
755,UFC Fight Night - St. Preux vs. Teixeira,Chris Dempsey,Jonathan Wilson,Jonathan Wilson,2.4,1.69,Chris Dempsey,Jonathan Wilson
756,UFC Fight Night - St. Preux vs. Teixeira,Marlon Vera,Roman Salazar,Marlon Vera,1.8,2.15,Roman Salazar,Marlon Vera
757,UFC Fight Night - St. Preux vs. Teixeira,Anthony Christodoulou,Scott Holtzman,Scott Holtzman,8,1.11,Anthony Christodoulou,Scott Holtzman
758,UFC Fight Night 74 - Holloway vs. Oliveira,Max Holloway,Charles Oliveira,Max Holloway,1.46,3.1,Charles Oliveira,Max Holloway
759,UFC Fight Night 74 - Holloway vs. Oliveira,Erick Silva,Neil Magny,Neil Magny,1.59,2.62,Neil Magny,Erick Silva
760,UFC Fight Night 74 - Holloway vs. Oliveira,Josh Burkman,Patrick Cote,Patrick Cote,1.77,2.25,Patrick Cote,Josh Burkman
761,UFC Fight Night 74 - Holloway vs. Oliveira,Chad Laprise,Francisco Trinaldo,Francisco Trinaldo,1.27,4.41,Francisco Trinaldo,Chad Laprise
762,UFC Fight Night 74 - Holloway vs. Oliveira,Olivier Aubin-Mercier,Tony Sims,Olivier Aubin-Mercier,1.49,2.99,Tony Sims,Olivier Aubin-Mercier
763,UFC Fight Night 74 - Holloway vs. Oliveira,Maryna Moroz,Valerie Letourneau,Valerie Letourneau,1.48,3.05,Valerie Letourneau,Maryna Moroz
764,UFC Fight Night 74 - Holloway vs. Oliveira,Sam Stout,Frankie Perez,Frankie Perez,2.2,1.78,Sam Stout,Frankie Perez
765,UFC Fight Night 74 - Holloway vs. Oliveira,Yves Jabouin,Felipe Arantes,Felipe Arantes,3.05,1.48,Yves Jabouin,Felipe Arantes
766,UFC Fight Night 74 - Holloway vs. Oliveira,Nikita Krylov,Marcos Rogerio de Lima,Nikita Krylov,2.55,1.61,Nikita Krylov,Marcos Rogerio de Lima
767,UFC Fight Night 74 - Holloway vs. Oliveira,Chris Beal,Chris Kelades,Chris Kelades,1.65,2.45,Chris Kelades,Chris Beal
768,UFC Fight Night 74 - Holloway vs. Oliveira,Shane Campbell,Elias Silverio,Shane Campbell,3.19,1.43,Shane Campbell,Elias Silverio
769,UFC Fight Night 74 - Holloway vs. Oliveira,Daniel Jolly,Misha Cirkunov,Misha Cirkunov,4.74,1.25,Daniel Jolly,Misha Cirkunov
770,UFC 191 - Johnson vs. Dodson 2,Demetrious Johnson,John Dodson,Demetrious Johnson,1.2,5.75,John Dodson,Demetrious Johnson
771,UFC 191 - Johnson vs. Dodson 2,Andrei Arlovski,Frank Mir,Andrei Arlovski,1.67,2.4,Frank Mir,Andrei Arlovski
772,UFC 191 - Johnson vs. Dodson 2,Anthony Johnson,Jimi Manuwa,Anthony Johnson,1.2,6.1,Jimi Manuwa,Anthony Johnson
773,UFC 191 - Johnson vs. Dodson 2,Corey Anderson,Jan Blachowicz,Corey Anderson,2.3,1.77,Corey Anderson,Jan Blachowicz
774,UFC 191 - Johnson vs. Dodson 2,Paige VanZant,Alex Chambers,Paige VanZant,1.08,11.49,Alex Chambers,Paige VanZant
775,UFC 191 - Johnson vs. Dodson 2,Paul Felder,Ross Pearson,Ross Pearson,1.23,4.81,Ross Pearson,Paul Felder
776,UFC 191 - Johnson vs. Dodson 2,Francisco Rivera,John Lineker,John Lineker,2.18,1.77,Francisco Rivera,John Lineker
777,UFC 191 - Johnson vs. Dodson 2,Jessica Andrade,Raquel Pennington,Raquel Pennington,1.5,3,Raquel Pennington,Jessica Andrade
778,UFC 191 - Johnson vs. Dodson 2,Tiago Trator,Clay Collard,Tiago Trator,2.2,1.8,Tiago Trator,Clay Collard
779,UFC 191 - Johnson vs. Dodson 2,Joe Riggs,Ron Stallings,Joe Riggs,2.59,1.63,Joe Riggs,Ron Stallings
780,UFC 191 - Johnson vs. Dodson 2,Nazareno Malegarie,Joaquim Silva,Joaquim Silva,1.75,2.35,Joaquim Silva,Nazareno Malegarie
781,UFC Fight Night - Barnett vs. Nelson,Josh Barnett,Roy Nelson,Josh Barnett,1.34,3.8,Roy Nelson,Josh Barnett
782,UFC Fight Night - Barnett vs. Nelson,Gegard Mousasi,Urijah Hall,Urijah Hall,1.2,5.49,Urijah Hall,Gegard Mousasi
783,UFC Fight Night - Barnett vs. Nelson,Kyoji Horiguchi,Chico Camus,Kyoji Horiguchi,1.27,4.48,Chico Camus,Kyoji Horiguchi
784,UFC Fight Night - Barnett vs. Nelson,Takeya Mizugaki,George Roop,Takeya Mizugaki,1.43,3.06,George Roop,Takeya Mizugaki
785,UFC Fight Night - Barnett vs. Nelson,Diego Brandao,Katsunori Kikuno,Diego Brandao,1.46,3.1,Katsunori Kikuno,Diego Brandao
786,UFC Fight Night - Barnett vs. Nelson,Keita Nakamura,Li Jingliang,Keita Nakamura,3.58,1.4,Keita Nakamura,Li Jingliang
787,UFC Fight Night - Barnett vs. Nelson,Nick Hein,Yusuke Kasuya,Nick Hein,1.31,4.2,Yusuke Kasuya,Nick Hein
788,UFC Fight Night - Barnett vs. Nelson,Naoyuki Kotani,Kajan Johnson,Kajan Johnson,3.69,1.34,Naoyuki Kotani,Kajan Johnson
789,UFC Fight Night - Barnett vs. Nelson,Shinsho Anzai,Roger Zapata,Shinsho Anzai,1.93,2.04,Roger Zapata,Shinsho Anzai
790,UFC 192 - Cormier vs. Gustafsson,Daniel Cormier,Alexander Gustafsson,Daniel Cormier,1.43,3.45,Alexander Gustafsson,Daniel Cormier
791,UFC 192 - Cormier vs. Gustafsson,Ryan Bader,Rashad Evans,Ryan Bader,2.19,1.83,Ryan Bader,Rashad Evans
792,UFC 192 - Cormier vs. Gustafsson,Ruslan Magomedov,Shawn Jordan,Ruslan Magomedov,1.56,2.7,Shawn Jordan,Ruslan Magomedov
793,UFC 192 - Cormier vs. Gustafsson,Joseph Benavidez,Ali Bagautinov,Joseph Benavidez,1.33,3.91,Ali Bagautinov,Joseph Benavidez
794,UFC 192 - Cormier vs. Gustafsson,Julianna Pena,Jessica Eye,Julianna Pena,1.45,3.1,Jessica Eye,Julianna Pena
795,UFC 192 - Cormier vs. Gustafsson,Yair Rodriguez,Daniel Hooker,Yair Rodriguez,1.35,3.85,Daniel Hooker,Yair Rodriguez
796,UFC 192 - Cormier vs. Gustafsson,Alan Jouban,Albert Tumenov,Albert Tumenov,3.4,1.43,Alan Jouban,Albert Tumenov
797,UFC 192 - Cormier vs. Gustafsson,Adriano Martins,Islam Makhachev,Adriano Martins,2.35,1.71,Adriano Martins,Islam Makhachev
798,UFC 192 - Cormier vs. Gustafsson,Angela Hill,Rose Namajunas,Rose Namajunas,3.19,1.44,Angela Hill,Rose Namajunas
799,UFC 192 - Cormier vs. Gustafsson,Sage Northcutt,Frank Trevino,Sage Northcutt,1.24,4.81,Frank Trevino,Sage Northcutt
800,UFC 192 - Cormier vs. Gustafsson,Sergio Pettis,Chris Cariaso,Sergio Pettis,1.53,2.85,Chris Cariaso,Sergio Pettis
801,UFC 192 - Cormier vs. Gustafsson,Derrick Lewis,Viktor Pesta,Derrick Lewis,2.6,1.63,Derrick Lewis,Viktor Pesta
802,UFC Fight Night 76 - Holohan vs. Smolka,Patrick Holohan,Louis Smolka,Louis Smolka,2.3,1.8,Patrick Holohan,Louis Smolka
803,UFC Fight Night 76 - Holohan vs. Smolka,Norman Parke,Reza Madadi,Norman Parke,1.5,3.1,Reza Madadi,Norman Parke
804,UFC Fight Night 76 - Holohan vs. Smolka,Jon delos Reyes,Neil Seery,Neil Seery,2.05,1.91,Jon delos Reyes,Neil Seery
805,UFC Fight Night 76 - Holohan vs. Smolka,Stevie Ray,Mickael Lebout,Stevie Ray,1.21,5.26,Mickael Lebout,Stevie Ray
806,UFC Fight Night 76 - Holohan vs. Smolka,Aisling Daly,Ericka Almeida,Aisling Daly,2,2,Aisling Daly,Ericka Almeida
807,UFC Fight Night 76 - Holohan vs. Smolka,Scott Askham,Krzysztof Jotko,Krzysztof Jotko,1.77,2.25,Krzysztof Jotko,Scott Askham
808,UFC Fight Night 76 - Holohan vs. Smolka,Cathal Pendred,Tom Breese,Tom Breese,3.48,1.37,Cathal Pendred,Tom Breese
809,UFC Fight Night 76 - Holohan vs. Smolka,Darren Elkins,Robert Whiteford,Darren Elkins,1.71,2.4,Robert Whiteford,Darren Elkins
810,UFC Fight Night 76 - Holohan vs. Smolka,Garreth McLellan,Bubba Bush,Garreth McLellan,3.91,1.36,Garreth McLellan,Bubba Bush
811,UFC Fight Night 77: Belfort vs. Henderson 3,Vitor Belfort,Dan Henderson,Vitor Belfort,1.36,3.75,Dan Henderson,Vitor Belfort
812,UFC Fight Night 77: Belfort vs. Henderson 3,Glover Teixeira,Patrick Cummins,Glover Teixeira,1.23,4.85,Patrick Cummins,Glover Teixeira
813,UFC Fight Night 77: Belfort vs. Henderson 3,Thomas Almeida,Anthony Birchak,Thomas Almeida,1.25,4.65,Anthony Birchak,Thomas Almeida
814,UFC Fight Night 77: Belfort vs. Henderson 3,Alex Oliveira,Piotr Hallmann,Alex Oliveira,1.47,3,Piotr Hallmann,Alex Oliveira
815,UFC Fight Night 77: Belfort vs. Henderson 3,Gilbert Burns,Rashid Magomedov,Rashid Magomedov,2.84,1.53,Gilbert Burns,Rashid Magomedov
816,UFC Fight Night 77: Belfort vs. Henderson 3,Fabio Maldonado,Corey Anderson,Corey Anderson,5.81,1.2,Fabio Maldonado,Corey Anderson
817,UFC Fight Night 77: Belfort vs. Henderson 3,Gleison Tibau,Abel Trujillo,Gleison Tibau,1.83,2.14,Abel Trujillo,Gleison Tibau
818,UFC Fight Night 77: Belfort vs. Henderson 3,Johnny Case,Yan Cabral,Johnny Case,1.39,3.5,Yan Cabral,Johnny Case
819,UFC Fight Night 77: Belfort vs. Henderson 3,Clay Guida,Thiago Tavares,Thiago Tavares,1.69,2.4,Thiago Tavares,Clay Guida
820,UFC Fight Night 77: Belfort vs. Henderson 3,Edmilson Souza,Chas Skelly,Chas Skelly,2.6,1.61,Edmilson Souza,Chas Skelly
821,UFC Fight Night 77: Belfort vs. Henderson 3,Viscardi Andrade,Gasan Umalatov,Viscardi Andrade,2.15,1.83,Viscardi Andrade,Gasan Umalatov
822,UFC Fight Night 77: Belfort vs. Henderson 3,Pedro Munhoz,Jimmie Rivera,Jimmie Rivera,1.61,2.55,Jimmie Rivera,Pedro Munhoz
823,UFC Fight Night 77: Belfort vs. Henderson 3,Bruno Korea,Matheus Nicolau,Matheus Nicolau,2.7,1.54,Bruno Korea,Matheus Nicolau
824,UFC 193 - Rousey vs. Holm,Ronda Rousey,Holly Holm,Holly Holm,1.07,12.99,Holly Holm,Ronda Rousey
825,UFC 193 - Rousey vs. Holm,Joanna Jedrzejczyk,Valerie Letourneau,Joanna Jedrzejczyk,1.06,12.82,Valerie Letourneau,Joanna Jedrzejczyk
826,UFC 193 - Rousey vs. Holm,Mark Hunt,Antonio Silva,Mark Hunt,1.4,3.34,Antonio Silva,Mark Hunt
827,UFC 193 - Rousey vs. Holm,Urijah Hall,Robert Whittaker,Robert Whittaker,1.71,2.3,Robert Whittaker,Urijah Hall
828,UFC 193 - Rousey vs. Holm,Jared Rosholt,Stefan Struve,Jared Rosholt,2.16,1.83,Jared Rosholt,Stefan Struve
829,UFC 193 - Rousey vs. Holm,Jake Matthews,Akbarh Arreola,Jake Matthews,1.11,8.47,Akbarh Arreola,Jake Matthews
830,UFC 193 - Rousey vs. Holm,Kyle Noke,Peter Sobotta,Kyle Noke,2.6,1.63,Kyle Noke,Peter Sobotta
831,UFC 193 - Rousey vs. Holm,Anthony Perosh,Gian Villante,Gian Villante,4.65,1.25,Anthony Perosh,Gian Villante
832,UFC 193 - Rousey vs. Holm,Richie Vaculik,Danny Martinez,Danny Martinez,2,1.91,Richie Vaculik,Danny Martinez
833,UFC 193 - Rousey vs. Holm,Daniel Kelly,Steve Montgomery,Daniel Kelly,3.4,1.39,Daniel Kelly,Steve Montgomery
834,UFC 193 - Rousey vs. Holm,Richard Walsh,Steven Kennedy,Richard Walsh,1.32,3.91,Steven Kennedy,Richard Walsh
835,UFC 193 - Rousey vs. Holm,Anton Zafir,James Moontasri,James Moontasri,3.91,1.32,Anton Zafir,James Moontasri
836,UFC 193 - Rousey vs. Holm,Ben Nguyen,Ryan Benoit,Ben Nguyen,1.8,2.2,Ryan Benoit,Ben Nguyen
837,UFC Fight Night 78 - Magny vs. Gastelum,Neil Magny,Kelvin Gastelum,Neil Magny,3.8,1.34,Neil Magny,Kelvin Gastelum
838,UFC Fight Night 78 - Magny vs. Gastelum,Ricardo Lamas,Diego Sanchez,Ricardo Lamas,1.25,5.46,Diego Sanchez,Ricardo Lamas
839,UFC Fight Night 78 - Magny vs. Gastelum,Jussier Formiga,Henry Cejudo,Henry Cejudo,5.49,1.2,Jussier Formiga,Henry Cejudo
840,UFC Fight Night 78 - Magny vs. Gastelum,Erick Montano,Enrique Marin,Erick Montano,2.7,1.54,Erick Montano,Enrique Marin
841,UFC Fight Night 78 - Magny vs. Gastelum,Horacio Gutierrez,Enrique Barzola,Enrique Barzola,1.57,2.67,Enrique Barzola,Horacio Gutierrez
842,UFC Fight Night 78 - Magny vs. Gastelum,Efrain Escudero,Leandro Silva,Leandro Silva,2.4,1.71,Efrain Escudero,Leandro Silva
843,UFC Fight Night 78 - Magny vs. Gastelum,Erik Perez,Taylor Lapilus,Erik Perez,1.83,2.1,Taylor Lapilus,Erik Perez
844,UFC Fight Night 78 - Magny vs. Gastelum,Hector Urbina,Bartosz Fabinski,Bartosz Fabinski,2.72,1.55,Hector Urbina,Bartosz Fabinski
845,UFC Fight Night 78 - Magny vs. Gastelum,Scott Jorgensen,Alejandro Perez,Alejandro Perez,1.8,2.17,Alejandro Perez,Scott Jorgensen
846,UFC Fight Night 78 - Magny vs. Gastelum,Gabriel Benitez,Andre Fili,Andre Fili,2.9,1.49,Gabriel Benitez,Andre Fili
847,UFC Fight Night 78 - Magny vs. Gastelum,Vernon Ramos,Alvaro Herrera,Alvaro Herrera,1.63,2.5,Alvaro Herrera,Vernon Ramos
848,UFC Fight Night 78 - Magny vs. Gastelum,Cesar Arzamendia,Marco Polo Reyes,Marco Polo Reyes,1.57,2.7,Marco Polo Reyes,Cesar Arzamendia
849,UFC Fight Night 78 - Magny vs. Gastelum,Valmir Lazaro,Michel Prazeres,Michel Prazeres,2.22,1.83,Valmir Lazaro,Michel Prazeres
850,UFC Fight Night 79 - Henderson vs. Masvidal,Benson Henderson,Jorge Masvidal,Benson Henderson,1.47,3.05,Jorge Masvidal,Benson Henderson
851,UFC Fight Night 79 - Henderson vs. Masvidal,Dong Hyun Kim,Dominic Waters,Dong Hyun Kim,1.14,6.99,Dominic Waters,Dong Hyun Kim
852,UFC Fight Night 79 - Henderson vs. Masvidal,Alberto Mina,Yoshihiro Akiyama,Alberto Mina,2.4,1.69,Alberto Mina,Yoshihiro Akiyama
853,UFC Fight Night 79 - Henderson vs. Masvidal,Sam Sicilia,Doo Ho Choi,Doo Ho Choi,3.34,1.42,Sam Sicilia,Doo Ho Choi
854,UFC Fight Night 79 - Henderson vs. Masvidal,Dongi Yang,Jake Collier,Dongi Yang,2.1,1.91,Dongi Yang,Jake Collier
855,UFC Fight Night 79 - Henderson vs. Masvidal,Yui Chul Nam,Mike de la Torre,Mike de la Torre,1.91,2.09,Mike de la Torre,Yui Chul Nam
856,UFC Fight Night 79 - Henderson vs. Masvidal,Tae Hyun Bang,Leo Kuntz,Tae Hyun Bang,2.55,1.7,Tae Hyun Bang,Leo Kuntz
857,UFC Fight Night 79 - Henderson vs. Masvidal,Seo Hee Ham,Cortney Casey,Seo Hee Ham,2.3,1.75,Seo Hee Ham,Cortney Casey
858,UFC Fight Night 79 - Henderson vs. Masvidal,Freddy Serrano,Zhuikui Yao,Freddy Serrano,1.66,2.55,Zhuikui Yao,Freddy Serrano
859,UFC Fight Night 79 - Henderson vs. Masvidal,Ning Guangyou,Marco Beltran,Marco Beltran,1.7,2.55,Marco Beltran,Ning Guangyou
860,UFC Fight Night 79 - Henderson vs. Masvidal,Dong Hyun Ma,Dominique Steele,Dominique Steele,2.18,1.79,Dong Hyun Ma,Dominique Steele
861,UFC Fight Night - VanZant vs Namajunas,Paige VanZant,Rose Namajunas,Rose Namajunas,1.74,2.41,Rose Namajunas,Paige VanZant
862,UFC Fight Night - VanZant vs Namajunas,Jim Miller,Michael Chiesa,Michael Chiesa,2.2,1.78,Jim Miller,Michael Chiesa
863,UFC Fight Night - VanZant vs Namajunas,Sage Northcutt,Cody Pfister,Sage Northcutt,1.13,7.75,Cody Pfister,Sage Northcutt
864,UFC Fight Night - VanZant vs Namajunas,Elias Theodorou,Thiago Santos,Thiago Santos,1.48,3.1,Thiago Santos,Elias Theodorou
865,UFC Fight Night - VanZant vs Namajunas,Tim Means,John Howard,Tim Means,1.27,4.41,John Howard,Tim Means
866,UFC Fight Night - VanZant vs Namajunas,Sergio Moraes,Omari Akhmedov,Sergio Moraes,2.25,1.77,Sergio Moraes,Omari Akhmedov
867,UFC Fight Night - VanZant vs Namajunas,Aljamain Sterling,Johnny Eduardo,Aljamain Sterling,1.18,5.81,Johnny Eduardo,Aljamain Sterling
868,UFC Fight Night - VanZant vs Namajunas,Andreas Stahl,Santiago Ponzinibbio,Santiago Ponzinibbio,2.85,1.51,Andreas Stahl,Santiago Ponzinibbio
869,UFC Fight Night - VanZant vs Namajunas,Danny Roberts,Nathan Coy,Danny Roberts,1.71,2.38,Nathan Coy,Danny Roberts
870,UFC Fight Night - VanZant vs Namajunas,Zubaira Tukhugov,Phillipe Nover,Zubaira Tukhugov,1.4,4,Phillipe Nover,Zubaira Tukhugov
871,UFC Fight Night - VanZant vs Namajunas,Kailin Curran,Emily Kagan,Kailin Curran,1.32,4,Emily Kagan,Kailin Curran
872,UFC - The Ultimate Fighter 22 Finale,Frankie Edgar,Chad Mendes,Frankie Edgar,1.87,2.15,Chad Mendes,Frankie Edgar
873,UFC - The Ultimate Fighter 22 Finale,Artem Lobov,Ryan Hall,Ryan Hall,1.62,2.51,Ryan Hall,Artem Lobov
874,UFC - The Ultimate Fighter 22 Finale,Edson Barboza,Tony Ferguson,Tony Ferguson,2.75,1.56,Edson Barboza,Tony Ferguson
875,UFC - The Ultimate Fighter 22 Finale,Joe Lauzon,Evan Dunham,Evan Dunham,2.88,1.5,Joe Lauzon,Evan Dunham
876,UFC - The Ultimate Fighter 22 Finale,Jason Knight,Tatsuya Kawajiri,Tatsuya Kawajiri,3.34,1.4,Jason Knight,Tatsuya Kawajiri
877,UFC - The Ultimate Fighter 22 Finale,Julian Erosa,Marcin Wrzosek,Julian Erosa,2.1,2.13,Marcin Wrzosek,Julian Erosa
878,UFC - The Ultimate Fighter 22 Finale,Gabriel Gonzaga,Konstantin Erokhin,Gabriel Gonzaga,2.11,1.87,Gabriel Gonzaga,Konstantin Erokhin
879,UFC - The Ultimate Fighter 22 Finale,Mike Pierce,Ryan LaFlare,Ryan LaFlare,3,1.49,Mike Pierce,Ryan LaFlare
880,UFC - The Ultimate Fighter 22 Finale,Joby Sanchez,Geane Herrera,Geane Herrera,1.93,2,Geane Herrera,Joby Sanchez
881,UFC - The Ultimate Fighter 22 Finale,Chris Gruetzemacher,Abner Lloveras,Chris Gruetzemacher,1.57,2.61,Abner Lloveras,Chris Gruetzemacher
882,UFC 194 - Aldo vs. McGregor,Jose Aldo,Conor McGregor,Conor McGregor,1.91,2.05,Conor McGregor,Jose Aldo
883,UFC 194 - Aldo vs. McGregor,Chris Weidman,Luke Rockhold,Luke Rockhold,1.78,2.25,Luke Rockhold,Chris Weidman
884,UFC 194 - Aldo vs. McGregor,Ronaldo Souza,Yoel Romero,Yoel Romero,1.74,2.25,Yoel Romero,Ronaldo Souza
885,UFC 194 - Aldo vs. McGregor,Gunnar Nelson,Demian Maia,Demian Maia,2,1.94,Gunnar Nelson,Demian Maia
886,UFC 194 - Aldo vs. McGregor,Max Holloway,Jeremy Stephens,Max Holloway,1.22,5.75,Jeremy Stephens,Max Holloway
887,UFC 194 - Aldo vs. McGregor,Urijah Faber,Frankie Saenz,Urijah Faber,1.18,6.25,Frankie Saenz,Urijah Faber
888,UFC 194 - Aldo vs. McGregor,Tecia Torres,Jocelyn Jones-Lybarger,Tecia Torres,1.35,3.66,Jocelyn Jones-Lybarger,Tecia Torres
889,UFC 194 - Aldo vs. McGregor,Warlley Alves,Colby Covington,Warlley Alves,2.08,1.87,Warlley Alves,Colby Covington
890,UFC 194 - Aldo vs. McGregor,Kevin Lee,Leonardo Santos,Leonardo Santos,1.18,6.41,Leonardo Santos,Kevin Lee
891,UFC 194 - Aldo vs. McGregor,Joe Proctor,Magomed Mustafaev,Magomed Mustafaev,4.26,1.29,Joe Proctor,Magomed Mustafaev
892,UFC 194 - Aldo vs. McGregor,John Makdessi,Yancy Medeiros,Yancy Medeiros,1.63,2.5,Yancy Medeiros,John Makdessi
893,UFC 194 - Aldo vs. McGregor,Marcio Alexandre Jr.,Court McGee,Court McGee,2.6,1.59,Marcio Alexandre Jr.,Court McGee
894,UFC on Fox 17 - Dos Anjos vs. Cerrone 2,Rafael dos Anjos,Donald Cerrone,Rafael dos Anjos,1.56,2.7,Donald Cerrone,Rafael dos Anjos
895,UFC on Fox 17 - Dos Anjos vs. Cerrone 2,Junior dos Santos,Alistair Overeem,Alistair Overeem,1.38,3.4,Alistair Overeem,Junior dos Santos
896,UFC on Fox 17 - Dos Anjos vs. Cerrone 2,Nate Diaz,Michael Johnson,Nate Diaz,5.25,1.24,Nate Diaz,Michael Johnson
897,UFC on Fox 17 - Dos Anjos vs. Cerrone 2,Randa Markos,Karolina Kowalkiewicz,Karolina Kowalkiewicz,1.53,2.78,Karolina Kowalkiewicz,Randa Markos
898,UFC on Fox 17 - Dos Anjos vs. Cerrone 2,Myles Jury,Charles Oliveira,Charles Oliveira,1.63,2.55,Charles Oliveira,Myles Jury
899,UFC on Fox 17 - Dos Anjos vs. Cerrone 2,Nate Marquardt,C.B. Dollaway,Nate Marquardt,4.65,1.26,Nate Marquardt,C.B. Dollaway
900,UFC on Fox 17 - Dos Anjos vs. Cerrone 2,Sarah Kaufman,Valentina Shevchenko,Valentina Shevchenko,1.71,2.35,Valentina Shevchenko,Sarah Kaufman
901,UFC on Fox 17 - Dos Anjos vs. Cerrone 2,Josh Samman,Tamdan McCrory,Tamdan McCrory,1.56,2.78,Tamdan McCrory,Josh Samman
902,UFC on Fox 17 - Dos Anjos vs. Cerrone 2,Nik Lentz,Danny Castillo,Nik Lentz,1.9,2.05,Danny Castillo,Nik Lentz
903,UFC on Fox 17 - Dos Anjos vs. Cerrone 2,Kamaru Usman,Leon Edwards,Kamaru Usman,1.41,3.35,Leon Edwards,Kamaru Usman
904,UFC on Fox 17 - Dos Anjos vs. Cerrone 2,Vicente Luque,Hayder Hassan,Vicente Luque,1.77,2.22,Hayder Hassan,Vicente Luque
905,UFC on Fox 17 - Dos Anjos vs. Cerrone 2,Luis Henrique,Francis Ngannou,Francis Ngannou,2.21,1.83,Luis Henrique,Francis Ngannou
906,UFC 195 - Lawler vs Condit,Robbie Lawler,Carlos Condit,Robbie Lawler,1.95,1.95,Robbie Lawler,Carlos Condit
907,UFC 195 - Lawler vs Condit,Stipe Miocic,Andrei Arlovski,Stipe Miocic,1.49,3,Andrei Arlovski,Stipe Miocic
908,UFC 195 - Lawler vs Condit,Lorenz Larkin,Albert Tumenov,Albert Tumenov,3.3,1.43,Lorenz Larkin,Albert Tumenov
909,UFC 195 - Lawler vs Condit,Brian Ortega,Diego Brandao,Brian Ortega,1.59,2.7,Diego Brandao,Brian Ortega
910,UFC 195 - Lawler vs Condit,Abel Trujillo,Tony Sims,Abel Trujillo,2.3,1.75,Abel Trujillo,Tony Sims
911,UFC 195 - Lawler vs Condit,Michael McDonald,Masanori Kanehara,Michael McDonald,1.2,5.81,Masanori Kanehara,Michael McDonald
912,UFC 195 - Lawler vs Condit,Alex Morono,Kyle Noke,Alex Morono,3.75,1.33,Alex Morono,Kyle Noke
913,UFC 195 - Lawler vs Condit,Nina Nunes,Justine Kish,Justine Kish,3.05,1.48,Nina Nunes,Justine Kish
914,UFC 195 - Lawler vs Condit,Drew Dober,Scott Holtzman,Drew Dober,2.67,1.59,Drew Dober,Scott Holtzman
915,UFC 195 - Lawler vs Condit,Dustin Poirier,Joseph Duffy,Dustin Poirier,2.6,1.69,Dustin Poirier,Joseph Duffy
916,UFC 195 - Lawler vs Condit,Joe Soto,Michinori Tanaka,Michinori Tanaka,2.15,1.83,Joe Soto,Michinori Tanaka
917,UFC 195 - Lawler vs Condit,Edgar Garcia,Sheldon Westcott,Sheldon Westcott,2.45,1.71,Edgar Garcia,Sheldon Westcott
918,UFC Fight Night - Dillashaw vs. Cruz,T.J. Dillashaw,Dominick Cruz,Dominick Cruz,1.74,2.33,Dominick Cruz,T.J. Dillashaw
919,UFC Fight Night - Dillashaw vs. Cruz,Anthony Pettis,Eddie Alvarez,Eddie Alvarez,1.33,4.1,Eddie Alvarez,Anthony Pettis
920,UFC Fight Night - Dillashaw vs. Cruz,Travis Browne,Matt Mitrione,Travis Browne,1.69,2.35,Matt Mitrione,Travis Browne
921,UFC Fight Night - Dillashaw vs. Cruz,Francisco Trinaldo,Ross Pearson,Francisco Trinaldo,2.35,1.71,Francisco Trinaldo,Ross Pearson
922,UFC Fight Night - Dillashaw vs. Cruz,Patrick Cote,Ben Saunders,Patrick Cote,2.1,1.87,Patrick Cote,Ben Saunders
923,UFC Fight Night - Dillashaw vs. Cruz,Tim Boetsch,Ed Herman,Ed Herman,1.48,2.9,Ed Herman,Tim Boetsch
924,UFC Fight Night - Dillashaw vs. Cruz,Mehdi Baghdad,Chris Wade,Chris Wade,4.15,1.28,Mehdi Baghdad,Chris Wade
925,UFC Fight Night - Dillashaw vs. Cruz,Maximo Blanco,Luke Sanders,Luke Sanders,1.89,2.05,Luke Sanders,Maximo Blanco
926,UFC Fight Night - Dillashaw vs. Cruz,Paul Felder,Daron Cruickshank,Paul Felder,1.41,3.25,Daron Cruickshank,Paul Felder
927,UFC Fight Night - Dillashaw vs. Cruz,Sean O'Connell,Ilir Latifi,Ilir Latifi,3.34,1.39,Sean O'Connell,Ilir Latifi
928,UFC Fight Night - Dillashaw vs. Cruz,Charles Rosa,Kyle Bochniak,Charles Rosa,1.41,3.21,Kyle Bochniak,Charles Rosa
929,UFC Fight Night - Dillashaw vs. Cruz,Rob Font,Joey Gomez,Rob Font,1.5,2.9,Joey Gomez,Rob Font
930,UFC Fight Night - Dillashaw vs. Cruz,Francimar Barroso,Elvis Mutapcic,Francimar Barroso,2.45,1.66,Francimar Barroso,Elvis Mutapcic
931,UFC on Fox 18 - Johnson vs. Bader,Anthony Johnson,Ryan Bader,Anthony Johnson,1.4,3.3,Ryan Bader,Anthony Johnson
932,UFC on Fox 18 - Johnson vs. Bader,Ben Rothwell,Josh Barnett,Ben Rothwell,2.23,1.76,Ben Rothwell,Josh Barnett
933,UFC on Fox 18 - Johnson vs. Bader,Yuri Alcantara,Jimmie Rivera,Jimmie Rivera,2.48,1.64,Yuri Alcantara,Jimmie Rivera
934,UFC on Fox 18 - Johnson vs. Bader,Sage Northcutt,Bryan Barberena,Bryan Barberena,1.41,3.45,Bryan Barberena,Sage Northcutt
935,UFC on Fox 18 - Johnson vs. Bader,Tarec Saffiedine,Jake Ellenberger,Tarec Saffiedine,1.43,3.25,Jake Ellenberger,Tarec Saffiedine
936,UFC on Fox 18 - Johnson vs. Bader,Olivier Aubin-Mercier,Carlos Diego Ferreira,Carlos Diego Ferreira,1.41,3.3,Carlos Diego Ferreira,Olivier Aubin-Mercier
937,UFC on Fox 18 - Johnson vs. Bader,Rafael Natal,Kevin Casey,Rafael Natal,1.61,2.55,Kevin Casey,Rafael Natal
938,UFC on Fox 18 - Johnson vs. Bader,Dustin Ortiz,Wilson Reis,Wilson Reis,1.47,3.1,Wilson Reis,Dustin Ortiz
939,UFC on Fox 18 - Johnson vs. Bader,George Sullivan,Alexander Yakovlev,Alexander Yakovlev,2.08,1.87,George Sullivan,Alexander Yakovlev
940,UFC on Fox 18 - Johnson vs. Bader,Alex Caceres,Masio Fullen,Alex Caceres,1.39,3.3,Masio Fullen,Alex Caceres
941,UFC on Fox 18 - Johnson vs. Bader,Matt Dwyer,Randy Brown,Randy Brown,2.3,1.95,Matt Dwyer,Randy Brown
942,UFC on Fox 18 - Johnson vs. Bader,Tony Martin,Felipe Olivieri,Tony Martin,1.68,2.61,Felipe Olivieri,Tony Martin
943,UFC Fight Night 82 - Hendricks vs. Thompson,Johny Hendricks,Stephen Thompson,Stephen Thompson,1.42,3.34,Stephen Thompson,Johny Hendricks
944,UFC Fight Night 82 - Hendricks vs. Thompson,Roy Nelson,Jared Rosholt,Roy Nelson,1.67,2.45,Jared Rosholt,Roy Nelson
945,UFC Fight Night 82 - Hendricks vs. Thompson,Ovince St Preux,Rafael Cavalcante,Ovince St Preux,1.33,4.05,Rafael Cavalcante,Ovince St Preux
946,UFC Fight Night 82 - Hendricks vs. Thompson,Joseph Benavidez,Zach Makovsky,Joseph Benavidez,1.24,4.69,Zach Makovsky,Joseph Benavidez
947,UFC Fight Night 82 - Hendricks vs. Thompson,Misha Cirkunov,Alex Nicholson,Misha Cirkunov,1.14,8.26,Alex Nicholson,Misha Cirkunov
948,UFC Fight Night 82 - Hendricks vs. Thompson,Mike Pyle,Sean Spencer,Mike Pyle,2.25,1.77,Mike Pyle,Sean Spencer
949,UFC Fight Night 82 - Hendricks vs. Thompson,Josh Burkman,K.J. Noons,Josh Burkman,1.67,2.45,K.J. Noons,Josh Burkman
950,UFC Fight Night 82 - Hendricks vs. Thompson,Derrick Lewis,Damian Grabowski,Derrick Lewis,2.05,1.91,Derrick Lewis,Damian Grabowski
951,UFC Fight Night 82 - Hendricks vs. Thompson,Ray Borg,Justin Scoggins,Justin Scoggins,1.47,3.19,Justin Scoggins,Ray Borg
952,UFC Fight Night 82 - Hendricks vs. Thompson,Noad Lahat,Diego Rivas,Diego Rivas,1.33,4.05,Diego Rivas,Noad Lahat
953,UFC Fight Night 82 - Hendricks vs. Thompson,Mickey Gall,Mike Jackson,Mickey Gall,1.22,5.35,Mike Jackson,Mickey Gall
954,UFC Fight Night 82 - Hendricks vs. Thompson,Alex White,Artem Lobov,Alex White,2.2,1.8,Alex White,Artem Lobov
955,UFC Fight Night 82 - Cerrone vs. Oliveira,Donald Cerrone,Alex Oliveira,Donald Cerrone,1.45,3.5,Alex Oliveira,Donald Cerrone
956,UFC Fight Night 82 - Cerrone vs. Oliveira,Derek Brunson,Roan Carneiro,Derek Brunson,1.3,4.44,Roan Carneiro,Derek Brunson
957,UFC Fight Night 82 - Cerrone vs. Oliveira,Cody Garbrandt,Augusto Mendes,Cody Garbrandt,1.3,4.37,Augusto Mendes,Cody Garbrandt
958,UFC Fight Night 82 - Cerrone vs. Oliveira,Dennis Bermudez,Tatsuya Kawajiri,Dennis Bermudez,1.31,4.35,Tatsuya Kawajiri,Dennis Bermudez
959,UFC Fight Night 82 - Cerrone vs. Oliveira,Joe Riggs,Chris Camozzi,Chris Camozzi,3.25,1.43,Joe Riggs,Chris Camozzi
960,UFC Fight Night 82 - Cerrone vs. Oliveira,James Krause,Shane Campbell,James Krause,1.71,2.4,Shane Campbell,James Krause
961,UFC Fight Night 82 - Cerrone vs. Oliveira,Sean Strickland,Alex Garcia,Sean Strickland,2.05,1.87,Sean Strickland,Alex Garcia
962,UFC Fight Night 82 - Cerrone vs. Oliveira,Oluwale Bamgbose,Daniel Sarafian,Oluwale Bamgbose,2.75,1.67,Oluwale Bamgbose,Daniel Sarafian
963,UFC Fight Night 82 - Cerrone vs. Oliveira,Anthony Smith,Leonardo Guimaraes,Anthony Smith,1.77,2.2,Leonardo Guimaraes,Anthony Smith
964,UFC Fight Night 82 - Cerrone vs. Oliveira,Jonavin Webb,Nathan Coy,Nathan Coy,1.43,3.34,Nathan Coy,Jonavin Webb
965,UFC Fight Night 82 - Cerrone vs. Oliveira,Ashlee Evans-Smith,Marion Reneau,Ashlee Evans-Smith,2.65,1.59,Ashlee Evans-Smith,Marion Reneau
966,UFC Fight Night 82 - Cerrone vs. Oliveira,Kelly Faszholz,Lauren Murphy,Lauren Murphy,4,1.33,Kelly Faszholz,Lauren Murphy
967,UFC Fight Night 82 - Cerrone vs. Oliveira,Anthony Hamilton,Shamil Abdurakhimov,Shamil Abdurakhimov,2.1,2,Anthony Hamilton,Shamil Abdurakhimov
968,UFC Fight Night 84 - Silva vs. Bisping,Michael Bisping,Anderson Silva,Michael Bisping,3.4,1.38,Michael Bisping,Anderson Silva
969,UFC Fight Night 84 - Silva vs. Bisping,Gegard Mousasi,Thales Leites,Gegard Mousasi,1.34,3.75,Thales Leites,Gegard Mousasi
970,UFC Fight Night 84 - Silva vs. Bisping,Tom Breese,Keita Nakamura,Tom Breese,1.13,9.26,Keita Nakamura,Tom Breese
971,UFC Fight Night 84 - Silva vs. Bisping,Brad Pickett,Francisco Rivera,Brad Pickett,2.6,1.67,Brad Pickett,Francisco Rivera
972,UFC Fight Night 84 - Silva vs. Bisping,Makwan Amirkhani,Mike Wilkinson,Makwan Amirkhani,1.59,2.6,Mike Wilkinson,Makwan Amirkhani
973,UFC Fight Night 84 - Silva vs. Bisping,Davey Grant,Marlon Vera,Davey Grant,1.57,2.65,Marlon Vera,Davey Grant
974,UFC Fight Night 84 - Silva vs. Bisping,Scott Askham,Chris Dempsey,Scott Askham,1.3,4.15,Chris Dempsey,Scott Askham
975,UFC Fight Night 84 - Silva vs. Bisping,Arnold Allen,Yaotzin Meza,Arnold Allen,1.32,3.91,Yaotzin Meza,Arnold Allen
976,UFC Fight Night 84 - Silva vs. Bisping,Brad Scott,Krzysztof Jotko,Krzysztof Jotko,2.48,1.63,Brad Scott,Krzysztof Jotko
977,UFC Fight Night 84 - Silva vs. Bisping,Rustam Khabilov,Norman Parke,Rustam Khabilov,1.44,3.15,Norman Parke,Rustam Khabilov
978,UFC Fight Night 84 - Silva vs. Bisping,Daniel Omielanczuk,Jarjis Danho,Daniel Omielanczuk,1.87,2.1,Jarjis Danho,Daniel Omielanczuk
979,UFC Fight Night 84 - Silva vs. Bisping,Teemu Packalen,Thibault Gouti,Teemu Packalen,2.13,1.81,Teemu Packalen,Thibault Gouti
980,UFC Fight Night 84 - Silva vs. Bisping,Martin Svensson,David Teymur,David Teymur,2.74,1.67,Martin Svensson,David Teymur
981,UFC 196 - McGregor vs. Diaz,Nate Diaz,Conor McGregor,Nate Diaz,5,1.25,Nate Diaz,Conor McGregor
982,UFC 196 - McGregor vs. Diaz,Holly Holm,Miesha Tate,Miesha Tate,1.38,3.5,Miesha Tate,Holly Holm
983,UFC 196 - McGregor vs. Diaz,Ilir Latifi,Gian Villante,Ilir Latifi,1.61,2.75,Gian Villante,Ilir Latifi
984,UFC 196 - McGregor vs. Diaz,Corey Anderson,Tom Lawlor,Corey Anderson,1.38,3.6,Tom Lawlor,Corey Anderson
985,UFC 196 - McGregor vs. Diaz,Amanda Nunes,Valentina Shevchenko,Amanda Nunes,1.95,2,Valentina Shevchenko,Amanda Nunes
986,UFC 196 - McGregor vs. Diaz,Brandon Thatch,Siyar Bahadurzada,Siyar Bahadurzada,1.33,3.8,Siyar Bahadurzada,Brandon Thatch
987,UFC 196 - McGregor vs. Diaz,Erick Silva,Nordine Taleb,Nordine Taleb,1.45,3.06,Nordine Taleb,Erick Silva
988,UFC 196 - McGregor vs. Diaz,Vitor Miranda,Marcelo Guimaraes,Vitor Miranda,1.37,3.65,Marcelo Guimaraes,Vitor Miranda
989,UFC 196 - McGregor vs. Diaz,Darren Elkins,Chas Skelly,Darren Elkins,2.45,1.65,Darren Elkins,Chas Skelly
990,UFC 196 - McGregor vs. Diaz,Jim Miller,Diego Sanchez,Diego Sanchez,1.67,2.5,Diego Sanchez,Jim Miller
991,UFC 196 - McGregor vs. Diaz,Justin Salas,Jason Saggo,Jason Saggo,2.85,1.5,Justin Salas,Jason Saggo
992,UFC 196 - McGregor vs. Diaz,Julian Erosa,Teruto Ishihara,Teruto Ishihara,1.61,2.6,Teruto Ishihara,Julian Erosa
993,UFC Fight Night 84 - Hunt vs. Mir,Frank Mir,Mark Hunt,Mark Hunt,2.2,1.77,Frank Mir,Mark Hunt
994,UFC Fight Night 84 - Hunt vs. Mir,Hector Lombard,Neil Magny,Neil Magny,1.95,2,Neil Magny,Hector Lombard
995,UFC Fight Night 84 - Hunt vs. Mir,Jake Matthews,Johnny Case,Jake Matthews,2.05,1.95,Jake Matthews,Johnny Case
996,UFC Fight Night 84 - Hunt vs. Mir,Daniel Kelly,Antonio Carlos Junior,Daniel Kelly,5,1.25,Daniel Kelly,Antonio Carlos Junior
997,UFC Fight Night 84 - Hunt vs. Mir,James Te Huna,Steve Bosse,Steve Bosse,1.41,3.3,Steve Bosse,James Te Huna
998,UFC Fight Night 84 - Hunt vs. Mir,Seo Hee Ham,Bec Rawlings,Bec Rawlings,1.91,2.08,Bec Rawlings,Seo Hee Ham
999,UFC Fight Night 84 - Hunt vs. Mir,Brendan O'Reilly,Alan Jouban,Alan Jouban,5.35,1.22,Brendan O'Reilly,Alan Jouban
1000,UFC Fight Night 84 - Hunt vs. Mir,Daniel Hooker,Mark Eddiva,Daniel Hooker,1.55,2.75,Mark Eddiva,Daniel Hooker
1001,UFC Fight Night 84 - Hunt vs. Mir,Leslie Smith,Rin Nakai,Leslie Smith,1.76,2.3,Rin Nakai,Leslie Smith
1002,UFC Fight Night 84 - Hunt vs. Mir,Richard Walsh,Viscardi Andrade,Viscardi Andrade,1.87,2.07,Viscardi Andrade,Richard Walsh
1003,UFC Fight Night 84 - Hunt vs. Mir,Ross Pearson,Chad Laprise,Ross Pearson,2.05,1.95,Ross Pearson,Chad Laprise
1004,UFC Fight Night 84 - Hunt vs. Mir,Damien Brown,Alan Patrick,Alan Patrick,3.2,1.42,Damien Brown,Alan Patrick
1005,UFC Fight Night 86 - Zagreb,Ben Rothwell,Junior dos Santos,Junior dos Santos,2.15,1.87,Ben Rothwell,Junior dos Santos
1006,UFC Fight Night 86 - Zagreb,Gabriel Gonzaga,Derrick Lewis,Derrick Lewis,2.35,1.69,Gabriel Gonzaga,Derrick Lewis
1007,UFC Fight Night 86 - Zagreb,Francis Ngannou,Curtis Blaydes,Francis Ngannou,2.4,1.69,Francis Ngannou,Curtis Blaydes
1008,UFC Fight Night 86 - Zagreb,Marcin Tybura,Timothy Johnson,Timothy Johnson,1.74,2.3,Timothy Johnson,Marcin Tybura
1009,UFC Fight Night 86 - Zagreb,Jan Blachowicz,Igor Pokrajac,Jan Blachowicz,1.31,4,Igor Pokrajac,Jan Blachowicz
1010,UFC Fight Night 86 - Zagreb,Maryna Moroz,Cristina Stanciu,Maryna Moroz,1.59,2.65,Cristina Stanciu,Maryna Moroz
1011,UFC Fight Night 86 - Zagreb,Nicolas Dalby,Zak Cummings,Zak Cummings,1.91,2.08,Zak Cummings,Nicolas Dalby
1012,UFC Fight Night 86 - Zagreb,Ian Entwistle,Alejandro Perez,Alejandro Perez,1.71,2.37,Alejandro Perez,Ian Entwistle
1013,UFC Fight Night 86 - Zagreb,Mairbek Taisumov,Damir Hadzovic,Mairbek Taisumov,1.34,4.15,Damir Hadzovic,Mairbek Taisumov
1014,UFC Fight Night 86 - Zagreb,Damian Stasiak,Filip Pejic,Damian Stasiak,1.83,2.1,Filip Pejic,Damian Stasiak
1015,UFC Fight Night 86 - Zagreb,Lucas Martins,Robert Whiteford,Lucas Martins,1.89,2.1,Robert Whiteford,Lucas Martins
1016,UFC Fight Night 86 - Zagreb,Cyril Asker,Jared Cannonier,Jared Cannonier,2.4,1.68,Cyril Asker,Jared Cannonier
1017,UFC Fight Night 86 - Zagreb,Bojan Velickovic,Alessio Di Chirico,Bojan Velickovic,1.54,2.73,Alessio Di Chirico,Bojan Velickovic
1018,UFC on Fox 19 - Teixeira vs. Evans,Rashad Evans,Glover Teixeira,Glover Teixeira,2.85,1.53,Rashad Evans,Glover Teixeira
1019,UFC on Fox 19 - Teixeira vs. Evans,Rose Namajunas,Tecia Torres,Rose Namajunas,1.61,2.65,Tecia Torres,Rose Namajunas
1020,UFC on Fox 19 - Teixeira vs. Evans,Darrell Horcher,Khabib Nurmagomedov,Khabib Nurmagomedov,8.5,1.12,Darrell Horcher,Khabib Nurmagomedov
1021,UFC on Fox 19 - Teixeira vs. Evans,Cub Swanson,Hacran Dias,Cub Swanson,1.94,2.05,Hacran Dias,Cub Swanson
1022,UFC on Fox 19 - Teixeira vs. Evans,Michael Chiesa,Beneil Dariush,Michael Chiesa,2.55,1.61,Michael Chiesa,Beneil Dariush
1023,UFC on Fox 19 - Teixeira vs. Evans,Bethe Correia,Raquel Pennington,Raquel Pennington,2.9,1.49,Bethe Correia,Raquel Pennington
1024,UFC on Fox 19 - Teixeira vs. Evans,Court McGee,Santiago Ponzinibbio,Santiago Ponzinibbio,2.45,1.67,Court McGee,Santiago Ponzinibbio
1025,UFC on Fox 19 - Teixeira vs. Evans,Randy Brown,Michael Graves,Michael Graves,2.2,1.8,Randy Brown,Michael Graves
1026,UFC on Fox 19 - Teixeira vs. Evans,John Dodson,Manny Gamburyan,John Dodson,1.2,5.6,Manny Gamburyan,John Dodson
1027,UFC on Fox 19 - Teixeira vs. Evans,Cezar Ferreira,Oluwale Bamgbose,Cezar Ferreira,2.8,1.51,Cezar Ferreira,Oluwale Bamgbose
1028,UFC on Fox 19 - Teixeira vs. Evans,Omari Akhmedov,Elizeu Zaleski dos Santos,Elizeu Zaleski dos Santos,1.8,2.25,Elizeu Zaleski dos Santos,Omari Akhmedov
1029,UFC 197 - Jones vs. St Preux,Jon Jones,Ovince St Preux,Jon Jones,1.18,6.18,Ovince St Preux,Jon Jones
1030,UFC 197 - Jones vs. St Preux,Demetrious Johnson,Henry Cejudo,Demetrious Johnson,1.26,4.55,Henry Cejudo,Demetrious Johnson
1031,UFC 197 - Jones vs. St Preux,Anthony Pettis,Edson Barboza,Edson Barboza,1.63,2.55,Edson Barboza,Anthony Pettis
1032,UFC 197 - Jones vs. St Preux,Robert Whittaker,Rafael Natal,Robert Whittaker,1.35,3.75,Rafael Natal,Robert Whittaker
1033,UFC 197 - Jones vs. St Preux,Andre Fili,Yair Rodriguez,Yair Rodriguez,2.15,1.83,Andre Fili,Yair Rodriguez
1034,UFC 197 - Jones vs. St Preux,Sergio Pettis,Chris Kelades,Sergio Pettis,1.47,2.95,Chris Kelades,Sergio Pettis
1035,UFC 197 - Jones vs. St Preux,Danny Roberts,Dominique Steele,Danny Roberts,1.29,4.25,Dominique Steele,Danny Roberts
1036,UFC 197 - Jones vs. St Preux,Carla Esparza,Juliana Lima,Carla Esparza,1.54,2.7,Juliana Lima,Carla Esparza
1037,UFC 197 - Jones vs. St Preux,James Vick,Glaico Franca,James Vick,1.57,2.65,Glaico Franca,James Vick
1038,UFC 197 - Jones vs. St Preux,Walt Harris,Cody East,Walt Harris,2.65,1.62,Walt Harris,Cody East
1039,UFC 197 - Jones vs. St Preux,Marcos Rogerio de Lima,Clint Hester,Marcos Rogerio de Lima,1.78,2.18,Clint Hester,Marcos Rogerio de Lima
1040,UFC 197 - Jones vs. St Preux,Kevin Lee,Efrain Escudero,Kevin Lee,1.29,4.48,Efrain Escudero,Kevin Lee
1041,UFC Fight Night - Overeem vs. Arlovski,Alistair Overeem,Andrei Arlovski,Alistair Overeem,1.49,3,Andrei Arlovski,Alistair Overeem
1042,UFC Fight Night - Overeem vs. Arlovski,Stefan Struve,Antonio Silva,Stefan Struve,1.53,2.9,Antonio Silva,Stefan Struve
1043,UFC Fight Night - Overeem vs. Arlovski,Albert Tumenov,Gunnar Nelson,Gunnar Nelson,1.61,2.55,Gunnar Nelson,Albert Tumenov
1044,UFC Fight Night - Overeem vs. Arlovski,Germaine de Randamie,Anna Elmose,Germaine de Randamie,1.29,4.35,Anna Elmose,Germaine de Randamie
1045,UFC Fight Night - Overeem vs. Arlovski,Nikita Krylov,Francimar Barroso,Nikita Krylov,1.5,2.9,Francimar Barroso,Nikita Krylov
1046,UFC Fight Night - Overeem vs. Arlovski,Karolina Kowalkiewicz,Heather Clark,Karolina Kowalkiewicz,1.4,3.45,Heather Clark,Karolina Kowalkiewicz
1047,UFC Fight Night - Overeem vs. Arlovski,Rustam Khabilov,Chris Wade,Rustam Khabilov,1.57,2.75,Chris Wade,Rustam Khabilov
1048,UFC Fight Night - Overeem vs. Arlovski,Garreth McLellan,Magnus Cedenblad,Magnus Cedenblad,3.65,1.36,Garreth McLellan,Magnus Cedenblad
1049,UFC Fight Night - Overeem vs. Arlovski,Josh Emmett,Jon Tuck,Josh Emmett,2.35,1.76,Josh Emmett,Jon Tuck
1050,UFC Fight Night - Overeem vs. Arlovski,Reza Madadi,Yan Cabral,Reza Madadi,2.5,1.64,Reza Madadi,Yan Cabral
1051,UFC Fight Night - Overeem vs. Arlovski,Kyoji Horiguchi,Neil Seery,Kyoji Horiguchi,1.2,6.25,Neil Seery,Kyoji Horiguchi
1052,UFC Fight Night - Overeem vs. Arlovski,Dominic Waters,Leon Edwards,Leon Edwards,3.33,1.4,Dominic Waters,Leon Edwards
1053,UFC Fight Night - Overeem vs. Arlovski,Yuta Sasaki,Willie Gates,Yuta Sasaki,2.25,1.77,Yuta Sasaki,Willie Gates
1054,UFC 198 - Werdum vs. Miocic,Fabricio Werdum,Stipe Miocic,Stipe Miocic,1.67,2.5,Stipe Miocic,Fabricio Werdum
1055,UFC 198 - Werdum vs. Miocic,Ronaldo Souza,Vitor Belfort,Ronaldo Souza,1.37,3.85,Vitor Belfort,Ronaldo Souza
1056,UFC 198 - Werdum vs. Miocic,Cristiane Justino,Leslie Smith,Cristiane Justino,1.1,14.05,Leslie Smith,Cristiane Justino
1057,UFC 198 - Werdum vs. Miocic,Mauricio Rua,Corey Anderson,Mauricio Rua,2.4,1.69,Mauricio Rua,Corey Anderson
1058,UFC 198 - Werdum vs. Miocic,Warlley Alves,Bryan Barberena,Bryan Barberena,1.21,5.8,Bryan Barberena,Warlley Alves
1059,UFC 198 - Werdum vs. Miocic,Demian Maia,Matt Brown,Demian Maia,1.34,3.95,Matt Brown,Demian Maia
1060,UFC 198 - Werdum vs. Miocic,Nate Marquardt,Thiago Santos,Thiago Santos,4,1.31,Nate Marquardt,Thiago Santos
1061,UFC 198 - Werdum vs. Miocic,Yancy Medeiros,Francisco Trinaldo,Francisco Trinaldo,3.05,1.46,Yancy Medeiros,Francisco Trinaldo
1062,UFC 198 - Werdum vs. Miocic,John Lineker,Rob Font,John Lineker,1.69,2.4,Rob Font,John Lineker
1063,UFC 198 - Werdum vs. Miocic,Patrick Cummins,Rogerio Nogueira,Rogerio Nogueira,1.43,3.2,Rogerio Nogueira,Patrick Cummins
1064,UFC 198 - Werdum vs. Miocic,Renato Moicano,Zubaira Tukhugov,Renato Moicano,2.45,1.65,Renato Moicano,Zubaira Tukhugov
1065,UFC Fight Night - Almeida vs. Garbrandt,Thomas Almeida,Cody Garbrandt,Cody Garbrandt,1.59,2.6,Cody Garbrandt,Thomas Almeida
1066,UFC Fight Night - Almeida vs. Garbrandt,Renan Barao,Jeremy Stephens,Jeremy Stephens,1.67,2.5,Jeremy Stephens,Renan Barao
1067,UFC Fight Night - Almeida vs. Garbrandt,Tarec Saffiedine,Rick Story,Rick Story,2.1,1.91,Tarec Saffiedine,Rick Story
1068,UFC Fight Night - Almeida vs. Garbrandt,Vitor Miranda,Chris Camozzi,Chris Camozzi,1.83,2.15,Chris Camozzi,Vitor Miranda
1069,UFC Fight Night - Almeida vs. Garbrandt,Jorge Masvidal,Lorenz Larkin,Lorenz Larkin,2,2,Jorge Masvidal,Lorenz Larkin
1070,UFC Fight Night - Almeida vs. Garbrandt,Josh Burkman,Paul Felder,Paul Felder,3.65,1.35,Josh Burkman,Paul Felder
1071,UFC Fight Night - Almeida vs. Garbrandt,Jessica Eye,Sara McMann,Sara McMann,2.25,1.8,Jessica Eye,Sara McMann
1072,UFC Fight Night - Almeida vs. Garbrandt,Abel Trujillo,Jordan Rinaldi,Abel Trujillo,1.36,3.7,Jordan Rinaldi,Abel Trujillo
1073,UFC Fight Night - Almeida vs. Garbrandt,Jake Collier,Alberto Emiliano Pereira,Jake Collier,1.91,2.05,Alberto Emiliano Pereira,Jake Collier
1074,UFC Fight Night - Almeida vs. Garbrandt,Erik Koch,Shane Campbell,Erik Koch,2.3,1.75,Erik Koch,Shane Campbell
1075,UFC Fight Night - Almeida vs. Garbrandt,Aljamain Sterling,Bryan Caraway,Bryan Caraway,1.34,4,Bryan Caraway,Aljamain Sterling
1076,UFC Fight Night - Almeida vs. Garbrandt,Chris de la Rocha,Adam Milstead,Adam Milstead,3.25,1.41,Chris de la Rocha,Adam Milstead
1077,UFC 199 - Rockhold vs Bisping 2,Luke Rockhold,Michael Bisping,Michael Bisping,1.19,6.4,Michael Bisping,Luke Rockhold
1078,UFC 199 - Rockhold vs Bisping 2,Dominick Cruz,Urijah Faber,Dominick Cruz,1.27,4.7,Urijah Faber,Dominick Cruz
1079,UFC 199 - Rockhold vs Bisping 2,Max Holloway,Ricardo Lamas,Max Holloway,1.39,3.55,Ricardo Lamas,Max Holloway
1080,UFC 199 - Rockhold vs Bisping 2,Dan Henderson,Hector Lombard,Dan Henderson,4.15,1.31,Dan Henderson,Hector Lombard
1081,UFC 199 - Rockhold vs Bisping 2,Dustin Poirier,Bobby Green,Dustin Poirier,1.61,2.6,Bobby Green,Dustin Poirier
1082,UFC 199 - Rockhold vs Bisping 2,Clay Guida,Brian Ortega,Brian Ortega,3.2,1.42,Clay Guida,Brian Ortega
1083,UFC 199 - Rockhold vs Bisping 2,Beneil Dariush,James Vick,Beneil Dariush,1.74,2.4,James Vick,Beneil Dariush
1084,UFC 199 - Rockhold vs Bisping 2,Jessica Penne,Jessica Andrade,Jessica Andrade,2.05,1.95,Jessica Penne,Jessica Andrade
1085,UFC 199 - Rockhold vs Bisping 2,Alex Caceres,Cole Miller,Alex Caceres,2.65,1.61,Alex Caceres,Cole Miller
1086,UFC 199 - Rockhold vs Bisping 2,Tom Breese,Sean Strickland,Sean Strickland,1.95,2.1,Sean Strickland,Tom Breese
1087,UFC 199 - Rockhold vs Bisping 2,Jonathan Wilson,Luis Henrique da Silva,Luis Henrique da Silva,1.63,2.65,Luis Henrique da Silva,Jonathan Wilson
1088,UFC 199 - Rockhold vs Bisping 2,Marco Polo Reyes,Dong Hyun Ma,Marco Polo Reyes,1.95,2,Dong Hyun Ma,Marco Polo Reyes
1089,UFC Fight Night - MacDonald vs. Thompson,Rory MacDonald,Stephen Thompson,Stephen Thompson,1.91,2.03,Stephen Thompson,Rory MacDonald
1090,UFC Fight Night - MacDonald vs. Thompson,Donald Cerrone,Patrick Cote,Donald Cerrone,1.71,2.38,Patrick Cote,Donald Cerrone
1091,UFC Fight Night - MacDonald vs. Thompson,Steve Bosse,Sean O'Connell,Steve Bosse,1.74,2.25,Sean O'Connell,Steve Bosse
1092,UFC Fight Night - MacDonald vs. Thompson,Olivier Aubin-Mercier,Thibault Gouti,Olivier Aubin-Mercier,1.29,4.28,Thibault Gouti,Olivier Aubin-Mercier
1093,UFC Fight Night - MacDonald vs. Thompson,Valerie Letourneau,Joanne Wood,Joanne Wood,1.68,2.5,Joanne Wood,Valerie Letourneau
1094,UFC Fight Night - MacDonald vs. Thompson,Jason Saggo,Leandro Silva,Jason Saggo,1.88,2.13,Leandro Silva,Jason Saggo
1095,UFC Fight Night - MacDonald vs. Thompson,Misha Cirkunov,Ion Cutelaba,Misha Cirkunov,1.5,2.81,Ion Cutelaba,Misha Cirkunov
1096,UFC Fight Night - MacDonald vs. Thompson,Tamdan McCrory,Krzysztof Jotko,Krzysztof Jotko,1.58,2.75,Krzysztof Jotko,Tamdan McCrory
1097,UFC Fight Night - MacDonald vs. Thompson,Joe Soto,Chris Beal,Joe Soto,1.91,2.08,Chris Beal,Joe Soto
1098,UFC Fight Night - MacDonald vs. Thompson,Elias Theodorou,Sam Alvey,Elias Theodorou,1.43,3.25,Sam Alvey,Elias Theodorou
1099,UFC Fight Night - MacDonald vs. Thompson,Randa Markos,Jocelyn Jones-Lybarger,Randa Markos,1.81,2.25,Jocelyn Jones-Lybarger,Randa Markos
1100,UFC Fight Night - MacDonald vs. Thompson,Jonathan Meunier,Colby Covington,Colby Covington,3.25,1.44,Jonathan Meunier,Colby Covington
1101,UFC Fight Night - MacDonald vs. Thompson,Ali Bagautinov,Geane Herrera,Ali Bagautinov,1.4,3.25,Geane Herrera,Ali Bagautinov
1102,UFC Fight Night - Dos Anjos vs. Alvarez,Rafael dos Anjos,Eddie Alvarez,Eddie Alvarez,1.35,3.6,Eddie Alvarez,Rafael dos Anjos
1103,UFC Fight Night - Dos Anjos vs. Alvarez,Roy Nelson,Derrick Lewis,Derrick Lewis,1.95,2.05,Derrick Lewis,Roy Nelson
1104,UFC Fight Night - Dos Anjos vs. Alvarez,Alan Jouban,Belal Muhammad,Alan Jouban,1.91,2.2,Belal Muhammad,Alan Jouban
1105,UFC Fight Night - Dos Anjos vs. Alvarez,Joseph Duffy,Mitch Clarke,Joseph Duffy,1.3,4.55,Mitch Clarke,Joseph Duffy
1106,UFC Fight Night - Dos Anjos vs. Alvarez,Mike Pyle,Alberto Mina,Alberto Mina,1.87,2.05,Alberto Mina,Mike Pyle
1107,UFC Fight Night - Dos Anjos vs. Alvarez,John Makdessi,Mehdi Baghdad,John Makdessi,1.77,2.2,Mehdi Baghdad,John Makdessi
1108,UFC Fight Night - Dos Anjos vs. Alvarez,Anthony Birchak,Dileno Lopes,Anthony Birchak,1.46,3.05,Dileno Lopes,Anthony Birchak
1109,UFC Fight Night - Dos Anjos vs. Alvarez,Russell Doane,Pedro Munhoz,Pedro Munhoz,3,1.5,Russell Doane,Pedro Munhoz
1110,UFC Fight Night - Dos Anjos vs. Alvarez,Felipe Arantes,Jerrod Sanders,Felipe Arantes,1.67,2.45,Jerrod Sanders,Felipe Arantes
1111,UFC Fight Night - Dos Anjos vs. Alvarez,Gilbert Burns,Lukasz Sajewski,Gilbert Burns,1.44,3.3,Lukasz Sajewski,Gilbert Burns
1112,UFC Fight Night - Dos Anjos vs. Alvarez,Reginaldo Vieira,Marco Beltran,Marco Beltran,1.8,2.2,Marco Beltran,Reginaldo Vieira
1113,UFC Fight Night - Dos Anjos vs. Alvarez,Alvaro Herrera,Vicente Luque,Vicente Luque,4.45,1.28,Alvaro Herrera,Vicente Luque
1114,UFC - The Ultimate Fighter 23 Finale,Joanna Jedrzejczyk,Claudia Gadelha,Joanna Jedrzejczyk,1.83,2.1,Claudia Gadelha,Joanna Jedrzejczyk
1115,UFC - The Ultimate Fighter 23 Finale,Andrew Sanchez,Khalil Rountree,Andrew Sanchez,1.61,2.56,Khalil Rountree,Andrew Sanchez
1116,UFC - The Ultimate Fighter 23 Finale,Tatiana Suarez,Amanda Cooper,Tatiana Suarez,1.28,4.36,Amanda Cooper,Tatiana Suarez
1117,UFC - The Ultimate Fighter 23 Finale,Ross Pearson,Will Brooks,Will Brooks,4.4,1.29,Ross Pearson,Will Brooks
1118,UFC - The Ultimate Fighter 23 Finale,Doo Ho Choi,Thiago Tavares,Doo Ho Choi,1.51,2.95,Thiago Tavares,Doo Ho Choi
1119,UFC - The Ultimate Fighter 23 Finale,Andrew Holbrook,Joaquim Silva,Joaquim Silva,2.08,1.85,Andrew Holbrook,Joaquim Silva
1120,UFC - The Ultimate Fighter 23 Finale,Fernando Bruno,Gray Maynard,Gray Maynard,2.48,1.64,Fernando Bruno,Gray Maynard
1121,UFC - The Ultimate Fighter 23 Finale,John Moraga,Matheus Nicolau,Matheus Nicolau,1.69,2.5,Matheus Nicolau,John Moraga
1122,UFC - The Ultimate Fighter 23 Finale,Cory Hendricks,Josh Stansbury,Josh Stansbury,2.28,1.77,Cory Hendricks,Josh Stansbury
1123,UFC - The Ultimate Fighter 23 Finale,Cezar Ferreira,Anthony Smith,Cezar Ferreira,2.25,1.76,Cezar Ferreira,Anthony Smith
1124,UFC - The Ultimate Fighter 23 Finale,Jake Matthews,Kevin Lee,Kevin Lee,1.74,2.26,Kevin Lee,Jake Matthews
1125,UFC - The Ultimate Fighter 23 Finale,Li Jingliang,Anton Zafir,Li Jingliang,1.32,3.84,Anton Zafir,Li Jingliang
1126,UFC 200 - Tate vs. Nunes,Brock Lesnar,Mark Hunt,Brock Lesnar,2.4,1.69,Brock Lesnar,Mark Hunt
1127,UFC 200 - Tate vs. Nunes,Miesha Tate,Amanda Nunes,Amanda Nunes,1.41,3.25,Amanda Nunes,Miesha Tate
1128,UFC 200 - Tate vs. Nunes,Jose Aldo,Frankie Edgar,Jose Aldo,2,1.94,Jose Aldo,Frankie Edgar
1129,UFC 200 - Tate vs. Nunes,Daniel Cormier,Anderson Silva,Daniel Cormier,1.28,5.1,Anderson Silva,Daniel Cormier
1130,UFC 200 - Tate vs. Nunes,Cain Velasquez,Travis Browne,Cain Velasquez,1.36,3.46,Travis Browne,Cain Velasquez
1131,UFC 200 - Tate vs. Nunes,T.J. Dillashaw,Raphael Assuncao,T.J. Dillashaw,1.32,4.09,Raphael Assuncao,T.J. Dillashaw
1132,UFC 200 - Tate vs. Nunes,Cat Zingano,Julianna Pena,Julianna Pena,1.7,2.35,Julianna Pena,Cat Zingano
1133,UFC 200 - Tate vs. Nunes,Johny Hendricks,Kelvin Gastelum,Kelvin Gastelum,1.98,1.94,Johny Hendricks,Kelvin Gastelum
1134,UFC 200 - Tate vs. Nunes,Sage Northcutt,Enrique Marin,Sage Northcutt,1.3,4.05,Enrique Marin,Sage Northcutt
1135,UFC 200 - Tate vs. Nunes,Joe Lauzon,Diego Sanchez,Joe Lauzon,2.05,1.91,Joe Lauzon,Diego Sanchez
1136,UFC 200 - Tate vs. Nunes,Gegard Mousasi,Thiago Santos,Gegard Mousasi,1.43,3.25,Thiago Santos,Gegard Mousasi
1137,UFC 200 - Tate vs. Nunes,Jim Miller,Takanori Gomi,Jim Miller,1.38,3.41,Takanori Gomi,Jim Miller
1138,UFC Fight Night 91 - McDonald vs. Lineker,John Lineker,Michael McDonald,John Lineker,1.67,2.5,Michael McDonald,John Lineker
1139,UFC Fight Night 91 - McDonald vs. Lineker,Tony Ferguson,Lando Vannata,Tony Ferguson,1.15,7.05,Lando Vannata,Tony Ferguson
1140,UFC Fight Night 91 - McDonald vs. Lineker,Tim Boetsch,Josh Samman,Tim Boetsch,2.95,1.48,Tim Boetsch,Josh Samman
1141,UFC Fight Night 91 - McDonald vs. Lineker,Louis Smolka,Ben Nguyen,Louis Smolka,2.15,1.8,Louis Smolka,Ben Nguyen
1142,UFC Fight Night 91 - McDonald vs. Lineker,Aleksei Oleinik,Daniel Omielanczuk,Daniel Omielanczuk,1.53,2.75,Daniel Omielanczuk,Aleksei Oleinik
1143,UFC Fight Night 91 - McDonald vs. Lineker,Kyle Noke,Keita Nakamura,Keita Nakamura,1.63,2.5,Keita Nakamura,Kyle Noke
1144,UFC Fight Night 91 - McDonald vs. Lineker,Lauren Murphy,Katlyn Chookagian,Katlyn Chookagian,1.56,2.7,Katlyn Chookagian,Lauren Murphy
1145,UFC Fight Night 91 - McDonald vs. Lineker,Sam Alvey,Eric Spicely,Sam Alvey,1.38,3.45,Eric Spicely,Sam Alvey
1146,UFC Fight Night 91 - McDonald vs. Lineker,Cortney Casey,Cristina Stanciu,Cortney Casey,2.4,1.68,Cortney Casey,Cristina Stanciu
1147,UFC Fight Night 91 - McDonald vs. Lineker,Scott Holtzman,Cody Pfister,Scott Holtzman,1.36,3.55,Cody Pfister,Scott Holtzman
1148,UFC Fight Night 91 - McDonald vs. Lineker,Rani Yahya,Matthew Lopez,Rani Yahya,2.5,1.69,Rani Yahya,Matthew Lopez
1149,UFC Fight Night 91 - McDonald vs. Lineker,Alex Nicholson,Devin Clark,Alex Nicholson,3.05,1.47,Alex Nicholson,Devin Clark
1150,UFC on Fox 20 - Holm vs. Shevchenko,Holly Holm,Valentina Shevchenko,Valentina Shevchenko,1.5,3.25,Valentina Shevchenko,Holly Holm
1151,UFC on Fox 20 - Holm vs. Shevchenko,Edson Barboza,Gilbert Melendez,Edson Barboza,1.53,2.8,Gilbert Melendez,Edson Barboza
1152,UFC on Fox 20 - Holm vs. Shevchenko,Francis Ngannou,Bojan Mihajlovic,Francis Ngannou,1.17,6,Bojan Mihajlovic,Francis Ngannou
1153,UFC on Fox 20 - Holm vs. Shevchenko,Felice Herrig,Kailin Curran,Felice Herrig,2,1.95,Felice Herrig,Kailin Curran
1154,UFC on Fox 20 - Holm vs. Shevchenko,Eddie Wineland,Frankie Saenz,Eddie Wineland,2.4,1.68,Eddie Wineland,Frankie Saenz
1155,UFC on Fox 20 - Holm vs. Shevchenko,Darren Elkins,Godofredo Pepey,Darren Elkins,1.48,3.1,Godofredo Pepey,Darren Elkins
1156,UFC on Fox 20 - Holm vs. Shevchenko,Alexander Yakovlev,Kamaru Usman,Kamaru Usman,3.3,1.44,Alexander Yakovlev,Kamaru Usman
1157,UFC on Fox 20 - Holm vs. Shevchenko,Michel Prazeres,J.C. Cottrell,Michel Prazeres,1.46,3,J.C. Cottrell,Michel Prazeres
1158,UFC on Fox 20 - Holm vs. Shevchenko,Alex Oliveira,James Moontasri,Alex Oliveira,1.5,2.88,James Moontasri,Alex Oliveira
1159,UFC on Fox 20 - Holm vs. Shevchenko,Jim Alers,Jason Knight,Jason Knight,1.71,2.8,Jason Knight,Jim Alers
1160,UFC on Fox 20 - Holm vs. Shevchenko,Luis Henrique,Dmitry Smoliakov,Luis Henrique,2.4,1.69,Luis Henrique,Dmitry Smoliakov
1161,UFC 201 - Lawler vs. Woodley,Robbie Lawler,Tyron Woodley,Tyron Woodley,1.85,2.2,Tyron Woodley,Robbie Lawler
1162,UFC 201 - Lawler vs. Woodley,Rose Namajunas,Karolina Kowalkiewicz,Karolina Kowalkiewicz,1.54,2.72,Karolina Kowalkiewicz,Rose Namajunas
1163,UFC 201 - Lawler vs. Woodley,Matt Brown,Jake Ellenberger,Jake Ellenberger,1.38,3.63,Jake Ellenberger,Matt Brown
1164,UFC 201 - Lawler vs. Woodley,Erik Perez,Francisco Rivera,Erik Perez,1.69,2.35,Francisco Rivera,Erik Perez
1165,UFC 201 - Lawler vs. Woodley,Ryan Benoit,Freddy Serrano,Ryan Benoit,2,1.94,Ryan Benoit,Freddy Serrano
1166,UFC 201 - Lawler vs. Woodley,Nikita Krylov,Ed Herman,Nikita Krylov,1.48,3.06,Ed Herman,Nikita Krylov
1167,UFC 201 - Lawler vs. Woodley,Ross Pearson,Jorge Masvidal,Jorge Masvidal,3.31,1.4,Ross Pearson,Jorge Masvidal
1168,UFC 201 - Lawler vs. Woodley,Damian Grabowski,Anthony Hamilton,Anthony Hamilton,2.2,1.8,Damian Grabowski,Anthony Hamilton
1169,UFC 201 - Lawler vs. Woodley,Hector Sandoval,Wilson Reis,Wilson Reis,4.1,1.33,Hector Sandoval,Wilson Reis
1170,UFC 201 - Lawler vs. Woodley,Damien Brown,Cesar Arzamendia,Damien Brown,1.91,2.05,Cesar Arzamendia,Damien Brown
1171,UFC Fight Night 92 - Rodriguez vs. Caceres,Yair Rodriguez,Alex Caceres,Yair Rodriguez,1.38,3.45,Alex Caceres,Yair Rodriguez
1172,UFC Fight Night 92 - Rodriguez vs. Caceres,Dennis Bermudez,Rony Jason,Dennis Bermudez,1.44,3.15,Rony Jason,Dennis Bermudez
1173,UFC Fight Night 92 - Rodriguez vs. Caceres,Thales Leites,Chris Camozzi,Thales Leites,1.61,2.55,Chris Camozzi,Thales Leites
1174,UFC Fight Night 92 - Rodriguez vs. Caceres,Zak Cummings,Santiago Ponzinibbio,Santiago Ponzinibbio,2.1,1.89,Zak Cummings,Santiago Ponzinibbio
1175,UFC Fight Night 92 - Rodriguez vs. Caceres,Trevor Smith,Joseph Gigliotti,Trevor Smith,2.2,1.85,Trevor Smith,Joseph Gigliotti
1176,UFC Fight Night 92 - Rodriguez vs. Caceres,Maryna Moroz,Danielle Taylor,Maryna Moroz,1.4,3.36,Danielle Taylor,Maryna Moroz
1177,UFC Fight Night 92 - Rodriguez vs. Caceres,Court McGee,Dominique Steele,Court McGee,1.52,2.9,Dominique Steele,Court McGee
1178,UFC Fight Night 92 - Rodriguez vs. Caceres,Marcin Tybura,Viktor Pesta,Marcin Tybura,1.74,2.25,Viktor Pesta,Marcin Tybura
1179,UFC Fight Night 92 - Rodriguez vs. Caceres,David Teymur,Jason Novelli,David Teymur,1.69,2.45,Jason Novelli,David Teymur
1180,UFC Fight Night 92 - Rodriguez vs. Caceres,Teruto Ishihara,Horacio Gutierrez,Teruto Ishihara,1.46,3,Horacio Gutierrez,Teruto Ishihara
1181,UFC Fight Night 92 - Rodriguez vs. Caceres,Cub Swanson,Tatsuya Kawajiri,Cub Swanson,1.33,3.7,Tatsuya Kawajiri,Cub Swanson
1182,UFC Fight Night 92 - Rodriguez vs. Caceres,Justin Ledet,Chase Sherman,Justin Ledet,1.83,2.2,Chase Sherman,Justin Ledet
1183,UFC 202 - Diaz vs. McGregor 2,Conor McGregor,Nate Diaz,Conor McGregor,1.83,2.1,Nate Diaz,Conor McGregor
1184,UFC 202 - Diaz vs. McGregor 2,Anthony Johnson,Glover Teixeira,Anthony Johnson,1.58,2.9,Glover Teixeira,Anthony Johnson
1185,UFC 202 - Diaz vs. McGregor 2,Donald Cerrone,Rick Story,Donald Cerrone,1.87,2.2,Rick Story,Donald Cerrone
1186,UFC 202 - Diaz vs. McGregor 2,Mike Perry,Hyun Gyu Lim,Mike Perry,3.3,1.42,Mike Perry,Hyun Gyu Lim
1187,UFC 202 - Diaz vs. McGregor 2,Tim Means,Sabah Homasi,Tim Means,1.26,4.4,Sabah Homasi,Tim Means
1188,UFC 202 - Diaz vs. McGregor 2,Cody Garbrandt,Takeya Mizugaki,Cody Garbrandt,1.24,5.2,Takeya Mizugaki,Cody Garbrandt
1189,UFC 202 - Diaz vs. McGregor 2,Raquel Pennington,Elizabeth Phillips,Raquel Pennington,1.4,3.3,Elizabeth Phillips,Raquel Pennington
1190,UFC 202 - Diaz vs. McGregor 2,Artem Lobov,Chris Avila,Artem Lobov,1.87,2.07,Chris Avila,Artem Lobov
1191,UFC 202 - Diaz vs. McGregor 2,Randa Markos,Cortney Casey,Cortney Casey,1.77,2.3,Cortney Casey,Randa Markos
1192,UFC 202 - Diaz vs. McGregor 2,Neil Magny,Lorenz Larkin,Lorenz Larkin,1.91,2.2,Lorenz Larkin,Neil Magny
1193,UFC 202 - Diaz vs. McGregor 2,Colby Covington,Max Griffin,Colby Covington,1.33,3.95,Max Griffin,Colby Covington
1194,UFC 202 - Diaz vs. McGregor 2,Alberto Emiliano Pereira,Marvin Vettori,Marvin Vettori,2.5,1.63,Alberto Emiliano Pereira,Marvin Vettori
1195,UFC on Fox 21 - Condit vs. Maia,Carlos Condit,Demian Maia,Demian Maia,1.89,2.1,Demian Maia,Carlos Condit
1196,UFC on Fox 21 - Condit vs. Maia,Anthony Pettis,Charles Oliveira,Anthony Pettis,1.53,2.85,Charles Oliveira,Anthony Pettis
1197,UFC on Fox 21 - Condit vs. Maia,Paige VanZant,Bec Rawlings,Paige VanZant,1.49,2.9,Bec Rawlings,Paige VanZant
1198,UFC on Fox 21 - Condit vs. Maia,Joe Lauzon,Jim Miller,Jim Miller,1.74,2.25,Jim Miller,Joe Lauzon
1199,UFC on Fox 21 - Condit vs. Maia,Sam Alvey,Kevin Casey,Sam Alvey,1.45,3.25,Kevin Casey,Sam Alvey
1200,UFC on Fox 21 - Condit vs. Maia,Enrique Barzola,Kyle Bochniak,Kyle Bochniak,2.5,1.66,Enrique Barzola,Kyle Bochniak
1201,UFC on Fox 21 - Condit vs. Maia,Garreth McLellan,Alessio Di Chirico,Alessio Di Chirico,3.6,1.37,Garreth McLellan,Alessio Di Chirico
1202,UFC on Fox 21 - Condit vs. Maia,Shane Campbell,Felipe Silva,Felipe Silva,1.73,2.45,Felipe Silva,Shane Campbell
1203,UFC on Fox 21 - Condit vs. Maia,Chad Laprise,Thibault Gouti,Chad Laprise,1.36,3.9,Thibault Gouti,Chad Laprise
1204,UFC on Fox 21 - Condit vs. Maia,Alex Ricci,Jeremy Kennedy,Jeremy Kennedy,2.35,1.71,Alex Ricci,Jeremy Kennedy
1205,UFC Fight Night - Arlovski vs. Barnett,Andrei Arlovski,Josh Barnett,Josh Barnett,2.4,1.67,Andrei Arlovski,Josh Barnett
1206,UFC Fight Night - Arlovski vs. Barnett,Alexander Gustafsson,Jan Blachowicz,Alexander Gustafsson,1.17,6.35,Jan Blachowicz,Alexander Gustafsson
1207,UFC Fight Night - Arlovski vs. Barnett,Ryan Bader,Ilir Latifi,Ryan Bader,1.5,2.86,Ilir Latifi,Ryan Bader
1208,UFC Fight Night - Arlovski vs. Barnett,Nick Hein,Tae Hyun Bang,Nick Hein,1.36,3.75,Tae Hyun Bang,Nick Hein
1209,UFC Fight Night - Arlovski vs. Barnett,Jessin Ayari,Jim Wallhead,Jessin Ayari,2.25,1.74,Jessin Ayari,Jim Wallhead
1210,UFC Fight Night - Arlovski vs. Barnett,Nicolas Dalby,Peter Sobotta,Peter Sobotta,1.62,2.68,Peter Sobotta,Nicolas Dalby
1211,UFC Fight Night - Arlovski vs. Barnett,Veronica Macedo,Ashlee Evans-Smith,Ashlee Evans-Smith,3.35,1.4,Veronica Macedo,Ashlee Evans-Smith
1212,UFC Fight Night - Arlovski vs. Barnett,Leandro Issa,Taylor Lapilus,Taylor Lapilus,2.4,1.67,Leandro Issa,Taylor Lapilus
1213,UFC Fight Night - Arlovski vs. Barnett,Scott Askham,Jack Hermansson,Jack Hermansson,1.99,2,Jack Hermansson,Scott Askham
1214,UFC Fight Night - Arlovski vs. Barnett,Rustam Khabilov,Leandro Silva,Rustam Khabilov,1.25,4.75,Leandro Silva,Rustam Khabilov
1215,UFC 203 - Miocic vs. Overeem,Stipe Miocic,Alistair Overeem,Stipe Miocic,1.9,2.05,Alistair Overeem,Stipe Miocic
1216,UFC 203 - Miocic vs. Overeem,Fabricio Werdum,Travis Browne,Fabricio Werdum,1.5,2.88,Travis Browne,Fabricio Werdum
1217,UFC 203 - Miocic vs. Overeem,Mickey Gall,Phil Brooks,Mickey Gall,1.25,4.89,Phil Brooks,Mickey Gall
1218,UFC 203 - Miocic vs. Overeem,Urijah Faber,Jimmie Rivera,Jimmie Rivera,2.5,1.63,Urijah Faber,Jimmie Rivera
1219,UFC 203 - Miocic vs. Overeem,Joanne Wood,Jessica Andrade,Jessica Andrade,2.25,1.76,Joanne Wood,Jessica Andrade
1220,UFC 203 - Miocic vs. Overeem,Jessica Eye,Bethe Correia,Bethe Correia,1.71,2.3,Bethe Correia,Jessica Eye
1221,UFC 203 - Miocic vs. Overeem,Brad Tavares,Caio Magalhaes,Brad Tavares,1.55,2.7,Caio Magalhaes,Brad Tavares
1222,UFC 203 - Miocic vs. Overeem,Michael McBride,Nik Lentz,Nik Lentz,4.85,1.24,Michael McBride,Nik Lentz
1223,UFC 203 - Miocic vs. Overeem,Jason Gonzalez,Drew Dober,Drew Dober,2.5,1.65,Jason Gonzalez,Drew Dober
1224,UFC 203 - Miocic vs. Overeem,Yancy Medeiros,Sean Spencer,Yancy Medeiros,1.82,2.2,Sean Spencer,Yancy Medeiros
1225,UFC Fight Night 94 - Poirier vs. Johnson,Dustin Poirier,Michael Johnson,Michael Johnson,1.63,2.5,Michael Johnson,Dustin Poirier
1226,UFC Fight Night 94 - Poirier vs. Johnson,Urijah Hall,Derek Brunson,Derek Brunson,2.85,1.53,Urijah Hall,Derek Brunson
1227,UFC Fight Night 94 - Poirier vs. Johnson,Evan Dunham,Rick Glenn,Evan Dunham,1.32,4,Rick Glenn,Evan Dunham
1228,UFC Fight Night 94 - Poirier vs. Johnson,Roan Carneiro,Kenny Robertson,Roan Carneiro,2.1,1.95,Roan Carneiro,Kenny Robertson
1229,UFC Fight Night 94 - Poirier vs. Johnson,Chris Wade,Islam Makhachev,Islam Makhachev,2.15,1.85,Chris Wade,Islam Makhachev
1230,UFC Fight Night 94 - Poirier vs. Johnson,Chas Skelly,Maximo Blanco,Chas Skelly,1.59,2.75,Maximo Blanco,Chas Skelly
1231,UFC Fight Night 94 - Poirier vs. Johnson,Sam Sicilia,Gabriel Benitez,Gabriel Benitez,1.81,2.25,Gabriel Benitez,Sam Sicilia
1232,UFC Fight Night 94 - Poirier vs. Johnson,Augusto Montano,Belal Muhammad,Belal Muhammad,4.9,1.25,Augusto Montano,Belal Muhammad
1233,UFC Fight Night 94 - Poirier vs. Johnson,Antonio Carlos Junior,Leonardo Guimaraes,Antonio Carlos Junior,1.44,3.35,Leonardo Guimaraes,Antonio Carlos Junior
1234,UFC Fight Night 94 - Poirier vs. Johnson,Joey Gomez,Jose Quinonez,Jose Quinonez,1.75,2.38,Jose Quinonez,Joey Gomez
1235,UFC Fight Night 94 - Poirier vs. Johnson,Erick Montano,Randy Brown,Randy Brown,4.8,1.25,Erick Montano,Randy Brown
1236,UFC Fight Night 95 - Brasilia,Cristiane Justino,Lina Lansberg,Cristiane Justino,1.1,9.5,Lina Lansberg,Cristiane Justino
1237,UFC Fight Night 95 - Brasilia,Renan Barao,Phillipe Nover,Renan Barao,1.24,5.1,Phillipe Nover,Renan Barao
1238,UFC Fight Night 95 - Brasilia,Antonio Silva,Roy Nelson,Roy Nelson,4.9,1.24,Antonio Silva,Roy Nelson
1239,UFC Fight Night 95 - Brasilia,Francisco Trinaldo,Paul Felder,Francisco Trinaldo,1.89,2.1,Paul Felder,Francisco Trinaldo
1240,UFC Fight Night 95 - Brasilia,Thiago Santos,Eric Spicely,Eric Spicely,1.17,6.05,Eric Spicely,Thiago Santos
1241,UFC Fight Night 95 - Brasilia,Godofredo Pepey,Mike de la Torre,Godofredo Pepey,1.93,2.25,Mike de la Torre,Godofredo Pepey
1242,UFC Fight Night 95 - Brasilia,Gilbert Burns,Michel Prazeres,Michel Prazeres,1.48,3.15,Michel Prazeres,Gilbert Burns
1243,UFC Fight Night 95 - Brasilia,Michinori Tanaka,Rani Yahya,Rani Yahya,2.15,1.93,Michinori Tanaka,Rani Yahya
1244,UFC Fight Night 95 - Brasilia,Jussier Formiga,Dustin Ortiz,Jussier Formiga,1.56,2.68,Dustin Ortiz,Jussier Formiga
1245,UFC Fight Night 95 - Brasilia,Erick Silva,Luan Chagas,Erick Silva,2.4,1.93,Erick Silva,Luan Chagas
1246,UFC Fight Night 95 - Brasilia,Alan Patrick,Stevie Ray,Alan Patrick,2.5,1.65,Alan Patrick,Stevie Ray
1247,UFC Fight Night 95 - Brasilia,Vicente Luque,Hector Urbina,Vicente Luque,1.22,5.35,Hector Urbina,Vicente Luque
1248,UFC Fight Night 95 - Brasilia,Glaico Franca,Gregor Gillespie,Gregor Gillespie,1.81,2.2,Gregor Gillespie,Glaico Franca
1249,UFC Fight Night 96 - Lineker vs. Dodson,John Lineker,John Dodson,John Lineker,2.1,1.85,John Lineker,John Dodson
1250,UFC Fight Night 96 - Lineker vs. Dodson,Will Brooks,Alex Oliveira,Alex Oliveira,1.36,3.65,Alex Oliveira,Will Brooks
1251,UFC Fight Night 96 - Lineker vs. Dodson,Josh Burkman,Zak Ottow,Zak Ottow,1.43,3.15,Zak Ottow,Josh Burkman
1252,UFC Fight Night 96 - Lineker vs. Dodson,Brandon Moreno,Louis Smolka,Brandon Moreno,4.9,1.23,Brandon Moreno,Louis Smolka
1253,UFC Fight Night 96 - Lineker vs. Dodson,Luis Henrique da Silva,Joachim Christensen,Luis Henrique da Silva,1.85,2.2,Joachim Christensen,Luis Henrique da Silva
1254,UFC Fight Night 96 - Lineker vs. Dodson,Andre Fili,Hacran Dias,Andre Fili,2.6,1.61,Andre Fili,Hacran Dias
1255,UFC Fight Night 96 - Lineker vs. Dodson,Nate Marquardt,Tamdan McCrory,Nate Marquardt,2.9,1.44,Nate Marquardt,Tamdan McCrory
1256,UFC Fight Night 96 - Lineker vs. Dodson,Walt Harris,Shamil Abdurakhimov,Shamil Abdurakhimov,2.13,1.81,Walt Harris,Shamil Abdurakhimov
1257,UFC Fight Night 96 - Lineker vs. Dodson,Cody East,Curtis Blaydes,Curtis Blaydes,3.05,1.45,Cody East,Curtis Blaydes
1258,UFC Fight Night 96 - Lineker vs. Dodson,Keita Nakamura,Elizeu Zaleski dos Santos,Elizeu Zaleski dos Santos,1.88,2.05,Elizeu Zaleski dos Santos,Keita Nakamura
1259,UFC Fight Night 96 - Lineker vs. Dodson,Jonathan Wilson,Ion Cutelaba,Ion Cutelaba,2.65,1.62,Jonathan Wilson,Ion Cutelaba
1260,UFC Fight Night 96 - Lineker vs. Dodson,Kelly Faszholz,Ketlen Vieira,Ketlen Vieira,1.91,2.05,Ketlen Vieira,Kelly Faszholz
1261,UFC 204 - Bisping vs. Henderson 2,Michael Bisping,Dan Henderson,Michael Bisping,1.43,3.2,Dan Henderson,Michael Bisping
1262,UFC 204 - Bisping vs. Henderson 2,Gegard Mousasi,Vitor Belfort,Gegard Mousasi,1.32,3.95,Vitor Belfort,Gegard Mousasi
1263,UFC 204 - Bisping vs. Henderson 2,Ovince St Preux,Jimi Manuwa,Jimi Manuwa,1.67,2.45,Jimi Manuwa,Ovince St Preux
1264,UFC 204 - Bisping vs. Henderson 2,Stefan Struve,Daniel Omielanczuk,Stefan Struve,1.59,2.6,Daniel Omielanczuk,Stefan Struve
1265,UFC 204 - Bisping vs. Henderson 2,Russell Doane,Mirsad Bektic,Mirsad Bektic,6.05,1.18,Russell Doane,Mirsad Bektic
1266,UFC 204 - Bisping vs. Henderson 2,Brad Pickett,Yuri Alcantara,Yuri Alcantara,2.38,1.74,Brad Pickett,Yuri Alcantara
1267,UFC 204 - Bisping vs. Henderson 2,Davey Grant,Damian Stasiak,Damian Stasiak,1.57,2.7,Damian Stasiak,Davey Grant
1268,UFC 204 - Bisping vs. Henderson 2,Albert Tumenov,Leon Edwards,Leon Edwards,1.46,3.05,Leon Edwards,Albert Tumenov
1269,UFC 204 - Bisping vs. Henderson 2,Marc Diakiese,Lukasz Sajewski,Marc Diakiese,1.4,3.55,Lukasz Sajewski,Marc Diakiese
1270,UFC 204 - Bisping vs. Henderson 2,Danny Roberts,Mike Perry,Mike Perry,1.94,2,Mike Perry,Danny Roberts
1271,UFC 204 - Bisping vs. Henderson 2,Leonardo Santos,Adriano Martins,Leonardo Santos,2.85,1.53,Leonardo Santos,Adriano Martins
1272,UFC Mexico City,Rafael dos Anjos,Tony Ferguson,Tony Ferguson,1.8,2.28,Tony Ferguson,Rafael dos Anjos
1273,UFC Mexico City,Diego Sanchez,Marcin Held,Diego Sanchez,2.86,1.53,Diego Sanchez,Marcin Held
1274,UFC Mexico City,Ricardo Lamas,Charles Oliveira,Ricardo Lamas,2.01,1.89,Ricardo Lamas,Charles Oliveira
1275,UFC Mexico City,Martin Bravo,Claudio Puelles,Martin Bravo,2.03,1.94,Martin Bravo,Claudio Puelles
1276,UFC Mexico City,Beneil Dariush,Rashid Magomedov,Beneil Dariush,2.6,1.62,Beneil Dariush,Rashid Magomedov
1277,UFC Mexico City,Alexa Grasso,Heather Clark,Alexa Grasso,1.24,4.89,Heather Clark,Alexa Grasso
1278,UFC Mexico City,Erik Perez,Felipe Arantes,Erik Perez,1.5,2.86,Felipe Arantes,Erik Perez
1279,UFC Mexico City,Joe Soto,Marco Beltran,Joe Soto,1.87,2.06,Marco Beltran,Joe Soto
1280,UFC Mexico City,Erick Montano,Max Griffin,Max Griffin,2.36,1.61,Erick Montano,Max Griffin
1281,UFC Mexico City,Enrique Briones,Douglas Silva de Andrade,Douglas Silva de Andrade,2.46,1.57,Enrique Briones,Douglas Silva de Andrade
1282,UFC Mexico City,Sam Alvey,Alex Nicholson,Sam Alvey,1.4,2.92,Alex Nicholson,Sam Alvey
1283,UFC Mexico City,Marco Polo Reyes,Jason Novelli,Marco Polo Reyes,1.54,2.56,Jason Novelli,Marco Polo Reyes
1284,UFC Mexico City,Enrique Barzola,Chris Avila,Enrique Barzola,1.2,4.77,Chris Avila,Enrique Barzola
1285,UFC 205 - New York City,Eddie Alvarez,Conor McGregor,Conor McGregor,2.3,1.8,Eddie Alvarez,Conor McGregor
1286,UFC 205 - New York City,Joanna Jedrzejczyk,Karolina Kowalkiewicz,Joanna Jedrzejczyk,1.29,4.95,Karolina Kowalkiewicz,Joanna Jedrzejczyk
1287,UFC 205 - New York City,Chris Weidman,Yoel Romero,Yoel Romero,1.62,2.58,Yoel Romero,Chris Weidman
1288,UFC 205 - New York City,Miesha Tate,Raquel Pennington,Raquel Pennington,1.62,2.62,Raquel Pennington,Miesha Tate
1289,UFC 205 - New York City,Frankie Edgar,Jeremy Stephens,Frankie Edgar,1.33,3.8,Jeremy Stephens,Frankie Edgar
1290,UFC 205 - New York City,Michael Johnson,Khabib Nurmagomedov,Khabib Nurmagomedov,3.68,1.36,Michael Johnson,Khabib Nurmagomedov
1291,UFC 205 - New York City,Rafael Natal,Tim Boetsch,Tim Boetsch,1.65,2.38,Tim Boetsch,Rafael Natal
1292,UFC 205 - New York City,Belal Muhammad,Vicente Luque,Vicente Luque,2,1.91,Belal Muhammad,Vicente Luque
1293,UFC 205 - New York City,Thiago Alves,Jim Miller,Jim Miller,1.67,2.4,Jim Miller,Thiago Alves
1294,UFC 205 - New York City,Liz Carmouche,Katlyn Chookagian,Liz Carmouche,2.5,1.62,Liz Carmouche,Katlyn Chookagian
1295,UFC Fight Night 99 - Mousasi vs. Hall,Gegard Mousasi,Urijah Hall,Gegard Mousasi,1.2,5.5,Urijah Hall,Gegard Mousasi
1296,UFC Fight Night 99 - Mousasi vs. Hall,Ross Pearson,Stevie Ray,Stevie Ray,1.96,1.95,Ross Pearson,Stevie Ray
1297,UFC Fight Night 99 - Mousasi vs. Hall,Timothy Johnson,Alexander Volkov,Alexander Volkov,1.74,2.35,Alexander Volkov,Timothy Johnson
1298,UFC Fight Night 99 - Mousasi vs. Hall,Artem Lobov,Teruto Ishihara,Artem Lobov,3.2,1.44,Artem Lobov,Teruto Ishihara
1299,UFC Fight Night 99 - Mousasi vs. Hall,Magnus Cedenblad,Jack Marshman,Jack Marshman,1.43,3.2,Jack Marshman,Magnus Cedenblad
1300,UFC Fight Night 99 - Mousasi vs. Hall,Kyoji Horiguchi,Ali Bagautinov,Kyoji Horiguchi,1.53,2.85,Ali Bagautinov,Kyoji Horiguchi
1301,UFC Fight Night 99 - Mousasi vs. Hall,Kevin Lee,Magomed Mustafaev,Kevin Lee,1.87,2.1,Magomed Mustafaev,Kevin Lee
1302,UFC Fight Night 99 - Mousasi vs. Hall,Anna Elmose,Amanda Cooper,Amanda Cooper,2.12,1.95,Anna Elmose,Amanda Cooper
1303,UFC Fight Night 99 - Mousasi vs. Hall,Justin Ledet,Mark Godbeer,Justin Ledet,1.74,2.32,Mark Godbeer,Justin Ledet
1304,UFC Fight Night 99 - Mousasi vs. Hall,Zak Cummings,Alexander Yakovlev,Zak Cummings,1.63,2.5,Alexander Yakovlev,Zak Cummings
1305,UFC Fight Night 99 - Mousasi vs. Hall,Marion Reneau,Milana Dudieva,Marion Reneau,1.5,2.95,Milana Dudieva,Marion Reneau
1306,UFC Fight Night 99 - Mousasi vs. Hall,Brett Johns,Kwan Ho Kwak,Brett Johns,1.48,2.9,Kwan Ho Kwak,Brett Johns
1307,UFC Fight Night 99 - Mousasi vs. Hall,Abdul Razak Alhassan,Charlie Ward,Abdul Razak Alhassan,1.34,3.8,Charlie Ward,Abdul Razak Alhassan
1308,"UFC Fight Night 100
Bader vs. Nogueira 2",Ryan Bader,Rogerio Nogueira,Ryan Bader,1.3,3.65,Rogerio Nogueira,Ryan Bader
1309,"UFC Fight Night 100
Bader vs. Nogueira 2",Thomas Almeida,Albert Morales,Thomas Almeida,1.35,3.69,Albert Morales,Thomas Almeida
1310,"UFC Fight Night 100
Bader vs. Nogueira 2",Claudia Gadelha,Cortney Casey,Claudia Gadelha,1.28,3.98,Cortney Casey,Claudia Gadelha
1311,"UFC Fight Night 100
Bader vs. Nogueira 2",Thales Leites,Krzysztof Jotko,Krzysztof Jotko,1.65,2.26,Krzysztof Jotko,Thales Leites
1312,"UFC Fight Night 100
Bader vs. Nogueira 2",Warlley Alves,Kamaru Usman,Kamaru Usman,2.85,1.5,Warlley Alves,Kamaru Usman
1313,"UFC Fight Night 100
Bader vs. Nogueira 2",Sergio Moraes,Zak Ottow,Sergio Moraes,1.43,2.85,Zak Ottow,Sergio Moraes
1314,"UFC Fight Night 100
Bader vs. Nogueira 2",Jack Hermansson,Cezar Ferreira,Cezar Ferreira,1.95,1.8,Jack Hermansson,Cezar Ferreira
1315,"UFC Fight Night 100
Bader vs. Nogueira 2",Marcos Rogerio de Lima,Gadzhimurad Antigulov,Gadzhimurad Antigulov,1.56,2.47,Gadzhimurad Antigulov,Marcos Rogerio de Lima
1316,"UFC Fight Night 100
Bader vs. Nogueira 2",Johnny Eduardo,Manny Gamburyan,Johnny Eduardo,1.41,2.97,Manny Gamburyan,Johnny Eduardo
1317,"UFC Fight Night 100
Bader vs. Nogueira 2",Luis Henrique,Christian Colombo,Luis Henrique,1.35,3.2,Christian Colombo,Luis Henrique
1318,"UFC Fight Night 100
Bader vs. Nogueira 2",Pedro Munhoz,Justin Scoggins,Pedro Munhoz,2.6,1.62,Pedro Munhoz,Justin Scoggins
1319,"UFC Fight Night 100
Bader vs. Nogueira 2",Francimar Barroso,Darren Stewart,Darren Stewart,1.69,2.15,Darren Stewart,Francimar Barroso
1320,UFC Fight Night 101,Robert Whittaker,Derek Brunson,Robert Whittaker,2.25,1.75,Robert Whittaker,Derek Brunson
1321,UFC Fight Night 101,Jake Matthews,Andrew Holbrook,Andrew Holbrook,1.22,5,Andrew Holbrook,Jake Matthews
1322,UFC Fight Night 101,Omari Akhmedov,Kyle Noke,Omari Akhmedov,1.72,2.35,Kyle Noke,Omari Akhmedov
1323,UFC Fight Night 101,Yusuke Kasuya,Alex Volkanovski,Alex Volkanovski,2.65,1.57,Yusuke Kasuya,Alex Volkanovski
1324,UFC Fight Night 101,Khalil Rountree,Tyson Pedro,Tyson Pedro,1.89,2.15,Tyson Pedro,Khalil Rountree
1325,UFC Fight Night 101,Seo Hee Ham,Danielle Taylor,Danielle Taylor,1.89,2.15,Danielle Taylor,Seo Hee Ham
1326,UFC Fight Night 101,Daniel Kelly,Chris Camozzi,Daniel Kelly,3,1.48,Daniel Kelly,Chris Camozzi
1327,UFC Fight Night 101,Damien Brown,Jon Tuck,Damien Brown,2.2,1.81,Damien Brown,Jon Tuck
1328,UFC Fight Night 101,Richard Walsh,Jonathan Meunier,Jonathan Meunier,1.91,2.05,Jonathan Meunier,Richard Walsh
1329,UFC Fight Night 101,Geane Herrera,Ben Nguyen,Ben Nguyen,2.1,1.91,Geane Herrera,Ben Nguyen
1330,UFC Fight Night 101,Daniel Hooker,Jason Knight,Jason Knight,1.65,2.45,Jason Knight,Daniel Hooker
1331,UFC Fight Night 101,Marlon Vera,Ning Guangyou,Marlon Vera,2.05,2.15,Ning Guangyou,Marlon Vera
1332,UFC Fight Night 101,Jenel Lausa,Zhuikui Yao,Jenel Lausa,1.87,2.17,Zhuikui Yao,Jenel Lausa
1333,UFC - The Ultimate Fighter 24 Finale,Demetrious Johnson,Tim Elliott,Demetrious Johnson,1.08,9,Tim Elliott,Demetrious Johnson
1334,UFC - The Ultimate Fighter 24 Finale,Joseph Benavidez,Henry Cejudo,Joseph Benavidez,1.55,2.74,Henry Cejudo,Joseph Benavidez
1335,UFC - The Ultimate Fighter 24 Finale,Jorge Masvidal,Jake Ellenberger,Jorge Masvidal,1.49,2.8,Jake Ellenberger,Jorge Masvidal
1336,UFC - The Ultimate Fighter 24 Finale,Ion Cutelaba,Jared Cannonier,Jared Cannonier,1.49,2.9,Jared Cannonier,Ion Cutelaba
1337,UFC - The Ultimate Fighter 24 Finale,Sara McMann,Alexis Davis,Sara McMann,1.55,2.67,Alexis Davis,Sara McMann
1338,UFC - The Ultimate Fighter 24 Finale,Brandon Moreno,Ryan Benoit,Brandon Moreno,1.87,2.05,Ryan Benoit,Brandon Moreno
1339,UFC - The Ultimate Fighter 24 Finale,Gray Maynard,Ryan Hall,Ryan Hall,1.88,2.1,Ryan Hall,Gray Maynard
1340,UFC - The Ultimate Fighter 24 Finale,Rob Font,Matt Schnell,Rob Font,1.44,3.1,Matt Schnell,Rob Font
1341,UFC - The Ultimate Fighter 24 Finale,Brendan O'Reilly,Dong Hyun Ma,Dong Hyun Ma,2.02,1.87,Brendan O'Reilly,Dong Hyun Ma
1342,UFC - The Ultimate Fighter 24 Finale,Kailin Curran,Jamie Moyle,Jamie Moyle,1.68,2.36,Jamie Moyle,Kailin Curran
1343,UFC - The Ultimate Fighter 24 Finale,Elvis Mutapcic,Anthony Smith,Anthony Smith,2.01,1.89,Elvis Mutapcic,Anthony Smith
1344,UFC - The Ultimate Fighter 24 Finale,Josh Stansbury,Devin Clark,Devin Clark,1.87,2.02,Devin Clark,Josh Stansbury
1345,UFC Fight Night 102 Albany,Derrick Lewis,Shamil Abdurakhimov,Derrick Lewis,1.47,3.1,Shamil Abdurakhimov,Derrick Lewis
1346,UFC Fight Night 102 Albany,Francis Ngannou,Anthony Hamilton,Francis Ngannou,1.22,5,Anthony Hamilton,Francis Ngannou
1347,UFC Fight Night 102 Albany,Corey Anderson,Sean O'Connell,Corey Anderson,1.26,4.48,Sean O'Connell,Corey Anderson
1348,UFC Fight Night 102 Albany,Saparbek Safarov,Gian Villante,Gian Villante,2.6,1.6,Saparbek Safarov,Gian Villante
1349,UFC Fight Night 102 Albany,Justine Kish,Ashley Yoder,Justine Kish,1.48,2.96,Ashley Yoder,Justine Kish
1350,UFC Fight Night 102 Albany,Randy Brown,Brian Camozzi,Randy Brown,1.67,2.4,Brian Camozzi,Randy Brown
1351,UFC Fight Night 102 Albany,Gerald Meerschaert,Joseph Gigliotti,Gerald Meerschaert,1.52,2.9,Joseph Gigliotti,Gerald Meerschaert
1352,UFC Fight Night 102 Albany,Andrew Sanchez,Trevor Smith,Andrew Sanchez,1.53,2.8,Trevor Smith,Andrew Sanchez
1353,UFC Fight Night 102 Albany,Tiago Trator,Shane Burgos,Shane Burgos,2.5,1.64,Tiago Trator,Shane Burgos
1354,UFC Fight Night 102 Albany,Frankie Perez,Marc Diakiese,Marc Diakiese,3.41,1.37,Frankie Perez,Marc Diakiese
1355,UFC Fight Night 102 Albany,Keith Berish,Ryan Janes,Ryan Janes,3.12,1.43,Keith Berish,Ryan Janes
1356,UFC Fight Night 102 Albany,J.J. Aldrich,Juliana Lima,Juliana Lima,3.2,1.44,J.J. Aldrich,Juliana Lima
1357,UFC 206,Anthony Pettis,Max Holloway,Max Holloway,2.5,1.63,Anthony Pettis,Max Holloway
1358,UFC 206,Donald Cerrone,Matt Brown,Donald Cerrone,1.4,3.26,Matt Brown,Donald Cerrone
1359,UFC 206,Doo Ho Choi,Cub Swanson,Cub Swanson,1.44,3.05,Cub Swanson,Doo Ho Choi
1360,UFC 206,Tim Kennedy,Kelvin Gastelum,Kelvin Gastelum,1.67,2.43,Kelvin Gastelum,Tim Kennedy
1361,UFC 206,Jordan Mein,Emil Meek,Emil Meek,1.91,1.86,Jordan Mein,Emil Meek
1362,UFC 206,Nikita Krylov,Misha Cirkunov,Misha Cirkunov,1.88,1.88,Nikita Krylov,Misha Cirkunov
1363,UFC 206,Olivier Aubin-Mercier,Drew Dober,Olivier Aubin-Mercier,1.62,2.55,Drew Dober,Olivier Aubin-Mercier
1364,UFC 206,Valerie Letourneau,Viviane Pereira,Viviane Pereira,1.57,2.46,Viviane Pereira,Valerie Letourneau
1365,UFC 206,Mitch Gagnon,Matthew Lopez,Matthew Lopez,1.75,2.06,Matthew Lopez,Mitch Gagnon
1366,UFC 206,Lando Vannata,John Makdessi,Lando Vannata,1.61,2.36,John Makdessi,Lando Vannata
1367,UFC 206,Rustam Khabilov,Jason Saggo,Rustam Khabilov,1.45,2.79,Jason Saggo,Rustam Khabilov
1368,UFC 206,Dustin Ortiz,Zach Makovsky,Dustin Ortiz,2.5,1.64,Dustin Ortiz,Zach Makovsky
1369,UFC on Fox 22,Paige VanZant,Michelle Waterson,Michelle Waterson,2,1.94,Paige VanZant,Michelle Waterson
1370,UFC on Fox 22,Sage Northcutt,Mickey Gall,Mickey Gall,2.35,1.69,Sage Northcutt,Mickey Gall
1371,UFC on Fox 22,Urijah Faber,Brad Pickett,Urijah Faber,1.32,4.35,Brad Pickett,Urijah Faber
1372,UFC on Fox 22,Alan Jouban,Mike Perry,Alan Jouban,2.17,1.8,Alan Jouban,Mike Perry
1373,UFC on Fox 22,Luis Henrique da Silva,Paul Craig,Paul Craig,1.48,2.95,Paul Craig,Luis Henrique da Silva
1374,UFC on Fox 22,Cole Miller,Mizuto Hirota,Mizuto Hirota,2,1.94,Cole Miller,Mizuto Hirota
1375,UFC on Fox 22,Bryan Barberena,Colby Covington,Colby Covington,4,1.3,Bryan Barberena,Colby Covington
1376,UFC on Fox 22,James Moontasri,Alex Morono,Alex Morono,2,1.96,James Moontasri,Alex Morono
1377,UFC on Fox 22,Josh Emmett,Scott Holtzman,Josh Emmett,1.61,2.55,Scott Holtzman,Josh Emmett
1378,UFC on Fox 22,Irene Aldana,Leslie Smith,Leslie Smith,1.34,3.65,Leslie Smith,Irene Aldana
1379,UFC on Fox 22,Eddie Wineland,Takeya Mizugaki,Eddie Wineland,1.58,2.95,Takeya Mizugaki,Eddie Wineland
1380,UFC on Fox 22,Freddy Serrano,Hector Sandoval,Hector Sandoval,2.15,1.88,Freddy Serrano,Hector Sandoval
1381,UFC on Fox 22,Sultan Aliev,Bojan Velickovic,Sultan Aliev,2.45,1.67,Sultan Aliev,Bojan Velickovic
1382,UFC 207,Amanda Nunes,Ronda Rousey,Amanda Nunes,2.5,1.67,Amanda Nunes,Ronda Rousey
1383,UFC 207,Dominick Cruz,Cody Garbrandt,Cody Garbrandt,1.47,2.95,Cody Garbrandt,Dominick Cruz
1384,UFC 207,T.J. Dillashaw,John Lineker,T.J. Dillashaw,1.54,2.85,John Lineker,T.J. Dillashaw
1385,UFC 207,Tarec Saffiedine,Dong Hyun Kim,Dong Hyun Kim,2.35,1.71,Tarec Saffiedine,Dong Hyun Kim
1386,UFC 207,Louis Smolka,Ray Borg,Ray Borg,2.15,1.81,Louis Smolka,Ray Borg
1387,UFC 207,Neil Magny,Johny Hendricks,Neil Magny,1.57,2.65,Johny Hendricks,Neil Magny
1388,UFC 207,Antonio Carlos Junior,Marvin Vettori,Antonio Carlos Junior,1.83,2.1,Marvin Vettori,Antonio Carlos Junior
1389,UFC 207,Alex Garcia,Mike Pyle,Alex Garcia,1.57,2.65,Mike Pyle,Alex Garcia
1390,UFC 207,Brandon Thatch,Niko Price,Niko Price,1.68,2.4,Niko Price,Brandon Thatch
1391,UFC Fight Night 103 Rodriguez vs. Penn,B.J. Penn,Yair Rodriguez,Yair Rodriguez,4.3,1.27,B.J. Penn,Yair Rodriguez
1392,UFC Fight Night 103 Rodriguez vs. Penn,Joe Lauzon,Marcin Held,Joe Lauzon,1.88,2.1,Marcin Held,Joe Lauzon
1393,UFC Fight Night 103 Rodriguez vs. Penn,Court McGee,Ben Saunders,Ben Saunders,1.91,2.15,Ben Saunders,Court McGee
1394,UFC Fight Night 103 Rodriguez vs. Penn,John Moraga,Sergio Pettis,Sergio Pettis,2.3,1.73,John Moraga,Sergio Pettis
1395,UFC Fight Night 103 Rodriguez vs. Penn,Devin Powell,Drakkar Klose,Drakkar Klose,3.4,1.4,Devin Powell,Drakkar Klose
1396,UFC Fight Night 103 Rodriguez vs. Penn,Frankie Saenz,Augusto Mendes,Augusto Mendes,1.65,2.45,Augusto Mendes,Frankie Saenz
1397,UFC Fight Night 103 Rodriguez vs. Penn,Viktor Pesta,Aleksei Oleinik,Aleksei Oleinik,2.25,1.76,Viktor Pesta,Aleksei Oleinik
1398,UFC Fight Night 103 Rodriguez vs. Penn,Alex White,Tony Martin,Tony Martin,2.6,1.65,Alex White,Tony Martin
1399,UFC Fight Night 103 Rodriguez vs. Penn,Jocelyn Jones-Lybarger,Nina Nunes,Nina Nunes,2.38,1.74,Jocelyn Jones-Lybarger,Nina Nunes
1400,UFC Fight Night 103 Rodriguez vs. Penn,Walt Harris,Chase Sherman,Walt Harris,1.74,2.25,Chase Sherman,Walt Harris
1401,UFC Fight Night 103 Rodriguez vs. Penn,Joachim Christensen,Bojan Mihajlovic,Joachim Christensen,1.45,3.1,Bojan Mihajlovic,Joachim Christensen
1402,UFC Fight Night 103 Rodriguez vs. Penn,Cyril Asker,Dmitry Smoliakov,Cyril Asker,1.87,2.05,Dmitry Smoliakov,Cyril Asker
1403,UFC on FOX 23 Shevchenko vs. Pena,Valentina Shevchenko,Julianna Pena,Valentina Shevchenko,1.72,2.06,Julianna Pena,Valentina Shevchenko
1404,UFC on FOX 23 Shevchenko vs. Pena,Donald Cerrone,Jorge Masvidal,Jorge Masvidal,1.75,2.06,Jorge Masvidal,Donald Cerrone
1405,UFC on FOX 23 Shevchenko vs. Pena,Francis Ngannou,Andrei Arlovski,Francis Ngannou,1.23,4.41,Andrei Arlovski,Francis Ngannou
1406,UFC on FOX 23 Shevchenko vs. Pena,Bobby Nash,Li Jingliang,Li Jingliang,2.28,1.7,Bobby Nash,Li Jingliang
1407,UFC on FOX 23 Shevchenko vs. Pena,Alex Caceres,Jason Knight,Jason Knight,2.43,1.59,Alex Caceres,Jason Knight
1408,UFC on FOX 23 Shevchenko vs. Pena,Sam Alvey,Nate Marquardt,Sam Alvey,1.63,2.31,Nate Marquardt,Sam Alvey
1409,UFC on FOX 23 Shevchenko vs. Pena,Alessio Di Chirico,Eric Spicely,Eric Spicely,2.01,1.78,Alessio Di Chirico,Eric Spicely
1410,UFC on FOX 23 Shevchenko vs. Pena,Raphael Assuncao,Aljamain Sterling,Raphael Assuncao,1.61,2.36,Aljamain Sterling,Raphael Assuncao
1411,UFC on FOX 23 Shevchenko vs. Pena,Luis Henrique da Silva,Jordan Johnson,Jordan Johnson,2.31,1.63,Luis Henrique da Silva,Jordan Johnson
1412,UFC on FOX 23 Shevchenko vs. Pena,Marcos Rogerio de Lima,Jeremy Kimball,Marcos Rogerio de Lima,1.61,2.36,Jeremy Kimball,Marcos Rogerio de Lima
1413,UFC on FOX 23 Shevchenko vs. Pena,J.C. Cottrell,Jason Gonzalez,Jason Gonzalez,1.69,2.16,Jason Gonzalez,J.C. Cottrell
1414,UFC on FOX 23 Shevchenko vs. Pena,Eric Shelton,Alexandre Pantoja,Alexandre Pantoja,1.84,1.92,Alexandre Pantoja,Eric Shelton
1415,UFC FN 104 K. Zombie vs. Bermudez,Chan Sung Jung,Dennis Bermudez,Chan Sung Jung,2.69,1.57,Chan Sung Jung,Dennis Bermudez
1416,UFC FN 104 K. Zombie vs. Bermudez,Alexa Grasso,Felice Herrig,Felice Herrig,1.32,3.8,Felice Herrig,Alexa Grasso
1417,UFC FN 104 K. Zombie vs. Bermudez,James Vick,Abel Trujillo,James Vick,1.91,2.05,Abel Trujillo,James Vick
1418,UFC FN 104 K. Zombie vs. Bermudez,Ovince St Preux,Volkan Oezdemir,Volkan Oezdemir,1.33,3.75,Volkan Oezdemir,Ovince St Preux
1419,UFC FN 104 K. Zombie vs. Bermudez,Anthony Hamilton,Marcel Fortuna,Marcel Fortuna,1.51,2.8,Marcel Fortuna,Anthony Hamilton
1420,UFC FN 104 K. Zombie vs. Bermudez,Jessica Andrade,Angela Hill,Jessica Andrade,1.19,5.5,Angela Hill,Jessica Andrade
1421,UFC FN 104 K. Zombie vs. Bermudez,Adam Milstead,Curtis Blaydes,Curtis Blaydes,3.75,1.33,Adam Milstead,Curtis Blaydes
1422,UFC FN 104 K. Zombie vs. Bermudez,Chas Skelly,Chris Gruetzemacher,Chas Skelly,1.34,3.7,Chris Gruetzemacher,Chas Skelly
1423,UFC FN 104 K. Zombie vs. Bermudez,Michinori Tanaka,Ricardo Ramos,Ricardo Ramos,1.74,2.3,Ricardo Ramos,Michinori Tanaka
1424,UFC FN 104 K. Zombie vs. Bermudez,Tecia Torres,Bec Rawlings,Tecia Torres,1.28,4.5,Bec Rawlings,Tecia Torres
1425,UFC FN 104 K. Zombie vs. Bermudez,Alex Morono,Niko Price,Niko Price,2.05,2,Alex Morono,Niko Price
1426,UFC FN 104 K. Zombie vs. Bermudez,Khalil Rountree,Daniel Jolly,Khalil Rountree,1.65,2.5,Daniel Jolly,Khalil Rountree
1427,UFC 208,Holly Holm,Germaine de Randamie,Germaine de Randamie,2.15,1.83,Holly Holm,Germaine de Randamie
1428,UFC 208,Anderson Silva,Derek Brunson,Anderson Silva,2.38,1.71,Anderson Silva,Derek Brunson
1429,UFC 208,Ronaldo Souza,Tim Boetsch,Ronaldo Souza,1.2,5.37,Tim Boetsch,Ronaldo Souza
1430,UFC 208,Glover Teixeira,Jared Cannonier,Glover Teixeira,1.5,3.01,Jared Cannonier,Glover Teixeira
1431,UFC 208,Dustin Poirier,Jim Miller,Dustin Poirier,1.26,4.55,Jim Miller,Dustin Poirier
1432,UFC 208,Randy Brown,Belal Muhammad,Belal Muhammad,1.79,2.2,Belal Muhammad,Randy Brown
1433,UFC 208,Wilson Reis,Yuta Sasaki,Wilson Reis,1.18,6.05,Yuta Sasaki,Wilson Reis
1434,UFC 208,Islam Makhachev,Nik Lentz,Islam Makhachev,1.34,3.75,Nik Lentz,Islam Makhachev
1435,UFC 208,Phillipe Nover,Rick Glenn,Rick Glenn,2.62,1.59,Phillipe Nover,Rick Glenn
1436,UFC 208,Ryan LaFlare,Roan Carneiro,Ryan LaFlare,1.34,3.85,Roan Carneiro,Ryan LaFlare
1437,UFC Fight Night 105 Lewis vs. Browne,Derrick Lewis,Travis Browne,Derrick Lewis,1.91,2,Travis Browne,Derrick Lewis
1438,UFC Fight Night 105 Lewis vs. Browne,Hector Lombard,Johny Hendricks,Johny Hendricks,1.9,2.1,Johny Hendricks,Hector Lombard
1439,UFC Fight Night 105 Lewis vs. Browne,Elias Theodorou,Cezar Ferreira,Elias Theodorou,2.1,1.91,Elias Theodorou,Cezar Ferreira
1440,UFC Fight Night 105 Lewis vs. Browne,Sam Sicilia,Gavin Tucker,Gavin Tucker,2.5,1.62,Sam Sicilia,Gavin Tucker
1441,UFC Fight Night 105 Lewis vs. Browne,Sara McMann,Gina Mazany,Sara McMann,1.2,5.5,Gina Mazany,Sara McMann
1442,UFC Fight Night 105 Lewis vs. Browne,Alex Ricci,Paul Felder,Paul Felder,4.2,1.29,Alex Ricci,Paul Felder
1443,UFC Fight Night 105 Lewis vs. Browne,Nordine Taleb,Santiago Ponzinibbio,Santiago Ponzinibbio,4.2,1.29,Nordine Taleb,Santiago Ponzinibbio
1444,UFC Fight Night 105 Lewis vs. Browne,Carla Esparza,Randa Markos,Randa Markos,1.37,3.5,Randa Markos,Carla Esparza
1445,UFC Fight Night 105 Lewis vs. Browne,Reginaldo Vieira,Aiemann Zahabi,Aiemann Zahabi,2.75,1.44,Reginaldo Vieira,Aiemann Zahabi
1446,UFC Fight Night 105 Lewis vs. Browne,Thiago Santos,Jack Marshman,Thiago Santos,1.62,2.62,Jack Marshman,Thiago Santos
1447,UFC Fight Night 105 Lewis vs. Browne,Ryan Janes,Gerald Meerschaert,Gerald Meerschaert,3.5,1.35,Ryan Janes,Gerald Meerschaert
1448,UFC 209,Tyron Woodley,Stephen Thompson,Tyron Woodley,2.33,1.71,Tyron Woodley,Stephen Thompson
1449,UFC 209,Lando Vannata,David Teymur,David Teymur,1.3,4.35,David Teymur,Lando Vannata
1450,UFC 209,Rashad Evans,Daniel Kelly,Daniel Kelly,1.49,4.35,Daniel Kelly,Rashad Evans
1451,UFC 209,Amanda Cooper,Cynthia Calvillo,Cynthia Calvillo,2.1,1.85,Amanda Cooper,Cynthia Calvillo
1452,UFC 209,Alistair Overeem,Mark Hunt,Alistair Overeem,1.77,2.25,Mark Hunt,Alistair Overeem
1453,UFC 209,Marcin Tybura,Luis Henrique,Marcin Tybura,1.65,2.45,Luis Henrique,Marcin Tybura
1454,UFC 209,Mirsad Bektic,Darren Elkins,Darren Elkins,1.16,6.53,Darren Elkins,Mirsad Bektic
1455,UFC 209,Yuri Alcantara,Luke Sanders,Yuri Alcantara,2.2,1.8,Yuri Alcantara,Luke Sanders
1456,UFC 209,Daniel Spitz,Mark Godbeer,Mark Godbeer,2.3,1.74,Daniel Spitz,Mark Godbeer
1457,UFC 209,Tyson Pedro,Paul Craig,Tyson Pedro,1.79,2.23,Paul Craig,Tyson Pedro
1458,UFC 209,Albert Morales,Andre Soukhamthath,Albert Morales,1.77,2.2,Andre Soukhamthath,Albert Morales
1459,UFC Fight Night 106 Belfort vs. Gastelum,Vitor Belfort,Kelvin Gastelum,Kelvin Gastelum,4.15,1.29,Vitor Belfort,Kelvin Gastelum
1460,UFC Fight Night 106 Belfort vs. Gastelum,Mauricio Rua,Gian Villante,Mauricio Rua,1.7,2.36,Gian Villante,Mauricio Rua
1461,UFC Fight Night 106 Belfort vs. Gastelum,Edson Barboza,Beneil Dariush,Edson Barboza,1.68,2.5,Beneil Dariush,Edson Barboza
1462,UFC Fight Night 106 Belfort vs. Gastelum,Tim Means,Alex Oliveira,Alex Oliveira,1.56,2.75,Alex Oliveira,Tim Means
1463,UFC Fight Night 106 Belfort vs. Gastelum,Francisco Trinaldo,Kevin Lee,Kevin Lee,2.61,1.67,Francisco Trinaldo,Kevin Lee
1464,UFC Fight Night 106 Belfort vs. Gastelum,Sergio Moraes,Davi Ramos,Sergio Moraes,1.5,3.1,Davi Ramos,Sergio Moraes
1465,UFC Fight Night 106 Belfort vs. Gastelum,Rani Yahya,Joe Soto,Joe Soto,1.57,2.9,Joe Soto,Rani Yahya
1466,UFC Fight Night 106 Belfort vs. Gastelum,Josh Burkman,Michel Prazeres,Michel Prazeres,3.25,1.41,Josh Burkman,Michel Prazeres
1467,UFC Fight Night 106 Belfort vs. Gastelum,Rony Jason,Jeremy Kennedy,Jeremy Kennedy,2.05,1.9,Rony Jason,Jeremy Kennedy
1468,UFC Fight Night 106 Belfort vs. Gastelum,Garreth McLellan,Paulo Costa,Paulo Costa,3.63,1.36,Garreth McLellan,Paulo Costa
1469,UFC Fight Night 107 Manuwa vs. Anderson,Corey Anderson,Jimi Manuwa,Jimi Manuwa,2.25,1.76,Corey Anderson,Jimi Manuwa
1470,UFC Fight Night 107 Manuwa vs. Anderson,Gunnar Nelson,Alan Jouban,Gunnar Nelson,1.35,3.8,Alan Jouban,Gunnar Nelson
1471,UFC Fight Night 107 Manuwa vs. Anderson,Brad Pickett,Marlon Vera,Marlon Vera,1.73,2.23,Marlon Vera,Brad Pickett
1472,UFC Fight Night 107 Manuwa vs. Anderson,Arnold Allen,Makwan Amirkhani,Arnold Allen,2.16,1.69,Arnold Allen,Makwan Amirkhani
1473,UFC Fight Night 107 Manuwa vs. Anderson,Joseph Duffy,Reza Madadi,Joseph Duffy,1.19,6.07,Reza Madadi,Joseph Duffy
1474,UFC Fight Night 107 Manuwa vs. Anderson,Darren Stewart,Francimar Barroso,Francimar Barroso,1.58,2.65,Francimar Barroso,Darren Stewart
1475,UFC Fight Night 107 Manuwa vs. Anderson,Daniel Omielanczuk,Timothy Johnson,Timothy Johnson,2.71,1.59,Daniel Omielanczuk,Timothy Johnson
1476,UFC Fight Night 107 Manuwa vs. Anderson,Leon Edwards,Vicente Luque,Leon Edwards,2.18,1.79,Leon Edwards,Vicente Luque
1477,UFC Fight Night 107 Manuwa vs. Anderson,Marc Diakiese,Teemu Packalen,Marc Diakiese,1.5,2.91,Teemu Packalen,Marc Diakiese
1478,UFC Fight Night 107 Manuwa vs. Anderson,Scott Askham,Brad Scott,Brad Scott,1.73,2.36,Brad Scott,Scott Askham
1479,UFC Fight Night 107 Manuwa vs. Anderson,Lina Lansberg,Lucie Pudilova,Lina Lansberg,1.33,3.7,Lucie Pudilova,Lina Lansberg
1480,UFC 210 - Cormier vs. Johnson 2,Daniel Cormier,Anthony Johnson,Daniel Cormier,2.1,1.83,Daniel Cormier,Anthony Johnson
1481,UFC 210 - Cormier vs. Johnson 2,Gegard Mousasi,Chris Weidman,Gegard Mousasi,1.87,2.05,Chris Weidman,Gegard Mousasi
1482,UFC 210 - Cormier vs. Johnson 2,Cynthia Calvillo,Pearl Gonzalez,Cynthia Calvillo,1.39,3.7,Pearl Gonzalez,Cynthia Calvillo
1483,UFC 210 - Cormier vs. Johnson 2,Thiago Alves,Patrick Cote,Thiago Alves,2.2,1.77,Thiago Alves,Patrick Cote
1484,UFC 210 - Cormier vs. Johnson 2,Will Brooks,Charles Oliveira,Charles Oliveira,1.46,3,Charles Oliveira,Will Brooks
1485,UFC 210 - Cormier vs. Johnson 2,Myles Jury,Mike de la Torre,Myles Jury,1.25,4.8,Mike de la Torre,Myles Jury
1486,UFC 210 - Cormier vs. Johnson 2,Kamaru Usman,Sean Strickland,Kamaru Usman,1.36,3.7,Sean Strickland,Kamaru Usman
1487,UFC 210 - Cormier vs. Johnson 2,Charles Rosa,Shane Burgos,Shane Burgos,3,1.5,Charles Rosa,Shane Burgos
1488,UFC 210 - Cormier vs. Johnson 2,Patrick Cummins,Jan Blachowicz,Patrick Cummins,2.01,1.91,Patrick Cummins,Jan Blachowicz
1489,UFC 210 - Cormier vs. Johnson 2,Andrew Holbrook,Gregor Gillespie,Gregor Gillespie,3.35,1.4,Andrew Holbrook,Gregor Gillespie
1490,UFC 210 - Cormier vs. Johnson 2,Desmond Green,Josh Emmett,Desmond Green,3,1.5,Desmond Green,Josh Emmett
1491,UFC 210 - Cormier vs. Johnson 2,Irene Aldana,Katlyn Chookagian,Katlyn Chookagian,2.3,1.73,Irene Aldana,Katlyn Chookagian
1492,UFC 210 - Cormier vs. Johnson 2,Jenel Lausa,Magomed Bibulatov,Magomed Bibulatov,5.2,1.22,Jenel Lausa,Magomed Bibulatov
1493,UFC on Fox 24 -  Johnson vs Reis,Demetrious Johnson,Wilson Reis,Demetrious Johnson,1.14,8.6,Wilson Reis,Demetrious Johnson
1494,UFC on Fox 24 -  Johnson vs Reis,Michelle Waterson,Rose Namajunas,Rose Namajunas,1.91,2.13,Rose Namajunas,Michelle Waterson
1495,UFC on Fox 24 -  Johnson vs Reis,Ronaldo Souza,Robert Whittaker,Robert Whittaker,1.39,3.4,Robert Whittaker,Ronaldo Souza
1496,UFC on Fox 24 -  Johnson vs Reis,Jeremy Stephens,Renato Moicano,Renato Moicano,1.61,2.6,Renato Moicano,Jeremy Stephens
1497,UFC on Fox 24 -  Johnson vs Reis,Roy Nelson,Alexander Volkov,Alexander Volkov,2.39,1.67,Roy Nelson,Alexander Volkov
1498,UFC on Fox 24 -  Johnson vs Reis,Tom Duquesnoy,Patrick Williams,Tom Duquesnoy,1.11,8.75,Patrick Williams,Tom Duquesnoy
1499,UFC on Fox 24 -  Johnson vs Reis,Bobby Green,Rashid Magomedov,Rashid Magomedov,4.15,1.31,Bobby Green,Rashid Magomedov
1500,UFC on Fox 24 -  Johnson vs Reis,Aljamain Sterling,Augusto Mendes,Aljamain Sterling,1.29,4.4,Augusto Mendes,Aljamain Sterling
1501,UFC on Fox 24 -  Johnson vs Reis,Tim Elliott,Louis Smolka,Tim Elliott,1.57,2.75,Louis Smolka,Tim Elliott
1502,UFC on Fox 24 -  Johnson vs Reis,Devin Clark,Jake Collier,Devin Clark,1.73,2.3,Jake Collier,Devin Clark
1503,UFC on Fox 24 -  Johnson vs Reis,Anthony Smith,Andrew Sanchez,Anthony Smith,3.9,1.31,Anthony Smith,Andrew Sanchez
1504,UFC on Fox 24 -  Johnson vs Reis,Nathan Coy,Zak Cummings,Zak Cummings,5.5,1.25,Nathan Coy,Zak Cummings
1505,UFC on Fox 24 -  Johnson vs Reis,Ketlen Vieira,Ashlee Evans-Smith,Ketlen Vieira,2.55,1.65,Ketlen Vieira,Ashlee Evans-Smith
1506,UFC Fight Night 108 Swanson vs. Lobov,Cub Swanson,Artem Lobov,Cub Swanson,1.19,6.4,Artem Lobov,Cub Swanson
1507,UFC Fight Night 108 Swanson vs. Lobov,Diego Sanchez,Al Iaquinta,Al Iaquinta,4.4,1.26,Diego Sanchez,Al Iaquinta
1508,UFC Fight Night 108 Swanson vs. Lobov,Ovince St Preux,Marcos Rogerio de Lima,Ovince St Preux,1.65,2.45,Marcos Rogerio de Lima,Ovince St Preux
1509,UFC Fight Night 108 Swanson vs. Lobov,John Dodson,Eddie Wineland,John Dodson,1.24,4.8,Eddie Wineland,John Dodson
1510,UFC Fight Night 108 Swanson vs. Lobov,Joe Lauzon,Stevie Ray,Stevie Ray,2.66,1.57,Joe Lauzon,Stevie Ray
1511,UFC Fight Night 108 Swanson vs. Lobov,Jake Ellenberger,Mike Perry,Mike Perry,2.2,1.8,Jake Ellenberger,Mike Perry
1512,UFC Fight Night 108 Swanson vs. Lobov,Thales Leites,Sam Alvey,Thales Leites,1.83,2.1,Sam Alvey,Thales Leites
1513,UFC Fight Night 108 Swanson vs. Lobov,Dustin Ortiz,Brandon Moreno,Brandon Moreno,1.83,2.3,Brandon Moreno,Dustin Ortiz
1514,UFC Fight Night 108 Swanson vs. Lobov,Scott Holtzman,Michael McBride,Scott Holtzman,1.39,3.6,Michael McBride,Scott Holtzman
1515,UFC Fight Night 108 Swanson vs. Lobov,Danielle Taylor,Jessica Penne,Danielle Taylor,1.94,1.98,Jessica Penne,Danielle Taylor
1516,UFC Fight Night 108 Swanson vs. Lobov,Alexis Davis,Cindy Dandois,Alexis Davis,1.37,3.55,Cindy Dandois,Alexis Davis
1517,UFC Fight Night 108 Swanson vs. Lobov,Bryan Barberena,Joe Proctor,Bryan Barberena,1.33,3.85,Joe Proctor,Bryan Barberena
1518,UFC Fight Night 108 Swanson vs. Lobov,Matt Schnell,Hector Sandoval,Hector Sandoval,1.74,2.25,Hector Sandoval,Matt Schnell
1519,UFC 211 - Miocic vs. Dos Santos,Stipe Miocic,Junior dos Santos,Stipe Miocic,1.74,2.25,Junior dos Santos,Stipe Miocic
1520,UFC 211 - Miocic vs. Dos Santos,Joanna Jedrzejczyk,Jessica Andrade,Joanna Jedrzejczyk,1.57,2.8,Jessica Andrade,Joanna Jedrzejczyk
1521,UFC 211 - Miocic vs. Dos Santos,Demian Maia,Jorge Masvidal,Demian Maia,2.1,1.87,Demian Maia,Jorge Masvidal
1522,UFC 211 - Miocic vs. Dos Santos,Frankie Edgar,Yair Rodriguez,Frankie Edgar,1.87,2.2,Yair Rodriguez,Frankie Edgar
1523,UFC 211 - Miocic vs. Dos Santos,David Branch,Krzysztof Jotko,David Branch,2.4,1.67,David Branch,Krzysztof Jotko
1524,UFC 211 - Miocic vs. Dos Santos,Chas Skelly,Jason Knight,Jason Knight,1.95,2.05,Jason Knight,Chas Skelly
1525,UFC 211 - Miocic vs. Dos Santos,Chase Sherman,Rashad Coulter,Chase Sherman,1.95,2,Rashad Coulter,Chase Sherman
1526,UFC 211 - Miocic vs. Dos Santos,James Vick,Marco Polo Reyes,James Vick,1.27,4.55,Marco Polo Reyes,James Vick
1527,UFC 211 - Miocic vs. Dos Santos,Jessica Aguilar,Cortney Casey,Cortney Casey,2.36,1.73,Jessica Aguilar,Cortney Casey
1528,UFC 211 - Miocic vs. Dos Santos,Gabriel Benitez,Enrique Barzola,Enrique Barzola,1.77,2.3,Enrique Barzola,Gabriel Benitez
1529,UFC 211 - Miocic vs. Dos Santos,Joachim Christensen,Gadzhimurad Antigulov,Gadzhimurad Antigulov,4.5,1.26,Joachim Christensen,Gadzhimurad Antigulov
1530,UFC Fight Night 109 Gustafsson Vs Teixeira,Alexander Gustafsson,Glover Teixeira,Alexander Gustafsson,1.35,3.7,Glover Teixeira,Alexander Gustafsson
1531,UFC Fight Night 109 Gustafsson Vs Teixeira,Misha Cirkunov,Volkan Oezdemir,Volkan Oezdemir,1.25,5,Volkan Oezdemir,Misha Cirkunov
1532,UFC Fight Night 109 Gustafsson Vs Teixeira,Ben Saunders,Peter Sobotta,Peter Sobotta,2.02,2,Ben Saunders,Peter Sobotta
1533,UFC Fight Night 109 Gustafsson Vs Teixeira,Abdul Razak Alhassan,Omari Akhmedov,Omari Akhmedov,1.45,3.2,Omari Akhmedov,Abdul Razak Alhassan
1534,UFC Fight Night 109 Gustafsson Vs Teixeira,Oliver Enkamp,Nordine Taleb,Nordine Taleb,4.25,1.28,Oliver Enkamp,Nordine Taleb
1535,UFC Fight Night 109 Gustafsson Vs Teixeira,Jack Hermansson,Alex Nicholson,Jack Hermansson,1.65,2.45,Alex Nicholson,Jack Hermansson
1536,UFC Fight Night 109 Gustafsson Vs Teixeira,Pedro Munhoz,Damian Stasiak,Pedro Munhoz,1.14,7.62,Damian Stasiak,Pedro Munhoz
1537,UFC Fight Night 109 Gustafsson Vs Teixeira,Trevor Smith,Chris Camozzi,Trevor Smith,2.6,1.65,Trevor Smith,Chris Camozzi
1538,UFC Fight Night 109 Gustafsson Vs Teixeira,Joaquim Silva,Reza Madadi,Joaquim Silva,1.65,2.5,Reza Madadi,Joaquim Silva
1539,UFC Fight Night 109 Gustafsson Vs Teixeira,Nico Musoke,Bojan Velickovic,Bojan Velickovic,1.8,2.2,Bojan Velickovic,Nico Musoke
1540,UFC Fight Night 109 Gustafsson Vs Teixeira,Darren Till,Jessin Ayari,Darren Till,1.35,3.95,Jessin Ayari,Darren Till
1541,UFC Fight Night 109 Gustafsson Vs Teixeira,Marcin Held,Damir Hadzovic,Damir Hadzovic,1.36,3.8,Damir Hadzovic,Marcin Held
1542,UFC 212 Aldo vs Holloway,Jose Aldo,Max Holloway,Max Holloway,1.71,2.3,Max Holloway,Jose Aldo
1543,UFC 212 Aldo vs Holloway,Claudia Gadelha,Karolina Kowalkiewicz,Claudia Gadelha,1.34,3.6,Karolina Kowalkiewicz,Claudia Gadelha
1544,UFC 212 Aldo vs Holloway,Vitor Belfort,Nate Marquardt,Vitor Belfort,1.65,2.47,Nate Marquardt,Vitor Belfort
1545,UFC 212 Aldo vs Holloway,Paulo Costa,Oluwale Bamgbose,Paulo Costa,1.4,3.3,Oluwale Bamgbose,Paulo Costa
1546,UFC 212 Aldo vs Holloway,Erick Silva,Yancy Medeiros,Yancy Medeiros,2.25,1.75,Erick Silva,Yancy Medeiros
1547,UFC 212 Aldo vs Holloway,Raphael Assuncao,Marlon Moraes,Raphael Assuncao,2.9,1.45,Raphael Assuncao,Marlon Moraes
1548,UFC 212 Aldo vs Holloway,Eric Spicely,Antonio Carlos Junior,Antonio Carlos Junior,3.65,1.4,Eric Spicely,Antonio Carlos Junior
1549,UFC 212 Aldo vs Holloway,Johnny Eduardo,Matthew Lopez,Matthew Lopez,2.5,1.87,Johnny Eduardo,Matthew Lopez
1550,UFC 212 Aldo vs Holloway,Yuri Alcantara,Brian Kelleher,Brian Kelleher,1.31,3.9,Brian Kelleher,Yuri Alcantara
1551,UFC 212 Aldo vs Holloway,Viviane Pereira,Jamie Moyle,Viviane Pereira,1.67,2.45,Jamie Moyle,Viviane Pereira
1552,UFC 212 Aldo vs Holloway,Luan Chagas,Jim Wallhead,Luan Chagas,1.41,3.25,Jim Wallhead,Luan Chagas
1553,UFC 212 Aldo vs Holloway,Marco Beltran,Deiveson Figueiredo,Deiveson Figueiredo,2.3,1.71,Marco Beltran,Deiveson Figueiredo
1554,UFC Fight Night 110 Hunt vs. Lewis,Mark Hunt,Derrick Lewis,Mark Hunt,2.25,1.74,Mark Hunt,Derrick Lewis
1555,UFC Fight Night 110 Hunt vs. Lewis,Derek Brunson,Daniel Kelly,Derek Brunson,1.39,3.5,Daniel Kelly,Derek Brunson
1556,UFC Fight Night 110 Hunt vs. Lewis,Ion Cutelaba,Luis Henrique da Silva,Ion Cutelaba,1.36,3.9,Luis Henrique da Silva,Ion Cutelaba
1557,UFC Fight Night 110 Hunt vs. Lewis,Tim Elliott,Ben Nguyen,Ben Nguyen,1.53,2.85,Ben Nguyen,Tim Elliott
1558,UFC Fight Night 110 Hunt vs. Lewis,Ross Pearson,Daniel Hooker,Daniel Hooker,2.3,1.74,Ross Pearson,Daniel Hooker
1559,UFC Fight Night 110 Hunt vs. Lewis,Alex Volkanovski,Mizuto Hirota,Alex Volkanovski,1.21,5.45,Mizuto Hirota,Alex Volkanovski
1560,UFC Fight Night 110 Hunt vs. Lewis,Vinc Pichel,Damien Brown,Vinc Pichel,2.05,1.91,Vinc Pichel,Damien Brown
1561,UFC Fight Night 110 Hunt vs. Lewis,Dominique Steele,Luke Jumeau,Luke Jumeau,1.62,2.5,Luke Jumeau,Dominique Steele
1562,UFC Fight Night 110 Hunt vs. Lewis,John Moraga,Ashkan Mokhtarian,John Moraga,1.62,2.7,Ashkan Mokhtarian,John Moraga
1563,UFC Fight Night 110 Hunt vs. Lewis,Zak Ottow,Kiichi Kunimoto,Zak Ottow,1.33,4,Kiichi Kunimoto,Zak Ottow
1564,UFC Fight Night 110 Hunt vs. Lewis,J.J. Aldrich,Chan-Mi Jeon,J.J. Aldrich,1.62,2.65,Chan-Mi Jeon,J.J. Aldrich
1565,UFC Fight Night 111,Holly Holm,Bethe Correia,Holly Holm,1.19,5.5,Bethe Correia,Holly Holm
1566,UFC Fight Night 111,Andrei Arlovski,Marcin Tybura,Marcin Tybura,3.09,1.45,Andrei Arlovski,Marcin Tybura
1567,UFC Fight Night 111,Dong Hyun Kim,Colby Covington,Colby Covington,3.6,1.34,Dong Hyun Kim,Colby Covington
1568,UFC Fight Night 111,Tarec Saffiedine,Rafael dos Anjos,Rafael dos Anjos,3.12,1.46,Tarec Saffiedine,Rafael dos Anjos
1569,UFC Fight Night 111,Takanori Gomi,Jon Tuck,Jon Tuck,3.8,1.34,Takanori Gomi,Jon Tuck
1570,UFC Fight Night 111,Cyril Asker,Walt Harris,Walt Harris,3.7,1.33,Cyril Asker,Walt Harris
1571,UFC Fight Night 111,Alex Caceres,Rolando Dy,Alex Caceres,1.34,3.65,Rolando Dy,Alex Caceres
1572,UFC Fight Night 111,Yuta Sasaki,Justin Scoggins,Yuta Sasaki,5.35,1.21,Yuta Sasaki,Justin Scoggins
1573,UFC Fight Night 111,Li Jingliang,Frank Camacho,Li Jingliang,1.24,4.75,Frank Camacho,Li Jingliang
1574,UFC Fight Night 111,Russell Doane,Kwan Ho Kwak,Russell Doane,2.06,1.87,Russell Doane,Kwan Ho Kwak
1575,UFC Fight Night 111,Carls John de Tomas,Naoki Inoue,Naoki Inoue,3.45,1.38,Carls John de Tomas,Naoki Inoue
1576,UFC Fight Night 111,Lucie Pudilova,Ji Yeon Kim,Lucie Pudilova,1.81,2.15,Ji Yeon Kim,Lucie Pudilova
1577,UFC Fight Night 112,Michael Chiesa,Kevin Lee,Kevin Lee,2.2,1.8,Michael Chiesa,Kevin Lee
1578,UFC Fight Night 112,Johny Hendricks,Tim Boetsch,Tim Boetsch,1.71,2.37,Tim Boetsch,Johny Hendricks
1579,UFC Fight Night 112,Felice Herrig,Justine Kish,Felice Herrig,2.3,1.74,Felice Herrig,Justine Kish
1580,UFC Fight Night 112,Dominick Reyes,Joachim Christensen,Dominick Reyes,1.33,4,Joachim Christensen,Dominick Reyes
1581,UFC Fight Night 112,Tim Means,Alex Garcia,Tim Means,1.37,3.75,Alex Garcia,Tim Means
1582,UFC Fight Night 112,B.J. Penn,Dennis Siver,Dennis Siver,2.4,1.71,B.J. Penn,Dennis Siver
1583,UFC Fight Night 112,Clay Guida,Erik Koch,Clay Guida,4.15,1.3,Clay Guida,Erik Koch
1584,UFC Fight Night 112,Vitor Miranda,Marvin Vettori,Marvin Vettori,4.28,1.3,Vitor Miranda,Marvin Vettori
1585,UFC Fight Night 112,Carla Esparza,Maryna Moroz,Carla Esparza,1.54,3.05,Maryna Moroz,Carla Esparza
1586,UFC Fight Night 112,Darrell Horcher,Devin Powell,Darrell Horcher,1.28,4.5,Devin Powell,Darrell Horcher
1587,UFC Fight Night 112,Jared Gordon,Michel Quinones,Jared Gordon,1.71,2.35,Michel Quinones,Jared Gordon
1588,UFC Fight Night 112,Tony Martin,Johnny Case,Tony Martin,1.83,2.25,Johnny Case,Tony Martin
1589,UFC Fight Night 112,Josh Stansbury,Jeremy Kimball,Jeremy Kimball,1.62,2.6,Jeremy Kimball,Josh Stansbury
1590,TUF Season 25 Finale,Michael Johnson,Justin Gaethje,Justin Gaethje,1.71,2.35,Justin Gaethje,Michael Johnson
1591,TUF Season 25 Finale,Jesse Taylor,Dhiego Lima,Jesse Taylor,1.67,2.6,Dhiego Lima,Jesse Taylor
1592,TUF Season 25 Finale,Marc Diakiese,Drakkar Klose,Drakkar Klose,1.45,3.2,Drakkar Klose,Marc Diakiese
1593,TUF Season 25 Finale,Jared Cannonier,Nick Roehrick,Jared Cannonier,1.4,3.55,Nick Roehrick,Jared Cannonier
1594,TUF Season 25 Finale,Elias Theodorou,Brad Tavares,Brad Tavares,1.94,2.05,Brad Tavares,Elias Theodorou
1595,TUF Season 25 Finale,Marcel Fortuna,Jordan Johnson,Jordan Johnson,2.85,1.5,Marcel Fortuna,Jordan Johnson
1596,TUF Season 25 Finale,Angela Hill,Ashley Yoder,Angela Hill,1.3,4.1,Ashley Yoder,Angela Hill
1597,TUF Season 25 Finale,James Krause,Tom Gallicchio,James Krause,1.25,4.8,Tom Gallicchio,James Krause
1598,TUF Season 25 Finale,Ed Herman,C.B. Dollaway,C.B. Dollaway,2.6,1.61,Ed Herman,C.B. Dollaway
1599,TUF Season 25 Finale,Tecia Torres,Juliana Lima,Tecia Torres,1.25,4.65,Juliana Lima,Tecia Torres
1600,TUF Season 25 Finale,Gray Maynard,Teruto Ishihara,Gray Maynard,4,1.33,Gray Maynard,Teruto Ishihara
1601,UFC 213,Yoel Romero,Robert Whittaker,Robert Whittaker,2.1,1.91,Yoel Romero,Robert Whittaker
1602,UFC 213,Fabricio Werdum,Alistair Overeem,Alistair Overeem,2.3,1.74,Fabricio Werdum,Alistair Overeem
1603,UFC 213,Travis Browne,Aleksei Oleinik,Aleksei Oleinik,,,,
1604,UFC 213,Curtis Blaydes,Daniel Omielanczuk,Curtis Blaydes,1.14,7,Daniel Omielanczuk,Curtis Blaydes
1605,UFC 213,Anthony Pettis,Jim Miller,Anthony Pettis,1.48,2.93,Jim Miller,Anthony Pettis
1606,UFC 213,Rob Font,Douglas Silva de Andrade,Rob Font,1.36,3.55,Douglas Silva de Andrade,Rob Font
1607,UFC 213,Brian Camozzi,Chad Laprise,Chad Laprise,6.5,1.17,Brian Camozzi,Chad Laprise
1608,UFC 213,Gerald Meerschaert,Thiago Santos,Thiago Santos,2.48,1.67,Gerald Meerschaert,Thiago Santos
1609,UFC 213,Jordan Mein,Belal Muhammad,Belal Muhammad,2.2,1.78,Jordan Mein,Belal Muhammad
1610,UFC 213,Terrion Ware,Cody Stamann,Cody Stamann,3.25,1.43,Terrion Ware,Cody Stamann
1611,UFC 213,Trevin Giles,James Bochnovic,Trevin Giles,1.42,3.5,James Bochnovic,Trevin Giles
1612,UFC Fight Night 113,Gunnar Nelson,Santiago Ponzinibbio,Santiago Ponzinibbio,1.59,2.6,Santiago Ponzinibbio,Gunnar Nelson
1613,UFC Fight Night 113,Joanne Wood,Cynthia Calvillo,Cynthia Calvillo,2.65,1.57,Joanne Wood,Cynthia Calvillo
1614,UFC Fight Night 113,Stevie Ray,Paul Felder,Paul Felder,1.62,2.6,Paul Felder,Stevie Ray
1615,UFC Fight Night 113,Jack Marshman,Ryan Janes,Jack Marshman,1.21,5.9,Ryan Janes,Jack Marshman
1616,UFC Fight Night 113,Paul Craig,Khalil Rountree,Khalil Rountree,2.52,1.65,Paul Craig,Khalil Rountree
1617,UFC Fight Night 113,James Mulheron,Justin Willis,Justin Willis,2.65,1.57,James Mulheron,Justin Willis
1618,UFC Fight Night 113,Danny Roberts,Bobby Nash,Danny Roberts,1.61,2.6,Bobby Nash,Danny Roberts
1619,UFC Fight Night 113,Neil Seery,Alexandre Pantoja,Alexandre Pantoja,4,1.3,Neil Seery,Alexandre Pantoja
1620,UFC Fight Night 113,Charlie Ward,Galore Bofando,Galore Bofando,2.75,1.54,Charlie Ward,Galore Bofando
1621,UFC Fight Night 113,Daniel Teymur,Danny Henry,Danny Henry,,,,
1622,UFC Fight Night 113,Brett Johns,Albert Morales,Brett Johns,1.29,4.1,Albert Morales,Brett Johns
1623,UFC Fight Night 113,Leslie Smith,Amanda Lemos,Leslie Smith,1.53,2.85,Amanda Lemos,Leslie Smith
1624,UFC on Fox 25,Chris Weidman,Kelvin Gastelum,Chris Weidman,2.48,1.73,Chris Weidman,Kelvin Gastelum
1625,UFC on Fox 25,Darren Elkins,Dennis Bermudez,Darren Elkins,2.88,1.5,Darren Elkins,Dennis Bermudez
1626,UFC on Fox 25,Gian Villante,Patrick Cummins,Patrick Cummins,1.66,2.45,Patrick Cummins,Gian Villante
1627,UFC on Fox 25,Jimmie Rivera,Thomas Almeida,Jimmie Rivera,1.53,2.75,Thomas Almeida,Jimmie Rivera
1628,UFC on Fox 25,Lyman Good,Elizeu Zaleski dos Santos,Elizeu Zaleski dos Santos,1.65,2.6,Elizeu Zaleski dos Santos,Lyman Good
1629,UFC on Fox 25,Rafael Natal,Eryk Anders,Eryk Anders,2.05,1.87,Rafael Natal,Eryk Anders
1630,UFC on Fox 25,Ryan LaFlare,Alex Oliveira,Alex Oliveira,1.57,2.65,Alex Oliveira,Ryan LaFlare
1631,UFC on Fox 25,Chase Sherman,Damian Grabowski,Chase Sherman,1.42,3.2,Damian Grabowski,Chase Sherman
1632,UFC on Fox 25,Jeremy Kennedy,Kyle Bochniak,Jeremy Kennedy,1.43,3.2,Kyle Bochniak,Jeremy Kennedy
1633,UFC on Fox 25,Brian Kelleher,Marlon Vera,Marlon Vera,1.49,2.95,Marlon Vera,Brian Kelleher
1634,UFC on Fox 25,Timothy Johnson,Junior Albini,Junior Albini,1.44,3.15,Junior Albini,Timothy Johnson
1635,UFC on Fox 25,Shane Burgos,Godofredo Pepey,Shane Burgos,1.3,4.55,Godofredo Pepey,Shane Burgos
1636,UFC on Fox 25,Chris Wade,Frankie Perez,Chris Wade,1.36,3.9,Frankie Perez,Chris Wade
1637,UFC Fight Night Struve vs. Volkov,Stefan Struve,Alexander Volkov,Alexander Volkov,2.1,1.85,Stefan Struve,Alexander Volkov
1638,UFC Fight Night Struve vs. Volkov,Siyar Bahadurzada,Rob Wilkinson,Siyar Bahadurzada,1.71,2.3,Rob Wilkinson,Siyar Bahadurzada
1639,UFC Fight Night Struve vs. Volkov,Talita Bernardo,Marion Reneau,Marion Reneau,3.5,1.36,Talita Bernardo,Marion Reneau
1640,UFC Fight Night Struve vs. Volkov,Leon Edwards,Bryan Barberena,Leon Edwards,1.43,3.35,Bryan Barberena,Leon Edwards
1641,UFC Fight Night Struve vs. Volkov,Darren Till,Bojan Velickovic,Darren Till,1.5,2.85,Bojan Velickovic,Darren Till
1642,UFC Fight Night Struve vs. Volkov,Felipe Silva,Mairbek Taisumov,Mairbek Taisumov,3.35,1.4,Felipe Silva,Mairbek Taisumov
1643,UFC Fight Night Struve vs. Volkov,Mads Burnell,Michel Prazeres,Michel Prazeres,3.9,1.31,Mads Burnell,Michel Prazeres
1644,UFC Fight Night Struve vs. Volkov,Rustam Khabilov,Desmond Green,Rustam Khabilov,1.41,3.37,Desmond Green,Rustam Khabilov
1645,UFC Fight Night Struve vs. Volkov,Francimar Barroso,Aleksandar Rakic,Aleksandar Rakic,2.25,1.8,Francimar Barroso,Aleksandar Rakic
1646,UFC Fight Night Struve vs. Volkov,Zabit Magomedsharipov,Mike Santiago,Zabit Magomedsharipov,1.25,4.55,Mike Santiago,Zabit Magomedsharipov
1647,UFC Fight Night Struve vs. Volkov,Abdul-Kerim Edilov,Bojan Mihajlovic,Abdul-Kerim Edilov,1.18,6.1,Bojan Mihajlovic,Abdul-Kerim Edilov
1648,UFC Fight Night Struve vs. Volkov,Andrew Holbrook,Thibault Gouti,Thibault Gouti,1.61,2.65,Thibault Gouti,Andrew Holbrook
1649,UFC 215,Amanda Nunes,Valentina Shevchenko,Amanda Nunes,2.15,1.83,Amanda Nunes,Valentina Shevchenko
1650,UFC 215,Rafael dos Anjos,Neil Magny,Rafael dos Anjos,1.62,2.75,Neil Magny,Rafael dos Anjos
1651,UFC 215,Henry Cejudo,Wilson Reis,Henry Cejudo,1.29,4.48,Wilson Reis,Henry Cejudo
1652,UFC 215,Ilir Latifi,Tyson Pedro,Ilir Latifi,2.25,1.74,Ilir Latifi,Tyson Pedro
1653,UFC 215,Gilbert Melendez,Jeremy Stephens,Jeremy Stephens,1.91,2.05,Jeremy Stephens,Gilbert Melendez
1654,UFC 215,Sara McMann,Ketlen Vieira,Ketlen Vieira,1.49,2.9,Ketlen Vieira,Sara McMann
1655,UFC 215,Ashlee Evans-Smith,Sarah Moras,Sarah Moras,1.38,3.4,Sarah Moras,Ashlee Evans-Smith
1656,UFC 215,Gavin Tucker,Rick Glenn,Rick Glenn,1.4,3.65,Rick Glenn,Gavin Tucker
1657,UFC 215,Mitch Clarke,Alex White,Alex White,2.89,1.5,Mitch Clarke,Alex White
1658,UFC 215,Luis Henrique,Arjan Bhullar,Arjan Bhullar,2.85,1.5,Luis Henrique,Arjan Bhullar
1659,UFC 215,Kajan Johnson,Adriano Martins,Kajan Johnson,5.5,1.19,Kajan Johnson,Adriano Martins
1660,UFC Fight Night 116 Rockhold vs. Branch,Luke Rockhold,David Branch,Luke Rockhold,1.2,5.5,David Branch,Luke Rockhold
1661,UFC Fight Night 116 Rockhold vs. Branch,Alex Reyes,Mike Perry,Mike Perry,5.15,1.22,Alex Reyes,Mike Perry
1662,UFC Fight Night 116 Rockhold vs. Branch,Hector Lombard,Anthony Smith,Anthony Smith,2.4,1.8,Hector Lombard,Anthony Smith
1663,UFC Fight Night 116 Rockhold vs. Branch,Gregor Gillespie,Jason Gonzalez,Gregor Gillespie,1.27,4.75,Jason Gonzalez,Gregor Gillespie
1664,UFC Fight Night 116 Rockhold vs. Branch,Kamaru Usman,Sergio Moraes,Kamaru Usman,1.14,7,Sergio Moraes,Kamaru Usman
1665,UFC Fight Night 116 Rockhold vs. Branch,Justin Ledet,Azunna Anyanwu,Justin Ledet,1.29,4.75,Azunna Anyanwu,Justin Ledet
1666,UFC Fight Night 116 Rockhold vs. Branch,Olivier Aubin-Mercier,Tony Martin,Olivier Aubin-Mercier,1.95,2,Tony Martin,Olivier Aubin-Mercier
1667,UFC Fight Night 116 Rockhold vs. Branch,Daniel Spitz,Anthony Hamilton,Daniel Spitz,2.85,1.52,Daniel Spitz,Anthony Hamilton
1668,UFC Fight Night 116 Rockhold vs. Branch,Krzysztof Jotko,Urijah Hall,Urijah Hall,1.5,2.9,Urijah Hall,Krzysztof Jotko
1669,UFC Fight Night 116 Rockhold vs. Branch,Gilbert Burns,Jason Saggo,Gilbert Burns,1.71,2.3,Jason Saggo,Gilbert Burns
1670,UFC Fight Night 117 St. Preux vs. Shogun 2,Ovince St Preux,Yushin Okami,Ovince St Preux,1.23,4.9,Yushin Okami,Ovince St Preux
1671,UFC Fight Night 117 St. Preux vs. Shogun 2,Claudia Gadelha,Jessica Andrade,Jessica Andrade,1.38,3.48,Jessica Andrade,Claudia Gadelha
1672,UFC Fight Night 117 St. Preux vs. Shogun 2,Takanori Gomi,Dong Hyun Ma,Dong Hyun Ma,,,,
1673,UFC Fight Night 117 St. Preux vs. Shogun 2,Gokhan Saki,Luis Henrique da Silva,Gokhan Saki,1.56,2.7,Luis Henrique da Silva,Gokhan Saki
1674,UFC Fight Night 117 St. Preux vs. Shogun 2,Rolando Dy,Teruto Ishihara,Teruto Ishihara,2.5,1.67,Rolando Dy,Teruto Ishihara
1675,UFC Fight Night 117 St. Preux vs. Shogun 2,Jussier Formiga,Yuta Sasaki,Jussier Formiga,1.26,4.55,Yuta Sasaki,Jussier Formiga
1676,UFC Fight Night 117 St. Preux vs. Shogun 2,Keita Nakamura,Alex Morono,Keita Nakamura,2.15,1.8,Keita Nakamura,Alex Morono
1677,UFC Fight Night 117 St. Preux vs. Shogun 2,Syuri Kondo,Chan-Mi Jeon,Syuri Kondo,1.83,2.2,Chan-Mi Jeon,Syuri Kondo
1678,UFC Fight Night 117 St. Preux vs. Shogun 2,Shinsho Anzai,Luke Jumeau,Shinsho Anzai,3.2,1.42,Shinsho Anzai,Luke Jumeau
1679,UFC Fight Night 117 St. Preux vs. Shogun 2,Hyun Gyu Lim,Daichi Abe,Daichi Abe,1.91,2.05,Daichi Abe,Hyun Gyu Lim
1680,UFC 216,Tony Ferguson,Kevin Lee,Tony Ferguson,1.4,3.4,Kevin Lee,Tony Ferguson
1681,UFC 216,Demetrious Johnson,Ray Borg,Demetrious Johnson,1.11,10,Ray Borg,Demetrious Johnson
1682,UFC 216,Fabricio Werdum,Walt Harris,Fabricio Werdum,1.41,3.25,Walt Harris,Fabricio Werdum
1683,UFC 216,Mara Romero Borella,Kalindra Faria,Mara Romero Borella,2.95,1.5,Mara Romero Borella,Kalindra Faria
1684,UFC 216,Cody Stamann,Tom Duquesnoy,Cody Stamann,2.45,1.65,Cody Stamann,Tom Duquesnoy
1685,UFC 216,Pearl Gonzalez,Poliana Botelho,Poliana Botelho,2.45,1.67,Pearl Gonzalez,Poliana Botelho
1686,UFC 216,Matt Schnell,Marco Beltran,Matt Schnell,1.94,2,Marco Beltran,Matt Schnell
1687,UFC 216,Magomed Bibulatov,John Moraga,John Moraga,1.2,5.8,John Moraga,Magomed Bibulatov
1688,UFC 216,Brad Tavares,Thales Leites,Brad Tavares,1.59,2.6,Thales Leites,Brad Tavares
1689,UFC Fight Night 118 Gdansk,Donald Cerrone,Darren Till,Darren Till,1.69,2.35,Darren Till,Donald Cerrone
1690,UFC Fight Night 118 Gdansk,Karolina Kowalkiewicz,Jodie Esquibel,Karolina Kowalkiewicz,1.21,5.2,Jodie Esquibel,Karolina Kowalkiewicz
1691,UFC Fight Night 118 Gdansk,Jan Blachowicz,Devin Clark,Jan Blachowicz,2.35,1.69,Jan Blachowicz,Devin Clark
1692,UFC Fight Night 118 Gdansk,Jonathan Wilson,Oskar Piechota,Oskar Piechota,2.75,1.53,Jonathan Wilson,Oskar Piechota
1693,UFC Fight Night 118 Gdansk,Damian Stasiak,Brian Kelleher,Brian Kelleher,2,1.95,Damian Stasiak,Brian Kelleher
1694,UFC Fight Night 118 Gdansk,Nasrat Haqparast,Marcin Held,Marcin Held,4.33,1.29,Nasrat Haqparast,Marcin Held
1695,UFC Fight Night 118 Gdansk,Artem Lobov,Andre Fili,Andre Fili,2.62,1.61,Artem Lobov,Andre Fili
1696,UFC Fight Night 118 Gdansk,Sam Alvey,Ramazan Emeev,Ramazan Emeev,2.5,1.67,Sam Alvey,Ramazan Emeev
1697,UFC Fight Night 118 Gdansk,Warlley Alves,Salim Touahri,Warlley Alves,1.34,3.8,Salim Touahri,Warlley Alves
1698,UFC Fight Night 118 Gdansk,Aspen Ladd,Lina Lansberg,Aspen Ladd,1.45,3.3,Lina Lansberg,Aspen Ladd
1699,UFC Fight Night 118 Gdansk,Josh Emmett,Felipe Arantes,Josh Emmett,1.39,3.5,Felipe Arantes,Josh Emmett
1700,UFC 217,Michael Bisping,Georges St-Pierre,Georges St-Pierre,2.1,2,Michael Bisping,Georges St-Pierre
1701,UFC 217,Cody Garbrandt,T.J. Dillashaw,T.J. Dillashaw,1.53,2.75,T.J. Dillashaw,Cody Garbrandt
1702,UFC 217,Joanna Jedrzejczyk,Rose Namajunas,Rose Namajunas,1.2,7,Rose Namajunas,Joanna Jedrzejczyk
1703,UFC 217,Stephen Thompson,Jorge Masvidal,Stephen Thompson,1.57,2.65,Jorge Masvidal,Stephen Thompson
1704,UFC 217,Johny Hendricks,Paulo Costa,Paulo Costa,,,,
1705,UFC 217,James Vick,Joseph Duffy,James Vick,2.5,1.62,James Vick,Joseph Duffy
1706,UFC 217,Corey Anderson,Ovince St Preux,Ovince St Preux,2.4,1.69,Corey Anderson,Ovince St Preux
1707,UFC 217,Aleksei Oleinik,Curtis Blaydes,Curtis Blaydes,,,,
1708,UFC 217,Walt Harris,Mark Godbeer,Mark Godbeer,1.29,4.1,Mark Godbeer,Walt Harris
1709,UFC 217,Mickey Gall,Randy Brown,Randy Brown,1.9,2.1,Randy Brown,Mickey Gall
1710,UFC 217,Aiemann Zahabi,Ricardo Ramos,Ricardo Ramos,2.75,1.57,Aiemann Zahabi,Ricardo Ramos
1711,UFC Fight Night 120 Virginia,Anthony Pettis,Dustin Poirier,Dustin Poirier,1.95,2.06,Dustin Poirier,Anthony Pettis
1712,UFC Fight Night 120 Virginia,Matt Brown,Diego Sanchez,Matt Brown,1.29,4.15,Diego Sanchez,Matt Brown
1713,UFC Fight Night 120 Virginia,Andrei Arlovski,Junior Albini,Andrei Arlovski,4.17,1.32,Andrei Arlovski,Junior Albini
1714,UFC Fight Night 120 Virginia,Raphael Assuncao,Matthew Lopez,Raphael Assuncao,1.3,4.15,Matthew Lopez,Raphael Assuncao
1715,UFC Fight Night 120 Virginia,John Dodson,Marlon Moraes,Marlon Moraes,1.95,2.05,Marlon Moraes,John Dodson
1716,UFC Fight Night 120 Virginia,Tatiana Suarez,Viviane Pereira,Tatiana Suarez,1.35,3.6,Viviane Pereira,Tatiana Suarez
1717,UFC Fight Night 120 Virginia,Nate Marquardt,Cezar Ferreira,Cezar Ferreira,3.5,1.37,Nate Marquardt,Cezar Ferreira
1718,UFC Fight Night 120 Virginia,Clay Guida,Joe Lauzon,Clay Guida,1.95,2.1,Joe Lauzon,Clay Guida
1719,UFC Fight Night 120 Virginia,Karl Roberson,Darren Stewart,Karl Roberson,1.49,2.95,Darren Stewart,Karl Roberson
1720,UFC Fight Night 120 Virginia,Sage Northcutt,Michel Quinones,Sage Northcutt,1.61,2.6,Michel Quinones,Sage Northcutt
1721,UFC Fight Night 120 Virginia,Marcel Fortuna,Jake Collier,Jake Collier,1.43,3.2,Jake Collier,Marcel Fortuna
1722,UFC Fight Night 120 Virginia,Angela Hill,Nina Nunes,Nina Nunes,1.57,2.7,Nina Nunes,Angela Hill
1723,UFC Fight Night 120 Virginia,Court McGee,Sean Strickland,Sean Strickland,3.6,1.42,Court McGee,Sean Strickland
1724,UFC Fight Night 121 Sydney,Fabricio Werdum,Marcin Tybura,Fabricio Werdum,1.33,3.85,Marcin Tybura,Fabricio Werdum
1725,UFC Fight Night 121 Sydney,Jessica-Rose Clark,Bec Rawlings,Jessica-Rose Clark,2.3,1.83,Jessica-Rose Clark,Bec Rawlings
1726,UFC Fight Night 121 Sydney,Tim Means,Belal Muhammad,Belal Muhammad,1.5,2.85,Belal Muhammad,Tim Means
1727,UFC Fight Night 121 Sydney,Jake Matthews,Bojan Velickovic,Jake Matthews,1.77,2.25,Bojan Velickovic,Jake Matthews
1728,UFC Fight Night 121 Sydney,Elias Theodorou,Daniel Kelly,Elias Theodorou,1.41,3.6,Daniel Kelly,Elias Theodorou
1729,UFC Fight Night 121 Sydney,Alex Volkanovski,Shane Young,Alex Volkanovski,1.17,6.4,Shane Young,Alex Volkanovski
1730,UFC Fight Night 121 Sydney,Ryan Benoit,Ashkan Mokhtarian,Ryan Benoit,1.39,3.55,Ashkan Mokhtarian,Ryan Benoit
1731,UFC Fight Night 121 Sydney,Will Brooks,Nik Lentz,Nik Lentz,1.24,5.05,Nik Lentz,Will Brooks
1732,UFC Fight Night 121 Sydney,Tai Tuivasa,Rashad Coulter,Tai Tuivasa,1.59,2.6,Rashad Coulter,Tai Tuivasa
1733,UFC Fight Night 121 Sydney,Damien Brown,Frank Camacho,Frank Camacho,2.2,1.8,Damien Brown,Frank Camacho
1734,UFC Fight Night 121 Sydney,Nadia Kassem,Alex Chambers,Nadia Kassem,1.62,2.65,Alex Chambers,Nadia Kassem
1735,UFC Fight Night 121 Sydney,Jenel Lausa,Eric Shelton,Eric Shelton,4.15,1.29,Jenel Lausa,Eric Shelton
1736,UFC Fight Night 121 Sydney,Anthony Hamilton,Adam Wieczorek,Adam Wieczorek,2.45,1.65,Anthony Hamilton,Adam Wieczorek
1737,UFC Fight Night 122 Bisping vs. Gastellum,Michael Bisping,Kelvin Gastelum,Kelvin Gastelum,3.53,1.38,Michael Bisping,Kelvin Gastelum
1738,UFC Fight Night 122 Bisping vs. Gastellum,Zabit Magomedsharipov,Sheymon da Silva Moraes,Zabit Magomedsharipov,1.22,5.5,Sheymon da Silva Moraes,Zabit Magomedsharipov
1739,UFC Fight Night 122 Bisping vs. Gastellum,Chase Sherman,Shamil Abdurakhimov,Shamil Abdurakhimov,2.17,1.8,Chase Sherman,Shamil Abdurakhimov
1740,UFC Fight Night 122 Bisping vs. Gastellum,Alex Caceres,Wang Guan,Wang Guan,1.77,2.3,Wang Guan,Alex Caceres
1741,UFC Fight Night 122 Bisping vs. Gastellum,Li Jingliang,Zak Ottow,Li Jingliang,1.54,2.85,Zak Ottow,Li Jingliang
1742,UFC Fight Night 122 Bisping vs. Gastellum,Kailin Curran,Yan Xiaonan,Yan Xiaonan,2.38,1.73,Kailin Curran,Yan Xiaonan
1743,UFC Fight Night 122 Bisping vs. Gastellum,Rolando Dy,Wuliji Buren,Rolando Dy,1.68,2.45,Wuliji Buren,Rolando Dy
1744,UFC Fight Night 122 Bisping vs. Gastellum,Bobby Nash,Kenan Song,Kenan Song,1.33,3.75,Kenan Song,Bobby Nash
1745,UFC Fight Night 122 Bisping vs. Gastellum,Alex Garcia,Muslim Salikhov,Alex Garcia,3,1.49,Alex Garcia,Muslim Salikhov
1746,UFC Fight Night 122 Bisping vs. Gastellum,Yadong Song,Bharat Khandare,Yadong Song,1.71,2.4,Bharat Khandare,Yadong Song
1747,UFC Fight Night 122 Bisping vs. Gastellum,Gina Mazany,Yanan Wu,Gina Mazany,2.25,2.25,Gina Mazany,Yanan Wu
1748,UFC Fight Night 122 Bisping vs. Gastellum,Hu Yaozong,Cyril Asker,Cyril Asker,3.16,1.45,Hu Yaozong,Cyril Asker
1749,TUF 26 Finale,Roxanne Modafferi,Nicco Montano,Nicco Montano,2.8,1.51,Roxanne Modafferi,Nicco Montano
1750,TUF 26 Finale,Sean O'Malley,Terrion Ware,Sean O'Malley,1.42,3.23,Terrion Ware,Sean O'Malley
1751,TUF 26 Finale,Barb Honchak,Lauren Murphy,Lauren Murphy,1.52,2.96,Lauren Murphy,Barb Honchak
1752,TUF 26 Finale,Gerald Meerschaert,Eric Spicely,Gerald Meerschaert,1.54,2.69,Eric Spicely,Gerald Meerschaert
1753,TUF 26 Finale,Joe Soto,Brett Johns,Brett Johns,2.67,1.62,Joe Soto,Brett Johns
1754,TUF 26 Finale,Montana De La Rosa,Christina Marks,Montana De La Rosa,1.29,4.09,Christina Marks,Montana De La Rosa
1755,TUF 26 Finale,Andrew Sanchez,Ryan Janes,Ryan Janes,1.21,5.44,Ryan Janes,Andrew Sanchez
1756,TUF 26 Finale,Rachael Ostovich,Karine Gevorgyan,Rachael Ostovich,1.28,4.09,Karine Gevorgyan,Rachael Ostovich
1757,TUF 26 Finale,Ariel Beck,Shana Dobson,Shana Dobson,2.95,1.53,Ariel Beck,Shana Dobson
1758,TUF 26 Finale,Gillian Robertson,Emily Whitmire,Gillian Robertson,2.75,1.55,Gillian Robertson,Emily Whitmire
1759,UFC Fight Night 123,Cub Swanson,Brian Ortega,Brian Ortega,2.05,1.95,Cub Swanson,Brian Ortega
1760,UFC Fight Night 123,Jason Knight,Gabriel Benitez,Gabriel Benitez,1.34,3.75,Gabriel Benitez,Jason Knight
1761,UFC Fight Night 123,Aljamain Sterling,Marlon Moraes,Marlon Moraes,2.36,1.71,Aljamain Sterling,Marlon Moraes
1762,UFC Fight Night 123,Scott Holtzman,Darrell Horcher,Scott Holtzman,1.86,2.31,Darrell Horcher,Scott Holtzman
1763,UFC Fight Night 123,Eryk Anders,Markus Perez,Eryk Anders,1.36,5,Markus Perez,Eryk Anders
1764,UFC Fight Night 123,Benito Lopez,Albert Morales,Benito Lopez,1.83,2.1,Albert Morales,Benito Lopez
1765,UFC Fight Night 123,Liz Carmouche,Alexis Davis,Alexis Davis,1.87,2.5,Alexis Davis,Liz Carmouche
1766,UFC Fight Night 123,Luke Sanders,Andre Soukhamthath,Andre Soukhamthath,1.4,3.95,Andre Soukhamthath,Luke Sanders
1767,UFC Fight Night 123,Alex Perez,Carls John de Tomas,Alex Perez,1.29,4.48,Carls John de Tomas,Alex Perez
1768,UFC Fight Night 123,Frankie Saenz,Merab Dvalishvili,Frankie Saenz,2.7,1.62,Frankie Saenz,Merab Dvalishvili
1769,UFC Fight Night 123,Yuri Alcantara,Alejandro Perez,Alejandro Perez,1.59,2.7,Alejandro Perez,Yuri Alcantara
1770,UFC Fight Night 123,Chris Gruetzemacher,Davi Ramos,Davi Ramos,4.36,1.28,Chris Gruetzemacher,Davi Ramos
1771,UFC Fight Night 123,Antonio Braga Neto,Trevin Giles,Trevin Giles,3.45,1.41,Antonio Braga Neto,Trevin Giles
1772,UFC on Fox 26 Lawler vs. dos Anjos,Robbie Lawler,Rafael dos Anjos,Rafael dos Anjos,2.1,1.91,Robbie Lawler,Rafael dos Anjos
1773,UFC on Fox 26 Lawler vs. dos Anjos,Josh Emmett,Ricardo Lamas,Josh Emmett,3.45,1.4,Josh Emmett,Ricardo Lamas
1774,UFC on Fox 26 Lawler vs. dos Anjos,Santiago Ponzinibbio,Mike Perry,Santiago Ponzinibbio,1.69,2.6,Mike Perry,Santiago Ponzinibbio
1775,UFC on Fox 26 Lawler vs. dos Anjos,Glover Teixeira,Misha Cirkunov,Glover Teixeira,2.55,1.62,Glover Teixeira,Misha Cirkunov
1776,UFC on Fox 26 Lawler vs. dos Anjos,Jan Blachowicz,Jared Cannonier,Jan Blachowicz,2.69,1.56,Jan Blachowicz,Jared Cannonier
1777,UFC on Fox 26 Lawler vs. dos Anjos,Darren Stewart,Julian Marquez,Julian Marquez,4,1.38,Darren Stewart,Julian Marquez
1778,UFC on Fox 26 Lawler vs. dos Anjos,Chad Laprise,Galore Bofando,Chad Laprise,1.74,2.35,Galore Bofando,Chad Laprise
1779,UFC on Fox 26 Lawler vs. dos Anjos,Nordine Taleb,Danny Roberts,Nordine Taleb,1.74,2.45,Danny Roberts,Nordine Taleb
1780,UFC on Fox 26 Lawler vs. dos Anjos,Abel Trujillo,John Makdessi,John Makdessi,1.74,2.7,John Makdessi,Abel Trujillo
1781,UFC on Fox 26 Lawler vs. dos Anjos,Alessio Di Chirico,Oluwale Bamgbose,Alessio Di Chirico,1.87,2.21,Oluwale Bamgbose,Alessio Di Chirico
1782,UFC on Fox 26 Lawler vs. dos Anjos,Erick Silva,Jordan Mein,Jordan Mein,2.45,1.77,Erick Silva,Jordan Mein
1783,UFC 219,Cristiane Justino,Holly Holm,Cristiane Justino,1.43,3.75,Holly Holm,Cristiane Justino
1784,UFC 219,Edson Barboza,Khabib Nurmagomedov,Khabib Nurmagomedov,4.4,1.35,Edson Barboza,Khabib Nurmagomedov
1785,UFC 219,Marc Diakiese,Daniel Hooker,Daniel Hooker,1.57,2.69,Daniel Hooker,Marc Diakiese
1786,UFC 219,Cynthia Calvillo,Carla Esparza,Carla Esparza,1.5,3.45,Carla Esparza,Cynthia Calvillo
1787,UFC 219,Carlos Condit,Neil Magny,Neil Magny,1.78,2.55,Neil Magny,Carlos Condit
1788,UFC 219,Michal Oleksiejczuk,Khalil Rountree,Michal Oleksiejczuk,4.2,1.33,Michal Oleksiejczuk,Khalil Rountree
1789,UFC 219,Myles Jury,Rick Glenn,Myles Jury,1.5,3.1,Rick Glenn,Myles Jury
1790,UFC 219,Louis Smolka,Matheus Nicolau,Matheus Nicolau,3.55,1.48,Louis Smolka,Matheus Nicolau
1791,UFC 219,Tim Elliott,Mark Delarosa,Tim Elliott,1.54,2.8,Mark Delarosa,Tim Elliott
1792,UFC Fight Night 124,Doo Ho Choi,Jeremy Stephens,Jeremy Stephens,1.67,2.5,Jeremy Stephens,Doo Ho Choi
1793,UFC Fight Night 124,Michael Johnson,Darren Elkins,Darren Elkins,1.65,2.75,Darren Elkins,Michael Johnson
1794,UFC Fight Night 124,Kamaru Usman,Emil Meek,Kamaru Usman,1.17,6.7,Emil Meek,Kamaru Usman
1795,UFC Fight Night 124,James Krause,Alex White,James Krause,1.62,2.61,Alex White,James Krause
1796,UFC Fight Night 124,Paige VanZant,Jessica-Rose Clark,Jessica-Rose Clark,2,2.03,Jessica-Rose Clark,Paige VanZant
1797,UFC Fight Night 124,Kalindra Faria,Jessica Eye,Jessica Eye,2.18,1.84,Kalindra Faria,Jessica Eye
1798,UFC Fight Night 124,Irene Aldana,Talita Bernardo,Irene Aldana,1.76,3,Talita Bernardo,Irene Aldana
1799,UFC Fight Night 124,Marco Polo Reyes,Matt Frevola,Marco Polo Reyes,2.9,1.5,Marco Polo Reyes,Matt Frevola
1800,UFC Fight Night 124,Kyung Ho Kang,Guido Cannetti,Kyung Ho Kang,1.36,3.85,Guido Cannetti,Kyung Ho Kang
1801,UFC Fight Night 124,Danielle Taylor,J.J. Aldrich,J.J. Aldrich,2.1,1.91,Danielle Taylor,J.J. Aldrich
1802,UFC Fight Night 124,Mike Santiago,Mads Burnell,Mads Burnell,1.56,2.75,Mads Burnell,Mike Santiago
1803,UFC 220,Stipe Miocic,Francis Ngannou,Stipe Miocic,2.65,1.61,Stipe Miocic,Francis Ngannou
1804,UFC 220,Daniel Cormier,Volkan Oezdemir,Daniel Cormier,1.33,4,Volkan Oezdemir,Daniel Cormier
1805,UFC 220,Calvin Kattar,Shane Burgos,Calvin Kattar,2.69,1.67,Calvin Kattar,Shane Burgos
1806,UFC 220,Gian Villante,Francimar Barroso,Gian Villante,1.62,2.55,Francimar Barroso,Gian Villante
1807,UFC 220,Thomas Almeida,Rob Font,Rob Font,1.9,2,Rob Font,Thomas Almeida
1808,UFC 220,Kyle Bochniak,Brandon Davis,Kyle Bochniak,2.1,1.87,Kyle Bochniak,Brandon Davis
1809,UFC 220,Abdul Razak Alhassan,Sabah Homasi,Abdul Razak Alhassan,1.52,2.8,Sabah Homasi,Abdul Razak Alhassan
1810,UFC 220,Dustin Ortiz,Alexandre Pantoja,Dustin Ortiz,2.45,1.74,Dustin Ortiz,Alexandre Pantoja
1811,UFC 220,Dan Ige,Julio Arce,Julio Arce,2.33,1.71,Dan Ige,Julio Arce
1812,UFC 220,Enrique Barzola,Matt Bessette,Enrique Barzola,1.48,3.01,Matt Bessette,Enrique Barzola
1813,UFC 220,Gleison Tibau,Islam Makhachev,Islam Makhachev,3.16,1.48,Gleison Tibau,Islam Makhachev
1814,UFC on Fox 27,Ronaldo Souza,Derek Brunson,Ronaldo Souza,2.2,2.25,Derek Brunson,Ronaldo Souza
1815,UFC on Fox 27,Andre Fili,Dennis Bermudez,Andre Fili,2.55,1.67,Andre Fili,Dennis Bermudez
1816,UFC on Fox 27,Gregor Gillespie,Jordan Rinaldi,Gregor Gillespie,1.36,5.5,Jordan Rinaldi,Gregor Gillespie
1817,UFC on Fox 27,Drew Dober,Frank Camacho,Drew Dober,1.67,2.5,Frank Camacho,Drew Dober
1818,UFC on Fox 27,Bobby Green,Erik Koch,Bobby Green,1.62,2.62,Erik Koch,Bobby Green
1819,UFC on Fox 27,Godofredo Pepey,Mirsad Bektic,Mirsad Bektic,5.65,1.21,Godofredo Pepey,Mirsad Bektic
1820,UFC on Fox 27,Mara Romero Borella,Katlyn Chookagian,Katlyn Chookagian,2.75,1.65,Mara Romero Borella,Katlyn Chookagian
1821,UFC on Fox 27,Randa Markos,Juliana Lima,Randa Markos,1.68,2.4,Juliana Lima,Randa Markos
1822,UFC on Fox 27,Ji Yeon Kim,Justine Kish,Ji Yeon Kim,3.4,1.65,Ji Yeon Kim,Justine Kish
1823,UFC on Fox 27,Vinc Pichel,Joaquim Silva,Vinc Pichel,2.18,1.91,Vinc Pichel,Joaquim Silva
1824,UFC on Fox 27,Niko Price,George Sullivan,Niko Price,1.39,4.14,George Sullivan,Niko Price
1825,UFC on Fox 27,Cory Sandhagen,Austin Arnett,Cory Sandhagen,2.2,2.87,Austin Arnett,Cory Sandhagen
1826,UFC Fight Night 125,Lyoto Machida,Eryk Anders,Lyoto Machida,3.25,1.44,Lyoto Machida,Eryk Anders
1827,UFC Fight Night 125,Valentina Shevchenko,Priscila Cachoeira,Valentina Shevchenko,1.12,8.95,Priscila Cachoeira,Valentina Shevchenko
1828,UFC Fight Night 125,Desmond Green,Michel Prazeres,Michel Prazeres,2.3,1.87,Desmond Green,Michel Prazeres
1829,UFC Fight Night 125,Timothy Johnson,Marcelo Golm,Timothy Johnson,2.55,1.62,Timothy Johnson,Marcelo Golm
1830,UFC Fight Night 125,Douglas Silva de Andrade,Marlon Vera,Douglas Silva de Andrade,2.75,1.71,Douglas Silva de Andrade,Marlon Vera
1831,UFC Fight Night 125,Thiago Santos,Anthony Smith,Thiago Santos,1.4,3.4,Anthony Smith,Thiago Santos
1832,UFC Fight Night 125,Sergio Moraes,Tim Means,Sergio Moraes,2.95,1.53,Sergio Moraes,Tim Means
1833,UFC Fight Night 125,Alan Patrick,Damir Hadzovic,Alan Patrick,1.46,3.15,Damir Hadzovic,Alan Patrick
1834,UFC Fight Night 125,Maia Stevenson,Polyana Viana,Polyana Viana,4.75,1.3,Maia Stevenson,Polyana Viana
1835,UFC Fight Night 125,Yuri Alcantara,Joe Soto,Yuri Alcantara,2,2,Yuri Alcantara,Joe Soto
1836,UFC Fight Night 125,Deiveson Figueiredo,Joseph Morales,Deiveson Figueiredo,2.2,2.2,Deiveson Figueiredo,Joseph Morales
1837,UFC 221,Yoel Romero,Luke Rockhold,Yoel Romero,2.67,2.5,Yoel Romero,Luke Rockhold
1838,UFC 221,Mark Hunt,Curtis Blaydes,Curtis Blaydes,2.69,1.65,Mark Hunt,Curtis Blaydes
1839,UFC 221,Cyril Asker,Tai Tuivasa,Tai Tuivasa,3.75,1.39,Cyril Asker,Tai Tuivasa
1840,UFC 221,Jake Matthews,Li Jingliang,Jake Matthews,2.55,1.71,Jake Matthews,Li Jingliang
1841,UFC 221,Tyson Pedro,Saparbek Safarov,Tyson Pedro,1.37,3.55,Saparbek Safarov,Tyson Pedro
1842,UFC 221,Damien Brown,Dong Hyun Ma,Dong Hyun Ma,2.25,1.77,Damien Brown,Dong Hyun Ma
1843,UFC 221,Rob Wilkinson,Israel Adesanya,Israel Adesanya,3.8,1.33,Rob Wilkinson,Israel Adesanya
1844,UFC 221,Jeremy Kennedy,Alex Volkanovski,Alex Volkanovski,2.9,1.74,Jeremy Kennedy,Alex Volkanovski
1845,UFC 221,Ben Nguyen,Jussier Formiga,Jussier Formiga,2,1.98,Ben Nguyen,Jussier Formiga
1846,UFC 221,Ross Pearson,Mizuto Hirota,Ross Pearson,1.69,2.6,Mizuto Hirota,Ross Pearson
1847,UFC 221,Teruto Ishihara,Jose Quinonez,Jose Quinonez,2.7,1.66,Teruto Ishihara,Jose Quinonez
1848,UFC 221,Luke Jumeau,Daichi Abe,Luke Jumeau,2.45,1.71,Luke Jumeau,Daichi Abe
1849,UFC Fight Night 126,Donald Cerrone,Yancy Medeiros,Donald Cerrone,2.09,2.25,Yancy Medeiros,Donald Cerrone
1850,UFC Fight Night 126,Derrick Lewis,Marcin Tybura,Derrick Lewis,2.2,2,Derrick Lewis,Marcin Tybura
1851,UFC Fight Night 126,James Vick,Francisco Trinaldo,James Vick,1.5,3,Francisco Trinaldo,James Vick
1852,UFC Fight Night 126,Curtis Millender,Thiago Alves,Curtis Millender,2.45,1.69,Curtis Millender,Thiago Alves
1853,UFC Fight Night 126,Brandon Davis,Steven Peterson,Brandon Davis,1.69,2.54,Steven Peterson,Brandon Davis
1854,UFC Fight Night 126,Sage Northcutt,Thibault Gouti,Sage Northcutt,1.35,4.25,Thibault Gouti,Sage Northcutt
1855,UFC Fight Night 126,Jared Gordon,Carlos Diego Ferreira,Carlos Diego Ferreira,1.59,3.2,Carlos Diego Ferreira,Jared Gordon
1856,UFC Fight Night 126,Brian Camozzi,Geoff Neal,Geoff Neal,,,,
1857,UFC Fight Night 126,Roberto Sanchez,Joby Sanchez,Roberto Sanchez,2.35,1.75,Roberto Sanchez,Joby Sanchez
1858,UFC Fight Night 126,Sarah Moras,Lucie Pudilova,Lucie Pudilova,2.4,1.74,Sarah Moras,Lucie Pudilova
1859,UFC Fight Night 126,Alex Morono,Josh Burkman,Alex Morono,1.36,4.15,Josh Burkman,Alex Morono
1860,UFC Fight Night 126,Tim Williams,Oskar Piechota,Oskar Piechota,3.95,1.35,Tim Williams,Oskar Piechota
1861,UFC on Fox 28,Jeremy Stephens,Josh Emmett,Jeremy Stephens,1.82,2.3,Josh Emmett,Jeremy Stephens
1862,UFC on Fox 28,Jessica Andrade,Tecia Torres,Jessica Andrade,1.44,3.4,Tecia Torres,Jessica Andrade
1863,UFC on Fox 28,Ovince St Preux,Ilir Latifi,Ilir Latifi,1.8,2.55,Ilir Latifi,Ovince St Preux
1864,UFC on Fox 28,Mike Perry,Max Griffin,Max Griffin,1.36,4.75,Max Griffin,Mike Perry
1865,UFC on Fox 28,Renan Barao,Brian Kelleher,Brian Kelleher,1.66,2.65,Brian Kelleher,Renan Barao
1866,UFC on Fox 28,Marion Reneau,Sara McMann,Marion Reneau,2.75,1.57,Marion Reneau,Sara McMann
1867,UFC on Fox 28,Angela Hill,Maryna Moroz,Angela Hill,1.77,2.35,Maryna Moroz,Angela Hill
1868,UFC on Fox 28,Alan Jouban,Ben Saunders,Alan Jouban,1.43,3.35,Ben Saunders,Alan Jouban
1869,UFC on Fox 28,Sam Alvey,Marcin Prachnio,Sam Alvey,3.15,1.47,Sam Alvey,Marcin Prachnio
1870,UFC on Fox 28,Rani Yahya,Russell Doane,Rani Yahya,1.5,3.15,Russell Doane,Rani Yahya
1871,UFC on Fox 28,Eric Shelton,Alex Perez,Alex Perez,2.1,2.25,Alex Perez,Eric Shelton
1872,UFC on Fox 28,Albert Morales,Manny Bermudez,Manny Bermudez,2.58,1.65,Albert Morales,Manny Bermudez
1873,UFC 222,Cristiane Justino,Yana Santos,Cristiane Justino,1.11,9.8,Yana Santos,Cristiane Justino
1874,UFC 222,Brian Ortega,Frankie Edgar,Brian Ortega,2.5,1.69,Brian Ortega,Frankie Edgar
1875,UFC 222,Sean O'Malley,Andre Soukhamthath,Sean O'Malley,2.08,2.37,Andre Soukhamthath,Sean O'Malley
1876,UFC 222,Andrei Arlovski,Stefan Struve,Andrei Arlovski,2.7,1.59,Andrei Arlovski,Stefan Struve
1877,UFC 222,Cat Zingano,Ketlen Vieira,Ketlen Vieira,2.8,1.83,Cat Zingano,Ketlen Vieira
1878,UFC 222,Ashley Yoder,Mackenzie Dern,Mackenzie Dern,5.05,1.25,Ashley Yoder,Mackenzie Dern
1879,UFC 222,Beneil Dariush,Alexander Hernandez,Alexander Hernandez,1.27,4.75,Alexander Hernandez,Beneil Dariush
1880,UFC 222,John Dodson,Pedro Munhoz,John Dodson,1.9,3.6,Pedro Munhoz,John Dodson
1881,UFC 222,C.B. Dollaway,Hector Lombard,C.B. Dollaway,2.22,1.95,C.B. Dollaway,Hector Lombard
1882,UFC 222,Mike Pyle,Zak Ottow,Zak Ottow,3.85,1.34,Mike Pyle,Zak Ottow
1883,UFC 222,Bryan Caraway,Cody Stamann,Cody Stamann,2.3,1.91,Bryan Caraway,Cody Stamann
1884,UFC 222,Jordan Johnson,Adam Milstead,Jordan Johnson,1.43,3.35,Adam Milstead,Jordan Johnson
1885,UFC Fight Night 127,Fabricio Werdum,Alexander Volkov,Alexander Volkov,1.56,2.9,Alexander Volkov,Fabricio Werdum
1886,UFC Fight Night 127,Jimi Manuwa,Jan Blachowicz,Jan Blachowicz,1.56,4.2,Jan Blachowicz,Jimi Manuwa
1887,UFC Fight Night 127,Terrion Ware,Tom Duquesnoy,Tom Duquesnoy,4.14,1.3,Terrion Ware,Tom Duquesnoy
1888,UFC Fight Night 127,Leon Edwards,Peter Sobotta,Leon Edwards,1.53,2.85,Peter Sobotta,Leon Edwards
1889,UFC Fight Night 127,Charles Byrd,John Phillips,Charles Byrd,2.05,1.93,Charles Byrd,John Phillips
1890,UFC Fight Night 127,Stevie Ray,Kajan Johnson,Kajan Johnson,1.57,2.64,Kajan Johnson,Stevie Ray
1891,UFC Fight Night 127,Danny Henry,Hakeem Dawodu,Danny Henry,3.6,1.4,Danny Henry,Hakeem Dawodu
1892,UFC Fight Night 127,Paul Craig,Magomed Ankalaev,Paul Craig,6,1.17,Paul Craig,Magomed Ankalaev
1893,UFC Fight Night 127,Danny Roberts,Oliver Enkamp,Danny Roberts,1.67,2.53,Oliver Enkamp,Danny Roberts
1894,UFC Fight Night 127,Dmitriy Sosnovskiy,Mark Godbeer,Dmitriy Sosnovskiy,1.41,3.35,Mark Godbeer,Dmitriy Sosnovskiy
1895,UFC 223,Al Iaquinta,Khabib Nurmagomedov,Khabib Nurmagomedov,6.8,1.17,Al Iaquinta,Khabib Nurmagomedov
1896,UFC 223,Rose Namajunas,Joanna Jedrzejczyk,Rose Namajunas,2.1,1.93,Rose Namajunas,Joanna Jedrzejczyk
1897,UFC 223,Renato Moicano,Calvin Kattar,Renato Moicano,2.05,2,Renato Moicano,Calvin Kattar
1898,UFC 223,Joe Lauzon,Chris Gruetzemacher,Chris Gruetzemacher,1.71,2.38,Chris Gruetzemacher,Joe Lauzon
1899,UFC 223,Zabit Magomedsharipov,Kyle Bochniak,Zabit Magomedsharipov,1.16,6.75,Kyle Bochniak,Zabit Magomedsharipov
1900,UFC 223,Karolina Kowalkiewicz,Felice Herrig,Karolina Kowalkiewicz,1.54,2.7,Felice Herrig,Karolina Kowalkiewicz
1901,UFC 223,Evan Dunham,Olivier Aubin-Mercier,Olivier Aubin-Mercier,1.77,2.25,Olivier Aubin-Mercier,Evan Dunham
1902,UFC 223,Bec Rawlings,Ashlee Evans-Smith,Ashlee Evans-Smith,2.95,1.53,Bec Rawlings,Ashlee Evans-Smith
1903,UFC 223,Devin Clark,Mike Rodriguez,Devin Clark,2.05,1.91,Devin Clark,Mike Rodriguez
1904,UFC on Fox 29,Justin Gaethje,Dustin Poirier,Dustin Poirier,2.1,1.87,Justin Gaethje,Dustin Poirier
1905,UFC on Fox 29,Carlos Condit,Alex Oliveira,Alex Oliveira,2.64,1.58,Carlos Condit,Alex Oliveira
1906,UFC on Fox 29,Israel Adesanya,Marvin Vettori,Israel Adesanya,1.45,3.15,Marvin Vettori,Israel Adesanya
1907,UFC on Fox 29,Michelle Waterson,Cortney Casey,Michelle Waterson,2.55,1.65,Michelle Waterson,Cortney Casey
1908,UFC on Fox 29,Antonio Carlos Junior,Tim Boetsch,Antonio Carlos Junior,1.45,3.3,Tim Boetsch,Antonio Carlos Junior
1909,UFC on Fox 29,Ricky Rainey,Muslim Salikhov,Muslim Salikhov,2.8,1.56,Ricky Rainey,Muslim Salikhov
1910,UFC on Fox 29,Wilson Reis,John Moraga,John Moraga,1.87,2.1,John Moraga,Wilson Reis
1911,UFC on Fox 29,Krzysztof Jotko,Brad Tavares,Brad Tavares,1.95,2.11,Brad Tavares,Krzysztof Jotko
1912,UFC on Fox 29,Gilbert Burns,Dan Moret,Gilbert Burns,1.18,6.05,Dan Moret,Gilbert Burns
1913,UFC on Fox 29,Shana Dobson,Lauren Mueller,Lauren Mueller,2.43,1.74,Shana Dobson,Lauren Mueller
1914,UFC on Fox 29,Dhiego Lima,Yushin Okami,Yushin Okami,2.13,1.91,Dhiego Lima,Yushin Okami
1915,UFC on Fox 29,Arjan Bhullar,Adam Wieczorek,Adam Wieczorek,1.32,4.15,Adam Wieczorek,Arjan Bhullar
1916,UFC on Fox 29,Alejandro Perez,Matthew Lopez,Alejandro Perez,2,1.95,Alejandro Perez,Matthew Lopez
1917,UFC on Fox 29,Luke Sanders,Patrick Williams,Luke Sanders,1.24,4.75,Patrick Williams,Luke Sanders
1918,UFC Fight Night 128,Edson Barboza,Kevin Lee,Kevin Lee,2.55,1.69,Edson Barboza,Kevin Lee
1919,UFC Fight Night 128,Frankie Edgar,Cub Swanson,Frankie Edgar,1.4,3.65,Cub Swanson,Frankie Edgar
1920,UFC Fight Night 128,Justin Willis,Chase Sherman,Justin Willis,1.4,3.8,Chase Sherman,Justin Willis
1921,UFC Fight Night 128,David Branch,Thiago Santos,David Branch,2.55,1.65,David Branch,Thiago Santos
1922,UFC Fight Night 128,Aljamain Sterling,Brett Johns,Aljamain Sterling,1.93,2,Brett Johns,Aljamain Sterling
1923,UFC Fight Night 128,Jim Miller,Daniel Hooker,Daniel Hooker,3.85,1.34,Jim Miller,Daniel Hooker
1924,UFC Fight Night 128,Ryan LaFlare,Alex Garcia,Ryan LaFlare,1.69,2.35,Alex Garcia,Ryan LaFlare
1925,UFC Fight Night 128,Merab Dvalishvili,Ricky Simon,Ricky Simon,2.3,1.81,Merab Dvalishvili,Ricky Simon
1926,UFC Fight Night 128,Siyar Bahadurzada,Luan Chagas,Siyar Bahadurzada,2.55,1.69,Siyar Bahadurzada,Luan Chagas
1927,UFC Fight Night 128,Corey Anderson,Patrick Cummins,Corey Anderson,1.73,2.4,Patrick Cummins,Corey Anderson
1928,UFC Fight Night 128,Tony Martin,Keita Nakamura,Tony Martin,1.52,3,Keita Nakamura,Tony Martin
1929,UFC 224,Amanda Nunes,Raquel Pennington,Amanda Nunes,1.13,7.65,Raquel Pennington,Amanda Nunes
1930,UFC 224,Ronaldo Souza,Kelvin Gastelum,Kelvin Gastelum,1.91,2.05,Kelvin Gastelum,Ronaldo Souza
1931,UFC 224,Mackenzie Dern,Amanda Cooper,Mackenzie Dern,1.44,3.3,Amanda Cooper,Mackenzie Dern
1932,UFC 224,Brian Kelleher,John Lineker,John Lineker,3.2,1.42,Brian Kelleher,John Lineker
1933,UFC 224,Vitor Belfort,Lyoto Machida,Lyoto Machida,3.1,1.48,Vitor Belfort,Lyoto Machida
1934,UFC 224,Karl Roberson,Cezar Ferreira,Cezar Ferreira,1.95,1.95,Karl Roberson,Cezar Ferreira
1935,UFC 224,Junior Albini,Aleksei Oleinik,Aleksei Oleinik,1.67,2.4,Aleksei Oleinik,Junior Albini
1936,UFC 224,Davi Ramos,Nick Hein,Davi Ramos,1.73,2.35,Nick Hein,Davi Ramos
1937,UFC 224,Sean Strickland,Elizeu Zaleski dos Santos,Elizeu Zaleski dos Santos,2,2.05,Elizeu Zaleski dos Santos,Sean Strickland
1938,UFC 224,Warlley Alves,Sultan Aliev,Warlley Alves,1.4,3.45,Sultan Aliev,Warlley Alves
1939,UFC 224,Thales Leites,Jack Hermansson,Jack Hermansson,2.3,1.74,Thales Leites,Jack Hermansson
1940,UFC 224,Alberto Mina,Ramazan Emeev,Ramazan Emeev,2.6,1.65,Alberto Mina,Ramazan Emeev
1941,UFC 224,Markus Perez,James Bochnovic,Markus Perez,1.34,3.65,James Bochnovic,Markus Perez
1942,UFC Fight Night 130,Stephen Thompson,Darren Till,Darren Till,1.7,2.35,Darren Till,Stephen Thompson
1943,UFC Fight Night 130,Craig White,Neil Magny,Neil Magny,6.59,1.17,Craig White,Neil Magny
1944,UFC Fight Night 130,Arnold Allen,Mads Burnell,Arnold Allen,1.42,3.2,Mads Burnell,Arnold Allen
1945,UFC Fight Night 130,Makwan Amirkhani,Jason Knight,Makwan Amirkhani,2.55,1.61,Makwan Amirkhani,Jason Knight
1946,UFC Fight Night 130,Claudio Silva,Nordine Taleb,Claudio Silva,4.75,1.29,Claudio Silva,Nordine Taleb
1947,UFC Fight Night 130,Eric Spicely,Darren Stewart,Darren Stewart,1.65,2.5,Darren Stewart,Eric Spicely
1948,UFC Fight Night 130,Daniel Kelly,Tom Breese,Tom Breese,4.25,1.29,Daniel Kelly,Tom Breese
1949,UFC Fight Night 130,Gina Mazany,Lina Lansberg,Lina Lansberg,1.73,2.45,Lina Lansberg,Gina Mazany
1950,UFC Fight Night 130,Carlo Pedersoli Jr.,Brad Scott,Carlo Pedersoli Jr.,1.74,2.38,Brad Scott,Carlo Pedersoli Jr.
1951,UFC Fight Night 130,Molly McCann,Gillian Robertson,Gillian Robertson,1.63,2.5,Gillian Robertson,Molly McCann
1952,UFC Fight Night 130,Elias Theodorou,Trevor Smith,Elias Theodorou,1.28,4.3,Trevor Smith,Elias Theodorou
1953,UFC Fight Night 131,Jimmie Rivera,Marlon Moraes,Marlon Moraes,1.9,2.08,Marlon Moraes,Jimmie Rivera
1954,UFC Fight Night 131,Gregor Gillespie,Vinc Pichel,Gregor Gillespie,1.27,5,Vinc Pichel,Gregor Gillespie
1955,UFC Fight Night 131,Walt Harris,Daniel Spitz,Walt Harris,1.51,3.1,Daniel Spitz,Walt Harris
1956,UFC Fight Night 131,Jake Ellenberger,Ben Saunders,Ben Saunders,1.66,2.5,Ben Saunders,Jake Ellenberger
1957,UFC Fight Night 131,Daniel Teymur,Julio Arce,Julio Arce,2.7,1.57,Daniel Teymur,Julio Arce
1958,UFC Fight Night 131,Sam Alvey,Gian Villante,Sam Alvey,1.71,2.35,Gian Villante,Sam Alvey
1959,UFC Fight Night 131,Sijara Eubanks,Lauren Murphy,Sijara Eubanks,1.53,2.9,Lauren Murphy,Sijara Eubanks
1960,UFC Fight Night 131,Nik Lentz,David Teymur,David Teymur,3.65,1.36,Nik Lentz,David Teymur
1961,UFC Fight Night 131,Belal Muhammad,Chance Rencountre,Belal Muhammad,1.25,4.75,Chance Rencountre,Belal Muhammad
1962,UFC Fight Night 131,Gleison Tibau,Desmond Green,Desmond Green,3.85,1.33,Gleison Tibau,Desmond Green
1963,UFC Fight Night 131,Johnny Eduardo,Nathaniel Wood,Nathaniel Wood,3.25,1.43,Johnny Eduardo,Nathaniel Wood
1964,UFC Fight Night 131,Jose Torres,Jarred Brooks,Jose Torres,1.74,2.3,Jarred Brooks,Jose Torres
1965,UFC 225,Yoel Romero,Robert Whittaker,Robert Whittaker,3.7,1.4,Yoel Romero,Robert Whittaker
1966,UFC 225,Colby Covington,Rafael dos Anjos,Colby Covington,1.87,2.33,Rafael dos Anjos,Colby Covington
1967,UFC 225,Holly Holm,Megan Anderson,Holly Holm,1.7,2.65,Megan Anderson,Holly Holm
1968,UFC 225,Andrei Arlovski,Tai Tuivasa,Tai Tuivasa,3.1,1.45,Andrei Arlovski,Tai Tuivasa
1969,UFC 225,Phil Brooks,Mike Jackson,Mike Jackson,2.75,1.56,Phil Brooks,Mike Jackson
1970,UFC 225,Alistair Overeem,Curtis Blaydes,Curtis Blaydes,2.75,1.57,Alistair Overeem,Curtis Blaydes
1971,UFC 225,Claudia Gadelha,Carla Esparza,Claudia Gadelha,1.38,5.25,Carla Esparza,Claudia Gadelha
1972,UFC 225,Ricardo Lamas,Mirsad Bektic,Mirsad Bektic,3.15,1.45,Ricardo Lamas,Mirsad Bektic
1973,UFC 225,Rashad Coulter,Chris de la Rocha,Chris de la Rocha,1.91,2.2,Chris de la Rocha,Rashad Coulter
1974,UFC 225,Rashad Evans,Anthony Smith,Anthony Smith,3.12,1.5,Rashad Evans,Anthony Smith
1975,UFC 225,Joseph Benavidez,Sergio Pettis,Sergio Pettis,1.59,2.9,Sergio Pettis,Joseph Benavidez
1976,UFC 225,Clay Guida,Charles Oliveira,Charles Oliveira,2.35,1.74,Clay Guida,Charles Oliveira
1977,UFC 225,Mike Santiago,Dan Ige,Dan Ige,2.1,1.93,Mike Santiago,Dan Ige
1978,UFC Fight Night 132,Donald Cerrone,Leon Edwards,Leon Edwards,3.25,1.49,Donald Cerrone,Leon Edwards
1979,UFC Fight Night 132,Tyson Pedro,Ovince St Preux,Ovince St Preux,1.74,2.26,Ovince St Preux,Tyson Pedro
1980,UFC Fight Night 132,Shinsho Anzai,Jake Matthews,Jake Matthews,5.72,1.18,Shinsho Anzai,Jake Matthews
1981,UFC Fight Night 132,Naoki Inoue,Matt Schnell,Matt Schnell,1.54,2.69,Matt Schnell,Naoki Inoue
1982,UFC Fight Night 132,Jessica-Rose Clark,Jessica Eye,Jessica Eye,1.62,2.5,Jessica Eye,Jessica-Rose Clark
1983,UFC Fight Night 132,Viviane Pereira,Yan Xiaonan,Yan Xiaonan,1.62,2.5,Yan Xiaonan,Viviane Pereira
1984,UFC Fight Night 132,Teruto Ishihara,Petr Yan,Petr Yan,6.15,1.17,Teruto Ishihara,Petr Yan
1985,UFC Fight Night 132,Li Jingliang,Daichi Abe,Li Jingliang,1.45,3.15,Daichi Abe,Li Jingliang
1986,UFC Fight Night 132,Jenel Lausa,Yuta Sasaki,Yuta Sasaki,3.3,1.43,Jenel Lausa,Yuta Sasaki
1987,UFC Fight Night 132,Felipe Arantes,Yadong Song,Yadong Song,2,1.91,Felipe Arantes,Yadong Song
1988,UFC Fight Night 132,Kenan Song,Hector Aldana,Kenan Song,1.36,3.6,Hector Aldana,Kenan Song
1989,UFC Fight Night 132,Rolando Dy,Shane Young,Shane Young,2.5,1.62,Rolando Dy,Shane Young
1990,UFC Fight Night 132,Ji Yeon Kim,Melinda Fabian,Ji Yeon Kim,1.6,2.75,Melinda Fabian,Ji Yeon Kim
1991,TUF 27 Finale,Brad Tavares,Israel Adesanya,Israel Adesanya,2.05,1.91,Brad Tavares,Israel Adesanya
1992,TUF 27 Finale,Mike Trizano,Joe Giannetti,Mike Trizano,2.55,1.65,Mike Trizano,Joe Giannetti
1993,TUF 27 Finale,Alessio Di Chirico,Julian Marquez,Alessio Di Chirico,2.4,1.75,Alessio Di Chirico,Julian Marquez
1994,TUF 27 Finale,Alex Caceres,Martin Bravo,Alex Caceres,1.8,2.23,Martin Bravo,Alex Caceres
1995,TUF 27 Finale,Luis Pena,Richie Smullen,Luis Pena,1.29,4.4,Richie Smullen,Luis Pena
1996,TUF 27 Finale,Barb Honchak,Roxanne Modafferi,Roxanne Modafferi,1.65,2.5,Roxanne Modafferi,Barb Honchak
1997,TUF 27 Finale,Montana De La Rosa,Rachael Ostovich,Montana De La Rosa,1.65,2.45,Rachael Ostovich,Montana De La Rosa
1998,TUF 27 Finale,Jay Cucciniello,Brad Katona,Brad Katona,3.3,1.44,Jay Cucciniello,Brad Katona
1999,TUF 27 Finale,John Gunther,Allan Zuniga,John Gunther,1.7,2.37,Allan Zuniga,John Gunther
2000,TUF 27 Finale,Tyler Diamond,Bryce Mitchell,Bryce Mitchell,1.91,2.29,Bryce Mitchell,Tyler Diamond
2001,TUF 27 Finale,Matt Bessette,Steven Peterson,Steven Peterson,1.79,2.3,Steven Peterson,Matt Bessette
2002,TUF 27 Finale,Oskar Piechota,Gerald Meerschaert,Gerald Meerschaert,1.49,3.01,Gerald Meerschaert,Oskar Piechota
2003,UFC 226,Daniel Cormier,Stipe Miocic,Daniel Cormier,2.77,1.54,Daniel Cormier,Stipe Miocic
2004,UFC 226,Francis Ngannou,Derrick Lewis,Derrick Lewis,1.4,3.8,Derrick Lewis,Francis Ngannou
2005,UFC 226,Mike Perry,Paul Felder,Mike Perry,2.5,1.7,Mike Perry,Paul Felder
2006,UFC 226,Michael Chiesa,Anthony Pettis,Anthony Pettis,1.62,2.6,Anthony Pettis,Michael Chiesa
2007,UFC 226,Gokhan Saki,Khalil Rountree,Khalil Rountree,1.74,2.3,Khalil Rountree,Gokhan Saki
2008,UFC 226,Paulo Costa,Urijah Hall,Paulo Costa,,,,
2009,UFC 226,Raphael Assuncao,Rob Font,Raphael Assuncao,1.78,2.38,Rob Font,Raphael Assuncao
2010,UFC 226,Lando Vannata,Drakkar Klose,Drakkar Klose,1.54,2.74,Drakkar Klose,Lando Vannata
2011,UFC 226,Max Griffin,Curtis Millender,Curtis Millender,2.55,1.61,Max Griffin,Curtis Millender
2012,UFC 226,Daniel Hooker,Gilbert Burns,Daniel Hooker,1.89,2.05,Gilbert Burns,Daniel Hooker
2013,UFC 226,Jamie Moyle,Emily Whitmire,Emily Whitmire,1.57,2.75,Emily Whitmire,Jamie Moyle
2014,UFC Fight Night 133,Junior dos Santos,Blagoy Ivanov,Junior dos Santos,1.57,2.9,Blagoy Ivanov,Junior dos Santos
2015,UFC Fight Night 133,Sage Northcutt,Zak Ottow,Sage Northcutt,1.83,2.35,Zak Ottow,Sage Northcutt
2016,UFC Fight Night 133,Chad Mendes,Myles Jury,Chad Mendes,1.87,2.85,Myles Jury,Chad Mendes
2017,UFC Fight Night 133,Darren Elkins,Alex Volkanovski,Alex Volkanovski,3.1,1.48,Darren Elkins,Alex Volkanovski
2018,UFC Fight Night 133,Marion Reneau,Cat Zingano,Cat Zingano,1.95,2,Cat Zingano,Marion Reneau
2019,UFC Fight Night 133,Eddie Wineland,Alejandro Perez,Alejandro Perez,2.65,1.58,Eddie Wineland,Alejandro Perez
2020,UFC Fight Night 133,Dennis Bermudez,Rick Glenn,Rick Glenn,1.58,2.65,Rick Glenn,Dennis Bermudez
2021,UFC Fight Night 133,Justin Scoggins,Said Nurmagomedov,Said Nurmagomedov,2.07,1.89,Justin Scoggins,Said Nurmagomedov
2022,UFC Fight Night 133,Randy Brown,Niko Price,Niko Price,1.8,2.15,Niko Price,Randy Brown
2023,UFC Fight Night 133,Kurt Holobaugh,Raoni Barcelos,Raoni Barcelos,1.63,2.5,Raoni Barcelos,Kurt Holobaugh
2024,UFC Fight Night 133,Liz Carmouche,Jennifer Maia,Liz Carmouche,1.89,2.1,Jennifer Maia,Liz Carmouche
2025,UFC Fight Night 133,Mark Delarosa,Elias Garcia,Mark Delarosa,2.2,1.77,Mark Delarosa,Elias Garcia
2026,UFC Fight Night 133,Jessica Aguilar,Jodie Esquibel,Jessica Aguilar,2.53,1.67,Jessica Aguilar,Jodie Esquibel
2027,UFC Fight Night 134,Mauricio Rua,Anthony Smith,Anthony Smith,2.6,1.71,Mauricio Rua,Anthony Smith
2028,UFC Fight Night 134,Corey Anderson,Glover Teixeira,Corey Anderson,2.38,1.85,Corey Anderson,Glover Teixeira
2029,UFC Fight Night 134,Vitor Miranda,Abu Azaitar,Abu Azaitar,2.85,1.53,Vitor Miranda,Abu Azaitar
2030,UFC Fight Night 134,Marcin Tybura,Stefan Struve,Marcin Tybura,1.5,2.9,Stefan Struve,Marcin Tybura
2031,UFC Fight Night 134,David Zawada,Danny Roberts,Danny Roberts,3.5,1.5,David Zawada,Danny Roberts
2032,UFC Fight Night 134,Nasrat Haqparast,Marc Diakiese,Nasrat Haqparast,2.5,1.64,Nasrat Haqparast,Marc Diakiese
2033,UFC Fight Night 134,Nick Hein,Damir Hadzovic,Damir Hadzovic,1.62,2.48,Damir Hadzovic,Nick Hein
2034,UFC Fight Night 134,Emil Meek,Bartosz Fabinski,Bartosz Fabinski,1.7,2.4,Bartosz Fabinski,Emil Meek
2035,UFC Fight Night 134,Nad Narimani,Khalid Taha,Nad Narimani,1.4,3.31,Khalid Taha,Nad Narimani
2036,UFC Fight Night 134,Justin Ledet,Aleksandar Rakic,Aleksandar Rakic,1.87,2.05,Aleksandar Rakic,Justin Ledet
2037,UFC Fight Night 134,Manny Bermudez,Davey Grant,Manny Bermudez,1.4,3.52,Davey Grant,Manny Bermudez
2038,UFC Fight Night 134,Jeremy Kimball,Darko Stosic,Darko Stosic,3.3,1.4,Jeremy Kimball,Darko Stosic
2039,UFC Fight Night 134,Damian Stasiak,Pingyuan Liu,Pingyuan Liu,1.95,2.03,Pingyuan Liu,Damian Stasiak
2040,UFC on Fox 30,Dustin Poirier,Eddie Alvarez,Dustin Poirier,1.62,2.67,Eddie Alvarez,Dustin Poirier
2041,UFC on Fox 30,Jose Aldo,Jeremy Stephens,Jose Aldo,2.1,1.91,Jose Aldo,Jeremy Stephens
2042,UFC on Fox 30,Joanna Jedrzejczyk,Tecia Torres,Joanna Jedrzejczyk,1.36,3.75,Tecia Torres,Joanna Jedrzejczyk
2043,UFC on Fox 30,Olivier Aubin-Mercier,Alexander Hernandez,Alexander Hernandez,1.91,2.1,Alexander Hernandez,Olivier Aubin-Mercier
2044,UFC on Fox 30,Jordan Mein,Alex Morono,Jordan Mein,1.73,2.33,Alex Morono,Jordan Mein
2045,UFC on Fox 30,Hakeem Dawodu,Austin Arnett,Hakeem Dawodu,1.29,4.8,Austin Arnett,Hakeem Dawodu
2046,UFC on Fox 30,Kajan Johnson,Islam Makhachev,Islam Makhachev,5.72,1.2,Kajan Johnson,Islam Makhachev
2047,UFC on Fox 30,Gadzhimurad Antigulov,Ion Cutelaba,Ion Cutelaba,2.15,1.91,Gadzhimurad Antigulov,Ion Cutelaba
2048,UFC on Fox 30,John Makdessi,Ross Pearson,John Makdessi,1.49,3.01,Ross Pearson,John Makdessi
2049,UFC on Fox 30,Alexis Davis,Katlyn Chookagian,Katlyn Chookagian,2.4,1.68,Alexis Davis,Katlyn Chookagian
2050,UFC on Fox 30,Dustin Ortiz,Matheus Nicolau,Dustin Ortiz,2.75,1.53,Dustin Ortiz,Matheus Nicolau
2051,UFC on Fox 30,Randa Markos,Nina Nunes,Nina Nunes,2.25,1.74,Randa Markos,Nina Nunes
2052,UFC on Fox 30,Alvaro Herrera,Devin Powell,Devin Powell,2,2,Alvaro Herrera,Devin Powell
2053,UFC 227,Cody Garbrandt,T.J. Dillashaw,T.J. Dillashaw,2.15,1.83,Cody Garbrandt,T.J. Dillashaw
2054,UFC 227,Demetrious Johnson,Henry Cejudo,Henry Cejudo,1.22,5,Henry Cejudo,Demetrious Johnson
2055,UFC 227,Cub Swanson,Renato Moicano,Renato Moicano,3.75,1.37,Cub Swanson,Renato Moicano
2056,UFC 227,J.J. Aldrich,Polyana Viana,J.J. Aldrich,2.5,1.67,J.J. Aldrich,Polyana Viana
2057,UFC 227,Thiago Santos,Kevin Holland,Thiago Santos,1.31,3.89,Kevin Holland,Thiago Santos
2058,UFC 227,Pedro Munhoz,Brett Johns,Pedro Munhoz,1.51,3,Brett Johns,Pedro Munhoz
2059,UFC 227,Montel Jackson,Ricky Simon,Ricky Simon,1.91,2.1,Ricky Simon,Montel Jackson
2060,UFC 227,Ricardo Ramos,Kyung Ho Kang,Ricardo Ramos,1.4,3.5,Kyung Ho Kang,Ricardo Ramos
2061,UFC 227,Sheymon da Silva Moraes,Matt Sayles,Sheymon da Silva Moraes,2.25,1.75,Sheymon da Silva Moraes,Matt Sayles
2062,UFC 227,Alex Perez,Jose Torres,Alex Perez,1.87,2.35,Jose Torres,Alex Perez
2063,UFC 227,Danielle Taylor,Weili Zhang,Weili Zhang,3.75,1.4,Danielle Taylor,Weili Zhang
2064,UFC 227,Marlon Vera,Wuliji Buren,Marlon Vera,1.22,5.25,Wuliji Buren,Marlon Vera
2065,UFC Fight Night 135,Justin Gaethje,James Vick,Justin Gaethje,2.2,1.79,Justin Gaethje,James Vick
2066,UFC Fight Night 135,Michael Johnson,Andre Fili,Michael Johnson,2.15,1.87,Michael Johnson,Andre Fili
2067,UFC Fight Night 135,Angela Hill,Cortney Casey,Cortney Casey,1.87,2.15,Cortney Casey,Angela Hill
2068,UFC Fight Night 135,Bryan Barberena,Jake Ellenberger,Bryan Barberena,1.27,4.7,Jake Ellenberger,Bryan Barberena
2069,UFC Fight Night 135,Deiveson Figueiredo,John Moraga,Deiveson Figueiredo,1.65,2.5,John Moraga,Deiveson Figueiredo
2070,UFC Fight Night 135,Eryk Anders,Tim Williams,Eryk Anders,1.11,9.5,Tim Williams,Eryk Anders
2071,UFC Fight Night 135,James Krause,Warlley Alves,James Krause,4,1.31,James Krause,Warlley Alves
2072,UFC Fight Night 135,Cory Sandhagen,Yuri Alcantara,Cory Sandhagen,1.49,2.9,Yuri Alcantara,Cory Sandhagen
2073,UFC Fight Night 135,Andrew Sanchez,Markus Perez,Andrew Sanchez,1.8,2.23,Markus Perez,Andrew Sanchez
2074,UFC Fight Night 135,George Sullivan,Mickey Gall,Mickey Gall,3.95,1.31,George Sullivan,Mickey Gall
2075,UFC Fight Night 135,Joanne Wood,Kalindra Faria,Joanne Wood,1.6,2.7,Kalindra Faria,Joanne Wood
2076,UFC Fight Night 135,Drew Dober,Jon Tuck,Drew Dober,1.5,3.1,Jon Tuck,Drew Dober
2077,UFC Fight Night 135,Rani Yahya,Luke Sanders,Rani Yahya,2,2,Rani Yahya,Luke Sanders
2078,UFC 228,Tyron Woodley,Darren Till,Tyron Woodley,2.1,1.95,Tyron Woodley,Darren Till
2079,UFC 228,Jessica Andrade,Karolina Kowalkiewicz,Jessica Andrade,1.24,5,Karolina Kowalkiewicz,Jessica Andrade
2080,UFC 228,Brandon Davis,Zabit Magomedsharipov,Zabit Magomedsharipov,10.75,1.09,Brandon Davis,Zabit Magomedsharipov
2081,UFC 228,John Dodson,Jimmie Rivera,Jimmie Rivera,2.33,1.7,John Dodson,Jimmie Rivera
2082,UFC 228,Abdul Razak Alhassan,Niko Price,Abdul Razak Alhassan,1.94,2,Niko Price,Abdul Razak Alhassan
2083,UFC 228,Tatiana Suarez,Carla Esparza,Tatiana Suarez,1.25,4.5,Carla Esparza,Tatiana Suarez
2084,UFC 228,Cody Stamann,Aljamain Sterling,Aljamain Sterling,2.55,1.62,Cody Stamann,Aljamain Sterling
2085,UFC 228,Geoff Neal,Frank Camacho,Geoff Neal,1.54,2.9,Frank Camacho,Geoff Neal
2086,UFC 228,Charles Byrd,Darren Stewart,Darren Stewart,1.61,2.58,Darren Stewart,Charles Byrd
2087,UFC 228,Diego Sanchez,Craig White,Diego Sanchez,2.9,1.49,Diego Sanchez,Craig White
2088,UFC 228,Jim Miller,Alex White,Jim Miller,2.5,1.62,Jim Miller,Alex White
2089,UFC 228,Irene Aldana,Lucie Pudilova,Irene Aldana,1.91,2,Lucie Pudilova,Irene Aldana
2090,UFC 228,Jarred Brooks,Roberto Sanchez,Jarred Brooks,1.53,3.5,Roberto Sanchez,Jarred Brooks
2091,UFC FIght Night Moscow,Aleksei Oleinik,Mark Hunt,Aleksei Oleinik,2.1,1.99,Aleksei Oleinik,Mark Hunt
2092,UFC FIght Night Moscow,Jan Blachowicz,Nikita Krylov,Jan Blachowicz,2.4,1.71,Jan Blachowicz,Nikita Krylov
2093,UFC FIght Night Moscow,Andrei Arlovski,Shamil Abdurakhimov,Shamil Abdurakhimov,2.15,1.83,Andrei Arlovski,Shamil Abdurakhimov
2094,UFC FIght Night Moscow,Thiago Alves,Alexey Kunchenko,Alexey Kunchenko,5,1.24,Thiago Alves,Alexey Kunchenko
2095,UFC FIght Night Moscow,Khalid Murtazaliev,C.B. Dollaway,Khalid Murtazaliev,1.62,2.5,C.B. Dollaway,Khalid Murtazaliev
2096,UFC FIght Night Moscow,Petr Yan,Jin Soo Son,Petr Yan,1.11,9.39,Jin Soo Son,Petr Yan
2097,UFC FIght Night Moscow,Rustam Khabilov,Kajan Johnson,Rustam Khabilov,1.14,7.05,Kajan Johnson,Rustam Khabilov
2098,UFC FIght Night Moscow,Mairbek Taisumov,Desmond Green,Mairbek Taisumov,1.2,5.72,Desmond Green,Mairbek Taisumov
2099,UFC FIght Night Moscow,Marcin Prachnio,Magomed Ankalaev,Magomed Ankalaev,5.49,1.22,Marcin Prachnio,Magomed Ankalaev
2100,UFC FIght Night Moscow,Jordan Johnson,Adam Yandiev,Jordan Johnson,1.4,3.46,Adam Yandiev,Jordan Johnson
2101,UFC FIght Night Moscow,Ramazan Emeev,Stefan Sekulic,Ramazan Emeev,1.17,6.5,Stefan Sekulic,Ramazan Emeev
2102,UFC FIght Night Moscow,Merab Dvalishvili,Terrion Ware,Merab Dvalishvili,1.2,5.44,Terrion Ware,Merab Dvalishvili
2103,UFC Fight Night Sao Paulo,Thiago Santos,Eryk Anders,Thiago Santos,1.54,2.75,Eryk Anders,Thiago Santos
2104,UFC Fight Night Sao Paulo,Carlo Pedersoli Jr.,Alex Oliveira,Alex Oliveira,5,1.22,Carlo Pedersoli Jr.,Alex Oliveira
2105,UFC Fight Night Sao Paulo,Sam Alvey,Rogerio Nogueira,Rogerio Nogueira,1.3,4.08,Rogerio Nogueira,Sam Alvey
2106,UFC Fight Night Sao Paulo,Renan Barao,Andre Ewell,Andre Ewell,1.62,2.7,Andre Ewell,Renan Barao
2107,UFC Fight Night Sao Paulo,Charles Oliveira,Christos Giagos,Charles Oliveira,1.25,4.75,Christos Giagos,Charles Oliveira
2108,UFC Fight Night Sao Paulo,Francisco Trinaldo,Evan Dunham,Francisco Trinaldo,1.62,2.55,Evan Dunham,Francisco Trinaldo
2109,UFC Fight Night Sao Paulo,Ryan Spann,Luis Henrique,Ryan Spann,1.83,2.2,Luis Henrique,Ryan Spann
2110,UFC Fight Night Sao Paulo,Augusto Sakai,Chase Sherman,Augusto Sakai,1.53,3.1,Chase Sherman,Augusto Sakai
2111,UFC Fight Night Sao Paulo,Sergio Moraes,Ben Saunders,Sergio Moraes,1.39,3.4,Ben Saunders,Sergio Moraes
2112,UFC Fight Night Sao Paulo,Gillian Robertson,Mayra Bueno Silva,Mayra Bueno Silva,1.74,2.25,Mayra Bueno Silva,Gillian Robertson
2113,UFC Fight Night Sao Paulo,Thales Leites,Hector Lombard,Thales Leites,1.71,2.45,Hector Lombard,Thales Leites
2114,UFC Fight Night Sao Paulo,Elizeu Zaleski dos Santos,Luigi Vendramini,Elizeu Zaleski dos Santos,,,,
2115,UFC Fight Night Sao Paulo,Livia Renata Souza,Alex Chambers,Livia Renata Souza,1.09,11.75,Alex Chambers,Livia Renata Souza
2116,UFC 229,Khabib Nurmagomedov,Conor McGregor,Khabib Nurmagomedov,1.61,2.7,Conor McGregor,Khabib Nurmagomedov
2117,UFC 229,Sergio Pettis,Jussier Formiga,Jussier Formiga,1.54,2.7,Jussier Formiga,Sergio Pettis
2118,UFC 229,Alexander Volkov,Derrick Lewis,Derrick Lewis,1.65,2.47,Derrick Lewis,Alexander Volkov
2119,UFC 229,Ovince St Preux,Dominick Reyes,Dominick Reyes,3,1.57,Ovince St Preux,Dominick Reyes
2120,UFC 229,Tony Ferguson,Anthony Pettis,Tony Ferguson,1.31,4.4,Anthony Pettis,Tony Ferguson
2121,UFC 229,Vicente Luque,Jalin Turner,Vicente Luque,1.16,7,Jalin Turner,Vicente Luque
2122,UFC 229,Felice Herrig,Michelle Waterson,Michelle Waterson,1.8,2.2,Michelle Waterson,Felice Herrig
2123,UFC 229,Yana Santos,Lina Lansberg,Yana Santos,1.44,3.35,Lina Lansberg,Yana Santos
2124,UFC 229,Scott Holtzman,Alan Patrick,Scott Holtzman,3.75,1.36,Scott Holtzman,Alan Patrick
2125,UFC 229,Gray Maynard,Nik Lentz,Nik Lentz,3.15,1.45,Gray Maynard,Nik Lentz
2126,UFC 229,Ryan LaFlare,Tony Martin,Tony Martin,1.83,2.15,Tony Martin,Ryan LaFlare
2127,UFC 229,Aspen Ladd,Tonya Evinger,Aspen Ladd,1.57,2.64,Tonya Evinger,Aspen Ladd
2128,UFC Fight Night 138,Volkan Oezdemir,Anthony Smith,Anthony Smith,1.68,2.5,Anthony Smith,Volkan Oezdemir
2129,UFC Fight Night 138,Michael Johnson,Artem Lobov,Michael Johnson,1.18,5.86,Artem Lobov,Michael Johnson
2130,UFC Fight Night 138,Misha Cirkunov,Patrick Cummins,Misha Cirkunov,1.31,4,Patrick Cummins,Misha Cirkunov
2131,UFC Fight Night 138,Andre Soukhamthath,Jonathan Martinez,Andre Soukhamthath,1.74,2.5,Jonathan Martinez,Andre Soukhamthath
2132,UFC Fight Night 138,Gian Villante,Ed Herman,Gian Villante,1.49,3.05,Ed Herman,Gian Villante
2133,UFC Fight Night 138,Alex Garcia,Court McGee,Court McGee,1.5,3.05,Court McGee,Alex Garcia
2134,UFC Fight Night 138,Nordine Taleb,Sean Strickland,Sean Strickland,1.91,2.2,Sean Strickland,Nordine Taleb
2135,UFC Fight Night 138,Nasrat Haqparast,Thibault Gouti,Nasrat Haqparast,1.14,7,Thibault Gouti,Nasrat Haqparast
2136,UFC Fight Night 138,Calvin Kattar,Chris Fishgold,Calvin Kattar,1.51,4.2,Chris Fishgold,Calvin Kattar
2137,UFC Fight Night 138,Sarah Moras,Talita Bernardo,Talita Bernardo,1.61,2.59,Talita Bernardo,Sarah Moras
2138,UFC Fight Night 138,Te Edwards,Don Madge,Don Madge,1.23,5,Don Madge,Te Edwards
2139,UFC Fight Night 138,Arjan Bhullar,Marcelo Golm,Arjan Bhullar,1.67,2.5,Marcelo Golm,Arjan Bhullar
2140,UFC Fight Night 138,Stevie Ray,Jessin Ayari,Stevie Ray,1.64,2.5,Jessin Ayari,Stevie Ray
2141,UFC 230,Daniel Cormier,Derrick Lewis,Daniel Cormier,1.29,4.7,Derrick Lewis,Daniel Cormier
2142,UFC 230,Chris Weidman,Ronaldo Souza,Ronaldo Souza,1.64,2.5,Ronaldo Souza,Chris Weidman
2143,UFC 230,Jared Cannonier,David Branch,Jared Cannonier,4,1.33,Jared Cannonier,David Branch
2144,UFC 230,Jack Marshman,Karl Roberson,Karl Roberson,3.95,1.32,Jack Marshman,Karl Roberson
2145,UFC 230,Derek Brunson,Israel Adesanya,Israel Adesanya,3.25,1.42,Derek Brunson,Israel Adesanya
2146,UFC 230,Jason Knight,Jordan Rinaldi,Jordan Rinaldi,1.36,3.75,Jordan Rinaldi,Jason Knight
2147,UFC 230,Sijara Eubanks,Roxanne Modafferi,Sijara Eubanks,1.2,5.8,Roxanne Modafferi,Sijara Eubanks
2148,UFC 230,Julio Arce,Sheymon da Silva Moraes,Sheymon da Silva Moraes,1.42,3.33,Sheymon da Silva Moraes,Julio Arce
2149,UFC 230,Lyman Good,Ben Saunders,Lyman Good,1.17,6,Ben Saunders,Lyman Good
2150,UFC 230,Kurt Holobaugh,Shane Burgos,Shane Burgos,4.5,1.33,Kurt Holobaugh,Shane Burgos
2151,UFC 230,Adam Wieczorek,Marcos Rogerio de Lima,Marcos Rogerio de Lima,1.6,2.9,Marcos Rogerio de Lima,Adam Wieczorek
2152,UFC Fight Night Denver,Yair Rodriguez,Chan Sung Jung,Yair Rodriguez,1.83,2.22,Chan Sung Jung,Yair Rodriguez
2153,UFC Fight Night Denver,Donald Cerrone,Mike Perry,Donald Cerrone,2.75,1.54,Donald Cerrone,Mike Perry
2154,UFC Fight Night Denver,Raquel Pennington,Germaine de Randamie,Germaine de Randamie,3,1.5,Raquel Pennington,Germaine de Randamie
2155,UFC Fight Night Denver,Beneil Dariush,Thiago Moises,Beneil Dariush,1.67,2.4,Thiago Moises,Beneil Dariush
2156,UFC Fight Night Denver,Hannah Cifers,Maycee Barber,Maycee Barber,4.9,1.25,Hannah Cifers,Maycee Barber
2157,UFC Fight Night Denver,Mike Trizano,Luis Pena,Mike Trizano,2.5,1.69,Mike Trizano,Luis Pena
2158,UFC Fight Night Denver,Amanda Cooper,Ashley Yoder,Ashley Yoder,2.3,1.73,Amanda Cooper,Ashley Yoder
2159,UFC Fight Night Denver,Chas Skelly,Bobby Moffett,Bobby Moffett,2.05,1.91,Chas Skelly,Bobby Moffett
2160,UFC Fight Night Denver,Davi Ramos,John Gunther,Davi Ramos,1.12,8.05,John Gunther,Davi Ramos
2161,UFC Fight Night Denver,Devonte Smith,Julian Erosa,Devonte Smith,1.45,3.1,Julian Erosa,Devonte Smith
2162,UFC Fight Night Denver,Eric Shelton,Joseph Morales,Eric Shelton,1.71,2.3,Joseph Morales,Eric Shelton
2163,UFC Fight Night Denver,Joby Sanchez,Mark Delarosa,Mark Delarosa,3.4,1.4,Joby Sanchez,Mark Delarosa
2164,UFC Fight Night 140,Santiago Ponzinibbio,Neil Magny,Santiago Ponzinibbio,1.49,2.9,Neil Magny,Santiago Ponzinibbio
2165,UFC Fight Night 140,Darren Elkins,Ricardo Lamas,Ricardo Lamas,2.6,1.67,Darren Elkins,Ricardo Lamas
2166,UFC Fight Night 140,Khalil Rountree,Johnny Walker,Johnny Walker,1.67,2.6,Johnny Walker,Khalil Rountree
2167,UFC Fight Night 140,Ian Heinisch,Cezar Ferreira,Ian Heinisch,2.65,1.58,Ian Heinisch,Cezar Ferreira
2168,UFC Fight Night 140,Marlon Vera,Guido Cannetti,Marlon Vera,1.33,3.7,Guido Cannetti,Marlon Vera
2169,UFC Fight Night 140,Cynthia Calvillo,Poliana Botelho,Cynthia Calvillo,2.65,1.6,Cynthia Calvillo,Poliana Botelho
2170,UFC Fight Night 140,Michel Prazeres,Bartosz Fabinski,Michel Prazeres,1.7,2.39,Bartosz Fabinski,Michel Prazeres
2171,UFC Fight Night 140,Alexandre Pantoja,Yuta Sasaki,Alexandre Pantoja,1.34,3.75,Yuta Sasaki,Alexandre Pantoja
2172,UFC Fight Night 140,Austin Arnett,Humberto Bandenay,Austin Arnett,3.25,1.45,Austin Arnett,Humberto Bandenay
2173,UFC Fight Night 140,Hector Aldana,Laureano Staropoli,Laureano Staropoli,1.9,2.11,Laureano Staropoli,Hector Aldana
2174,UFC Fight Night 140,Devin Powell,Jesus Pinedo,Jesus Pinedo,3.1,1.53,Devin Powell,Jesus Pinedo
2175,UFC Fight Night 140,Anderson dos Santos,Nad Narimani,Nad Narimani,4.48,1.29,Anderson dos Santos,Nad Narimani
2176,UFC Fight Night 141,Francis Ngannou,Curtis Blaydes,Francis Ngannou,3.03,1.45,Francis Ngannou,Curtis Blaydes
2177,UFC Fight Night 141,Alistair Overeem,Sergey Pavlovich,Alistair Overeem,2.2,1.83,Alistair Overeem,Sergey Pavlovich
2178,UFC Fight Night 141,Vincent Morales,Yadong Song,Yadong Song,5.35,1.2,Vincent Morales,Yadong Song
2179,UFC Fight Night 141,David Zawada,Li Jingliang,Li Jingliang,2.9,1.53,David Zawada,Li Jingliang
2180,UFC Fight Night 141,Alex Morono,Kenan Song,Alex Morono,2.23,1.91,Alex Morono,Kenan Song
2181,UFC Fight Night 141,Lauren Mueller,Yanan Wu,Yanan Wu,1.3,4.5,Yanan Wu,Lauren Mueller
2182,UFC Fight Night 141,Rashad Coulter,Hu Yaozong,Rashad Coulter,2.15,1.91,Rashad Coulter,Hu Yaozong
2183,UFC Fight Night 141,Jessica Aguilar,Weili Zhang,Weili Zhang,5.75,1.2,Jessica Aguilar,Weili Zhang
2184,UFC Fight Night 141,Martin Day,Pingyuan Liu,Pingyuan Liu,2.9,1.6,Martin Day,Pingyuan Liu
2185,UFC Fight Night 141,Syuri Kondo,Yan Xiaonan,Yan Xiaonan,4.7,1.3,Syuri Kondo,Yan Xiaonan
2186,UFC Fight Night 141,John Phillips,Kevin Holland,Kevin Holland,5.75,1.2,John Phillips,Kevin Holland
2187,UFC Fight Night 141,Louis Smolka,Su Mudaerji,Louis Smolka,1.62,2.62,Su Mudaerji,Louis Smolka
2188,TUF Finale,Kamaru Usman,Rafael dos Anjos,Kamaru Usman,1.41,3.25,Rafael dos Anjos,Kamaru Usman
2189,TUF Finale,Justin Frazier,Juan Espino,Juan Espino,2.41,1.67,Justin Frazier,Juan Espino
2190,TUF Finale,Macy Chiasson,Pannie Kianzad,Macy Chiasson,2.14,1.81,Macy Chiasson,Pannie Kianzad
2191,TUF Finale,Bryan Caraway,Pedro Munhoz,Pedro Munhoz,3.05,1.47,Bryan Caraway,Pedro Munhoz
2192,TUF Finale,Darren Stewart,Edmen Shahbazyan,Edmen Shahbazyan,2.05,1.87,Darren Stewart,Edmen Shahbazyan
2193,TUF Finale,Ji Yeon Kim,Antonina Shevchenko,Antonina Shevchenko,3.65,1.34,Ji Yeon Kim,Antonina Shevchenko
2194,TUF Finale,Rick Glenn,Kevin Aguilar,Kevin Aguilar,2,1.94,Rick Glenn,Kevin Aguilar
2195,TUF Finale,Joseph Benavidez,Alex Perez,Joseph Benavidez,2.15,1.85,Joseph Benavidez,Alex Perez
2196,TUF Finale,Maurice Greene,Michel Batista,Maurice Greene,1.53,2.77,Michel Batista,Maurice Greene
2197,TUF Finale,Julija Stoliarenko,Leah Letson,Leah Letson,,,,
2198,TUF Finale,Darrell Horcher,Roosevelt Roberts,Roosevelt Roberts,3.75,1.33,Darrell Horcher,Roosevelt Roberts
2199,TUF Finale,Tim Means,Ricky Rainey,Tim Means,1.28,4.2,Ricky Rainey,Tim Means
2200,TUF Finale,Raoni Barcelos,Chris Gutierrez,Raoni Barcelos,1.22,5,Chris Gutierrez,Raoni Barcelos
2201,UFC Fight Night 142,Junior dos Santos,Tai Tuivasa,Junior dos Santos,1.69,2.4,Tai Tuivasa,Junior dos Santos
2202,UFC Fight Night 142,Mauricio Rua,Tyson Pedro,Mauricio Rua,5.31,1.21,Mauricio Rua,Tyson Pedro
2203,UFC Fight Night 142,Mark Hunt,Justin Willis,Justin Willis,2.2,1.98,Mark Hunt,Justin Willis
2204,UFC Fight Night 142,Jake Matthews,Tony Martin,Tony Martin,1.87,2.3,Tony Martin,Jake Matthews
2205,UFC Fight Night 142,Sodiq Yusuff,Suman Mokhtarian,Sodiq Yusuff,1.18,5.8,Suman Mokhtarian,Sodiq Yusuff
2206,UFC Fight Night 142,Jim Crute,Paul Craig,Jim Crute,1.38,3.55,Paul Craig,Jim Crute
2207,UFC Fight Night 142,Alexey Kunchenko,Yushin Okami,Alexey Kunchenko,1.36,3.77,Yushin Okami,Alexey Kunchenko
2208,UFC Fight Night 142,Wilson Reis,Ben Nguyen,Wilson Reis,2.3,1.77,Wilson Reis,Ben Nguyen
2209,UFC Fight Night 142,Keita Nakamura,Salim Touahri,Keita Nakamura,1.68,2.6,Salim Touahri,Keita Nakamura
2210,UFC Fight Night 142,Elias Garcia,Kai Kara-France,Kai Kara-France,4.3,1.3,Elias Garcia,Kai Kara-France
2211,UFC Fight Night 142,Christos Giagos,Mizuto Hirota,Christos Giagos,1.31,4.19,Mizuto Hirota,Christos Giagos
2212,UFC Fight Night 142,Damir Ismagulov,Alex Gorgees,Damir Ismagulov,1.2,5.5,Alex Gorgees,Damir Ismagulov
2213,UFC 231,Max Holloway,Brian Ortega,Max Holloway,2,2.02,Brian Ortega,Max Holloway
2214,UFC 231,Valentina Shevchenko,Joanna Jedrzejczyk,Valentina Shevchenko,1.34,3.65,Joanna Jedrzejczyk,Valentina Shevchenko
2215,UFC 231,Gunnar Nelson,Alex Oliveira,Gunnar Nelson,1.71,2.36,Alex Oliveira,Gunnar Nelson
2216,UFC 231,Hakeem Dawodu,Kyle Bochniak,Hakeem Dawodu,1.57,2.76,Kyle Bochniak,Hakeem Dawodu
2217,UFC 231,Thiago Santos,Jimi Manuwa,Thiago Santos,1.54,2.75,Jimi Manuwa,Thiago Santos
2218,UFC 231,Claudia Gadelha,Nina Nunes,Nina Nunes,1.36,3.7,Nina Nunes,Claudia Gadelha
2219,UFC 231,Olivier Aubin-Mercier,Gilbert Burns,Gilbert Burns,1.83,2.3,Gilbert Burns,Olivier Aubin-Mercier
2220,UFC 231,Katlyn Chookagian,Jessica Eye,Jessica Eye,1.47,3.1,Jessica Eye,Katlyn Chookagian
2221,UFC 231,Elias Theodorou,Eryk Anders,Elias Theodorou,1.85,2.3,Eryk Anders,Elias Theodorou
2222,UFC 231,Brad Katona,Matthew Lopez,Brad Katona,1.66,2.6,Matthew Lopez,Brad Katona
2223,UFC 231,Chad Laprise,Dhiego Lima,Dhiego Lima,1.27,4.3,Dhiego Lima,Chad Laprise
2224,UFC 231,Carlos Diego Ferreira,Kyle Nelson,Carlos Diego Ferreira,1.2,5.5,Kyle Nelson,Carlos Diego Ferreira
2225,UFC 231,Aleksandar Rakic,Devin Clark,Aleksandar Rakic,1.2,5.55,Devin Clark,Aleksandar Rakic
2226,UFC Fight Night Milwaukee,Kevin Lee,Al Iaquinta,Al Iaquinta,1.33,4,Al Iaquinta,Kevin Lee
2227,UFC Fight Night Milwaukee,Edson Barboza,Daniel Hooker,Edson Barboza,2.1,1.87,Edson Barboza,Daniel Hooker
2228,UFC Fight Night Milwaukee,Sergio Pettis,Rob Font,Rob Font,2.48,1.65,Sergio Pettis,Rob Font
2229,UFC Fight Night Milwaukee,Jim Miller,Charles Oliveira,Charles Oliveira,3.65,1.34,Jim Miller,Charles Oliveira
2230,UFC Fight Night Milwaukee,Zak Ottow,Dwight Grant,Zak Ottow,3.5,1.38,Zak Ottow,Dwight Grant
2231,UFC Fight Night Milwaukee,Bobby Green,Drakkar Klose,Drakkar Klose,3.15,1.44,Bobby Green,Drakkar Klose
2232,UFC Fight Night Milwaukee,Joaquim Silva,Jared Gordon,Joaquim Silva,2.05,1.89,Joaquim Silva,Jared Gordon
2233,UFC Fight Night Milwaukee,Jack Hermansson,Gerald Meerschaert,Jack Hermansson,1.69,2.38,Gerald Meerschaert,Jack Hermansson
2234,UFC Fight Night Milwaukee,Trevor Smith,Zak Cummings,Zak Cummings,3.85,1.33,Trevor Smith,Zak Cummings
2235,UFC Fight Night Milwaukee,Dan Ige,Jordan Griffin,Dan Ige,1.62,2.5,Jordan Griffin,Dan Ige
2236,UFC Fight Night Milwaukee,Adam Milstead,Mike Rodriguez,Mike Rodriguez,1.83,2.2,Mike Rodriguez,Adam Milstead
2237,UFC Fight Night Milwaukee,Juan Adams,Chris de la Rocha,Juan Adams,1.22,5.15,Chris de la Rocha,Juan Adams
2238,UFC 232,Jon Jones,Alexander Gustafsson,Jon Jones,1.38,3.65,Alexander Gustafsson,Jon Jones
2239,UFC 232,Cristiane Justino,Amanda Nunes,Amanda Nunes,1.57,2.8,Amanda Nunes,Cristiane Justino
2240,UFC 232,Carlos Condit,Michael Chiesa,Michael Chiesa,2.1,1.87,Carlos Condit,Michael Chiesa
2241,UFC 232,Corey Anderson,Ilir Latifi,Corey Anderson,2.15,1.83,Corey Anderson,Ilir Latifi
2242,UFC 232,Chad Mendes,Alex Volkanovski,Alex Volkanovski,1.83,2.3,Alex Volkanovski,Chad Mendes
2243,UFC 232,Andrei Arlovski,Walt Harris,Walt Harris,2.87,1.5,Andrei Arlovski,Walt Harris
2244,UFC 232,Cat Zingano,Megan Anderson,Megan Anderson,1.83,2.18,Megan Anderson,Cat Zingano
2245,UFC 232,Douglas Silva de Andrade,Petr Yan,Petr Yan,3.99,1.3,Douglas Silva de Andrade,Petr Yan
2246,UFC 232,B.J. Penn,Ryan Hall,Ryan Hall,4.8,1.23,B.J. Penn,Ryan Hall
2247,UFC 232,Nathaniel Wood,Andre Ewell,Nathaniel Wood,1.85,2.11,Andre Ewell,Nathaniel Wood
2248,UFC 232,Urijah Hall,Bevon Lewis,Urijah Hall,,,,
2249,UFC 232,Curtis Millender,Siyar Bahadurzada,Curtis Millender,1.69,2.37,Siyar Bahadurzada,Curtis Millender
2250,UFC 232,Brian Kelleher,Montel Jackson,Montel Jackson,2.67,1.61,Brian Kelleher,Montel Jackson
2251,UFC on ESPN+ 1,Henry Cejudo,T.J. Dillashaw,Henry Cejudo,3,1.48,Henry Cejudo,T.J. Dillashaw
2252,UFC on ESPN+ 1,Greg Hardy,Allen Crowder,Allen Crowder,1.22,5,Allen Crowder,Greg Hardy
2253,UFC on ESPN+ 1,Gregor Gillespie,Yancy Medeiros,Gregor Gillespie,1.22,5,Yancy Medeiros,Gregor Gillespie
2254,UFC on ESPN+ 1,Joseph Benavidez,Dustin Ortiz,Joseph Benavidez,1.45,3.05,Dustin Ortiz,Joseph Benavidez
2255,UFC on ESPN+ 1,Paige VanZant,Rachael Ostovich,Paige VanZant,1.62,2.55,Rachael Ostovich,Paige VanZant
2256,UFC on ESPN+ 1,Glover Teixeira,Karl Roberson,Glover Teixeira,1.98,1.95,Glover Teixeira,Karl Roberson
2257,UFC on ESPN+ 1,Alexander Hernandez,Donald Cerrone,Donald Cerrone,1.57,2.9,Donald Cerrone,Alexander Hernandez
2258,UFC on ESPN+ 1,Ariane Lipski,Joanne Wood,Joanne Wood,1.53,3.04,Joanne Wood,Ariane Lipski
2259,UFC on ESPN+ 1,Alonzo Menifield,Vinicius Moreira,Alonzo Menifield,1.4,3.75,Vinicius Moreira,Alonzo Menifield
2260,UFC on ESPN+ 1,Cory Sandhagen,Mario Bautista,Cory Sandhagen,1.2,5.75,Mario Bautista,Cory Sandhagen
2261,UFC on ESPN+ 1,Dennis Bermudez,Te Edwards,Dennis Bermudez,2.15,1.89,Dennis Bermudez,Te Edwards
2262,UFC on ESPN+ 1,Belal Muhammad,Geoff Neal,Geoff Neal,2.8,1.53,Belal Muhammad,Geoff Neal
2263,UFC on ESPN+ 1,Kyle Stewart,Chance Rencountre,Chance Rencountre,1.63,2.5,Chance Rencountre,Kyle Stewart
2264,UFC Fight Night 144,Raphael Assuncao,Marlon Moraes,Marlon Moraes,2.5,1.62,Raphael Assuncao,Marlon Moraes
2265,UFC Fight Night 144,Jose Aldo,Renato Moicano,Jose Aldo,2.29,1.74,Jose Aldo,Renato Moicano
2266,UFC Fight Night 144,Demian Maia,Lyman Good,Demian Maia,1.58,2.6,Lyman Good,Demian Maia
2267,UFC Fight Night 144,Charles Oliveira,David Teymur,Charles Oliveira,1.88,2.03,David Teymur,Charles Oliveira
2268,UFC Fight Night 144,Johnny Walker,Justin Ledet,Johnny Walker,1.5,2.8,Justin Ledet,Johnny Walker
2269,UFC Fight Night 144,Livia Renata Souza,Sarah Frota,Livia Renata Souza,1.46,2.91,Sarah Frota,Livia Renata Souza
2270,UFC Fight Night 144,Markus Perez,Anthony Hernandez,Markus Perez,2.6,1.68,Markus Perez,Anthony Hernandez
2271,UFC Fight Night 144,Taila Santos,Mara Romero Borella,Mara Romero Borella,1.66,2.5,Mara Romero Borella,Taila Santos
2272,UFC Fight Night 144,Thiago Alves,Max Griffin,Thiago Alves,2.9,1.52,Thiago Alves,Max Griffin
2273,UFC Fight Night 144,Junior Albini,Jairzinho Rozenstruik,Jairzinho Rozenstruik,1.91,2.03,Jairzinho Rozenstruik,Junior Albini
2274,UFC Fight Night 144,Geraldo De Freitas Jr.,Felipe Colares,Geraldo De Freitas Jr.,,,,
2275,UFC Fight Night 144,Ricardo Ramos,Said Nurmagomedov,Said Nurmagomedov,1.8,2.28,Said Nurmagomedov,Ricardo Ramos
2276,UFC Fight Night 144,Magomed Bibulatov,Rogerio Bontorin,Rogerio Bontorin,1.22,4.89,Rogerio Bontorin,Magomed Bibulatov
2277,UFC 234,Israel Adesanya,Anderson Silva,Israel Adesanya,1.23,5.2,Anderson Silva,Israel Adesanya
2278,UFC 234,Lando Vannata,Marcos Mariano,Lando Vannata,1.25,4.8,Marcos Mariano,Lando Vannata
2279,UFC 234,Rani Yahya,Ricky Simon,Ricky Simon,1.94,2,Ricky Simon,Rani Yahya
2280,UFC 234,Montana De La Rosa,Nadia Kassem,Montana De La Rosa,1.45,3.2,Nadia Kassem,Montana De La Rosa
2281,UFC 234,Jim Crute,Sam Alvey,Jim Crute,1.74,2.5,Sam Alvey,Jim Crute
2282,UFC 234,Dong Hyun Ma,Devonte Smith,Devonte Smith,,,,
2283,UFC 234,Austin Arnett,Shane Young,Shane Young,4.15,1.33,Austin Arnett,Shane Young
2284,UFC 234,Kai Kara-France,Raulian Paiva,Kai Kara-France,1.43,3.31,Raulian Paiva,Kai Kara-France
2285,UFC 234,Kyung Ho Kang,Teruto Ishihara,Kyung Ho Kang,1.31,4.05,Teruto Ishihara,Kyung Ho Kang
2286,UFC 234,Jalin Turner,Callan Potter,Jalin Turner,1.48,3.1,Callan Potter,Jalin Turner
2287,UFC 234,Wuliji Buren,Jonathan Martinez,Jonathan Martinez,2.3,1.83,Wuliji Buren,Jonathan Martinez
2288,UFC on ESPN 1,Cain Velasquez,Francis Ngannou,Francis Ngannou,1.56,2.85,Francis Ngannou,Cain Velasquez
2289,UFC on ESPN 1,Paul Felder,James Vick,Paul Felder,2.05,1.89,Paul Felder,James Vick
2290,UFC on ESPN 1,Cynthia Calvillo,Cortney Casey,Cynthia Calvillo,1.3,4.1,Cortney Casey,Cynthia Calvillo
2291,UFC on ESPN 1,Kron Gracie,Alex Caceres,Kron Gracie,1.39,3.4,Alex Caceres,Kron Gracie
2292,UFC on ESPN 1,Vicente Luque,Bryan Barberena,Vicente Luque,1.24,5,Bryan Barberena,Vicente Luque
2293,UFC on ESPN 1,Myles Jury,Andre Fili,Andre Fili,1.74,2.26,Andre Fili,Myles Jury
2294,UFC on ESPN 1,Aljamain Sterling,Jimmie Rivera,Aljamain Sterling,2.2,1.76,Aljamain Sterling,Jimmie Rivera
2295,UFC on ESPN 1,Manny Bermudez,Benito Lopez,Manny Bermudez,1.54,2.75,Benito Lopez,Manny Bermudez
2296,UFC on ESPN 1,Ashlee Evans-Smith,Andrea Lee,Andrea Lee,2.64,1.57,Ashlee Evans-Smith,Andrea Lee
2297,UFC on ESPN 1,Scott Holtzman,Nik Lentz,Nik Lentz,1.67,2.5,Nik Lentz,Scott Holtzman
2298,UFC on ESPN 1,Renan Barao,Luke Sanders,Luke Sanders,2.33,1.74,Renan Barao,Luke Sanders
2299,UFC on ESPN 1,Alexandra Albu,Emily Whitmire,Emily Whitmire,2.01,1.98,Alexandra Albu,Emily Whitmire
2300,UFC Fight Night 145,Jan Blachowicz,Thiago Santos,Thiago Santos,2.13,1.85,Jan Blachowicz,Thiago Santos
2301,UFC Fight Night 145,Stefan Struve,Marcos Rogerio de Lima,Stefan Struve,1.92,2,Marcos Rogerio de Lima,Stefan Struve
2302,UFC Fight Night 145,Gian Villante,Michal Oleksiejczuk,Michal Oleksiejczuk,3,1.5,Gian Villante,Michal Oleksiejczuk
2303,UFC Fight Night 145,Lucie Pudilova,Liz Carmouche,Liz Carmouche,2.36,1.73,Lucie Pudilova,Liz Carmouche
2304,UFC Fight Night 145,John Dodson,Petr Yan,Petr Yan,3.5,1.41,John Dodson,Petr Yan
2305,UFC Fight Night 145,Magomed Ankalaev,Klidson Farias de Abreu,Magomed Ankalaev,1.52,2.8,Klidson Farias de Abreu,Magomed Ankalaev
2306,UFC Fight Night 145,Carlo Pedersoli Jr.,Dwight Grant,Dwight Grant,1.73,2.46,Dwight Grant,Carlo Pedersoli Jr.
2307,UFC Fight Night 145,Daniel Teymur,Chris Fishgold,Chris Fishgold,3.11,1.44,Daniel Teymur,Chris Fishgold
2308,UFC Fight Night 145,Gillian Robertson,Veronica Macedo,Gillian Robertson,1.62,2.57,Veronica Macedo,Gillian Robertson
2309,UFC Fight Night 145,Damir Hadzovic,Marco Polo Reyes,Damir Hadzovic,1.83,2.25,Marco Polo Reyes,Damir Hadzovic
2310,UFC Fight Night 145,Michel Prazeres,Ismail Naurdiev,Ismail Naurdiev,1.25,5,Ismail Naurdiev,Michel Prazeres
2311,UFC Fight Night 145,Rustam Khabilov,Carlos Diego Ferreira,Carlos Diego Ferreira,1.77,2.23,Carlos Diego Ferreira,Rustam Khabilov
2312,UFC Fight Night 145,Damir Ismagulov,Joel Alvarez,Damir Ismagulov,1.33,3.75,Joel Alvarez,Damir Ismagulov
2313,UFC 235,Jon Jones,Anthony Smith,Jon Jones,1.14,6.87,Anthony Smith,Jon Jones
2314,UFC 235,Tyron Woodley,Kamaru Usman,Kamaru Usman,1.57,2.75,Kamaru Usman,Tyron Woodley
2315,UFC 235,Ben Askren,Robbie Lawler,Ben Askren,1.43,3.4,Robbie Lawler,Ben Askren
2316,UFC 235,Tecia Torres,Weili Zhang,Weili Zhang,2.4,1.8,Tecia Torres,Weili Zhang
2317,UFC 235,Cody Garbrandt,Pedro Munhoz,Pedro Munhoz,1.66,2.5,Pedro Munhoz,Cody Garbrandt
2318,UFC 235,Jeremy Stephens,Zabit Magomedsharipov,Zabit Magomedsharipov,3.7,1.36,Jeremy Stephens,Zabit Magomedsharipov
2319,UFC 235,Johnny Walker,Misha Cirkunov,Johnny Walker,1.62,2.67,Misha Cirkunov,Johnny Walker
2320,UFC 235,Alejandro Perez,Cody Stamann,Cody Stamann,2.62,1.6,Alejandro Perez,Cody Stamann
2321,UFC 235,Mickey Gall,Diego Sanchez,Diego Sanchez,1.45,3.1,Diego Sanchez,Mickey Gall
2322,UFC 235,Charles Byrd,Edmen Shahbazyan,Edmen Shahbazyan,2.47,1.7,Charles Byrd,Edmen Shahbazyan
2323,UFC 235,Macy Chiasson,Gina Mazany,Macy Chiasson,1.21,5.35,Gina Mazany,Macy Chiasson
2324,UFC 235,Hannah Cifers,Polyana Viana,Hannah Cifers,3.5,1.36,Hannah Cifers,Polyana Viana
2325,UFC Fight Night 146,Junior dos Santos,Derrick Lewis,Junior dos Santos,1.53,2.84,Derrick Lewis,Junior dos Santos
2326,UFC Fight Night 146,Elizeu Zaleski dos Santos,Curtis Millender,Elizeu Zaleski dos Santos,2.1,1.87,Elizeu Zaleski dos Santos,Curtis Millender
2327,UFC Fight Night 146,Niko Price,Tim Means,Niko Price,2.85,1.54,Niko Price,Tim Means
2328,UFC Fight Night 146,Ben Rothwell,Blagoy Ivanov,Blagoy Ivanov,2,2.07,Blagoy Ivanov,Ben Rothwell
2329,UFC Fight Night 146,Beneil Dariush,Drew Dober,Beneil Dariush,1.53,2.9,Drew Dober,Beneil Dariush
2330,UFC Fight Night 146,Tim Boetsch,Omari Akhmedov,Omari Akhmedov,2.37,1.71,Tim Boetsch,Omari Akhmedov
2331,UFC Fight Night 146,Tony Martin,Sergio Moraes,Tony Martin,1.5,3.06,Sergio Moraes,Tony Martin
2332,UFC Fight Night 146,Marion Reneau,Yana Santos,Yana Santos,2.88,1.57,Marion Reneau,Yana Santos
2333,UFC Fight Night 146,Grant Dawson,Julian Erosa,Grant Dawson,1.57,2.85,Julian Erosa,Grant Dawson
2334,UFC Fight Night 146,Maurice Greene,Jeff Hughes,Maurice Greene,3.2,1.45,Maurice Greene,Jeff Hughes
2335,UFC Fight Night 146,Louis Smolka,Matt Schnell,Matt Schnell,1.81,2.15,Matt Schnell,Louis Smolka
2336,UFC Fight Night 146,Alex Morono,Zak Ottow,Alex Morono,1.58,2.62,Zak Ottow,Alex Morono
2337,UFC Fight Night 146,Alex White,Dan Moret,Alex White,1.76,2.25,Dan Moret,Alex White
2338,UFC Fight Night 147,Darren Till,Jorge Masvidal,Jorge Masvidal,1.47,3,Jorge Masvidal,Darren Till
2339,UFC Fight Night 147,Leon Edwards,Gunnar Nelson,Leon Edwards,1.74,2.3,Gunnar Nelson,Leon Edwards
2340,UFC Fight Night 147,Volkan Oezdemir,Dominick Reyes,Dominick Reyes,3.3,1.4,Volkan Oezdemir,Dominick Reyes
2341,UFC Fight Night 147,Nathaniel Wood,Jose Quinonez,Nathaniel Wood,1.33,3.75,Jose Quinonez,Nathaniel Wood
2342,UFC Fight Night 147,Claudio Silva,Danny Roberts,Claudio Silva,1.69,2.35,Danny Roberts,Claudio Silva
2343,UFC Fight Night 147,Jack Marshman,John Phillips,Jack Marshman,1.77,2.3,John Phillips,Jack Marshman
2344,UFC Fight Night 147,Arnold Allen,Jordan Rinaldi,Arnold Allen,1.72,2.33,Jordan Rinaldi,Arnold Allen
2345,UFC Fight Night 147,Joseph Duffy,Marc Diakiese,Marc Diakiese,1.57,2.65,Marc Diakiese,Joseph Duffy
2346,UFC Fight Night 147,Nick Negumereanu,Saparbek Safarov,Saparbek Safarov,,,,
2347,UFC Fight Night 147,Danny Henry,Dan Ige,Dan Ige,2.3,1.75,Danny Henry,Dan Ige
2348,UFC Fight Night 147,Priscila Cachoeira,Molly McCann,Molly McCann,2.8,1.57,Priscila Cachoeira,Molly McCann
2349,UFC Fight Night 147,Nad Narimani,Mike Grundy,Mike Grundy,1.79,2.2,Mike Grundy,Nad Narimani
2350,UFC Fight Night 148,Stephen Thompson,Anthony Pettis,Anthony Pettis,1.33,4.55,Anthony Pettis,Stephen Thompson
2351,UFC Fight Night 148,Curtis Blaydes,Justin Willis,Curtis Blaydes,1.4,3.4,Justin Willis,Curtis Blaydes
2352,UFC Fight Night 148,John Makdessi,Jesus Pinedo,John Makdessi,1.34,3.6,Jesus Pinedo,John Makdessi
2353,UFC Fight Night 148,Jussier Formiga,Deiveson Figueiredo,Jussier Formiga,2.35,1.69,Jussier Formiga,Deiveson Figueiredo
2354,UFC Fight Night 148,Luis Pena,Steven Peterson,Luis Pena,1.47,3.04,Steven Peterson,Luis Pena
2355,UFC Fight Night 148,Maycee Barber,J.J. Aldrich,Maycee Barber,1.4,3.35,J.J. Aldrich,Maycee Barber
2356,UFC Fight Night 148,Bryce Mitchell,Bobby Moffett,Bryce Mitchell,2.35,1.73,Bryce Mitchell,Bobby Moffett
2357,UFC Fight Night 148,Marlon Vera,Frankie Saenz,Marlon Vera,1.62,2.5,Frankie Saenz,Marlon Vera
2358,UFC Fight Night 148,Alexis Davis,Jennifer Maia,Jennifer Maia,1.71,2.33,Jennifer Maia,Alexis Davis
2359,UFC Fight Night 148,Angela Hill,Randa Markos,Randa Markos,1.74,2.35,Randa Markos,Angela Hill
2360,UFC Fight Night 148,Chris Gutierrez,Ryan MacDonald,Chris Gutierrez,1.44,3.45,Ryan MacDonald,Chris Gutierrez
2361,UFC Fight Night 148,Eric Shelton,Jordan Espinosa,Jordan Espinosa,1.79,2.5,Jordan Espinosa,Eric Shelton
2362,UFC on ESPN 2,Edson Barboza,Justin Gaethje,Justin Gaethje,1.85,2.1,Justin Gaethje,Edson Barboza
2363,UFC on ESPN 2,David Branch,Jack Hermansson,Jack Hermansson,2.25,1.8,David Branch,Jack Hermansson
2364,UFC on ESPN 2,Josh Emmett,Michael Johnson,Josh Emmett,2.25,1.8,Josh Emmett,Michael Johnson
2365,UFC on ESPN 2,Karolina Kowalkiewicz,Michelle Waterson,Michelle Waterson,1.69,2.45,Michelle Waterson,Karolina Kowalkiewicz
2366,UFC on ESPN 2,Paul Craig,Kennedy Nzechukwu,Paul Craig,2.67,1.59,Paul Craig,Kennedy Nzechukwu
2367,UFC on ESPN 2,Sheymon da Silva Moraes,Sodiq Yusuff,Sodiq Yusuff,2.31,1.72,Sheymon da Silva Moraes,Sodiq Yusuff
2368,UFC on ESPN 2,Jessica Aguilar,Marina Alcalde Rodriguez,Marina Alcalde Rodriguez,4.14,1.3,Jessica Aguilar,Marina Alcalde Rodriguez
2369,UFC on ESPN 2,Desmond Green,Ross Pearson,Desmond Green,1.22,5.5,Ross Pearson,Desmond Green
2370,UFC on ESPN 2,Enrique Barzola,Kevin Aguilar,Kevin Aguilar,1.83,2.2,Kevin Aguilar,Enrique Barzola
2371,UFC on ESPN 2,Gerald Meerschaert,Kevin Holland,Kevin Holland,2.9,1.5,Gerald Meerschaert,Kevin Holland
2372,UFC on ESPN 2,Ray Borg,Casey Kenney,Casey Kenney,1.44,3.25,Casey Kenney,Ray Borg
2373,UFC on ESPN 2,Sabina Mazo,Maryna Moroz,Maryna Moroz,1.67,2.41,Maryna Moroz,Sabina Mazo
2374,UFC on ESPN 2,Alex Perez,Mark Delarosa,Alex Perez,1.3,4.28,Mark Delarosa,Alex Perez
2375,UFC 236,Max Holloway,Dustin Poirier,Dustin Poirier,1.48,3.15,Dustin Poirier,Max Holloway
2376,UFC 236,Kelvin Gastelum,Israel Adesanya,Israel Adesanya,2.65,1.61,Kelvin Gastelum,Israel Adesanya
2377,UFC 236,Eryk Anders,Khalil Rountree,Khalil Rountree,1.55,2.7,Khalil Rountree,Eryk Anders
2378,UFC 236,Alan Jouban,Dwight Grant,Dwight Grant,2.15,1.88,Alan Jouban,Dwight Grant
2379,UFC 236,Ovince St Preux,Nikita Krylov,Nikita Krylov,2.2,1.87,Ovince St Preux,Nikita Krylov
2380,UFC 236,Jalin Turner,Matt Frevola,Matt Frevola,1.68,2.5,Matt Frevola,Jalin Turner
2381,UFC 236,Wilson Reis,Alexandre Pantoja,Alexandre Pantoja,2.55,1.67,Wilson Reis,Alexandre Pantoja
2382,UFC 236,Max Griffin,Zelim Imadaev,Max Griffin,2.16,1.83,Max Griffin,Zelim Imadaev
2383,UFC 236,Boston Salmon,Khalid Taha,Khalid Taha,1.73,2.45,Khalid Taha,Boston Salmon
2384,UFC 236,Belal Muhammad,Curtis Millender,Belal Muhammad,1.73,2.4,Curtis Millender,Belal Muhammad
2385,UFC 236,Montel Jackson,Andre Soukhamthath,Montel Jackson,1.2,5.75,Andre Soukhamthath,Montel Jackson
2386,UFC 236,Lauren Mueller,Poliana Botelho,Poliana Botelho,2.5,1.65,Lauren Mueller,Poliana Botelho
2387,UFC 236,Brandon Davis,Randy Costa,Brandon Davis,1.63,2.65,Randy Costa,Brandon Davis
2388,UFC Fight Night 149,Aleksei Oleinik,Alistair Overeem,Alistair Overeem,3.25,1.44,Aleksei Oleinik,Alistair Overeem
2389,UFC Fight Night 149,Islam Makhachev,Arman Tsarukyan,Islam Makhachev,1.33,3.8,Arman Tsarukyan,Islam Makhachev
2390,UFC Fight Night 149,Sergey Pavlovich,Marcelo Golm,Sergey Pavlovich,1.38,3.65,Marcelo Golm,Sergey Pavlovich
2391,UFC Fight Night 149,Roxanne Modafferi,Antonina Shevchenko,Roxanne Modafferi,3.75,1.37,Roxanne Modafferi,Antonina Shevchenko
2392,UFC Fight Night 149,Krzysztof Jotko,Alen Amedovski,Krzysztof Jotko,1.53,2.95,Alen Amedovski,Krzysztof Jotko
2393,UFC Fight Night 149,Movsar Evloev,Seung Woo Choi,Movsar Evloev,1.3,4.81,Seung Woo Choi,Movsar Evloev
2394,UFC Fight Night 149,Sultan Aliev,Keita Nakamura,Sultan Aliev,1.91,2.11,Keita Nakamura,Sultan Aliev
2395,UFC Fight Night 149,Alexander Yakovlev,Alex da Silva,Alexander Yakovlev,1.73,2.36,Alex da Silva,Alexander Yakovlev
2396,UFC Fight Night 149,Marcin Tybura,Shamil Abdurakhimov,Shamil Abdurakhimov,1.78,2.3,Shamil Abdurakhimov,Marcin Tybura
2397,UFC Fight Night 149,Gadzhimurad Antigulov,Michal Oleksiejczuk,Michal Oleksiejczuk,2.9,1.5,Gadzhimurad Antigulov,Michal Oleksiejczuk
2398,UFC Fight Night 149,Magomed Mustafaev,Rafael Fiziev,Magomed Mustafaev,2.25,2.25,Magomed Mustafaev,Rafael Fiziev
2399,UFC on ESPN 3,Jack Hermansson,Ronaldo Souza,Jack Hermansson,3,1.5,Jack Hermansson,Ronaldo Souza
2400,UFC on ESPN 3,Greg Hardy,Dmitry Smoliakov,Greg Hardy,,,,
2401,UFC on ESPN 3,Alex Oliveira,Mike Perry,Mike Perry,1.62,2.5,Mike Perry,Alex Oliveira
2402,UFC on ESPN 3,Glover Teixeira,Ion Cutelaba,Glover Teixeira,1.92,2.05,Ion Cutelaba,Glover Teixeira
2403,UFC on ESPN 3,John Lineker,Cory Sandhagen,Cory Sandhagen,1.69,2.4,Cory Sandhagen,John Lineker
2404,UFC on ESPN 3,Roosevelt Roberts,Thomas Gifford,Roosevelt Roberts,1.23,5,Thomas Gifford,Roosevelt Roberts
2405,UFC on ESPN 3,Takashi Sato,Ben Saunders,Takashi Sato,1.47,3.05,Ben Saunders,Takashi Sato
2406,UFC on ESPN 3,Andrei Arlovski,Augusto Sakai,Augusto Sakai,2.5,1.67,Andrei Arlovski,Augusto Sakai
2407,UFC on ESPN 3,Carla Esparza,Virna Jandiroba,Carla Esparza,2,2.16,Virna Jandiroba,Carla Esparza
2408,UFC on ESPN 3,Gilbert Burns,Mike Davis,Gilbert Burns,1.42,3.25,Mike Davis,Gilbert Burns
2409,UFC on ESPN 3,Jim Miller,Jason Gonzalez,Jim Miller,1.87,2.25,Jason Gonzalez,Jim Miller
2410,UFC on ESPN 3,Angela Hill,Jodie Esquibel,Angela Hill,1.22,6.05,Jodie Esquibel,Angela Hill
2411,UFC on ESPN 3,Court McGee,Dhiego Lima,Dhiego Lima,1.69,2.6,Dhiego Lima,Court McGee
2412,UFC Fight Night 150,Al Iaquinta,Donald Cerrone,Donald Cerrone,1.8,2.2,Donald Cerrone,Al Iaquinta
2413,UFC Fight Night 150,Elias Theodorou,Derek Brunson,Derek Brunson,1.95,2.03,Derek Brunson,Elias Theodorou
2414,UFC Fight Night 150,Cub Swanson,Shane Burgos,Shane Burgos,2.64,1.65,Cub Swanson,Shane Burgos
2415,UFC Fight Night 150,Brad Katona,Merab Dvalishvili,Merab Dvalishvili,2.57,1.65,Brad Katona,Merab Dvalishvili
2416,UFC Fight Night 150,Walt Harris,Sergey Spivak,Walt Harris,1.62,2.5,Sergey Spivak,Walt Harris
2417,UFC Fight Night 150,Andrew Sanchez,Marc-Andre Barriault,Andrew Sanchez,1.67,2.45,Marc-Andre Barriault,Andrew Sanchez
2418,UFC Fight Night 150,Sarah Moras,Macy Chiasson,Macy Chiasson,6.4,1.17,Sarah Moras,Macy Chiasson
2419,UFC Fight Night 150,Aiemann Zahabi,Vincent Morales,Vincent Morales,1.62,2.6,Vincent Morales,Aiemann Zahabi
2420,UFC Fight Night 150,Nordine Taleb,Kyle Prepolec,Nordine Taleb,1.25,4.9,Kyle Prepolec,Nordine Taleb
2421,UFC Fight Night 150,Kyle Nelson,Matt Sayles,Matt Sayles,2.8,1.55,Kyle Nelson,Matt Sayles
2422,UFC Fight Night 150,Juan Adams,Arjan Bhullar,Arjan Bhullar,1.77,2.22,Arjan Bhullar,Juan Adams
2423,UFC Fight Night 150,Mitch Gagnon,Cole Smith,Cole Smith,1.85,2.15,Cole Smith,Mitch Gagnon
2424,UFC 237,Rose Namajunas,Jessica Andrade,Jessica Andrade,2.38,1.87,Rose Namajunas,Jessica Andrade
2425,UFC 237,Anderson Silva,Jared Cannonier,Jared Cannonier,2.05,1.9,Anderson Silva,Jared Cannonier
2426,UFC 237,Jose Aldo,Alex Volkanovski,Alex Volkanovski,1.83,2.35,Alex Volkanovski,Jose Aldo
2427,UFC 237,Laureano Staropoli,Thiago Alves,Laureano Staropoli,2.1,1.91,Laureano Staropoli,Thiago Alves
2428,UFC 237,Irene Aldana,Bethe Correia,Irene Aldana,1.3,4.36,Bethe Correia,Irene Aldana
2429,UFC 237,Rogerio Nogueira,Ryan Spann,Ryan Spann,2.2,1.83,Rogerio Nogueira,Ryan Spann
2430,UFC 237,Kurt Holobaugh,Thiago Moises,Thiago Moises,2.11,1.87,Kurt Holobaugh,Thiago Moises
2431,UFC 237,Sergio Moraes,Warlley Alves,Warlley Alves,2.25,1.77,Sergio Moraes,Warlley Alves
2432,UFC 237,B.J. Penn,Clay Guida,Clay Guida,6.7,1.18,B.J. Penn,Clay Guida
2433,UFC 237,Priscila Cachoeira,Luana Carolina,Luana Carolina,2.58,1.61,Priscila Cachoeira,Luana Carolina
2434,UFC 237,Carlos Huachin,Raoni Barcelos,Raoni Barcelos,9,1.11,Carlos Huachin,Raoni Barcelos
2435,UFC 237,Talita Bernardo,Viviane Araujo,Viviane Araujo,1.37,3.51,Viviane Araujo,Talita Bernardo
2436,UFC Fight Night 152,Kevin Lee,Rafael dos Anjos,Rafael dos Anjos,1.74,2.35,Rafael dos Anjos,Kevin Lee
2437,UFC Fight Night 152,Ian Heinisch,Antonio Carlos Junior,Ian Heinisch,2.5,1.62,Ian Heinisch,Antonio Carlos Junior
2438,UFC Fight Night 152,Megan Anderson,Felicia Spencer,Felicia Spencer,1.49,2.9,Felicia Spencer,Megan Anderson
2439,UFC Fight Night 152,Vicente Luque,Derrick Krantz,Vicente Luque,1.1,9.25,Derrick Krantz,Vicente Luque
2440,UFC Fight Night 152,Charles Oliveira,Nik Lentz,Charles Oliveira,1.29,4.28,Nik Lentz,Charles Oliveira
2441,UFC Fight Night 152,Davi Ramos,Austin Hubbard,Davi Ramos,1.21,5.35,Austin Hubbard,Davi Ramos
2442,UFC Fight Night 152,Aspen Ladd,Sijara Eubanks,Aspen Ladd,1.4,3.5,Sijara Eubanks,Aspen Ladd
2443,UFC Fight Night 152,Desmond Green,Charles Jourdain,Desmond Green,1.17,7.6,Charles Jourdain,Desmond Green
2444,UFC Fight Night 152,Michel Pereira,Danny Roberts,Michel Pereira,3.2,1.42,Michel Pereira,Danny Roberts
2445,UFC Fight Night 152,Grant Dawson,Mike Trizano,Grant Dawson,1.73,2.45,Mike Trizano,Grant Dawson
2446,UFC Fight Night 152,Patrick Cummins,Ed Herman,Ed Herman,1.43,3.15,Ed Herman,Patrick Cummins
2447,UFC Fight Night 152,Zak Cummings,Trevin Giles,Zak Cummings,2.74,1.62,Zak Cummings,Trevin Giles
2448,UFC Fight Night 152,Julio Arce,Julian Erosa,Julio Arce,1.14,7,Julian Erosa,Julio Arce
2449,UFC Fight Night 153,Alexander Gustafsson,Anthony Smith,Anthony Smith,1.34,3.85,Anthony Smith,Alexander Gustafsson
2450,UFC Fight Night 153,Jimi Manuwa,Aleksandar Rakic,Aleksandar Rakic,3.25,1.44,Jimi Manuwa,Aleksandar Rakic
2451,UFC Fight Night 153,Makwan Amirkhani,Chris Fishgold,Makwan Amirkhani,1.91,2.13,Chris Fishgold,Makwan Amirkhani
2452,UFC Fight Night 153,Christos Giagos,Damir Hadzovic,Christos Giagos,2.45,1.65,Christos Giagos,Damir Hadzovic
2453,UFC Fight Night 153,Daniel Teymur,Sung Bin Jo,Daniel Teymur,2.3,1.77,Daniel Teymur,Sung Bin Jo
2454,UFC Fight Night 153,Rostem Akman,Sergey Khandozhko,Sergey Khandozhko,2.45,1.69,Rostem Akman,Sergey Khandozhko
2455,UFC Fight Night 153,Tonya Evinger,Lina Lansberg,Lina Lansberg,1.33,4.15,Lina Lansberg,Tonya Evinger
2456,UFC Fight Night 153,Leonardo Santos,Stevie Ray,Leonardo Santos,1.67,2.5,Stevie Ray,Leonardo Santos
2457,UFC Fight Night 153,Nick Hein,Frank Camacho,Frank Camacho,2.21,1.8,Nick Hein,Frank Camacho
2458,UFC Fight Night 153,Duda Santana,Bea Malecki,Bea Malecki,2.1,1.88,Duda Santana,Bea Malecki
2459,UFC Fight Night 153,Devin Clark,Darko Stosic,Devin Clark,2.05,2.04,Devin Clark,Darko Stosic
2460,UFC Fight Night 153,Joel Alvarez,Danilo Belluardo,Joel Alvarez,2,1.93,Joel Alvarez,Danilo Belluardo
2461,UFC 238,Marlon Moraes,Henry Cejudo,Henry Cejudo,1.81,2.5,Henry Cejudo,Marlon Moraes
2462,UFC 238,Valentina Shevchenko,Jessica Eye,Valentina Shevchenko,1.1,9.3,Jessica Eye,Valentina Shevchenko
2463,UFC 238,Tony Ferguson,Donald Cerrone,Tony Ferguson,1.53,2.93,Donald Cerrone,Tony Ferguson
2464,UFC 238,Petr Yan,Jimmie Rivera,Petr Yan,1.34,4.15,Jimmie Rivera,Petr Yan
2465,UFC 238,Tai Tuivasa,Blagoy Ivanov,Blagoy Ivanov,1.71,2.45,Blagoy Ivanov,Tai Tuivasa
2466,UFC 238,Tatiana Suarez,Nina Nunes,Tatiana Suarez,1.17,6.75,Nina Nunes,Tatiana Suarez
2467,UFC 238,Aljamain Sterling,Pedro Munhoz,Aljamain Sterling,1.73,2.5,Pedro Munhoz,Aljamain Sterling
2468,UFC 238,Karolina Kowalkiewicz,Alexa Grasso,Alexa Grasso,2.08,2,Karolina Kowalkiewicz,Alexa Grasso
2469,UFC 238,Ricardo Lamas,Calvin Kattar,Calvin Kattar,2.62,1.67,Ricardo Lamas,Calvin Kattar
2470,UFC 238,Angela Hill,Yan Xiaonan,Yan Xiaonan,3.15,1.53,Angela Hill,Yan Xiaonan
2471,UFC 238,Bevon Lewis,Darren Stewart,Darren Stewart,1.63,2.6,Darren Stewart,Bevon Lewis
2472,UFC 238,Eddie Wineland,Grigory Popov,Eddie Wineland,1.73,2.41,Grigory Popov,Eddie Wineland
2473,UFC 238,Joanne Wood,Katlyn Chookagian,Katlyn Chookagian,1.98,1.98,Joanne Wood,Katlyn Chookagian
2474,UFC Fight Night 154,Renato Moicano,Chan Sung Jung,Chan Sung Jung,1.54,2.81,Chan Sung Jung,Renato Moicano
2475,UFC Fight Night 154,Bryan Barberena,Randy Brown,Randy Brown,1.45,3.25,Randy Brown,Bryan Barberena
2476,UFC Fight Night 154,Anderson dos Santos,Andre Ewell,Andre Ewell,2.23,1.91,Anderson dos Santos,Andre Ewell
2477,UFC Fight Night 154,Andrea Lee,Montana De La Rosa,Andrea Lee,1.61,2.65,Montana De La Rosa,Andrea Lee
2478,UFC Fight Night 154,Alessio Di Chirico,Kevin Holland,Kevin Holland,3,1.51,Alessio Di Chirico,Kevin Holland
2479,UFC Fight Night 154,Dan Ige,Kevin Aguilar,Dan Ige,2.33,1.74,Dan Ige,Kevin Aguilar
2480,UFC Fight Night 154,Ashley Yoder,Syuri Kondo,Ashley Yoder,1.8,2.15,Syuri Kondo,Ashley Yoder
2481,UFC Fight Night 154,Luis Pena,Matt Wiman,Luis Pena,1.28,4.28,Matt Wiman,Luis Pena
2482,UFC Fight Night 154,Allen Crowder,Jairzinho Rozenstruik,Jairzinho Rozenstruik,2.99,1.5,Allen Crowder,Jairzinho Rozenstruik
2483,UFC Fight Night 154,Ariane Lipski,Molly McCann,Molly McCann,1.43,3.34,Molly McCann,Ariane Lipski
2484,UFC Fight Night 154,Deron Winn,Eric Spicely,Deron Winn,1.36,4.09,Eric Spicely,Deron Winn
2485,UFC on ESPN 3,Junior dos Santos,Francis Ngannou,Francis Ngannou,2.9,1.5,Junior dos Santos,Francis Ngannou
2486,UFC on ESPN 3,Joseph Benavidez,Jussier Formiga,Joseph Benavidez,1.87,2.2,Jussier Formiga,Joseph Benavidez
2487,UFC on ESPN 3,Demian Maia,Tony Martin,Demian Maia,1.57,2.69,Tony Martin,Demian Maia
2488,UFC on ESPN 3,Roosevelt Roberts,Vinc Pichel,Vinc Pichel,1.4,3.3,Vinc Pichel,Roosevelt Roberts
2489,UFC on ESPN 3,Drew Dober,Marco Polo Reyes,Drew Dober,1.29,4.65,Marco Polo Reyes,Drew Dober
2490,UFC on ESPN 3,Alonzo Menifield,Paul Craig,Alonzo Menifield,1.36,3.72,Paul Craig,Alonzo Menifield
2491,UFC on ESPN 3,Journey Newson,Ricardo Ramos,Ricardo Ramos,4.4,1.3,Journey Newson,Ricardo Ramos
2492,UFC on ESPN 3,Eryk Anders,Vinicius Moreira,Eryk Anders,1.35,3.75,Vinicius Moreira,Eryk Anders
2493,UFC on ESPN 3,Jared Gordon,Dan Moret,Jared Gordon,1.31,3.95,Dan Moret,Jared Gordon
2494,UFC on ESPN 3,Dequan Townsend,Dalcha Lungiambula,Dalcha Lungiambula,4.55,1.3,Dequan Townsend,Dalcha Lungiambula
2495,UFC on ESPN 3,Emily Whitmire,Amanda Ribas,Amanda Ribas,1.59,2.7,Amanda Ribas,Emily Whitmire
2496,UFC on ESPN 3,Maurice Greene,Junior Albini,Maurice Greene,1.91,2.02,Junior Albini,Maurice Greene
2497,UFC 239,Jon Jones,Thiago Santos,Jon Jones,1.19,6.13,Thiago Santos,Jon Jones
2498,UFC 239,Amanda Nunes,Holly Holm,Amanda Nunes,1.34,4.63,Holly Holm,Amanda Nunes
2499,UFC 239,Ben Askren,Jorge Masvidal,Jorge Masvidal,1.51,2.9,Jorge Masvidal,Ben Askren
2500,UFC 239,Luke Rockhold,Jan Blachowicz,Jan Blachowicz,1.43,3.25,Jan Blachowicz,Luke Rockhold
2501,UFC 239,Michael Chiesa,Diego Sanchez,Michael Chiesa,1.31,4.5,Diego Sanchez,Michael Chiesa
2502,UFC 239,Arnold Allen,Gilbert Melendez,Arnold Allen,1.33,3.81,Gilbert Melendez,Arnold Allen
2503,UFC 239,Nohelin Hernandez,Marlon Vera,Marlon Vera,4.9,1.23,Nohelin Hernandez,Marlon Vera
2504,UFC 239,Claudia Gadelha,Randa Markos,Claudia Gadelha,1.54,2.9,Randa Markos,Claudia Gadelha
2505,UFC 239,Alejandro Perez,Yadong Song,Yadong Song,2.76,1.53,Alejandro Perez,Yadong Song
2506,UFC 239,Jack Marshman,Edmen Shahbazyan,Edmen Shahbazyan,6.5,1.21,Jack Marshman,Edmen Shahbazyan
2507,UFC 239,Ismail Naurdiev,Chance Rencountre,Chance Rencountre,1.18,5.92,Chance Rencountre,Ismail Naurdiev
2508,UFC 239,Pannie Kianzad,Julia Avila,Julia Avila,3.2,1.44,Pannie Kianzad,Julia Avila
2509,UFC Fight Night 155,Germaine de Randamie,Aspen Ladd,Germaine de Randamie,2.2,1.89,Germaine de Randamie,Aspen Ladd
2510,UFC Fight Night 155,Urijah Faber,Ricky Simon,Urijah Faber,4.2,1.4,Urijah Faber,Ricky Simon
2511,UFC Fight Night 155,Josh Emmett,Mirsad Bektic,Josh Emmett,2.5,1.62,Josh Emmett,Mirsad Bektic
2512,UFC Fight Night 155,Karl Roberson,Wellington Turman,Karl Roberson,1.54,2.9,Wellington Turman,Karl Roberson
2513,UFC Fight Night 155,Cezar Ferreira,Marvin Vettori,Marvin Vettori,2.9,1.62,Cezar Ferreira,Marvin Vettori
2514,UFC Fight Night 155,John Allan,Mike Rodriguez,John Allan,4.6,1.26,John Allan,Mike Rodriguez
2515,UFC Fight Night 155,Andre Fili,Sheymon da Silva Moraes,Andre Fili,1.72,2.45,Sheymon da Silva Moraes,Andre Fili
2516,UFC Fight Night 155,Julianna Pena,Nicco Montano,Julianna Pena,1.53,3.07,Nicco Montano,Julianna Pena
2517,UFC Fight Night 155,Ryan Hall,Darren Elkins,Ryan Hall,2.03,1.95,Ryan Hall,Darren Elkins
2518,UFC Fight Night 155,Jonathan Martinez,Pingyuan Liu,Jonathan Martinez,2.64,1.61,Jonathan Martinez,Pingyuan Liu
2519,UFC Fight Night 155,Brianna Van Buren,Livia Renata Souza,Brianna Van Buren,2.01,2,Brianna Van Buren,Livia Renata Souza
2520,UFC Fight Night 155,Benito Lopez,Vincent Morales,Benito Lopez,2.05,1.99,Benito Lopez,Vincent Morales
2521,UFC on ESPN 4,Rafael dos Anjos,Leon Edwards,Leon Edwards,2.04,1.93,Rafael dos Anjos,Leon Edwards
2522,UFC on ESPN 4,Walt Harris,Aleksei Oleinik,Walt Harris,1.71,2.4,Aleksei Oleinik,Walt Harris
2523,UFC on ESPN 4,Greg Hardy,Juan Adams,Greg Hardy,2.16,1.94,Greg Hardy,Juan Adams
2524,UFC on ESPN 4,James Vick,Daniel Hooker,Daniel Hooker,2.23,1.83,James Vick,Daniel Hooker
2525,UFC on ESPN 4,Alexander Hernandez,Francisco Trinaldo,Alexander Hernandez,1.5,2.95,Francisco Trinaldo,Alexander Hernandez
2526,UFC on ESPN 4,Andrei Arlovski,Ben Rothwell,Andrei Arlovski,2.65,1.58,Andrei Arlovski,Ben Rothwell
2527,UFC on ESPN 4,Alex Caceres,Steven Peterson,Alex Caceres,1.97,2,Steven Peterson,Alex Caceres
2528,UFC on ESPN 4,Irene Aldana,Raquel Pennington,Raquel Pennington,1.76,2.32,Raquel Pennington,Irene Aldana
2529,UFC on ESPN 4,Sam Alvey,Klidson Farias de Abreu,Klidson Farias de Abreu,2.71,1.62,Sam Alvey,Klidson Farias de Abreu
2530,UFC on ESPN 4,Jennifer Maia,Roxanne Modafferi,Jennifer Maia,1.79,2.28,Roxanne Modafferi,Jennifer Maia
2531,UFC on ESPN 4,Ray Borg,Gabriel Silva,Ray Borg,1.62,2.6,Gabriel Silva,Ray Borg
2532,UFC on ESPN 4,Mario Bautista,Jin Soo Son,Mario Bautista,2.6,2.45,Mario Bautista,Jin Soo Son
2533,UFC on ESPN 4,Felipe Colares,Domingo Pilarte,Felipe Colares,4.05,1.3,Felipe Colares,Domingo Pilarte
2534,UFC 240,Max Holloway,Frankie Edgar,Max Holloway,1.32,3.84,Frankie Edgar,Max Holloway
2535,UFC 240,Cristiane Justino,Felicia Spencer,Cristiane Justino,1.25,5,Felicia Spencer,Cristiane Justino
2536,UFC 240,Geoff Neal,Niko Price,Geoff Neal,1.33,3.85,Niko Price,Geoff Neal
2537,UFC 240,Olivier Aubin-Mercier,Arman Tsarukyan,Arman Tsarukyan,2.48,1.67,Olivier Aubin-Mercier,Arman Tsarukyan
2538,UFC 240,Marc-Andre Barriault,Krzysztof Jotko,Krzysztof Jotko,2.6,1.62,Marc-Andre Barriault,Krzysztof Jotko
2539,UFC 240,Alexis Davis,Viviane Araujo,Viviane Araujo,2.72,1.65,Alexis Davis,Viviane Araujo
2540,UFC 240,Hakeem Dawodu,Yoshinori Horie,Hakeem Dawodu,1.26,4.75,Yoshinori Horie,Hakeem Dawodu
2541,UFC 240,Gavin Tucker,Seung Woo Choi,Gavin Tucker,2.25,1.91,Gavin Tucker,Seung Woo Choi
2542,UFC 240,Alexandre Pantoja,Deiveson Figueiredo,Deiveson Figueiredo,1.8,2.17,Deiveson Figueiredo,Alexandre Pantoja
2543,UFC 240,Gillian Robertson,Sarah Frota,Gillian Robertson,1.77,2.35,Sarah Frota,Gillian Robertson
2544,UFC 240,Erik Koch,Kyle Stewart,Erik Koch,2,2.31,Kyle Stewart,Erik Koch
2545,UFC on ESPN 5,Colby Covington,Robbie Lawler,Colby Covington,1.44,3.78,Robbie Lawler,Colby Covington
2546,UFC on ESPN 5,Clay Guida,Jim Miller,Jim Miller,2.35,1.69,Clay Guida,Jim Miller
2547,UFC on ESPN 5,Joaquim Silva,Nasrat Haqparast,Nasrat Haqparast,4.3,1.36,Joaquim Silva,Nasrat Haqparast
2548,UFC on ESPN 5,Gerald Meerschaert,Trevin Giles,Gerald Meerschaert,2.55,1.61,Gerald Meerschaert,Trevin Giles
2549,UFC on ESPN 5,Scott Holtzman,Dong Hyun Ma,Scott Holtzman,1.27,4.5,Dong Hyun Ma,Scott Holtzman
2550,UFC on ESPN 5,Darko Stosic,Kennedy Nzechukwu,Kennedy Nzechukwu,1.91,2.1,Kennedy Nzechukwu,Darko Stosic
2551,UFC on ESPN 5,Mickey Gall,Salim Touahri,Mickey Gall,2.1,1.89,Mickey Gall,Salim Touahri
2552,UFC on ESPN 5,Antonina Shevchenko,Lucie Pudilova,Antonina Shevchenko,1.71,2.36,Lucie Pudilova,Antonina Shevchenko
2553,UFC on ESPN 5,Matt Schnell,Jordan Espinosa,Matt Schnell,2.45,1.77,Matt Schnell,Jordan Espinosa
2554,UFC on ESPN 5,Mara Romero Borella,Lauren Murphy,Lauren Murphy,1.5,2.85,Lauren Murphy,Mara Romero Borella
2555,UFC on ESPN 5,Claudio Silva,Cole Williams,Claudio Silva,1.2,5.4,Cole Williams,Claudio Silva
2556,UFC on ESPN 5,Hannah Goldy,Miranda Granger,Miranda Granger,1.91,2.1,Miranda Granger,Hannah Goldy
2557,UFC Fight Night 156,Valentina Shevchenko,Liz Carmouche,Valentina Shevchenko,1.11,9.75,Liz Carmouche,Valentina Shevchenko
2558,UFC Fight Night 156,Vicente Luque,Mike Perry,Vicente Luque,1.45,3.05,Mike Perry,Vicente Luque
2559,UFC Fight Night 156,Humberto Bandenay,Luiz Garagorri,Luiz Garagorri,2.27,1.8,Humberto Bandenay,Luiz Garagorri
2560,UFC Fight Night 156,Volkan Oezdemir,Ilir Latifi,Volkan Oezdemir,1.67,2.6,Ilir Latifi,Volkan Oezdemir
2561,UFC Fight Night 156,Oskar Piechota,Rodolfo Vieira,Rodolfo Vieira,2.9,1.53,Oskar Piechota,Rodolfo Vieira
2562,UFC Fight Night 156,Enrique Barzola,Bobby Moffett,Enrique Barzola,1.71,2.41,Bobby Moffett,Enrique Barzola
2563,UFC Fight Night 156,Alexey Kunchenko,Gilbert Burns,Gilbert Burns,1.76,2.25,Gilbert Burns,Alexey Kunchenko
2564,UFC Fight Night 156,Raphael Pessoa,Ciryl Gane,Ciryl Gane,5.05,1.23,Raphael Pessoa,Ciryl Gane
2565,UFC Fight Night 156,Tecia Torres,Marina Alcalde Rodriguez,Marina Alcalde Rodriguez,1.67,2.49,Marina Alcalde Rodriguez,Tecia Torres
2566,UFC Fight Night 156,Raulian Paiva,Rogerio Bontorin,Rogerio Bontorin,1.93,2,Rogerio Bontorin,Raulian Paiva
2567,UFC Fight Night 156,Geraldo De Freitas Jr.,Chris Gutierrez,Chris Gutierrez,1.69,2.46,Chris Gutierrez,Geraldo De Freitas Jr.
2568,UFC Fight Night 156,Rodrigo Vargas,Alex da Silva,Alex da Silva,3.84,1.36,Rodrigo Vargas,Alex da Silva
2569,UFC Fight Night 156,Veronica Macedo,Polyana Viana,Veronica Macedo,1.74,2.3,Polyana Viana,Veronica Macedo
2570,UFC 241,Daniel Cormier,Stipe Miocic,Stipe Miocic,1.75,2.39,Stipe Miocic,Daniel Cormier
2571,UFC 241,Nate Diaz,Anthony Pettis,Nate Diaz,2.12,1.87,Nate Diaz,Anthony Pettis
2572,UFC 241,Yoel Romero,Paulo Costa,Paulo Costa,1.73,2.45,Paulo Costa,Yoel Romero
2573,UFC 241,Gabriel Benitez,Sodiq Yusuff,Sodiq Yusuff,3.45,1.39,Gabriel Benitez,Sodiq Yusuff
2574,UFC 241,Derek Brunson,Ian Heinisch,Derek Brunson,2.4,1.69,Derek Brunson,Ian Heinisch
2575,UFC 241,Devonte Smith,Khama Worthy,Khama Worthy,1.12,8.75,Khama Worthy,Devonte Smith
2576,UFC 241,Cory Sandhagen,Raphael Assuncao,Cory Sandhagen,1.44,3.25,Raphael Assuncao,Cory Sandhagen
2577,UFC 241,Christos Giagos,Drakkar Klose,Drakkar Klose,2.7,1.59,Christos Giagos,Drakkar Klose
2578,UFC 241,Casey Kenney,Manny Bermudez,Casey Kenney,2.5,1.63,Casey Kenney,Manny Bermudez
2579,UFC 241,Hannah Cifers,Jodie Esquibel,Hannah Cifers,1.36,3.55,Jodie Esquibel,Hannah Cifers
2580,UFC 241,Brandon Davis,Kyung Ho Kang,Kyung Ho Kang,2.75,1.55,Brandon Davis,Kyung Ho Kang
2581,UFC 241,Sabina Mazo,Shana Dobson,Sabina Mazo,1.87,2.31,Shana Dobson,Sabina Mazo
2582,UFC Fight Night 157,Jessica Andrade,Weili Zhang,Weili Zhang,1.62,2.85,Weili Zhang,Jessica Andrade
2583,UFC Fight Night 157,Elizeu Zaleski dos Santos,Li Jingliang,Li Jingliang,1.39,3.45,Li Jingliang,Elizeu Zaleski dos Santos
2584,UFC Fight Night 157,Mark Delarosa,Kai Kara-France,Kai Kara-France,2.87,1.57,Mark Delarosa,Kai Kara-France
2585,UFC Fight Night 157,Kenan Song,Derrick Krantz,Kenan Song,2,1.95,Kenan Song,Derrick Krantz
2586,UFC Fight Night 157,Yanan Wu,Mizuki Inoue,Mizuki Inoue,,,,
2587,UFC Fight Night 157,Anthony Hernandez,Jun Yong Park,Anthony Hernandez,1.71,2.35,Jun Yong Park,Anthony Hernandez
2588,UFC Fight Night 157,Andre Soukhamthath,Su Mudaerji,Su Mudaerji,1.65,2.45,Su Mudaerji,Andre Soukhamthath
2589,UFC Fight Night 157,Khadis Ibragimov,Da Un Jung,Da Un Jung,1.4,3.48,Da Un Jung,Khadis Ibragimov
2590,UFC Fight Night 157,Damir Ismagulov,Thiago Moises,Damir Ismagulov,1.51,2.86,Thiago Moises,Damir Ismagulov
2591,UFC Fight Night 157,Danaa Batgerel,Heili Alateng,Heili Alateng,2.05,1.87,Danaa Batgerel,Heili Alateng
2592,UFC Fight Night 157,Karol Rosa,Lara Fritzen Procopio,Karol Rosa,1.91,2,Lara Fritzen Procopio,Karol Rosa
2593,UFC 242,Khabib Nurmagomedov,Dustin Poirier,Khabib Nurmagomedov,1.27,4.55,Dustin Poirier,Khabib Nurmagomedov
2594,UFC 242,Edson Barboza,Paul Felder,Paul Felder,1.87,2.2,Paul Felder,Edson Barboza
2595,UFC 242,Islam Makhachev,Davi Ramos,Islam Makhachev,1.28,4.25,Davi Ramos,Islam Makhachev
2596,UFC 242,Curtis Blaydes,Shamil Abdurakhimov,Curtis Blaydes,1.22,5.4,Shamil Abdurakhimov,Curtis Blaydes
2597,UFC 242,Mairbek Taisumov,Carlos Diego Ferreira,Carlos Diego Ferreira,1.37,3.48,Carlos Diego Ferreira,Mairbek Taisumov
2598,UFC 242,Joanne Wood,Andrea Lee,Joanne Wood,3.1,1.45,Joanne Wood,Andrea Lee
2599,UFC 242,Sarah Moras,Liana Jojua,Sarah Moras,2.45,1.68,Sarah Moras,Liana Jojua
2600,UFC 242,Teemu Packalen,Ottman Azaitar,Ottman Azaitar,2.9,1.54,Teemu Packalen,Ottman Azaitar
2601,UFC 242,Belal Muhammad,Takashi Sato,Belal Muhammad,1.27,4.35,Takashi Sato,Belal Muhammad
2602,UFC 242,Nordine Taleb,Muslim Salikhov,Muslim Salikhov,1.83,2.15,Muslim Salikhov,Nordine Taleb
2603,UFC 242,Zak Cummings,Omari Akhmedov,Omari Akhmedov,2.1,1.9,Zak Cummings,Omari Akhmedov
2604,UFC 242,Fares Ziam,Don Madge,Don Madge,2.69,1.58,Fares Ziam,Don Madge
2605,UFC Fight Night 158,Donald Cerrone,Justin Gaethje,Justin Gaethje,2.65,1.59,Donald Cerrone,Justin Gaethje
2606,UFC Fight Night 158,Glover Teixeira,Nikita Krylov,Glover Teixeira,2,1.93,Glover Teixeira,Nikita Krylov
2607,UFC Fight Night 158,Michel Pereira,Tristan Connelly,Tristan Connelly,1.23,5,Tristan Connelly,Michel Pereira
2608,UFC Fight Night 158,Urijah Hall,Antonio Carlos Junior,Urijah Hall,3.36,1.45,Urijah Hall,Antonio Carlos Junior
2609,UFC Fight Night 158,Misha Cirkunov,Jim Crute,Misha Cirkunov,2,1.91,Misha Cirkunov,Jim Crute
2610,UFC Fight Night 158,Marcin Tybura,Augusto Sakai,Augusto Sakai,2.2,1.87,Marcin Tybura,Augusto Sakai
2611,UFC Fight Night 158,Cole Smith,Miles Johns,Miles Johns,2.25,1.77,Cole Smith,Miles Johns
2612,UFC Fight Night 158,Brad Katona,Hunter Azure,Hunter Azure,1.87,2.2,Hunter Azure,Brad Katona
2613,UFC Fight Night 158,Chas Skelly,Jordan Griffin,Chas Skelly,2.45,1.67,Chas Skelly,Jordan Griffin
2614,UFC Fight Night 158,Louis Smolka,Ryan MacDonald,Louis Smolka,1.48,3,Ryan MacDonald,Louis Smolka
2615,UFC Fight Night 158,Austin Hubbard,Kyle Prepolec,Austin Hubbard,1.77,2.29,Kyle Prepolec,Austin Hubbard
2616,UFC Fight Night 159,Yair Rodriguez,Jeremy Stephens,Yair Rodriguez,2.4,1.71,Yair Rodriguez,Jeremy Stephens
2617,UFC Fight Night 159,Carla Esparza,Alexa Grasso,Alexa Grasso,2.4,1.71,Yair Rodriguez,Jeremy Stephens
2618,UFC Fight Night 159,Vanessa Melo,Irene Aldana,Irene Aldana,5.5,1.2,Vanessa Melo,Irene Aldana
2619,UFC Fight Night 159,Martin Bravo,Steven Peterson,Steven Peterson,1.8,2.2,Steven Peterson,Martin Bravo
2620,UFC Fight Night 159,Jose Quinonez,Carlos Huachin,Jose Quinonez,1.69,2.51,Carlos Huachin,Jose Quinonez
2621,UFC Fight Night 159,Marco Polo Reyes,Kyle Nelson,Kyle Nelson,2,1.96,Marco Polo Reyes,Kyle Nelson
2622,UFC Fight Night 159,Angela Hill,Ariane Carnelossi,Angela Hill,2.02,2,Angela Hill,Ariane Carnelossi
2623,UFC Fight Night 159,Sergio Pettis,Tyson Nam,Sergio Pettis,1.37,3.75,Tyson Nam,Sergio Pettis
2624,UFC Fight Night 159,Vinicius Moreira,Paul Craig,Paul Craig,2.03,2,Vinicius Moreira,Paul Craig
2625,UFC Fight Night 159,Bethe Correia,Sijara Eubanks,Bethe Correia,3.79,2,Bethe Correia,Sijara Eubanks
2626,UFC Fight Night 159,Claudio Puelles,Marcos Mariano,Claudio Puelles,1.33,4.28,Marcos Mariano,Claudio Puelles
2627,UFC Fight Night 160,Jack Hermansson,Jared Cannonier,Jared Cannonier,1.38,3.5,Jared Cannonier,Jack Hermansson
2628,UFC Fight Night 160,Mark O. Madsen,Danilo Belluardo,Mark O. Madsen,1.15,7,Danilo Belluardo,Mark O. Madsen
2629,UFC Fight Night 160,Gunnar Nelson,Gilbert Burns,Gilbert Burns,2.04,1.91,Gunnar Nelson,Gilbert Burns
2630,UFC Fight Night 160,Ion Cutelaba,Khalil Rountree,Ion Cutelaba,2,1.95,Ion Cutelaba,Khalil Rountree
2631,UFC Fight Night 160,Ovince St Preux,Michal Oleksiejczuk,Ovince St Preux,3.48,1.4,Ovince St Preux,Michal Oleksiejczuk
2632,UFC Fight Night 160,Nicolas Dalby,Alex Oliveira,Nicolas Dalby,2.38,1.85,Nicolas Dalby,Alex Oliveira
2633,UFC Fight Night 160,Alen Amedovski,John Phillips,John Phillips,1.83,2.15,John Phillips,Alen Amedovski
2634,UFC Fight Night 160,Alessio Di Chirico,Makhmud Muradov,Makhmud Muradov,2.48,1.66,Alessio Di Chirico,Makhmud Muradov
2635,UFC Fight Night 160,Ismail Naurdiev,Siyar Bahadurzada,Ismail Naurdiev,1.5,3,Siyar Bahadurzada,Ismail Naurdiev
2636,UFC Fight Night 160,Brandon Davis,Giga Chikadze,Giga Chikadze,1.66,2.45,Giga Chikadze,Brandon Davis
2637,UFC Fight Night 160,Macy Chiasson,Lina Lansberg,Lina Lansberg,1.25,4.7,Lina Lansberg,Macy Chiasson
2638,UFC Fight Night 160,Lando Vannata,Marc Diakiese,Marc Diakiese,2.55,1.65,Lando Vannata,Marc Diakiese
2639,UFC Fight Night 160,Jack Shore,Nohelin Hernandez,Jack Shore,1.5,3.05,Nohelin Hernandez,Jack Shore
2640,UFC 243,Robert Whittaker,Israel Adesanya,Israel Adesanya,2.13,1.91,Robert Whittaker,Israel Adesanya
2641,UFC 243,Daniel Hooker,Al Iaquinta,Daniel Hooker,1.83,2.25,Al Iaquinta,Daniel Hooker
2642,UFC 243,Tai Tuivasa,Sergey Spivak,Sergey Spivak,1.34,3.75,Sergey Spivak,Tai Tuivasa
2643,UFC 243,Luke Jumeau,Dhiego Lima,Dhiego Lima,2.25,1.74,Luke Jumeau,Dhiego Lima
2644,UFC 243,Yorgan De Castro,Justin Tafa,Yorgan De Castro,2,1.94,Yorgan De Castro,Justin Tafa
2645,UFC 243,Jake Matthews,Rostem Akman,Jake Matthews,1.28,5,Rostem Akman,Jake Matthews
2646,UFC 243,Callan Potter,Maki Pitolo,Callan Potter,4.15,1.3,Callan Potter,Maki Pitolo
2647,UFC 243,Brad Riddell,Jamie Mullarkey,Brad Riddell,1.62,2.5,Jamie Mullarkey,Brad Riddell
2648,UFC 243,Megan Anderson,Zara Fairn Dos Santos,Megan Anderson,1.24,5.2,Zara Fairn Dos Santos,Megan Anderson
2649,UFC 243,Nadia Kassem,Ji Yeon Kim,Ji Yeon Kim,2.6,1.59,Nadia Kassem,Ji Yeon Kim
2650,UFC 243,Khalid Taha,Bruno Silva,Khalid Taha,1.49,2.95,Bruno Silva,Khalid Taha
2651,UFC on ESPN+ 19,Joanna Jedrzejczyk,Michelle Waterson,Joanna Jedrzejczyk,1.34,3.7,Michelle Waterson,Joanna Jedrzejczyk
2652,UFC on ESPN+ 19,Cub Swanson,Kron Gracie,Cub Swanson,2.71,1.55,Cub Swanson,Kron Gracie
2653,UFC on ESPN+ 19,James Vick,Niko Price,Niko Price,2.4,1.71,James Vick,Niko Price
2654,UFC on ESPN+ 19,Mackenzie Dern,Amanda Ribas,Amanda Ribas,1.67,2.45,Amanda Ribas,Mackenzie Dern
2655,UFC on ESPN+ 19,Luis Pena,Matt Frevola,Matt Frevola,1.71,2.38,Matt Frevola,Luis Pena
2656,UFC on ESPN+ 19,Eryk Anders,Gerald Meerschaert,Eryk Anders,1.77,2.2,Gerald Meerschaert,Eryk Anders
2657,UFC on ESPN+ 19,Ryan Spann,Devin Clark,Ryan Spann,1.62,2.6,Devin Clark,Ryan Spann
2658,UFC on ESPN+ 19,Mike Davis,Thomas Gifford,Mike Davis,1.37,3.68,Thomas Gifford,Mike Davis
2659,UFC on ESPN+ 19,Max Griffin,Alex Morono,Alex Morono,1.81,2.2,Alex Morono,Max Griffin
2660,UFC on ESPN+ 19,Deiveson Figueiredo,Tim Elliott,Deiveson Figueiredo,1.59,2.65,Tim Elliott,Deiveson Figueiredo
2661,UFC on ESPN+ 19,Marlon Vera,Andre Ewell,Marlon Vera,1.77,2.3,Andre Ewell,Marlon Vera
2662,UFC on ESPN+ 19,Hector Aldana,Miguel Baeza,Miguel Baeza,3.2,1.44,Hector Aldana,Miguel Baeza
2663,UFC on ESPN+ 19,Marvin Vettori,Andrew Sanchez,Marvin Vettori,1.28,4.19,Andrew Sanchez,Marvin Vettori
2664,UFC on ESPN+ 19,J.J. Aldrich,Lauren Mueller,J.J. Aldrich,1.69,2.5,Lauren Mueller,J.J. Aldrich
2665,UFC ESPN 6,Chris Weidman,Dominick Reyes,Dominick Reyes,2.7,1.57,Chris Weidman,Dominick Reyes
2666,UFC ESPN 6,Yair Rodriguez,Jeremy Stephens,Yair Rodriguez,1.8,2.2,Jeremy Stephens,Yair Rodriguez
2667,UFC ESPN 6,Greg Hardy,Ben Sosoli,Greg Hardy,1.29,4.36,Ben Sosoli,Greg Hardy
2668,UFC ESPN 6,Joe Lauzon,Jonathan Pearce,Joe Lauzon,2.7,1.57,Joe Lauzon,Jonathan Pearce
2669,UFC ESPN 6,Maycee Barber,Gillian Robertson,Maycee Barber,1.74,2.45,Gillian Robertson,Maycee Barber
2670,UFC ESPN 6,Deron Winn,Darren Stewart,Darren Stewart,1.91,2.1,Darren Stewart,Deron Winn
2671,UFC ESPN 6,Manny Bermudez,Charles Rosa,Charles Rosa,1.61,2.65,Charles Rosa,Manny Bermudez
2672,UFC ESPN 6,Molly McCann,Diana Belbita,Molly McCann,1.2,5.95,Diana Belbita,Molly McCann
2673,UFC ESPN 6,Kyle Bochniak,Sean Woodson,Sean Woodson,2,2,Kyle Bochniak,Sean Woodson
2674,UFC ESPN 6,Boston Salmon,Randy Costa,Randy Costa,1.69,2.42,Randy Costa,Boston Salmon
2675,UFC ESPN 6,Court McGee,Sean Brady,Sean Brady,2.75,1.61,Court McGee,Sean Brady
2676,UFC ESPN 6,Kevin Holland,Brendan Allen,Brendan Allen,1.66,2.6,Brendan Allen,Kevin Holland
2677,UFC ESPN 6,Daniel Spitz,Tanner Boser,Tanner Boser,2.3,1.74,Daniel Spitz,Tanner Boser
2678,UFC Fight Night 162,Ben Askren,Demian Maia,Demian Maia,1.67,2.43,Demian Maia,Ben Askren
2679,UFC Fight Night 162,Michael Johnson,Stevie Ray,Stevie Ray,1.4,3.3,Stevie Ray,Michael Johnson
2680,UFC Fight Night 162,Frank Camacho,Beneil Dariush,Beneil Dariush,2.7,1.62,Frank Camacho,Beneil Dariush
2681,UFC Fight Night 162,Ciryl Gane,Don'tale Mayes,Ciryl Gane,1.38,3.45,Don'tale Mayes,Ciryl Gane
2682,UFC Fight Night 162,Laureano Staropoli,Muslim Salikhov,Muslim Salikhov,2.45,1.65,Laureano Staropoli,Muslim Salikhov
2683,UFC Fight Night 162,Ashley Yoder,Randa Markos,Randa Markos,2.2,1.87,Ashley Yoder,Randa Markos
2684,UFC Fight Night 162,Alex White,Rafael Fiziev,Rafael Fiziev,2.65,1.57,Alex White,Rafael Fiziev
2685,UFC Fight Night 162,Enrique Barzola,Movsar Evloev,Movsar Evloev,2.75,1.54,Enrique Barzola,Movsar Evloev
2686,UFC Fight Night 162,Sergey Pavlovich,Maurice Greene,Sergey Pavlovich,1.48,3.1,Maurice Greene,Sergey Pavlovich
2687,UFC Fight Night 162,Alexandra Albu,Loma Lookboonmee,Loma Lookboonmee,2.25,1.77,Alexandra Albu,Loma Lookboonmee
2688,UFC Fight Night 162,Jeff Hughes,Raphael Pessoa,Raphael Pessoa,1.44,3.15,Raphael Pessoa,Jeff Hughes
2689,UFC 244,Jorge Masvidal,Nate Diaz,Jorge Masvidal,1.71,2.38,Nate Diaz,Jorge Masvidal
2690,UFC 244,Darren Till,Kelvin Gastelum,Darren Till,2.95,1.51,Darren Till,Kelvin Gastelum
2691,UFC 244,Stephen Thompson,Vicente Luque,Stephen Thompson,1.98,2.05,Vicente Luque,Stephen Thompson
2692,UFC 244,Derrick Lewis,Blagoy Ivanov,Derrick Lewis,1.91,2,Blagoy Ivanov,Derrick Lewis
2693,UFC 244,Gregor Gillespie,Kevin Lee,Kevin Lee,1.65,2.5,Kevin Lee,Gregor Gillespie
2694,UFC 244,Corey Anderson,Johnny Walker,Corey Anderson,2.6,1.63,Corey Anderson,Johnny Walker
2695,UFC 244,Shane Burgos,Makwan Amirkhani,Shane Burgos,1.48,3.05,Makwan Amirkhani,Shane Burgos
2696,UFC 244,Brad Tavares,Edmen Shahbazyan,Edmen Shahbazyan,2.45,1.67,Brad Tavares,Edmen Shahbazyan
2697,UFC 244,Andrei Arlovski,Jairzinho Rozenstruik,Jairzinho Rozenstruik,2.37,1.71,Andrei Arlovski,Jairzinho Rozenstruik
2698,UFC 244,Katlyn Chookagian,Jennifer Maia,Katlyn Chookagian,1.77,2.37,Jennifer Maia,Katlyn Chookagian
2699,UFC 244,Chance Rencountre,Lyman Good,Lyman Good,2.02,1.94,Chance Rencountre,Lyman Good
2700,UFC 244,Hakeem Dawodu,Julio Arce,Hakeem Dawodu,1.93,2.1,Julio Arce,Hakeem Dawodu
2701,UFC Fight Night 163,Zabit Magomedsharipov,Calvin Kattar,Zabit Magomedsharipov,1.38,3.5,Calvin Kattar,Zabit Magomedsharipov
2702,UFC Fight Night 163,Greg Hardy,Alexander Volkov,Alexander Volkov,3.85,1.36,Greg Hardy,Alexander Volkov
2703,UFC Fight Night 163,Danny Roberts,Zelim Imadaev,Danny Roberts,3.15,1.45,Danny Roberts,Zelim Imadaev
2704,UFC Fight Night 163,Ed Herman,Khadis Ibragimov,Ed Herman,2.8,1.6,Ed Herman,Khadis Ibragimov
2705,UFC Fight Night 163,Tony Martin,Ramazan Emeev,Tony Martin,2.15,1.8,Tony Martin,Ramazan Emeev
2706,UFC Fight Night 163,Klidson Farias de Abreu,Shamil Gamzatov,Shamil Gamzatov,2.4,1.8,Klidson Farias de Abreu,Shamil Gamzatov
2707,UFC Fight Night 163,Magomed Ankalaev,Dalcha Lungiambula,Magomed Ankalaev,1.32,4,Dalcha Lungiambula,Magomed Ankalaev
2708,UFC Fight Night 163,Rustam Khabilov,Sergey Khandozhko,Rustam Khabilov,1.45,3.3,Sergey Khandozhko,Rustam Khabilov
2709,UFC Fight Night 163,Karl Roberson,Roman Kopylov,Karl Roberson,2.1,1.89,Karl Roberson,Roman Kopylov
2710,UFC Fight Night 163,Abubakar Nurmagomedov,David Zawada,David Zawada,1.38,3.55,David Zawada,Abubakar Nurmagomedov
2711,UFC Fight Night 163,Alexander Yakovlev,Roosevelt Roberts,Roosevelt Roberts,2.14,1.84,Alexander Yakovlev,Roosevelt Roberts
2712,UFC Fight Night 163,Jessica-Rose Clark,Pannie Kianzad,Pannie Kianzad,2.01,1.95,Jessica-Rose Clark,Pannie Kianzad
2713,UFC Fight Night 163,Grigory Popov,Davey Grant,Davey Grant,1.69,2.4,Davey Grant,Grigory Popov
2714,UFC Fight Night 164,Jan Blachowicz,Ronaldo Souza,Jan Blachowicz,1.74,2.45,Ronaldo Souza,Jan Blachowicz
2715,UFC Fight Night 164,Charles Oliveira,Jared Gordon,Charles Oliveira,1.26,4.7,Jared Gordon,Charles Oliveira
2716,UFC Fight Night 164,Antonio Arroyo,Andre Muniz,Andre Muniz,2.15,1.83,Antonio Arroyo,Andre Muniz
2717,UFC Fight Night 164,Wellington Turman,Markus Perez,Wellington Turman,1.94,2.31,Markus Perez,Wellington Turman
2718,UFC Fight Night 164,Sergio Moraes,James Krause,James Krause,2.75,1.56,Sergio Moraes,James Krause
2719,UFC Fight Night 164,Ricardo Ramos,Luiz Garagorri,Ricardo Ramos,1.29,4.4,Luiz Garagorri,Ricardo Ramos
2720,UFC Fight Night 164,Francisco Trinaldo,Bobby Green,Francisco Trinaldo,1.74,2.25,Bobby Green,Francisco Trinaldo
2721,UFC Fight Night 164,Warlley Alves,Randy Brown,Randy Brown,1.8,2.2,Randy Brown,Warlley Alves
2722,UFC Fight Night 164,Douglas Silva de Andrade,Renan Barao,Douglas Silva de Andrade,1.45,3.25,Renan Barao,Douglas Silva de Andrade
2723,UFC Fight Night 164,Ariane Lipski,Isabela de Padua,Ariane Lipski,,,,
2724,UFC Fight Night 164,Tracy Cortez,Vanessa Melo,Tracy Cortez,1.48,3.05,Vanessa Melo,Tracy Cortez
2725,UFC on ESPN 7,Alistair Overeem,Jairzinho Rozenstruik,Jairzinho Rozenstruik,2.33,2.05,Alistair Overeem,Jairzinho Rozenstruik
2726,UFC on ESPN 7,Stefan Struve,Ben Rothwell,Ben Rothwell,2.35,1.71,Stefan Struve,Ben Rothwell
2727,UFC on ESPN 7,Aspen Ladd,Yana Santos,Aspen Ladd,1.53,2.8,Yana Santos,Aspen Ladd
2728,UFC on ESPN 7,Rob Font,Ricky Simon,Rob Font,1.73,2.35,Ricky Simon,Rob Font
2729,UFC on ESPN 7,Tim Means,Thiago Alves,Tim Means,1.4,3.35,Thiago Alves,Tim Means
2730,UFC on ESPN 7,Billy Quarantillo,Jacob Kilburn,Billy Quarantillo,1.33,3.75,Jacob Kilburn,Billy Quarantillo
2731,UFC on ESPN 7,Bryce Mitchell,Matt Sayles,Bryce Mitchell,2.15,1.83,Bryce Mitchell,Matt Sayles
2732,UFC on ESPN 7,Joe Solecki,Matt Wiman,Joe Solecki,1.29,4.4,Matt Wiman,Joe Solecki
2733,UFC on ESPN 7,Mallory Martin,Virna Jandiroba,Virna Jandiroba,3.3,1.45,Mallory Martin,Virna Jandiroba
2734,UFC on ESPN 7,Makhmud Muradov,Trevor Smith,Makhmud Muradov,1.23,5,Trevor Smith,Makhmud Muradov
2735,UFC 245,Kamaru Usman,Colby Covington,Kamaru Usman,1.95,2.75,Colby Covington,Kamaru Usman
2736,UFC 245,Max Holloway,Alex Volkanovski,Alex Volkanovski,1.83,2.8,Alex Volkanovski,Max Holloway
2737,UFC 245,Amanda Nunes,Germaine de Randamie,Amanda Nunes,1.27,4.79,Germaine de Randamie,Amanda Nunes
2738,UFC 245,Jose Aldo,Marlon Moraes,Marlon Moraes,2.6,1.62,Jose Aldo,Marlon Moraes
2739,UFC 245,Petr Yan,Urijah Faber,Petr Yan,1.24,5.8,Urijah Faber,Petr Yan
2740,UFC 245,Geoff Neal,Mike Perry,Geoff Neal,1.4,3.6,Mike Perry,Geoff Neal
2741,UFC 245,Irene Aldana,Ketlen Vieira,Irene Aldana,2.95,1.58,Irene Aldana,Ketlen Vieira
2742,UFC 245,Ian Heinisch,Omari Akhmedov,Omari Akhmedov,1.94,2.1,Omari Akhmedov,Ian Heinisch
2743,UFC 245,Matt Brown,Ben Saunders,Matt Brown,1.34,3.8,Ben Saunders,Matt Brown
2744,UFC 245,Daniel Teymur,Chase Hooper,Chase Hooper,2.5,1.71,Daniel Teymur,Chase Hooper
2745,UFC 245,Brandon Moreno,Kai Kara-France,Brandon Moreno,2.4,1.69,Brandon Moreno,Kai Kara-France
2746,UFC 245,Jessica Eye,Viviane Araujo,Jessica Eye,2.91,1.53,Jessica Eye,Viviane Araujo
2747,UFC 245,Punahele Soriano,Oskar Piechota,Punahele Soriano,2,2.05,Oskar Piechota,Punahele Soriano
2748,UFC Fight Night 165,Frankie Edgar,Chan Sung Jung,Chan Sung Jung,2.85,1.57,Frankie Edgar,Chan Sung Jung
2749,UFC Fight Night 165,Volkan Oezdemir,Aleksandar Rakic,Volkan Oezdemir,2.35,1.69,Volkan Oezdemir,Aleksandar Rakic
2750,UFC Fight Night 165,Doo Ho Choi,Charles Jourdain,Charles Jourdain,1.3,4.8,Charles Jourdain,Doo Ho Choi
2751,UFC Fight Night 165,Da Un Jung,Mike Rodriguez,Da Un Jung,2.1,1.83,Da Un Jung,Mike Rodriguez
2752,UFC Fight Night 165,Jun Yong Park,Marc-Andre Barriault,Jun Yong Park,2.15,1.82,Jun Yong Park,Marc-Andre Barriault
2753,UFC Fight Night 165,Kyung Ho Kang,Pingyuan Liu,Kyung Ho Kang,1.43,3.15,Pingyuan Liu,Kyung Ho Kang
2754,UFC Fight Night 165,Ciryl Gane,Tanner Boser,Ciryl Gane,1.17,6.15,Tanner Boser,Ciryl Gane
2755,UFC Fight Night 165,Suman Mokhtarian,Seung Woo Choi,Seung Woo Choi,3.5,1.38,Suman Mokhtarian,Seung Woo Choi
2756,UFC Fight Night 165,Omar Morales,Dong Hyun Ma,Omar Morales,1.49,3.1,Dong Hyun Ma,Omar Morales
2757,UFC Fight Night 165,Alexandre Pantoja,Matt Schnell,Alexandre Pantoja,1.44,3.25,Matt Schnell,Alexandre Pantoja
2758,UFC Fight Night 165,Said Nurmagomedov,Raoni Barcelos,Raoni Barcelos,1.91,2.05,Raoni Barcelos,Said Nurmagomedov
2759,UFC Fight Night 165,Amanda Lemos,Miranda Granger,Amanda Lemos,2.8,1.55,Amanda Lemos,Miranda Granger
2760,UFC Fight Night 165,Heili Alateng,Ryan Benoit,Heili Alateng,2.06,1.91,Heili Alateng,Ryan Benoit
2761,UFC 246,Conor McGregor,Donald Cerrone,Conor McGregor,1.41,3.66,Donald Cerrone,Conor McGregor
2762,UFC 246,Holly Holm,Raquel Pennington,Holly Holm,1.73,2.38,Raquel Pennington,Holly Holm
2763,UFC 246,Maurice Greene,Aleksei Oleinik,Aleksei Oleinik,1.91,2.01,Aleksei Oleinik,Maurice Greene
2764,UFC 246,Ode Osbourne,Brian Kelleher,Brian Kelleher,1.72,2.4,Brian Kelleher,Ode Osbourne
2765,UFC 246,Anthony Pettis,Carlos Diego Ferreira,Carlos Diego Ferreira,3,1.8,Anthony Pettis,Carlos Diego Ferreira
2766,UFC 246,Maycee Barber,Roxanne Modafferi,Roxanne Modafferi,1.12,8.02,Roxanne Modafferi,Maycee Barber
2767,UFC 246,Andre Fili,Sodiq Yusuff,Sodiq Yusuff,2.25,1.77,Andre Fili,Sodiq Yusuff
2768,UFC 246,Tim Elliott,Askar Askarov,Askar Askarov,2.35,1.78,Tim Elliott,Askar Askarov
2769,UFC 246,Nasrat Haqparast,Drew Dober,Drew Dober,1.33,3.85,Drew Dober,Nasrat Haqparast
2770,UFC 246,Aleksa Camur,Justin Ledet,Aleksa Camur,1.83,2.15,Justin Ledet,Aleksa Camur
2771,UFC 246,J.J. Aldrich,Sabina Mazo,Sabina Mazo,1.91,2.05,Sabina Mazo,J.J. Aldrich
2772,UFC Fight Night 166,Curtis Blaydes,Junior dos Santos,Curtis Blaydes,1.37,3.6,Junior dos Santos,Curtis Blaydes
2773,UFC Fight Night 166,Rafael dos Anjos,Michael Chiesa,Michael Chiesa,1.5,2.9,Michael Chiesa,Rafael dos Anjos
2774,UFC Fight Night 166,Jordan Espinosa,Alex Perez,Alex Perez,3.35,1.43,Jordan Espinosa,Alex Perez
2775,UFC Fight Night 166,Hannah Cifers,Angela Hill,Angela Hill,2.95,1.5,Hannah Cifers,Angela Hill
2776,UFC Fight Night 166,Jamahal Hill,Darko Stosic,Jamahal Hill,1.8,2.2,Darko Stosic,Jamahal Hill
2777,UFC Fight Night 166,Bevon Lewis,Dequan Townsend,Bevon Lewis,1.28,4.5,Dequan Townsend,Bevon Lewis
2778,UFC Fight Night 166,Nik Lentz,Arnold Allen,Arnold Allen,3.25,1.45,Nik Lentz,Arnold Allen
2779,UFC Fight Night 166,Justine Kish,Lucie Pudilova,Justine Kish,2.55,1.62,Justine Kish,Lucie Pudilova
2780,UFC Fight Night 166,Montel Jackson,Felipe Colares,Montel Jackson,1.17,6.3,Felipe Colares,Montel Jackson
2781,UFC Fight Night 166,Sara McMann,Lina Lansberg,Sara McMann,1.8,2.25,Lina Lansberg,Sara McMann
2782,UFC Fight Night 166,Brett Johns,Tony Gravely,Brett Johns,1.9,2.13,Tony Gravely,Brett Johns
2783,UFC Fight Night 166,Herbert Burns,Nate Landwehr,Herbert Burns,2.03,1.91,Herbert Burns,Nate Landwehr
2784,UFC 247,Jon Jones,Dominick Reyes,Jon Jones,1.25,4.75,Dominick Reyes,Jon Jones
2785,UFC 247,Valentina Shevchenko,Katlyn Chookagian,Valentina Shevchenko,1.12,8.25,Katlyn Chookagian,Valentina Shevchenko
2786,UFC 247,Juan Adams,Justin Tafa,Justin Tafa,1.44,3.2,Justin Tafa,Juan Adams
2787,UFC 247,Mirsad Bektic,Dan Ige,Dan Ige,1.93,2,Dan Ige,Mirsad Bektic
2788,UFC 247,Derrick Lewis,Ilir Latifi,Derrick Lewis,1.44,3.84,Ilir Latifi,Derrick Lewis
2789,UFC 247,Trevin Giles,James Krause,Trevin Giles,2,2.03,James Krause,Trevin Giles
2790,UFC 247,Andrea Lee,Lauren Murphy,Lauren Murphy,1.35,3.6,Lauren Murphy,Andrea Lee
2791,UFC 247,Alex Morono,Kalinn Williams,Kalinn Williams,1.29,4.55,Kalinn Williams,Alex Morono
2792,UFC 247,Miles Johns,Mario Bautista,Mario Bautista,1.8,2.27,Mario Bautista,Miles Johns
2793,UFC 247,Journey Newson,Domingo Pilarte,Journey Newson,2.1,1.91,Journey Newson,Domingo Pilarte
2794,UFC 247,Andre Ewell,Jonathan Martinez,Andre Ewell,1.87,2.05,Jonathan Martinez,Andre Ewell
2795,UFC 247,Youssef Zalal,Austin Lingo,Youssef Zalal,2.87,1.53,Youssef Zalal,Austin Lingo
2796,UFC Fight Night 167,Corey Anderson,Jan Blachowicz,Jan Blachowicz,1.47,3,Jan Blachowicz,Corey Anderson
2797,UFC Fight Night 167,Diego Sanchez,Michel Pereira,Diego Sanchez,2.45,1.67,Diego Sanchez,Michel Pereira
2798,UFC Fight Night 167,Mara Romero Borella,Montana De La Rosa,Montana De La Rosa,2.6,1.59,Mara Romero Borella,Montana De La Rosa
2799,UFC Fight Night 167,Brok Weaver,Rodrigo Vargas,Brok Weaver,1.38,3.45,Rodrigo Vargas,Brok Weaver
2800,UFC Fight Night 167,Ray Borg,Rogerio Bontorin,Ray Borg,1.71,2.35,Rogerio Bontorin,Ray Borg
2801,UFC Fight Night 167,Yancy Medeiros,Lando Vannata,Lando Vannata,2.05,1.91,Yancy Medeiros,Lando Vannata
2802,UFC Fight Night 167,Tim Means,Daniel Rodriguez,Daniel Rodriguez,1.36,3.94,Daniel Rodriguez,Tim Means
2803,UFC Fight Night 167,John Dodson,Nathaniel Wood,John Dodson,2.35,1.69,John Dodson,Nathaniel Wood
2804,UFC Fight Night 167,Jim Miller,Scott Holtzman,Scott Holtzman,2.26,1.76,Jim Miller,Scott Holtzman
2805,UFC Fight Night 167,Devin Clark,Dequan Townsend,Devin Clark,1.28,4.36,Dequan Townsend,Devin Clark
2806,UFC Fight Night 167,Casey Kenney,Merab Dvalishvili,Merab Dvalishvili,2.55,1.62,Casey Kenney,Merab Dvalishvili
2807,UFC Fight Night 167,Shanna Young,Macy Chiasson,Macy Chiasson,7,1.14,Shanna Young,Macy Chiasson
2808,UFC Fight Night 167,Mark Delarosa,Raulian Paiva,Raulian Paiva,3.15,1.44,Mark Delarosa,Raulian Paiva
2809,UFC 248,Israel Adesanya,Yoel Romero,Israel Adesanya,1.38,3.4,Yoel Romero,Israel Adesanya
2810,UFC 248,Weili Zhang,Joanna Jedrzejczyk,Weili Zhang,1.67,2.75,Joanna Jedrzejczyk,Weili Zhang
2811,UFC 248,Beneil Dariush,Drakkar Klose,Beneil Dariush,1.62,2.52,Drakkar Klose,Beneil Dariush
2812,UFC 248,Neil Magny,Li Jingliang,Neil Magny,2.57,1.6,Neil Magny,Li Jingliang
2813,UFC 248,Alex Oliveira,Max Griffin,Alex Oliveira,1.75,2.25,Max Griffin,Alex Oliveira
2814,UFC 248,Jose Quinonez,Sean O'Malley,Sean O'Malley,4,1.37,Jose Quinonez,Sean O'Malley
2815,UFC 248,Mark O. Madsen,Austin Hubbard,Mark O. Madsen,1.48,2.95,Austin Hubbard,Mark O. Madsen
2816,UFC 248,Rodolfo Vieira,Saparbek Safarov,Rodolfo Vieira,1.18,6,Saparbek Safarov,Rodolfo Vieira
2817,UFC 248,Deron Winn,Gerald Meerschaert,Gerald Meerschaert,1.74,2.28,Gerald Meerschaert,Deron Winn
2818,UFC 248,Jamall Emmers,Giga Chikadze,Giga Chikadze,1.59,2.6,Giga Chikadze,Jamall Emmers
2819,UFC 248,Guido Cannetti,Danaa Batgerel,Danaa Batgerel,2.15,1.83,Guido Cannetti,Danaa Batgerel
2820,UFC Fight Night 169,Kevin Lee,Charles Oliveira,Charles Oliveira,1.83,2.29,Charles Oliveira,Kevin Lee
2821,UFC Fight Night 169,Demian Maia,Gilbert Burns,Gilbert Burns,2.45,1.74,Demian Maia,Gilbert Burns
2822,UFC Fight Night 169,Renato Moicano,Damir Hadzovic,Renato Moicano,1.24,4.75,Damir Hadzovic,Renato Moicano
2823,UFC Fight Night 169,Johnny Walker,Nikita Krylov,Nikita Krylov,1.72,2.55,Nikita Krylov,Johnny Walker
2824,UFC Fight Night 169,Francisco Trinaldo,John Makdessi,Francisco Trinaldo,1.67,4.31,John Makdessi,Francisco Trinaldo
2825,UFC Fight Night 169,Jussier Formiga,Brandon Moreno,Brandon Moreno,1.61,2.75,Brandon Moreno,Jussier Formiga
2826,UFC Fight Night 169,Randa Markos,Amanda Ribas,Amanda Ribas,10.35,1.24,Randa Markos,Amanda Ribas
2827,UFC Fight Night 169,Elizeu Zaleski dos Santos,Alexey Kunchenko,Elizeu Zaleski dos Santos,1.92,2.1,Alexey Kunchenko,Elizeu Zaleski dos Santos
2828,UFC Fight Night 169,Maryna Moroz,Mayra Bueno Silva,Maryna Moroz,2.5,1.65,Maryna Moroz,Mayra Bueno Silva
2829,UFC Fight Night 169,Bruno Silva,David Dvorak,David Dvorak,2.1,2.01,Bruno Silva,David Dvorak
2830,UFC Fight Night 169,Veronica Macedo,Bea Malecki,Bea Malecki,1.92,2.06,Bea Malecki,Veronica Macedo
2831,UFC 249,Tony Ferguson,Justin Gaethje,Justin Gaethje,1.53,2.77,Justin Gaethje,Tony Ferguson
2832,UFC 249,Henry Cejudo,Dominick Cruz,Henry Cejudo,1.5,3.05,Dominick Cruz,Henry Cejudo
2833,UFC 249,Francis Ngannou,Jairzinho Rozenstruik,Francis Ngannou,1.39,3.43,Jairzinho Rozenstruik,Francis Ngannou
2834,UFC 249,Jeremy Stephens,Calvin Kattar,Calvin Kattar,3.4,1.41,Jeremy Stephens,Calvin Kattar
2835,UFC 249,Greg Hardy,Yorgan De Castro,Greg Hardy,1.53,2.75,Yorgan De Castro,Greg Hardy
2836,UFC 249,Donald Cerrone,Anthony Pettis,Anthony Pettis,2.35,1.69,Donald Cerrone,Anthony Pettis
2837,UFC 249,Fabricio Werdum,Aleksei Oleinik,Aleksei Oleinik,1.32,3.9,Aleksei Oleinik,Fabricio Werdum
2838,UFC 249,Carla Esparza,Michelle Waterson,Carla Esparza,1.7,2.32,Michelle Waterson,Carla Esparza
2839,UFC 249,Niko Price,Vicente Luque,Vicente Luque,3.4,1.4,Niko Price,Vicente Luque
2840,UFC 249,Bryce Mitchell,Charles Rosa,Bryce Mitchell,1.62,2.5,Charles Rosa,Bryce Mitchell
2841,UFC 249,Ryan Spann,Sam Alvey,Ryan Spann,1.24,4.75,Sam Alvey,Ryan Spann
2842,UFC Fight Night 170,Anthony Smith,Glover Teixeira,Glover Teixeira,1.46,3.1,Glover Teixeira,Anthony Smith
2843,UFC Fight Night 170,Ben Rothwell,Ovince St Preux,Ben Rothwell,2.35,1.71,Ben Rothwell,Ovince St Preux
2844,UFC Fight Night 170,Alexander Hernandez,Drew Dober,Drew Dober,2.5,1.65,Alexander Hernandez,Drew Dober
2845,UFC Fight Night 170,Ray Borg,Ricky Simon,Ricky Simon,2.48,1.66,Ray Borg,Ricky Simon
2846,UFC Fight Night 170,Andrei Arlovski,Philipe Lins,Andrei Arlovski,3.98,1.47,Andrei Arlovski,Philipe Lins
2847,UFC Fight Night 170,Michael Johnson,Thiago Moises,Thiago Moises,1.97,2,Thiago Moises,Michael Johnson
2848,UFC Fight Night 170,Sijara Eubanks,Sarah Moras,Sijara Eubanks,1.32,4,Sarah Moras,Sijara Eubanks
2849,UFC Fight Night 170,Gabriel Benitez,Omar Morales,Omar Morales,2.5,1.64,Gabriel Benitez,Omar Morales
2850,UFC Fight Night 170,Hunter Azure,Brian Kelleher,Brian Kelleher,1.48,3.05,Brian Kelleher,Hunter Azure
2851,UFC Fight Night 170,Chase Sherman,Ike Villanueva,Chase Sherman,1.61,2.65,Ike Villanueva,Chase Sherman
2852,UFC Fight Night 171,Alistair Overeem,Walt Harris,Alistair Overeem,2.38,1.71,Alistair Overeem,Walt Harris
2853,UFC Fight Night 171,Claudia Gadelha,Angela Hill,Claudia Gadelha,1.44,3.25,Angela Hill,Claudia Gadelha
2854,UFC Fight Night 171,Edson Barboza,Dan Ige,Dan Ige,1.84,2.27,Dan Ige,Edson Barboza
2855,UFC Fight Night 171,Eryk Anders,Krzysztof Jotko,Krzysztof Jotko,2.11,2,Eryk Anders,Krzysztof Jotko
2856,UFC Fight Night 171,Marlon Vera,Yadong Song,Yadong Song,2.75,1.52,Marlon Vera,Yadong Song
2857,UFC Fight Night 171,Matt Brown,Miguel Baeza,Miguel Baeza,2.4,1.74,Matt Brown,Miguel Baeza
2858,UFC Fight Night 171,Kevin Holland,Anthony Hernandez,Kevin Holland,2,1.95,Kevin Holland,Anthony Hernandez
2859,UFC Fight Night 171,Irwin Rivera,Giga Chikadze,Giga Chikadze,4.75,1.25,Irwin Rivera,Giga Chikadze
2860,UFC Fight Night 171,Darren Elkins,Nate Landwehr,Nate Landwehr,1.85,2.1,Nate Landwehr,Darren Elkins
2861,UFC Fight Night 171,Cortney Casey,Mara Romero Borella,Cortney Casey,1.62,2.6,Mara Romero Borella,Cortney Casey
2862,UFC Fight Night 171,Don'tale Mayes,Rodrigo Nascimento Ferreira,Rodrigo Nascimento Ferreira,2,1.94,Don'tale Mayes,Rodrigo Nascimento Ferreira
2863,UFC Fight Night 172,Tyron Woodley,Gilbert Burns,Gilbert Burns,1.56,2.64,Gilbert Burns,Tyron Woodley
2864,UFC Fight Night 172,Augusto Sakai,Blagoy Ivanov,Augusto Sakai,1.86,2.13,Blagoy Ivanov,Augusto Sakai
2865,UFC Fight Night 172,Billy Quarantillo,Spike Carlyle,Billy Quarantillo,1.91,2.05,Spike Carlyle,Billy Quarantillo
2866,UFC Fight Night 172,Roosevelt Roberts,Brok Weaver,Roosevelt Roberts,1.29,4.3,Brok Weaver,Roosevelt Roberts
2867,UFC Fight Night 172,Mackenzie Dern,Hannah Cifers,Mackenzie Dern,1.22,5.31,Hannah Cifers,Mackenzie Dern
2868,UFC Fight Night 172,Antonina Shevchenko,Katlyn Chookagian,Katlyn Chookagian,1.72,2.3,Katlyn Chookagian,Antonina Shevchenko
2869,UFC Fight Night 172,Gabriel Green,Daniel Rodriguez,Daniel Rodriguez,4.19,1.31,Gabriel Green,Daniel Rodriguez
2870,UFC Fight Night 172,Jamahal Hill,Klidson Farias de Abreu,Jamahal Hill,1.86,2.3,Klidson Farias de Abreu,Jamahal Hill
2871,UFC Fight Night 172,Brandon Royval,Tim Elliott,Brandon Royval,2.35,1.77,Brandon Royval,Tim Elliott
2872,UFC Fight Night 172,Casey Kenney,Louis Smolka,Casey Kenney,1.36,3.6,Louis Smolka,Casey Kenney
2873,UFC Fight Night 172,Chris Gutierrez,Vincent Morales,Chris Gutierrez,1.91,2.05,Vincent Morales,Chris Gutierrez
2874,UFC 250,Amanda Nunes,Felicia Spencer,Amanda Nunes,1.21,5.5,Felicia Spencer,Amanda Nunes
2875,UFC 250,Cody Garbrandt,Raphael Assuncao,Cody Garbrandt,1.67,2.4,Raphael Assuncao,Cody Garbrandt
2876,UFC 250,Aljamain Sterling,Cory Sandhagen,Aljamain Sterling,1.91,2.02,Cory Sandhagen,Aljamain Sterling
2877,UFC 250,Tony Martin,Neil Magny,Neil Magny,2.3,1.79,Tony Martin,Neil Magny
2878,UFC 250,Eddie Wineland,Sean O'Malley,Sean O'Malley,5.61,1.2,Eddie Wineland,Sean O'Malley
2879,UFC 250,Alex Caceres,Chase Hooper,Alex Caceres,2.9,1.49,Alex Caceres,Chase Hooper
2880,UFC 250,Ian Heinisch,Gerald Meerschaert,Ian Heinisch,1.75,2.25,Gerald Meerschaert,Ian Heinisch
2881,UFC 250,Brian Kelleher,Cody Stamann,Cody Stamann,3.05,1.5,Brian Kelleher,Cody Stamann
2882,UFC 250,Charles Byrd,Maki Pitolo,Maki Pitolo,1.57,2.7,Maki Pitolo,Charles Byrd
2883,UFC 250,Jussier Formiga,Alex Perez,Alex Perez,2.25,1.76,Jussier Formiga,Alex Perez
2884,UFC 250,Alonzo Menifield,Devin Clark,Devin Clark,1.5,3.3,Devin Clark,Alonzo Menifield
2885,UFC 250,Evan Dunham,Herbert Burns,Herbert Burns,3.4,1.48,Evan Dunham,Herbert Burns
2886,UFC Fight Night 173,Cynthia Calvillo,Jessica Eye,Cynthia Calvillo,1.9,2.4,Jessica Eye,Cynthia Calvillo
2887,UFC Fight Night 173,Marvin Vettori,Karl Roberson,Marvin Vettori,1.53,2.9,Karl Roberson,Marvin Vettori
2888,UFC Fight Night 173,Charles Rosa,Kevin Aguilar,Charles Rosa,2.55,1.66,Charles Rosa,Kevin Aguilar
2889,UFC Fight Night 173,Andre Fili,Charles Jourdain,Andre Fili,1.48,2.95,Charles Jourdain,Andre Fili
2890,UFC Fight Night 173,Jordan Espinosa,Mark Delarosa,Jordan Espinosa,1.6,2.65,Mark Delarosa,Jordan Espinosa
2891,UFC Fight Night 173,Mariya Agapova,Hannah Cifers,Mariya Agapova,1.39,4.2,Hannah Cifers,Mariya Agapova
2892,UFC Fight Night 173,Merab Dvalishvili,Gustavo Lopez,Merab Dvalishvili,1.15,6.87,Gustavo Lopez,Merab Dvalishvili
2893,UFC Fight Night 173,Julia Avila,Gina Mazany,Julia Avila,1.2,6.05,Gina Mazany,Julia Avila
2894,UFC Fight Night 173,Zarrukh Adashev,Tyson Nam,Tyson Nam,2.25,1.77,Zarrukh Adashev,Tyson Nam
2895,UFC Fight Night 173,Christian Aguilera,Anthony Ivy,Christian Aguilera,2.87,1.54,Christian Aguilera,Anthony Ivy
2896,UFC Fight Night 174,Curtis Blaydes,Alexander Volkov,Curtis Blaydes,1.32,4.3,Alexander Volkov,Curtis Blaydes
2897,UFC Fight Night 174,Josh Emmett,Shane Burgos,Josh Emmett,2.75,1.59,Josh Emmett,Shane Burgos
2898,UFC Fight Night 174,Raquel Pennington,Marion Reneau,Raquel Pennington,1.45,3.16,Marion Reneau,Raquel Pennington
2899,UFC Fight Night 174,Belal Muhammad,Lyman Good,Belal Muhammad,1.89,2.05,Lyman Good,Belal Muhammad
2900,UFC Fight Night 174,Jim Miller,Roosevelt Roberts,Jim Miller,3.13,1.45,Jim Miller,Roosevelt Roberts
2901,UFC Fight Night 174,Clay Guida,Bobby Green,Bobby Green,3.36,1.4,Clay Guida,Bobby Green
2902,UFC Fight Night 174,Brianna Van Buren,Tecia Torres,Tecia Torres,1.45,3.1,Tecia Torres,Brianna Van Buren
2903,UFC Fight Night 174,Marc-Andre Barriault,Oskar Piechota,Marc-Andre Barriault,1.83,2.2,Oskar Piechota,Marc-Andre Barriault
2904,UFC Fight Night 174,Cortney Casey,Gillian Robertson,Gillian Robertson,2.05,1.94,Cortney Casey,Gillian Robertson
2905,UFC Fight Night 174,Frank Camacho,Justin Jaynes,Justin Jaynes,1.44,3.6,Justin Jaynes,Frank Camacho
2906,UFC Fight Night 174,Roxanne Modafferi,Lauren Murphy,Lauren Murphy,2.15,1.9,Roxanne Modafferi,Lauren Murphy
2907,UFC Fight Night 174,Austin Hubbard,Max Rohskopf,Austin Hubbard,2.7,1.59,Austin Hubbard,Max Rohskopf
2908,UFC Fight Night 175,Dustin Poirier,Daniel Hooker,Dustin Poirier,1.47,2.95,Daniel Hooker,Dustin Poirier
2909,UFC Fight Night 175,Mike Perry,Mickey Gall,Mike Perry,1.32,3.8,Mickey Gall,Mike Perry
2910,UFC Fight Night 175,Gian Villante,Maurice Greene,Maurice Greene,3.18,1.48,Gian Villante,Maurice Greene
2911,UFC Fight Night 175,Kyle Daukaus,Brendan Allen,Brendan Allen,3.65,1.34,Kyle Daukaus,Brendan Allen
2912,UFC Fight Night 175,Takashi Sato,Jason Witt,Takashi Sato,1.41,3.35,Jason Witt,Takashi Sato
2913,UFC Fight Night 175,Sean Woodson,Julian Erosa,Julian Erosa,1.2,5.35,Julian Erosa,Sean Woodson
2914,UFC Fight Night 175,Luis Pena,Khama Worthy,Khama Worthy,1.44,3.25,Khama Worthy,Luis Pena
2915,UFC Fight Night 175,Philipe Lins,Tanner Boser,Tanner Boser,1.91,2.05,Tanner Boser,Philipe Lins
2916,UFC Fight Night 175,Jinh Yu Frey,Kay Hansen,Kay Hansen,2.75,1.59,Jinh Yu Frey,Kay Hansen
2917,UFC Fight Night 175,Jordan Griffin,Youssef Zalal,Youssef Zalal,2.16,1.83,Jordan Griffin,Youssef Zalal
2918,UFC 251,Kamaru Usman,Jorge Masvidal,Kamaru Usman,1.48,3.31,Jorge Masvidal,Kamaru Usman
2919,UFC 251,Alex Volkanovski,Max Holloway,Alex Volkanovski,1.5,2.94,Max Holloway,Alex Volkanovski
2920,UFC 251,Petr Yan,Jose Aldo,Petr Yan,1.49,3,Jose Aldo,Petr Yan
2921,UFC 251,Rose Namajunas,Jessica Andrade,Rose Namajunas,1.53,2.86,Jessica Andrade,Rose Namajunas
2922,UFC 251,Paige VanZant,Amanda Ribas,Amanda Ribas,7.75,1.17,Paige VanZant,Amanda Ribas
2923,UFC 251,Volkan Oezdemir,Jiri Prochazka,Jiri Prochazka,1.68,2.35,Jiri Prochazka,Volkan Oezdemir
2924,UFC 251,Elizeu Zaleski dos Santos,Muslim Salikhov,Muslim Salikhov,2.18,1.81,Elizeu Zaleski dos Santos,Muslim Salikhov
2925,UFC 251,Danny Henry,Makwan Amirkhani,Makwan Amirkhani,2.8,1.53,Danny Henry,Makwan Amirkhani
2926,UFC 251,Leonardo Santos,Roman Bogatov,Leonardo Santos,1.6,2.6,Roman Bogatov,Leonardo Santos
2927,UFC 251,Marcin Tybura,Maxim Grishin,Marcin Tybura,1.95,1.98,Maxim Grishin,Marcin Tybura
2928,UFC 251,Raulian Paiva,Zhalgas Zhumagulov,Raulian Paiva,1.6,2.53,Zhalgas Zhumagulov,Raulian Paiva
2929,UFC 251,Vanessa Melo,Karol Rosa,Karol Rosa,3.11,1.44,Vanessa Melo,Karol Rosa
2930,UFC 251,Martin Day,Davey Grant,Davey Grant,1.64,2.6,Davey Grant,Martin Day
2931,UFC Fight Island 1,Calvin Kattar,Dan Ige,Calvin Kattar,1.38,3.5,Dan Ige,Calvin Kattar
2932,UFC Fight Island 1,Tim Elliott,Ryan Benoit,Tim Elliott,1.8,2.25,Ryan Benoit,Tim Elliott
2933,UFC Fight Island 1,Jimmie Rivera,Cody Stamann,Jimmie Rivera,1.8,2.2,Cody Stamann,Jimmie Rivera
2934,UFC Fight Island 1,Molly McCann,Taila Santos,Taila Santos,1.7,2.33,Taila Santos,Molly McCann
2935,UFC Fight Island 1,Abdul Razak Alhassan,Mounir Lazzez,Mounir Lazzez,1.32,3.85,Mounir Lazzez,Abdul Razak Alhassan
2936,UFC Fight Island 1,John Phillips,Khamzat Chimaev,Khamzat Chimaev,4.09,1.29,John Phillips,Khamzat Chimaev
2937,UFC Fight Island 1,Ricardo Ramos,Lerone Murphy,Lerone Murphy,1.67,2.47,Lerone Murphy,Ricardo Ramos
2938,UFC Fight Island 1,Modestas Bukauskas,Andreas Michailidis,Modestas Bukauskas,1.61,2.55,Andreas Michailidis,Modestas Bukauskas
2939,UFC Fight Island 1,Jared Gordon,Chris Fishgold,Jared Gordon,1.71,2.35,Chris Fishgold,Jared Gordon
2940,UFC Fight Island 1,Liana Jojua,Diana Belbita,Liana Jojua,2.65,1.57,Liana Jojua,Diana Belbita
2941,UFC Fight Island 1,Jack Shore,Aaron Phillips,Jack Shore,1.14,6.8,Aaron Phillips,Jack Shore
2942,UFC Fight Island 2,Deiveson Figueiredo,Joseph Benavidez,Deiveson Figueiredo,1.44,3.05,Joseph Benavidez,Deiveson Figueiredo
2943,UFC Fight Island 2,Jack Hermansson,Kelvin Gastelum,Jack Hermansson,1.98,2,Kelvin Gastelum,Jack Hermansson
2944,UFC Fight Island 2,Marc Diakiese,Rafael Fiziev,Rafael Fiziev,1.57,2.86,Rafael Fiziev,Marc Diakiese
2945,UFC Fight Island 2,Ariane Lipski,Luana Carolina,Ariane Lipski,1.9,2.15,Luana Carolina,Ariane Lipski
2946,UFC Fight Island 2,Alexandre Pantoja,Askar Askarov,Askar Askarov,1.57,2.8,Askar Askarov,Alexandre Pantoja
2947,UFC Fight Island 2,Khadis Ibragimov,Roman Dolidze,Roman Dolidze,2.45,1.68,Khadis Ibragimov,Roman Dolidze
2948,UFC Fight Island 2,Grant Dawson,Nad Narimani,Grant Dawson,1.36,3.63,Nad Narimani,Grant Dawson
2949,UFC Fight Island 2,Joseph Duffy,Joel Alvarez,Joel Alvarez,1.42,3.3,Joel Alvarez,Joseph Duffy
2950,UFC Fight Island 2,Brett Johns,Montel Jackson,Brett Johns,3.41,1.4,Brett Johns,Montel Jackson
2951,UFC Fight Island 2,Amir Albazi,Malcolm Gordon,Amir Albazi,1.76,2.34,Malcolm Gordon,Amir Albazi
2952,UFC Fight Island 2,Davi Ramos,Arman Tsarukyan,Arman Tsarukyan,3.26,1.45,Davi Ramos,Arman Tsarukyan
2953,UFC Fight Island 2,Carlos Felipe,Sergey Spivak,Sergey Spivak,2.75,1.57,Carlos Felipe,Sergey Spivak
2954,UFC Fight Island 3,Robert Whittaker,Darren Till,Robert Whittaker,1.79,2.15,Darren Till,Robert Whittaker
2955,UFC Fight Island 3,Mauricio Rua,Rogerio Nogueira,Mauricio Rua,1.56,2.7,Rogerio Nogueira,Mauricio Rua
2956,UFC Fight Island 3,Alexander Gustafsson,Fabricio Werdum,Fabricio Werdum,1.3,3.94,Fabricio Werdum,Alexander Gustafsson
2957,UFC Fight Island 3,Marina Alcalde Rodriguez,Carla Esparza,Carla Esparza,1.59,2.58,Carla Esparza,Marina Alcalde Rodriguez
2958,UFC Fight Island 3,Paul Craig,Gadzhimurad Antigulov,Paul Craig,1.8,2.18,Gadzhimurad Antigulov,Paul Craig
2959,UFC Fight Island 3,Peter Sobotta,Alex Oliveira,Alex Oliveira,2.5,1.64,Peter Sobotta,Alex Oliveira
2960,UFC Fight Island 3,Khamzat Chimaev,Rhys McKee,Khamzat Chimaev,1.09,10,Rhys McKee,Khamzat Chimaev
2961,UFC Fight Island 3,Francisco Trinaldo,Jai Herbert,Francisco Trinaldo,1.79,2.3,Jai Herbert,Francisco Trinaldo
2962,UFC Fight Island 3,Nicolas Dalby,Jesse Ronson,Jesse Ronson,1.43,3.25,Jesse Ronson,Nicolas Dalby
2963,UFC Fight Island 3,Jake Collier,Tom Aspinall,Tom Aspinall,3.06,1.45,Jake Collier,Tom Aspinall
2964,UFC Fight Island 3,Mike Grundy,Movsar Evloev,Movsar Evloev,2.74,1.56,Mike Grundy,Movsar Evloev
2965,UFC Fight Island 3,Tanner Boser,Raphael Pessoa,Tanner Boser,1.4,3.36,Raphael Pessoa,Tanner Boser
2966,UFC Fight Island 3,Bethe Correia,Pannie Kianzad,Pannie Kianzad,2.43,1.69,Bethe Correia,Pannie Kianzad
2967,UFC Fight Island 3,Nathaniel Wood,John Castaneda,Nathaniel Wood,1.24,4.62,John Castaneda,Nathaniel Wood
2968,UFC Fight Island 3,Ramazan Emeev,Niklas Stolze,Ramazan Emeev,1.26,4.48,Niklas Stolze,Ramazan Emeev
2969,UFC Vegas 5,Edmen Shahbazyan,Derek Brunson,Derek Brunson,1.29,4.15,Derek Brunson,Edmen Shahbazyan
2970,UFC Vegas 5,Jennifer Maia,Joanne Wood,Jennifer Maia,2.8,1.53,Jennifer Maia,Joanne Wood
2971,UFC Vegas 5,Vicente Luque,Randy Brown,Vicente Luque,1.54,2.8,Randy Brown,Vicente Luque
2972,UFC Vegas 5,Lando Vannata,Bobby Green,Bobby Green,1.76,2.35,Bobby Green,Lando Vannata
2973,UFC Vegas 5,Jonathan Martinez,Frankie Saenz,Jonathan Martinez,1.42,3.15,Frankie Saenz,Jonathan Martinez
2974,UFC Vegas 5,Johnny Munoz,Nathan Maness,Nathan Maness,2,1.93,Johnny Munoz,Nathan Maness
2975,UFC Vegas 5,Jamall Emmers,Vince Cachero,Jamall Emmers,1.22,5.15,Vince Cachero,Jamall Emmers
2976,UFC Vegas 6,Derrick Lewis,Aleksei Oleinik,Derrick Lewis,1.52,2.8,Aleksei Oleinik,Derrick Lewis
2977,UFC Vegas 6,Chris Weidman,Omari Akhmedov,Chris Weidman,1.71,2.38,Omari Akhmedov,Chris Weidman
2978,UFC Vegas 6,Darren Stewart,Maki Pitolo,Darren Stewart,1.57,2.69,Maki Pitolo,Darren Stewart
2979,UFC Vegas 6,Yana Santos,Julija Stoliarenko,Yana Santos,1.65,2.45,Julija Stoliarenko,Yana Santos
2980,UFC Vegas 6,Beneil Dariush,Scott Holtzman,Beneil Dariush,1.51,3.1,Scott Holtzman,Beneil Dariush
2981,UFC Vegas 6,Laureano Staropoli,Tim Means,Tim Means,1.7,2.4,Tim Means,Laureano Staropoli
2982,UFC Vegas 6,Kevin Holland,Joaquin Buckley,Kevin Holland,1.23,4.94,Joaquin Buckley,Kevin Holland
2983,UFC Vegas 6,Nasrat Haqparast,Alex Munoz,Nasrat Haqparast,1.43,3.36,Alex Munoz,Nasrat Haqparast
2984,UFC Vegas 6,Wellington Turman,Andrew Sanchez,Andrew Sanchez,1.87,2.2,Andrew Sanchez,Wellington Turman
2985,UFC Vegas 6,Justin Jaynes,Gavin Tucker,Gavin Tucker,2.15,1.92,Justin Jaynes,Gavin Tucker
2986,UFC Vegas 6,Peter Barrett,Youssef Zalal,Youssef Zalal,5.45,1.2,Peter Barrett,Youssef Zalal
2987,UFC Vegas 6,Irwin Rivera,Ali Al Qaisi,Irwin Rivera,1.67,2.5,Ali Al Qaisi,Irwin Rivera
2988,UFC 252,Stipe Miocic,Daniel Cormier,Stipe Miocic,2.12,1.93,Stipe Miocic,Daniel Cormier
2989,UFC 252,Sean O'Malley,Marlon Vera,Marlon Vera,1.36,3.5,Marlon Vera,Sean O'Malley
2990,UFC 252,Junior dos Santos,Jairzinho Rozenstruik,Jairzinho Rozenstruik,2.28,1.8,Junior dos Santos,Jairzinho Rozenstruik
2991,UFC 252,Herbert Burns,Daniel Pineda,Daniel Pineda,1.38,3.52,Daniel Pineda,Herbert Burns
2992,UFC 252,John Dodson,Merab Dvalishvili,Merab Dvalishvili,3.46,1.38,John Dodson,Merab Dvalishvili
2993,UFC 252,Jim Miller,Vinc Pichel,Vinc Pichel,2.13,1.83,Jim Miller,Vinc Pichel
2994,UFC 252,Felice Herrig,Virna Jandiroba,Virna Jandiroba,3.75,1.35,Felice Herrig,Virna Jandiroba
2995,UFC 252,T.J. Brown,Danny Chavez,Danny Chavez,1.76,2.3,Danny Chavez,T.J. Brown
2996,UFC 252,Livia Renata Souza,Ashley Yoder,Livia Renata Souza,1.55,2.8,Ashley Yoder,Livia Renata Souza
2997,UFC 252,Chris Daukaus,Parker Porter,Chris Daukaus,2,2.13,Parker Porter,Chris Daukaus
2998,UFC 252,Kai Kamaka,Tony Kelley,Kai Kamaka,1.43,3.31,Tony Kelley,Kai Kamaka
2999,UFC Vegas 7,Pedro Munhoz,Frankie Edgar,Frankie Edgar,1.42,3.31,Frankie Edgar,Pedro Munhoz
3000,UFC Vegas 7,Mike Rodriguez,Marcin Prachnio,Mike Rodriguez,1.48,3.06,Marcin Prachnio,Mike Rodriguez
3001,UFC Vegas 7,Austin Hubbard,Joe Solecki,Joe Solecki,1.87,2.1,Joe Solecki,Austin Hubbard
3002,UFC Vegas 7,Mariya Agapova,Shana Dobson,Shana Dobson,1.1,10.71,Shana Dobson,Mariya Agapova
3003,UFC Vegas 7,Dwight Grant,Daniel Rodriguez,Daniel Rodriguez,2.75,1.55,Dwight Grant,Daniel Rodriguez
3004,UFC Vegas 7,Mizuki Inoue,Amanda Lemos,Amanda Lemos,1.65,2.38,Amanda Lemos,Mizuki Inoue
3005,UFC Vegas 7,Ike Villanueva,Jordan Wright,Jordan Wright,2.05,1.93,Ike Villanueva,Jordan Wright
3006,UFC Vegas 7,Matt Semelsberger,Carlton Minus,Matt Semelsberger,,,,
3007,UFC Vegas 7,Timur Valiev,Trevin Jones,Trevin Jones,1.18,10.24,Trevin Jones,Timur Valiev
3008,UFC Fight Night 182,Anthony Smith,Aleksandar Rakic,Aleksandar Rakic,3.25,1.43,Anthony Smith,Aleksandar Rakic
3009,UFC Fight Night 182,Robbie Lawler,Neil Magny,Neil Magny,3.12,1.44,Robbie Lawler,Neil Magny
3010,UFC Fight Night 182,Alexa Grasso,Ji Yeon Kim,Alexa Grasso,1.39,3.38,Ji Yeon Kim,Alexa Grasso
3011,UFC Fight Night 182,Bill Algeo,Ricardo Lamas,Ricardo Lamas,3.4,1.41,Bill Algeo,Ricardo Lamas
3012,UFC Fight Night 182,Impa Kasanganay,Maki Pitolo,Impa Kasanganay,1.72,2.35,Maki Pitolo,Impa Kasanganay
3013,UFC Fight Night 182,Zak Cummings,Alessio Di Chirico,Zak Cummings,2.2,1.79,Zak Cummings,Alessio Di Chirico
3014,UFC Fight Night 182,Austin Springer,Alex Caceres,Alex Caceres,2.8,1.54,Austin Springer,Alex Caceres
3015,UFC Fight Night 182,Sean Brady,Christian Aguilera,Sean Brady,1.24,4.73,Christian Aguilera,Sean Brady
3016,UFC Fight Night 182,Polyana Viana,Emily Whitmire,Polyana Viana,2.23,1.77,Polyana Viana,Emily Whitmire
3017,UFC Fight Night 182,Mallory Martin,Hannah Cifers,Mallory Martin,1.34,3.65,Hannah Cifers,Mallory Martin
3018,UFC Fight Night 183,Alistair Overeem,Augusto Sakai,Alistair Overeem,1.64,2.5,Augusto Sakai,Alistair Overeem
3019,UFC Fight Night 183,Ovince St Preux,Alonzo Menifield,Ovince St Preux,2.43,1.74,Ovince St Preux,Alonzo Menifield
3020,UFC Fight Night 183,Michel Pereira,Zelim Imadaev,Michel Pereira,1.74,2.38,Zelim Imadaev,Michel Pereira
3021,UFC Fight Night 183,Bartosz Fabinski,Andre Muniz,Andre Muniz,1.71,2.34,Andre Muniz,Bartosz Fabinski
3022,UFC Fight Night 183,Brian Kelleher,Ray Rodriguez,Brian Kelleher,1.28,4.25,Ray Rodriguez,Brian Kelleher
3023,UFC Fight Night 183,Montana De La Rosa,Viviane Araujo,Viviane Araujo,2.75,1.54,Montana De La Rosa,Viviane Araujo
3024,UFC Fight Night 183,Cole Smith,Hunter Azure,Hunter Azure,3.36,1.41,Cole Smith,Hunter Azure
3025,UFC FN - Covington vs Woodley,Colby Covington,Tyron Woodley,Colby Covington,1.35,3.9,Tyron Woodley,Colby Covington
3026,UFC FN - Covington vs Woodley,Khamzat Chimaev,Gerald Meerschaert,Khamzat Chimaev,1.25,4.55,Gerald Meerschaert,Khamzat Chimaev
3027,UFC FN - Covington vs Woodley,Johnny Walker,Ryan Spann,Johnny Walker,1.83,2.15,Ryan Spann,Johnny Walker
3028,UFC FN - Covington vs Woodley,Mackenzie Dern,Randa Markos,Mackenzie Dern,1.65,2.47,Randa Markos,Mackenzie Dern
3029,UFC FN - Covington vs Woodley,Kevin Holland,Darren Stewart,Kevin Holland,1.38,3.4,Darren Stewart,Kevin Holland
3030,UFC FN - Covington vs Woodley,Jordan Espinosa,David Dvorak,David Dvorak,1.97,1.95,Jordan Espinosa,David Dvorak
3031,UFC FN - Covington vs Woodley,Mirsad Bektic,Damon Jackson,Damon Jackson,1.3,4.05,Damon Jackson,Mirsad Bektic
3032,UFC FN - Covington vs Woodley,Mayra Bueno Silva,Mara Romero Borella,Mayra Bueno Silva,1.38,3.4,Mara Romero Borella,Mayra Bueno Silva
3033,UFC FN - Covington vs Woodley,Jessica-Rose Clark,Sarah Alpar,Jessica-Rose Clark,1.5,2.88,Sarah Alpar,Jessica-Rose Clark
3034,UFC FN - Covington vs Woodley,Darrick Minner,T.J. Laramie,Darrick Minner,,,,
3035,UFC FN - Covington vs Woodley,Journey Newson,Randy Costa,Randy Costa,1.82,2.18,Randy Costa,Journey Newson
3036,UFC FN - Covington vs Woodley,Andre Ewell,Irwin Rivera,Andre Ewell,1.48,3.05,Irwin Rivera,Andre Ewell
3037,UFC FN - Covington vs Woodley,Tyson Nam,Jerome Rivera,Tyson Nam,1.57,2.7,Jerome Rivera,Tyson Nam
3038,UFC 253,Israel Adesanya,Paulo Costa,Israel Adesanya,1.59,2.65,Paulo Costa,Israel Adesanya
3039,UFC 253,Dominick Reyes,Jan Blachowicz,Jan Blachowicz,1.42,3.3,Jan Blachowicz,Dominick Reyes
3040,UFC 253,Kai Kara-France,Brandon Royval,Brandon Royval,1.53,2.95,Brandon Royval,Kai Kara-France
3041,UFC 253,Ketlen Vieira,Sijara Eubanks,Ketlen Vieira,1.53,2.8,Sijara Eubanks,Ketlen Vieira
3042,UFC 253,Hakeem Dawodu,Zubaira Tukhugov,Hakeem Dawodu,2.25,1.8,Hakeem Dawodu,Zubaira Tukhugov
3043,UFC 253,Brad Riddell,Alex da Silva,Brad Riddell,1.34,3.6,Alex da Silva,Brad Riddell
3044,UFC 253,Diego Sanchez,Jake Matthews,Jake Matthews,6.75,1.16,Diego Sanchez,Jake Matthews
3045,UFC 253,Ludovit Klein,Shane Young,Ludovit Klein,1.83,2.1,Shane Young,Ludovit Klein
3046,UFC 253,William Knight,Aleksa Camur,William Knight,2.5,1.68,William Knight,Aleksa Camur
3047,UFC 253,Juan Espino,Jeff Hughes,Juan Espino,1.34,3.65,Jeff Hughes,Juan Espino
3048,UFC 253,Khadis Ibragimov,Danilo Marques,Danilo Marques,1.58,2.62,Danilo Marques,Khadis Ibragimov
3049,UFC FN - Holm vs Aldana,Holly Holm,Irene Aldana,Holly Holm,1.87,2.1,Irene Aldana,Holly Holm
3050,UFC FN - Holm vs Aldana,Yorgan De Castro,Carlos Felipe,Carlos Felipe,1.45,3.05,Carlos Felipe,Yorgan De Castro
3051,UFC FN - Holm vs Aldana,Germaine de Randamie,Julianna Pena,Germaine de Randamie,1.69,2.35,Julianna Pena,Germaine de Randamie
3052,UFC FN - Holm vs Aldana,Cameron Else,Kyler Phillips,Kyler Phillips,5.1,1.22,Cameron Else,Kyler Phillips
3053,UFC FN - Holm vs Aldana,Dequan Townsend,Dusko Todorovic,Dusko Todorovic,4.1,1.3,Dequan Townsend,Dusko Todorovic
3054,UFC FN - Holm vs Aldana,Carlos Condit,Court McGee,Carlos Condit,2.1,1.83,Carlos Condit,Court McGee
3055,UFC FN - Holm vs Aldana,Jordan Williams,Nassourdine Imavov,Nassourdine Imavov,1.8,2.15,Nassourdine Imavov,Jordan Williams
3056,UFC FN - Holm vs Aldana,Jinh Yu Frey,Loma Lookboonmee,Loma Lookboonmee,2.4,1.67,Jinh Yu Frey,Loma Lookboonmee
3057,UFC FN - Holm vs Aldana,Casey Kenney,Heili Alateng,Casey Kenney,1.32,4,Heili Alateng,Casey Kenney
3058,UFC FN - Holm vs Aldana,Jessin Ayari,Luigi Vendramini,Luigi Vendramini,1.91,2.03,Luigi Vendramini,Jessin Ayari
3059,UFC FN - Ortega vs Zombie,Chan Sung Jung,Brian Ortega,Brian Ortega,1.54,2.75,Brian Ortega,Chan Sung Jung
3060,UFC FN - Ortega vs Zombie,Katlyn Chookagian,Jessica Andrade,Jessica Andrade,2.45,1.66,Katlyn Chookagian,Jessica Andrade
3061,UFC FN - Ortega vs Zombie,Modestas Bukauskas,Jim Crute,Jim Crute,3.6,1.36,Modestas Bukauskas,Jim Crute
3062,UFC FN - Ortega vs Zombie,Claudio Silva,James Krause,James Krause,2.35,1.74,Claudio Silva,James Krause
3063,UFC FN - Ortega vs Zombie,Thomas Almeida,Jonathan Martinez,Jonathan Martinez,1.83,2.25,Jonathan Martinez,Thomas Almeida
3064,UFC FN - Ortega vs Zombie,Mateusz Gamrot,Guram Kutateladze,Guram Kutateladze,1.34,3.6,Guram Kutateladze,Mateusz Gamrot
3065,UFC FN - Ortega vs Zombie,Gillian Robertson,Poliana Botelho,Gillian Robertson,1.5,2.85,Poliana Botelho,Gillian Robertson
3066,UFC FN - Ortega vs Zombie,Jun Yong Park,John Phillips,Jun Yong Park,1.38,3.4,John Phillips,Jun Yong Park
3067,UFC FN - Ortega vs Zombie,Jamie Mullarkey,Fares Ziam,Fares Ziam,1.81,2.25,Fares Ziam,Jamie Mullarkey
3068,UFC FN - Ortega vs Zombie,Gadzhimurad Antigulov,Maxim Grishin,Maxim Grishin,4.1,1.3,Gadzhimurad Antigulov,Maxim Grishin
3069,UFC FN - Ortega vs Zombie,Mark Striegl,Said Nurmagomedov,Said Nurmagomedov,4.35,1.27,Mark Striegl,Said Nurmagomedov
3070,UFC 254,Khabib Nurmagomedov,Justin Gaethje,Khabib Nurmagomedov,1.34,3.79,Justin Gaethje,Khabib Nurmagomedov
3071,UFC 254,Robert Whittaker,Jared Cannonier,Robert Whittaker,1.98,1.93,Robert Whittaker,Jared Cannonier
3072,UFC 254,Alexander Volkov,Walt Harris,Alexander Volkov,1.59,2.6,Walt Harris,Alexander Volkov
3073,UFC 254,Phil Hawes,Jacob Malkoun,Phil Hawes,1.45,3.08,Jacob Malkoun,Phil Hawes
3074,UFC 254,Liliya Shakirova,Lauren Murphy,Lauren Murphy,2.8,1.52,Liliya Shakirova,Lauren Murphy
3075,UFC 254,Magomed Ankalaev,Ion Cutelaba,Magomed Ankalaev,1.33,3.75,Ion Cutelaba,Magomed Ankalaev
3076,UFC 254,Stefan Struve,Tai Tuivasa,Tai Tuivasa,2.05,1.95,Stefan Struve,Tai Tuivasa
3077,UFC 254,Casey Kenney,Nathaniel Wood,Casey Kenney,1.6,2.54,Nathaniel Wood,Casey Kenney
3078,UFC 254,Alex Oliveira,Shavkat Rakhmonov,Shavkat Rakhmonov,2.05,1.9,Alex Oliveira,Shavkat Rakhmonov
3079,UFC 254,Liana Jojua,Miranda Maverick,Miranda Maverick,4.5,1.28,Liana Jojua,Miranda Maverick
3080,UFC 254,Alexander Yakovlev,Joel Alvarez,Joel Alvarez,2.5,1.62,Alexander Yakovlev,Joel Alvarez
3081,UFC Vegas 12,Anderson Silva,Urijah Hall,Urijah Hall,2.95,1.47,Anderson Silva,Urijah Hall
3082,UFC Vegas 12,Bryce Mitchell,Andre Fili,Bryce Mitchell,1.81,2.15,Andre Fili,Bryce Mitchell
3083,UFC Vegas 12,Greg Hardy,Maurice Greene,Greg Hardy,1.34,3.67,Maurice Greene,Greg Hardy
3084,UFC Vegas 12,Kevin Holland,Charlie Ontiveros,Kevin Holland,1.15,6.5,Charlie Ontiveros,Kevin Holland
3085,UFC Vegas 12,Bobby Green,Thiago Moises,Thiago Moises,1.35,3.65,Thiago Moises,Bobby Green
3086,UFC Vegas 12,Chris Gruetzemacher,Alexander Hernandez,Alexander Hernandez,4.65,1.25,Chris Gruetzemacher,Alexander Hernandez
3087,UFC Vegas 12,Adrian Yanez,Victor Rodriguez,Adrian Yanez,1.25,5.05,Victor Rodriguez,Adrian Yanez
3088,UFC Vegas 12,Sean Strickland,Jack Marshman,Sean Strickland,1.29,4.2,Jack Marshman,Sean Strickland
3089,UFC Vegas 12,Jason Witt,Cole Williams,Jason Witt,1.69,2.35,Cole Williams,Jason Witt
3090,UFC Vegas 12,Dustin Jacoby,Justin Ledet,Dustin Jacoby,1.3,4.2,Justin Ledet,Dustin Jacoby
3091,UFC Vegas 12,Miles Johns,Kevin Natividad,Miles Johns,1.69,2.4,Kevin Natividad,Miles Johns
3092,UFC Vegas 13,Thiago Santos,Glover Teixeira,Glover Teixeira,1.44,3.07,Glover Teixeira,Thiago Santos
3093,UFC Vegas 13,Tanner Boser,Andrei Arlovski,Andrei Arlovski,1.33,3.75,Andrei Arlovski,Tanner Boser
3094,UFC Vegas 13,Raoni Barcelos,Khalid Taha,Raoni Barcelos,1.29,4.2,Khalid Taha,Raoni Barcelos
3095,UFC Vegas 13,Giga Chikadze,Jamey Simmons,Giga Chikadze,1.16,7,Jamey Simmons,Giga Chikadze
3096,UFC Vegas 13,Claudia Gadelha,Yan Xiaonan,Yan Xiaonan,2.45,1.65,Claudia Gadelha,Yan Xiaonan
3097,UFC Vegas 13,Trevin Giles,Bevon Lewis,Trevin Giles,2.05,1.9,Trevin Giles,Bevon Lewis
3098,UFC Vegas 13,Marcos Rogerio de Lima,Alexander Romanov,Alexander Romanov,4.8,1.25,Marcos Rogerio de Lima,Alexander Romanov
3099,UFC Vegas 13,Darren Elkins,Luiz Garagorri,Darren Elkins,1.43,3.15,Luiz Garagorri,Darren Elkins
3100,UFC Vegas 13,Max Griffin,Ramiz Brahimaj,Max Griffin,1.77,2.2,Ramiz Brahimaj,Max Griffin
3101,UFC Vegas 13,Gustavo Lopez,Anthony Birchak,Gustavo Lopez,1.85,2.06,Anthony Birchak,Gustavo Lopez
3102,UFC Vegas 14,Rafael dos Anjos,Paul Felder,Rafael dos Anjos,1.56,2.7,Paul Felder,Rafael dos Anjos
3103,UFC Vegas 14,Abdul Razak Alhassan,Kalinn Williams,Kalinn Williams,1.49,2.9,Kalinn Williams,Abdul Razak Alhassan
3104,UFC Vegas 14,Ashley Yoder,Miranda Granger,Ashley Yoder,2.4,1.67,Ashley Yoder,Miranda Granger
3105,UFC Vegas 14,Sean Strickland,Brendan Allen,Sean Strickland,2,1.95,Sean Strickland,Brendan Allen
3106,UFC Vegas 14,Kay Hansen,Cory McKenna,Cory McKenna,1.54,2.8,Cory McKenna,Kay Hansen
3107,UFC Vegas 14,Randa Markos,Kanako Murata,Kanako Murata,2.7,1.57,Randa Markos,Kanako Murata
3108,UFC Vegas 14,Tony Gravely,Geraldo De Freitas Jr.,Tony Gravely,1.74,2.35,Geraldo De Freitas Jr.,Tony Gravely
3109,UFC Vegas 14,Alex Morono,Rhys McKee,Alex Morono,1.59,2.6,Rhys McKee,Alex Morono
3110,UFC Vegas 14,Don'tale Mayes,Roque Martinez,Don'tale Mayes,1.44,3.1,Roque Martinez,Don'tale Mayes
3111,UFC 255,Deiveson Figueiredo,Alex Perez,Deiveson Figueiredo,1.35,3.95,Alex Perez,Deiveson Figueiredo
3112,UFC 255,Valentina Shevchenko,Jennifer Maia,Valentina Shevchenko,1.08,10.96,Jennifer Maia,Valentina Shevchenko
3113,UFC 255,Tim Means,Mike Perry,Tim Means,2.33,1.69,Tim Means,Mike Perry
3114,UFC 255,Katlyn Chookagian,Cynthia Calvillo,Katlyn Chookagian,3.26,1.4,Katlyn Chookagian,Cynthia Calvillo
3115,UFC 255,Mauricio Rua,Paul Craig,Paul Craig,2.5,1.62,Mauricio Rua,Paul Craig
3116,UFC 255,Brandon Royval,Brandon Moreno,Brandon Moreno,2.69,1.54,Brandon Royval,Brandon Moreno
3117,UFC 255,Joaquin Buckley,Jordan Wright,Joaquin Buckley,1.4,3.26,Jordan Wright,Joaquin Buckley
3118,UFC 255,Antonina Shevchenko,Ariane Lipski,Antonina Shevchenko,1.67,2.45,Ariane Lipski,Antonina Shevchenko
3119,UFC 255,Nicolas Dalby,Daniel Rodriguez,Nicolas Dalby,3.63,1.33,Nicolas Dalby,Daniel Rodriguez
3120,UFC 255,Alan Jouban,Jared Gooden,Alan Jouban,1.74,2.25,Jared Gooden,Alan Jouban
3121,UFC 255,Kyle Daukaus,Dustin Stoltzfus,Kyle Daukaus,1.36,3.52,Dustin Stoltzfus,Kyle Daukaus
3122,UFC 255,Louis Cosce,Sasha Palatnikov,Sasha Palatnikov,1.26,4.3,Sasha Palatnikov,Louis Cosce
3123,UFC Vegas 15,Anthony Smith,Devin Clark,Anthony Smith,1.74,2.25,Devin Clark,Anthony Smith
3124,UFC Vegas 15,Miguel Baeza,Takashi Sato,Miguel Baeza,1.57,2.74,Takashi Sato,Miguel Baeza
3125,UFC Vegas 15,Parker Porter,Josh Parisian,Parker Porter,2.87,1.5,Parker Porter,Josh Parisian
3126,UFC Vegas 15,Bill Algeo,Spike Carlyle,Bill Algeo,2.66,1.57,Bill Algeo,Spike Carlyle
3127,UFC Vegas 15,Norma Dumont,Ashlee Evans-Smith,Norma Dumont,2.3,1.74,Norma Dumont,Ashlee Evans-Smith
3128,UFC Vegas 15,Kai Kamaka,Jonathan Pearce,Jonathan Pearce,1.3,3.6,Jonathan Pearce,Kai Kamaka
3129,UFC Vegas 15,Martin Day,Anderson dos Santos,Anderson dos Santos,1.65,2.45,Anderson dos Santos,Martin Day
3130,UFC Vegas 15,Rachael Ostovich,Gina Mazany,Gina Mazany,2.7,1.56,Rachael Ostovich,Gina Mazany
3131,UFC Vegas 15,Su Mudaerji,Malcolm Gordon,Su Mudaerji,1.33,3.85,Malcolm Gordon,Su Mudaerji
3132,UFC Vegas 15,Luke Sanders,Nathan Maness,Nathan Maness,1.67,2.4,Nathan Maness,Luke Sanders
3133,UFC Vegas 16,Jack Hermansson,Marvin Vettori,Marvin Vettori,2.24,1.83,Jack Hermansson,Marvin Vettori
3134,UFC Vegas 16,Ovince St Preux,Jamahal Hill,Jamahal Hill,2.65,1.6,Ovince St Preux,Jamahal Hill
3135,UFC Vegas 16,Gabriel Benitez,Justin Jaynes,Gabriel Benitez,1.46,3,Justin Jaynes,Gabriel Benitez
3136,UFC Vegas 16,Roman Dolidze,John Allan,Roman Dolidze,1.55,2.85,John Allan,Roman Dolidze
3137,UFC Vegas 16,Matt Wiman,Jordan Leavitt,Jordan Leavitt,4.65,1.25,Matt Wiman,Jordan Leavitt
3138,UFC Vegas 16,Louis Smolka,Jose Quinonez,Louis Smolka,1.77,2.25,Jose Quinonez,Louis Smolka
3139,UFC Vegas 16,Damon Jackson,Ilia Topuria,Ilia Topuria,3.3,1.4,Damon Jackson,Ilia Topuria
3140,UFC Vegas 16,Gian Villante,Jake Collier,Jake Collier,1.54,2.75,Jake Collier,Gian Villante
3141,UFC 256,Deiveson Figueiredo,Brandon Moreno,Brandon Moreno,1.65,2.47,Brandon Moreno,Deiveson Figueiredo
3142,UFC 256,Tony Ferguson,Charles Oliveira,Tony Ferguson,1.65,2.47,Brandon Moreno,Deiveson Figueiredo
3143,UFC 256,Mackenzie Dern,Virna Jandiroba,Mackenzie Dern,1.62,2.55,Virna Jandiroba,Mackenzie Dern
3144,UFC 256,Ronaldo Souza,Kevin Holland,Kevin Holland,1.92,2.05,Kevin Holland,Ronaldo Souza
3145,UFC 256,Junior dos Santos,Ciryl Gane,Ciryl Gane,4.5,1.25,Junior dos Santos,Ciryl Gane
3146,UFC 256,Cub Swanson,Daniel Pineda,Cub Swanson,2.45,1.65,Cub Swanson,Daniel Pineda
3147,UFC 256,Renato Moicano,Rafael Fiziev,Rafael Fiziev,2.15,1.8,Renato Moicano,Rafael Fiziev
3148,UFC 256,Billy Quarantillo,Gavin Tucker,Gavin Tucker,1.59,2.6,Gavin Tucker,Billy Quarantillo
3149,UFC 256,Tecia Torres,Sam Hughes,Tecia Torres,1.17,6.15,Sam Hughes,Tecia Torres
3150,UFC 256,Chase Hooper,Peter Barrett,Chase Hooper,1.36,3.61,Peter Barrett,Chase Hooper
3151,UFC Vegas 17,Stephen Thompson,Geoff Neal,Stephen Thompson,2,1.95,Stephen Thompson,Geoff Neal
3152,UFC Vegas 17,Jose Aldo,Marlon Vera,Jose Aldo,1.77,2.32,Marlon Vera,Jose Aldo
3153,UFC Vegas 17,Michel Pereira,Kalinn Williams,Michel Pereira,1.89,2.02,Kalinn Williams,Michel Pereira
3154,UFC Vegas 17,Marlon Moraes,Rob Font,Rob Font,1.7,2.35,Rob Font,Marlon Moraes
3155,UFC Vegas 17,Greg Hardy,Marcin Tybura,Marcin Tybura,1.91,2.02,Marcin Tybura,Greg Hardy
3156,UFC Vegas 17,Anthony Pettis,Alex Morono,Anthony Pettis,1.48,2.9,Alex Morono,Anthony Pettis
3157,UFC Vegas 17,Pannie Kianzad,Sijara Eubanks,Pannie Kianzad,2.37,1.68,Pannie Kianzad,Sijara Eubanks
3158,UFC Vegas 17,Deron Winn,Antonio Arroyo,Deron Winn,2.5,1.62,Deron Winn,Antonio Arroyo
3159,UFC Vegas 17,Gillian Robertson,Taila Santos,Taila Santos,1.91,2,Taila Santos,Gillian Robertson
3160,UFC Vegas 17,Jamie Pickett,Tafon Nchukwi,Tafon Nchukwi,3.76,1.33,Jamie Pickett,Tafon Nchukwi
3161,UFC Vegas 17,Jimmy Flick,Cody Durden,Jimmy Flick,1.69,2.35,Cody Durden,Jimmy Flick
3162,UFC Vegas 17,Christos Giagos,Carlton Minus,Christos Giagos,1.32,3.85,Carlton Minus,Christos Giagos
3163,UFC FN,Max Holloway,Calvin Kattar,Max Holloway,1.67,2.5,Calvin Kattar,Max Holloway
3164,UFC FN,Carlos Condit,Matt Brown,Carlos Condit,1.61,2.65,Matt Brown,Carlos Condit
3165,UFC FN,Santiago Ponzinibbio,Li Jingliang,Li Jingliang,1.33,3.9,Li Jingliang,Santiago Ponzinibbio
3166,UFC FN,Joaquin Buckley,Alessio Di Chirico,Alessio Di Chirico,1.38,3.36,Alessio Di Chirico,Joaquin Buckley
3167,UFC FN,Punahele Soriano,Dusko Todorovic,Punahele Soriano,2.38,1.69,Punahele Soriano,Dusko Todorovic
3168,UFC FN,Yanan Wu,Joselyne Edwards,Joselyne Edwards,1.96,1.95,Yanan Wu,Joselyne Edwards
3169,UFC FN,Carlos Felipe,Justin Tafa,Carlos Felipe,1.53,2.74,Justin Tafa,Carlos Felipe
3170,UFC FN,David Zawada,Ramazan Emeev,Ramazan Emeev,3.16,1.41,David Zawada,Ramazan Emeev
3171,UFC FN,Sarah Moras,Vanessa Melo,Vanessa Melo,1.42,3.16,Vanessa Melo,Sarah Moras
3172,UFC FN,Austin Lingo,Jacob Kilburn,Austin Lingo,1.49,2.85,Jacob Kilburn,Austin Lingo
3173,UFC 257,Conor McGregor,Dustin Poirier,Dustin Poirier,1.35,3.7,Dustin Poirier,Conor McGregor
3174,UFC 257,Daniel Hooker,Michael Chandler,Michael Chandler,1.83,2.13,Michael Chandler,Daniel Hooker
3175,UFC 257,Jessica Eye,Joanne Wood,Joanne Wood,2.03,1.89,Jessica Eye,Joanne Wood
3176,UFC 257,Makhmud Muradov,Andrew Sanchez,Makhmud Muradov,1.61,2.55,Andrew Sanchez,Makhmud Muradov
3177,UFC 257,Marina Alcalde Rodriguez,Amanda Ribas,Marina Alcalde Rodriguez,3.6,1.35,Marina Alcalde Rodriguez,Amanda Ribas
3178,UFC 257,Matt Frevola,Arman Tsarukyan,Arman Tsarukyan,6.3,1.17,Matt Frevola,Arman Tsarukyan
3179,UFC 257,Brad Tavares,Antonio Carlos Junior,Brad Tavares,1.76,2.2,Antonio Carlos Junior,Brad Tavares
3180,UFC 257,Sara McMann,Julianna Pena,Julianna Pena,1.83,2.13,Julianna Pena,Sara McMann
3181,UFC 257,Khalil Rountree,Marcin Prachnio,Marcin Prachnio,1.32,3.74,Marcin Prachnio,Khalil Rountree
3182,UFC 257,Movsar Evloev,Nik Lentz,Movsar Evloev,1.18,6.45,Nik Lentz,Movsar Evloev
3183,UFC 257,Amir Albazi,Zhalgas Zhumagulov,Amir Albazi,2.05,1.89,Amir Albazi,Zhalgas Zhumagulov
3184,UFC FN,Alistair Overeem,Alexander Volkov,Alexander Volkov,2.64,1.57,Alistair Overeem,Alexander Volkov
3185,UFC FN,Cory Sandhagen,Frankie Edgar,Cory Sandhagen,1.29,4.51,Frankie Edgar,Cory Sandhagen
3186,UFC FN,Michael Johnson,Clay Guida,Clay Guida,1.5,2.86,Clay Guida,Michael Johnson
3187,UFC FN,Alexandre Pantoja,Manel Kape,Alexandre Pantoja,1.79,2.15,Manel Kape,Alexandre Pantoja
3188,UFC FN,Carlos Diego Ferreira,Beneil Dariush,Beneil Dariush,1.85,2.04,Beneil Dariush,Carlos Diego Ferreira
3189,UFC FN,Mike Rodriguez,Danilo Marques,Danilo Marques,1.44,3.11,Danilo Marques,Mike Rodriguez
3190,UFC FN,Devonte Smith,Justin Jaynes,Devonte Smith,1.32,3.9,Justin Jaynes,Devonte Smith
3191,UFC FN,Joselyne Edwards,Karol Rosa,Karol Rosa,3.15,1.46,Joselyne Edwards,Karol Rosa
3192,UFC FN,Molly McCann,Lara Fritzen Procopio,Lara Fritzen Procopio,1.66,2.41,Lara Fritzen Procopio,Molly McCann
3193,UFC FN,Seung Woo Choi,Youssef Zalal,Seung Woo Choi,3.06,1.49,Seung Woo Choi,Youssef Zalal
3194,UFC FN,Martin Day,Timur Valiev,Timur Valiev,3.87,1.31,Martin Day,Timur Valiev
3195,UFC FN,Ode Osbourne,Jerome Rivera,Ode Osbourne,1.45,2.85,Jerome Rivera,Ode Osbourne
3196,UFC Fight Night 185,Curtis Blaydes,Derrick Lewis,Derrick Lewis,1.26,4.36,Derrick Lewis,Curtis Blaydes
3197,UFC Fight Night 185,Ketlen Vieira,Yana Santos,Yana Santos,1.39,3.31,Yana Santos,Ketlen Vieira
3198,UFC Fight Night 185,Charles Rosa,Darrick Minner,Darrick Minner,1.56,2.69,Darrick Minner,Charles Rosa
3199,UFC Fight Night 185,Aleksei Oleinik,Chris Daukaus,Chris Daukaus,2.53,1.63,Aleksei Oleinik,Chris Daukaus
3200,UFC Fight Night 185,Nassourdine Imavov,Phil Hawes,Phil Hawes,2.08,1.83,Nassourdine Imavov,Phil Hawes
3201,UFC Fight Night 185,Andrei Arlovski,Tom Aspinall,Tom Aspinall,3.11,1.42,Andrei Arlovski,Tom Aspinall
3202,UFC Fight Night 185,Danny Chavez,Jared Gordon,Jared Gordon,1.75,2.23,Jared Gordon,Danny Chavez
3203,UFC Fight Night 185,Eddie Wineland,John Castaneda,John Castaneda,2.13,1.83,Eddie Wineland,John Castaneda
3204,UFC Fight Night 185,Julian Erosa,Nate Landwehr,Julian Erosa,1.91,2,Nate Landwehr,Julian Erosa
3205,UFC Fight Night 185,Shana Dobson,Casey O'Neill,Casey O'Neill,2.3,1.71,Shana Dobson,Casey O'Neill
3206,UFC Fight Night 185,Aiemann Zahabi,Drako Rodriguez,Aiemann Zahabi,2.6,1.6,Aiemann Zahabi,Drako Rodriguez
3207,UFC Fight Night 185,Sergey Spivak,Jared Vanderaa,Sergey Spivak,1.43,3.06,Jared Vanderaa,Sergey Spivak
3208,UFC Fight Night 186,Jairzinho Rozenstruik,Ciryl Gane,Ciryl Gane,3.25,1.43,Jairzinho Rozenstruik,Ciryl Gane
3209,UFC Fight Night 186,Nikita Krylov,Magomed Ankalaev,Magomed Ankalaev,3.9,1.34,Nikita Krylov,Magomed Ankalaev
3210,UFC Fight Night 186,Pedro Munhoz,Jimmie Rivera,Pedro Munhoz,2.3,1.71,Pedro Munhoz,Jimmie Rivera
3211,UFC Fight Night 186,Alex Caceres,Kevin Croom,Alex Caceres,1.56,2.63,Kevin Croom,Alex Caceres
3212,UFC Fight Night 186,Alexander Hernandez,Thiago Moises,Thiago Moises,1.5,3,Thiago Moises,Alexander Hernandez
3213,UFC Fight Night 186,Alexis Davis,Sabina Mazo,Alexis Davis,2.8,1.51,Alexis Davis,Sabina Mazo
3214,UFC Fight Night 186,Vince Cachero,Ronnie Lawrence,Ronnie Lawrence,2.5,1.65,Vince Cachero,Ronnie Lawrence
3215,UFC Fight Night 186,Dustin Jacoby,Maxim Grishin,Dustin Jacoby,1.6,2.58,Maxim Grishin,Dustin Jacoby
3216,UFC 259,Israel Adesanya,Jan Blachowicz,Jan Blachowicz,1.44,3.04,Jan Blachowicz,Israel Adesanya
3217,UFC 259,Amanda Nunes,Megan Anderson,Amanda Nunes,1.16,8.02,Megan Anderson,Amanda Nunes
3218,UFC 259,Petr Yan,Aljamain Sterling,Aljamain Sterling,1.93,2,Aljamain Sterling,Petr Yan
3219,UFC 259,Islam Makhachev,Drew Dober,Islam Makhachev,1.29,4.25,Drew Dober,Islam Makhachev
3220,UFC 259,Thiago Santos,Aleksandar Rakic,Aleksandar Rakic,2.43,1.67,Thiago Santos,Aleksandar Rakic
3221,UFC 259,Dominick Cruz,Casey Kenney,Dominick Cruz,2.2,1.83,Dominick Cruz,Casey Kenney
3222,UFC 259,Yadong Song,Kyler Phillips,Kyler Phillips,1.67,2.43,Kyler Phillips,Yadong Song
3223,UFC 259,Joseph Benavidez,Askar Askarov,Askar Askarov,2.14,1.85,Joseph Benavidez,Askar Askarov
3224,UFC 259,Rogerio Bontorin,Kai Kara-France,Kai Kara-France,2.18,1.76,Rogerio Bontorin,Kai Kara-France
3225,UFC 259,Tim Elliott,Jordan Espinosa,Tim Elliott,2.05,1.93,Tim Elliott,Jordan Espinosa
3226,UFC 259,Carlos Ulberg,Kennedy Nzechukwu,Kennedy Nzechukwu,1.42,3.16,Kennedy Nzechukwu,Carlos Ulberg
3227,UFC 259,Sean Brady,Jake Matthews,Sean Brady,1.51,2.8,Jake Matthews,Sean Brady
3228,UFC 259,Livia Renata Souza,Amanda Lemos,Amanda Lemos,3.01,1.44,Livia Renata Souza,Amanda Lemos
3229,UFC 259,Uros Medic,Aalon Cruz,Uros Medic,1.64,2.46,Aalon Cruz,Uros Medic
3230,UFC 259,Mario Bautista,Trevin Jones,Trevin Jones,1.45,3,Trevin Jones,Mario Bautista
3231,UFC 260,Stipe Miocic,Francis Ngannou,Francis Ngannou,2.25,1.77,Stipe Miocic,Francis Ngannou
3232,UFC 260,Tyron Woodley,Vicente Luque,Vicente Luque,3.15,1.44,Tyron Woodley,Vicente Luque
3233,UFC 260,Thomas Almeida,Sean O'Malley,Sean O'Malley,3.75,1.33,Thomas Almeida,Sean O'Malley
3234,UFC 260,Gillian Robertson,Miranda Maverick,Miranda Maverick,2.47,1.64,Gillian Robertson,Miranda Maverick
3235,UFC 260,Jamie Mullarkey,Khama Worthy,Jamie Mullarkey,2.12,1.83,Jamie Mullarkey,Khama Worthy
3236,UFC 260,Fabio Cherant,Alonzo Menifield,Alonzo Menifield,3.7,1.36,Fabio Cherant,Alonzo Menifield
3237,UFC 260,Abubakar Nurmagomedov,Jared Gooden,Abubakar Nurmagomedov,1.44,3.06,Jared Gooden,Abubakar Nurmagomedov
3238,UFC 260,Michal Oleksiejczuk,Modestas Bukauskas,Michal Oleksiejczuk,1.61,2.55,Modestas Bukauskas,Michal Oleksiejczuk
3239,UFC 260,Omar Morales,Shane Young,Omar Morales,1.55,2.75,Shane Young,Omar Morales
3240,UFC 260,Abu Azaitar,Marc-Andre Barriault,Marc-Andre Barriault,2.09,1.83,Abu Azaitar,Marc-Andre Barriault
3241,UFC FN,Dominick Reyes,Jiri Prochazka,Jiri Prochazka,2.15,1.81,Dominick Reyes,Jiri Prochazka
3242,UFC FN,Cub Swanson,Giga Chikadze,Giga Chikadze,2.63,1.74,Cub Swanson,Giga Chikadze
3243,UFC FN,Sean Strickland,Krzysztof Jotko,Sean Strickland,1.43,3.16,Krzysztof Jotko,Sean Strickland
3244,UFC FN,Merab Dvalishvili,Cody Stamann,Merab Dvalishvili,1.44,3.15,Cody Stamann,Merab Dvalishvili
3245,UFC FN,Randa Markos,Luana Pinheiro,Luana Pinheiro,2.55,1.61,Randa Markos,Luana Pinheiro
3246,UFC FN,Kai Kamaka,T.J. Brown,T.J. Brown,1.66,2.43,T.J. Brown,Kai Kamaka
3247,UFC FN,Poliana Botelho,Luana Carolina,Luana Carolina,1.45,3.18,Luana Carolina,Poliana Botelho
3248,UFC FN,Loma Lookboonmee,Sam Hughes,Loma Lookboonmee,1.3,4.3,Sam Hughes,Loma Lookboonmee
3249,UFC FN,Andreas Michailidis,KB Bhular,Andreas Michailidis,,,,
3250,UFC FN,Felipe Colares,Luke Sanders,Felipe Colares,2.38,1.72,Felipe Colares,Luke Sanders
3251,UFC 262,Charles Oliveira,Michael Chandler,Charles Oliveira,1.8,2.18,Michael Chandler,Charles Oliveira
3252,UFC 262,Tony Ferguson,Beneil Dariush,Beneil Dariush,2.64,1.61,Tony Ferguson,Beneil Dariush
3253,UFC 262,Rogerio Bontorin,Matt Schnell,Rogerio Bontorin,2.43,1.64,Rogerio Bontorin,Matt Schnell
3254,UFC 262,Katlyn Chookagian,Viviane Araujo,Katlyn Chookagian,1.74,2.23,Viviane Araujo,Katlyn Chookagian
3255,UFC 262,Shane Burgos,Edson Barboza,Edson Barboza,1.77,2.18,Edson Barboza,Shane Burgos
3256,UFC 262,Ronaldo Souza,Andre Muniz,Andre Muniz,1.93,2,Andre Muniz,Ronaldo Souza
3257,UFC 262,Mike Grundy,Lando Vannata,Lando Vannata,1.88,2.1,Lando Vannata,Mike Grundy
3258,UFC 262,Jordan Wright,Jamie Pickett,Jordan Wright,1.94,1.95,Jamie Pickett,Jordan Wright
3259,UFC 262,Andrea Lee,Antonina Shevchenko,Andrea Lee,2.1,1.82,Andrea Lee,Antonina Shevchenko
3260,UFC 262,Gina Mazany,Priscila Cachoeira,Priscila Cachoeira,1.5,2.85,Priscila Cachoeira,Gina Mazany
3261,UFC 262,Kevin Aguilar,Tucker Lutz,Tucker Lutz,2.04,1.87,Kevin Aguilar,Tucker Lutz
3262,UFC 262,Christos Giagos,Sean Soriano,Christos Giagos,1.49,2.9,Sean Soriano,Christos Giagos
3263,UFC FN,Rob Font,Cody Garbrandt,Rob Font,1.93,1.96,Cody Garbrandt,Rob Font
3264,UFC FN,Yan Xiaonan,Carla Esparza,Carla Esparza,1.87,2.08,Carla Esparza,Yan Xiaonan
3265,UFC FN,Justin Tafa,Jared Vanderaa,Jared Vanderaa,1.58,2.6,Jared Vanderaa,Justin Tafa
3266,UFC FN,Felicia Spencer,Norma Dumont,Norma Dumont,1.68,2.45,Norma Dumont,Felicia Spencer
3267,UFC FN,Ricardo Ramos,Bill Algeo,Ricardo Ramos,2.09,1.85,Ricardo Ramos,Bill Algeo
3268,UFC FN,Jack Hermansson,Edmen Shahbazyan,Jack Hermansson,1.67,2.38,Edmen Shahbazyan,Jack Hermansson
3269,UFC FN,Ben Rothwell,Chris Barnett,Ben Rothwell,1.33,3.63,Chris Barnett,Ben Rothwell
3270,UFC FN,Claudio Silva,Court McGee,Court McGee,1.99,1.95,Claudio Silva,Court McGee
3271,UFC FN,Bruno Silva,Victor Rodriguez,Bruno Silva,1.31,3.84,Victor Rodriguez,Bruno Silva
3272,UFC FN,Joshua Culibao,Yilan Sha,Joshua Culibao,1.41,3.16,Yilan Sha,Joshua Culibao
3273,UFC FN,David Dvorak,Juancamilo Ronderos,David Dvorak,,,,
3274,UFC FN,Damir Ismagulov,Rafael Alves,Damir Ismagulov,1.19,5.5,Rafael Alves,Damir Ismagulov
3275,UFC 263,Israel Adesanya,Marvin Vettori,Israel Adesanya,1.4,3.25,Marvin Vettori,Israel Adesanya
3276,UFC 263,Deiveson Figueiredo,Brandon Moreno,Brandon Moreno,1.45,3,Brandon Moreno,Deiveson Figueiredo
3277,UFC 263,Nate Diaz,Leon Edwards,Leon Edwards,5.72,1.22,Nate Diaz,Leon Edwards
3278,UFC 263,Demian Maia,Belal Muhammad,Belal Muhammad,3.17,1.45,Demian Maia,Belal Muhammad
3279,UFC 263,Paul Craig,Jamahal Hill,Paul Craig,3.54,1.36,Paul Craig,Jamahal Hill
3280,UFC 263,Drew Dober,Brad Riddell,Brad Riddell,1.74,2.23,Brad Riddell,Drew Dober
3281,UFC 263,Darren Stewart,Eryk Anders,Eryk Anders,2.33,1.69,Darren Stewart,Eryk Anders
3282,UFC 263,Lauren Murphy,Joanne Wood,Lauren Murphy,2.33,1.7,Lauren Murphy,Joanne Wood
3283,UFC 263,Hakeem Dawodu,Movsar Evloev,Movsar Evloev,3.01,1.44,Hakeem Dawodu,Movsar Evloev
3284,UFC 263,Pannie Kianzad,Alexis Davis,Pannie Kianzad,1.54,2.8,Alexis Davis,Pannie Kianzad
3285,UFC 263,Matt Frevola,Terrance McKinney,Terrance McKinney,1.38,3.25,Terrance McKinney,Matt Frevola
3286,UFC 263,Steven Peterson,Chase Hooper,Steven Peterson,1.89,2.02,Chase Hooper,Steven Peterson
3287,UFC 263,Fares Ziam,Luigi Vendramini,Fares Ziam,1.76,2.18,Luigi Vendramini,Fares Ziam
3288,UFC 263,Carlos Felipe,Jake Collier,Carlos Felipe,1.6,2.53,Jake Collier,Carlos Felipe
3289,UFC FN,Islam Makhachev,Thiago Moises,Islam Makhachev,1.17,5.9,Thiago Moises,Islam Makhachev
3290,UFC FN,Miesha Tate,Marion Reneau,Miesha Tate,1.77,2.23,Marion Reneau,Miesha Tate
3291,UFC FN,Mateusz Gamrot,Jeremy Stephens,Mateusz Gamrot,1.5,2.95,Jeremy Stephens,Mateusz Gamrot
3292,UFC FN,Rodolfo Vieira,Dustin Stoltzfus,Rodolfo Vieira,1.45,2.98,Dustin Stoltzfus,Rodolfo Vieira
3293,UFC FN,Billy Quarantillo,Gabriel Benitez,Billy Quarantillo,2.65,1.58,Billy Quarantillo,Gabriel Benitez
3294,UFC FN,Daniel Rodriguez,Preston Parsons,Daniel Rodriguez,1.4,3.25,Preston Parsons,Daniel Rodriguez
3295,UFC FN,Amanda Lemos,Montserrat Ruiz,Amanda Lemos,1.22,5.15,Montserrat Ruiz,Amanda Lemos
3296,UFC FN,Khalid Taha,Sergey Morozov,Sergey Morozov,1.62,2.45,Sergey Morozov,Khalid Taha
3297,UFC FN,Francisco Figueiredo,Malcolm Gordon,Malcolm Gordon,1.33,3.65,Malcolm Gordon,Francisco Figueiredo
3298,UFC FN,Rodrigo Nascimento Ferreira,Alan Baudot,Rodrigo Nascimento Ferreira,,,,
3299,UFC FN,Kelvin Gastelum,Jared Cannonier,Jared Cannonier,2.25,1.77,Kelvin Gastelum,Jared Cannonier
3300,UFC FN,Clay Guida,Mark O. Madsen,Mark O. Madsen,2.46,1.69,Clay Guida,Mark O. Madsen
3301,UFC FN,Chase Sherman,Parker Porter,Parker Porter,1.58,2.65,Parker Porter,Chase Sherman
3302,UFC FN,Saidyokub Kakhramonov,Trevin Jones,Saidyokub Kakhramonov,2.37,1.69,Saidyokub Kakhramonov,Trevin Jones
3303,UFC FN,Vinc Pichel,Austin Hubbard,Vinc Pichel,1.85,2.19,Austin Hubbard,Vinc Pichel
3304,UFC FN,Alexandre Pantoja,Brandon Royval,Alexandre Pantoja,1.67,2.5,Brandon Royval,Alexandre Pantoja
3305,UFC FN,Luis Saldana,Austin Lingo,Austin Lingo,1.91,2.04,Austin Lingo,Luis Saldana
3306,UFC FN,Brian Kelleher,Domingo Pilarte,Brian Kelleher,1.62,2.5,Domingo Pilarte,Brian Kelleher
3307,UFC FN,Bea Malecki,Josiane Nunes,Josiane Nunes,1.69,2.4,Josiane Nunes,Bea Malecki
3308,UFC FN,William Knight,Fabio Cherant,William Knight,1.62,2.52,Fabio Cherant,William Knight
3309,UFC FN,Roosevelt Roberts,Ignacio Bahamondes,Ignacio Bahamondes,1.69,2.44,Ignacio Bahamondes,Roosevelt Roberts
3310,UFC FN,Ramiz Brahimaj,Sasha Palatnikov,Ramiz Brahimaj,1.69,2.5,Sasha Palatnikov,Ramiz Brahimaj
3311,UFC FN,Edson Barboza,Giga Chikadze,Giga Chikadze,1.86,2.1,Giga Chikadze,Edson Barboza
3312,UFC FN,Bryan Battle,Gilbert Urbina,Bryan Battle,1.61,2.64,Gilbert Urbina,Bryan Battle
3313,UFC FN,Ricky Turcios,Brady Hiestand,Ricky Turcios,1.68,2.38,Brady Hiestand,Ricky Turcios
3314,UFC FN,Daniel Rodriguez,Kevin Lee,Daniel Rodriguez,2.3,1.74,Daniel Rodriguez,Kevin Lee
3315,UFC FN,Andre Petroski,Micheal Gillmore,Andre Petroski,1.2,5.5,Micheal Gillmore,Andre Petroski
3316,UFC FN,Gerald Meerschaert,Makhmud Muradov,Gerald Meerschaert,6.5,1.17,Gerald Meerschaert,Makhmud Muradov
3317,UFC FN,Abdul Razak Alhassan,Alessio Di Chirico,Abdul Razak Alhassan,3.1,1.43,Abdul Razak Alhassan,Alessio Di Chirico
3318,UFC FN,Sam Alvey,Wellington Turman,Wellington Turman,2.12,1.83,Sam Alvey,Wellington Turman
3319,UFC FN,Dustin Jacoby,Darren Stewart,Dustin Jacoby,1.56,2.8,Darren Stewart,Dustin Jacoby
3320,UFC FN,Vanessa Demopoulos,J.J. Aldrich,J.J. Aldrich,4.55,1.28,Vanessa Demopoulos,J.J. Aldrich
3321,UFC FN,Pat Sabatini,Jamall Emmers,Pat Sabatini,2.32,1.74,Pat Sabatini,Jamall Emmers
3322,UFC FN,Mana Martinez,Guido Cannetti,Mana Martinez,1.38,3.4,Guido Cannetti,Mana Martinez
3323,UFC FN,Darren Till,Derek Brunson,Derek Brunson,1.6,2.55,Derek Brunson,Darren Till
3324,UFC FN,Tom Aspinall,Sergey Spivak,Tom Aspinall,1.43,3.15,Sergey Spivak,Tom Aspinall
3325,UFC FN,David Zawada,Alex Morono,Alex Morono,2.4,1.72,David Zawada,Alex Morono
3326,UFC FN,Khalil Rountree,Modestas Bukauskas,Khalil Rountree,2.31,1.67,Khalil Rountree,Modestas Bukauskas
3327,UFC FN,Luigi Vendramini,Paddy Pimblett,Paddy Pimblett,2.25,1.74,Luigi Vendramini,Paddy Pimblett
3328,UFC FN,Molly McCann,Ji Yeon Kim,Molly McCann,2.05,1.93,Molly McCann,Ji Yeon Kim
3329,UFC FN,Jack Shore,Liudvik Sholinian,Jack Shore,1.22,5,Liudvik Sholinian,Jack Shore
3330,UFC FN,Charles Jourdain,Julian Erosa,Julian Erosa,1.56,2.63,Julian Erosa,Charles Jourdain
3331,UFC FN,Dalcha Lungiambula,Marc-Andre Barriault,Marc-Andre Barriault,2.45,1.65,Dalcha Lungiambula,Marc-Andre Barriault
3332,UFC 266,Alex Volkanovski,Brian Ortega,Alex Volkanovski,1.57,2.62,Brian Ortega,Alex Volkanovski
3333,UFC 266,Valentina Shevchenko,Lauren Murphy,Valentina Shevchenko,1.08,10.8,Lauren Murphy,Valentina Shevchenko
3334,UFC 266,Robbie Lawler,Nick Diaz,Robbie Lawler,1.72,2.4,Nick Diaz,Robbie Lawler
3335,UFC 266,Curtis Blaydes,Jairzinho Rozenstruik,Curtis Blaydes,1.33,3.75,Jairzinho Rozenstruik,Curtis Blaydes
3336,UFC 266,Jessica Andrade,Cynthia Calvillo,Jessica Andrade,1.43,3.25,Cynthia Calvillo,Jessica Andrade
3337,UFC 266,Marlon Moraes,Merab Dvalishvili,Merab Dvalishvili,3.1,1.44,Marlon Moraes,Merab Dvalishvili
3338,UFC 266,Daniel Hooker,Nasrat Haqparast,Daniel Hooker,1.69,2.31,Nasrat Haqparast,Daniel Hooker
3339,UFC 266,Shamil Abdurakhimov,Chris Daukaus,Chris Daukaus,2.75,1.51,Shamil Abdurakhimov,Chris Daukaus
3340,UFC 266,Roxanne Modafferi,Taila Santos,Taila Santos,4.55,1.25,Roxanne Modafferi,Taila Santos
3341,UFC 266,Uros Medic,Jalin Turner,Jalin Turner,1.89,2.08,Jalin Turner,Uros Medic
3342,UFC 266,Nick Maximov,Cody Brundage,Nick Maximov,1.86,2.3,Cody Brundage,Nick Maximov
3343,UFC 266,Matt Semelsberger,Martin Sano,Matt Semelsberger,1.22,5,Martin Sano,Matt Semelsberger
3344,UFC 266,Omar Morales,Jonathan Pearce,Jonathan Pearce,1.65,2.45,Jonathan Pearce,Omar Morales
3345,UFC FN,Thiago Santos,Johnny Walker,Thiago Santos,1.62,2.45,Johnny Walker,Thiago Santos
3346,UFC FN,Niko Price,Alex Oliveira,Niko Price,1.67,2.4,Alex Oliveira,Niko Price
3347,UFC FN,Misha Cirkunov,Krzysztof Jotko,Krzysztof Jotko,2.4,1.68,Misha Cirkunov,Krzysztof Jotko
3348,UFC FN,Alexander Hernandez,Mike Breeden,Alexander Hernandez,,,,
3349,UFC FN,Joe Solecki,Jared Gordon,Jared Gordon,1.81,2.26,Jared Gordon,Joe Solecki
3350,UFC FN,Antonina Shevchenko,Casey O'Neill,Casey O'Neill,2.87,1.49,Antonina Shevchenko,Casey O'Neill
3351,UFC FN,Karol Rosa,Bethe Correia,Karol Rosa,1.26,4.75,Bethe Correia,Karol Rosa
3352,UFC FN,Jamie Mullarkey,Devonte Smith,Jamie Mullarkey,2.35,1.68,Jamie Mullarkey,Devonte Smith
3353,UFC FN,Douglas Silva de Andrade,Gaetano Pirrello,Douglas Silva de Andrade,,,,
3354,UFC FN,Shanna Young,Stephanie Egger,Stephanie Egger,2.07,1.87,Shanna Young,Stephanie Egger
3355,UFC FN,Alejandro Perez,Johnny Eduardo,Alejandro Perez,1.47,2.95,Johnny Eduardo,Alejandro Perez
3356,UFC FN,Paulo Costa,Marvin Vettori,Marvin Vettori,2.65,1.57,Paulo Costa,Marvin Vettori
3357,UFC FN,Jessica-Rose Clark,Joselyne Edwards,Jessica-Rose Clark,1.69,2.45,Joselyne Edwards,Jessica-Rose Clark
3358,UFC FN,Alex Caceres,Seung Woo Choi,Alex Caceres,3.45,1.38,Alex Caceres,Seung Woo Choi
3359,UFC FN,Francisco Trinaldo,Dwight Grant,Francisco Trinaldo,1.8,2.25,Dwight Grant,Francisco Trinaldo
3360,UFC FN,Nick Negumereanu,Ike Villanueva,Nick Negumereanu,1.44,3.05,Ike Villanueva,Nick Negumereanu
3361,UFC FN,Jun Yong Park,Gregory Rodrigues,Gregory Rodrigues,2.2,1.81,Jun Yong Park,Gregory Rodrigues
3362,UFC FN,Mason Jones,David Onama,Mason Jones,1.26,4.5,David Onama,Mason Jones
3363,UFC FN,Tabatha Ricci,Maria Oliveira,Tabatha Ricci,1.42,3.3,Maria Oliveira,Tabatha Ricci
3364,UFC FN,Laureano Staropoli,Jamie Pickett,Jamie Pickett,1.52,3,Jamie Pickett,Laureano Staropoli
3365,UFC FN,Khama Worthy,Jai Herbert,Jai Herbert,2.6,1.61,Khama Worthy,Jai Herbert
3366,UFC FN,Jeff Molina,Daniel Lacerda,Jeff Molina,1.67,2.5,Daniel Lacerda,Jeff Molina
3367,UFC FN,Livia Renata Souza,Randa Markos,Randa Markos,1.87,2.25,Randa Markos,Livia Renata Souza
3368,UFC FN,Zviad Lazishvili,Jonathan Martinez,Jonathan Martinez,1.93,2.08,Jonathan Martinez,Zviad Lazishvili
3369,UFC 267,Jan Blachowicz,Glover Teixeira,Glover Teixeira,1.38,3.7,Glover Teixeira,Jan Blachowicz
3370,UFC 267,Cory Sandhagen,Petr Yan,Petr Yan,3,1.5,Cory Sandhagen,Petr Yan
3371,UFC 267,Islam Makhachev,Daniel Hooker,Islam Makhachev,1.2,6,Daniel Hooker,Islam Makhachev
3372,UFC 267,Alexander Volkov,Marcin Tybura,Alexander Volkov,1.36,3.55,Marcin Tybura,Alexander Volkov
3373,UFC 267,Li Jingliang,Khamzat Chimaev,Khamzat Chimaev,5.85,1.18,Li Jingliang,Khamzat Chimaev
3374,UFC 267,Magomed Ankalaev,Volkan Oezdemir,Magomed Ankalaev,1.34,3.65,Volkan Oezdemir,Magomed Ankalaev
3375,UFC 267,Amanda Ribas,Virna Jandiroba,Amanda Ribas,1.66,2.45,Virna Jandiroba,Amanda Ribas
3376,UFC 267,Ricardo Ramos,Zubaira Tukhugov,Zubaira Tukhugov,2.5,1.64,Ricardo Ramos,Zubaira Tukhugov
3377,UFC 267,Roman Kopylov,Albert Duraev,Albert Duraev,4.5,1.29,Roman Kopylov,Albert Duraev
3378,UFC 267,Elizeu Zaleski dos Santos,Benoit Saint-Denis,Elizeu Zaleski dos Santos,1.45,3.25,Benoit Saint-Denis,Elizeu Zaleski dos Santos
3379,UFC 267,Michal Oleksiejczuk,Shamil Gamzatov,Michal Oleksiejczuk,2.05,1.91,Michal Oleksiejczuk,Shamil Gamzatov
3380,UFC 267,Makwan Amirkhani,Lerone Murphy,Lerone Murphy,3.55,1.36,Makwan Amirkhani,Lerone Murphy
3381,UFC 267,Hu Yaozong,Andre Petroski,Andre Petroski,3,1.48,Hu Yaozong,Andre Petroski
3382,UFC 267,Tagir Ulanbekov,Allan Nascimento,Tagir Ulanbekov,1.28,4.2,Allan Nascimento,Tagir Ulanbekov
3383,UFC FN,Max Holloway,Yair Rodriguez,Max Holloway,1.18,6,Yair Rodriguez,Max Holloway
3384,UFC FN,Ben Rothwell,Marcos Rogerio de Lima,Marcos Rogerio de Lima,1.67,2.52,Marcos Rogerio de Lima,Ben Rothwell
3385,UFC FN,Felicia Spencer,Leah Letson,Felicia Spencer,1.3,4,Leah Letson,Felicia Spencer
3386,UFC FN,Miguel Baeza,Kalinn Williams,Kalinn Williams,1.72,2.4,Kalinn Williams,Miguel Baeza
3387,UFC FN,Yadong Song,Julio Arce,Yadong Song,1.77,2.25,Julio Arce,Yadong Song
3388,UFC FN,Thiago Moises,Joel Alvarez,Joel Alvarez,1.42,3.35,Joel Alvarez,Thiago Moises
3389,UFC FN,Cynthia Calvillo,Andrea Lee,Andrea Lee,1.87,2.1,Andrea Lee,Cynthia Calvillo
3390,UFC FN,Sean Woodson,Collin Anglin,Sean Woodson,1.33,4.15,Collin Anglin,Sean Woodson
3391,UFC FN,Cortney Casey,Liana Jojua,Cortney Casey,1.36,3.9,Liana Jojua,Cortney Casey
3392,UFC FN,Marc Diakiese,Rafael Alves,Rafael Alves,1.44,3.45,Rafael Alves,Marc Diakiese
3393,UFC FN,Da Un Jung,Kennedy Nzechukwu,Da Un Jung,1.85,2.06,Kennedy Nzechukwu,Da Un Jung
3394,UFC FN,Miesha Tate,Ketlen Vieira,Ketlen Vieira,2,2.02,Ketlen Vieira,Miesha Tate
3395,UFC FN,Michael Chiesa,Sean Brady,Sean Brady,2.7,1.57,Michael Chiesa,Sean Brady
3396,UFC FN,Joanne Wood,Taila Santos,Taila Santos,4.6,1.28,Joanne Wood,Taila Santos
3397,UFC FN,Rani Yahya,Kyung Ho Kang,Rani Yahya,2.07,1.89,Rani Yahya,Kyung Ho Kang
3398,UFC FN,Adrian Yanez,Davey Grant,Adrian Yanez,1.38,3.45,Davey Grant,Adrian Yanez
3399,UFC FN,Pat Sabatini,Tucker Lutz,Pat Sabatini,2.15,2,Pat Sabatini,Tucker Lutz
3400,UFC FN,Rafa Garcia,Natan Levy,Rafa Garcia,1.91,2,Natan Levy,Rafa Garcia
3401,UFC FN,Loma Lookboonmee,Lupita Godinez,Lupita Godinez,2.4,1.73,Loma Lookboonmee,Lupita Godinez
3402,UFC FN,Cody Durden,Qileng Aori,Cody Durden,1.65,2.45,Qileng Aori,Cody Durden
3403,UFC FN,Yilan Sha,Sean Soriano,Yilan Sha,3.4,1.33,Yilan Sha,Sean Soriano
3404,UFC FN,Sam Hughes,Luana Pinheiro,Luana Pinheiro,4.5,1.28,Sam Hughes,Luana Pinheiro
3405,UFC Fight Night: Kattar vs. Chikadze,Calvin Kattar,Giga Chikadze,Calvin Kattar,2.8,1.45,Calvin Kattar,Giga Chikadze
3406,UFC Fight Night: Kattar vs. Chikadze,Chase Sherman,Jake Collier,Jake Collier,2.25,1.74,Chase Sherman,Jake Collier
3407,UFC Fight Night: Kattar vs. Chikadze,Brandon Royval,Rogerio Bontorin,Brandon Royval,1.66,2.5,Rogerio Bontorin,Brandon Royval
3408,UFC Fight Night: Kattar vs. Chikadze,Katlyn Chookagian,Jennifer Maia,Katlyn Chookagian,1.55,3.05,Jennifer Maia,Katlyn Chookagian
3409,UFC Fight Night: Kattar vs. Chikadze,Dakota Bush,Viacheslav Borshchev,Viacheslav Borshchev,2.85,1.53,Dakota Bush,Viacheslav Borshchev
3410,UFC Fight Night: Kattar vs. Chikadze,Joanderson Brito,Bill Algeo,Bill Algeo,1.69,2.45,Bill Algeo,Joanderson Brito
3411,UFC Fight Night: Kattar vs. Chikadze,Joseph Holmes,Jamie Pickett,Jamie Pickett,1.75,2.62,Jamie Pickett,Joseph Holmes
3412,UFC Fight Night: Kattar vs. Chikadze,Court McGee,Ramiz Brahimaj,Court McGee,2.08,1.91,Court McGee,Ramiz Brahimaj
3413,UFC Fight Night: Kattar vs. Chikadze,Brian Kelleher,Kevin Croom,Brian Kelleher,1.3,4.85,Kevin Croom,Brian Kelleher
3414,UFC Fight Night: Kattar vs. Chikadze,Charles Rosa,T.J. Brown,T.J. Brown,3,1.5,Charles Rosa,T.J. Brown
3415,UFC 270,Francis Ngannou,Ciryl Gane,Francis Ngannou,2.35,1.75,Francis Ngannou,Ciryl Gane
3416,UFC 270,Brandon Moreno,Deiveson Figueiredo,Deiveson Figueiredo,1.56,2.65,Deiveson Figueiredo,Brandon Moreno
3417,UFC 270,Michel Pereira,Andre Fialho,Michel Pereira,1.36,3.5,Andre Fialho,Michel Pereira
3418,UFC 270,Cody Stamann,Said Nurmagomedov,Said Nurmagomedov,2.7,1.59,Cody Stamann,Said Nurmagomedov
3419,UFC 270,Michael Morales,Trevin Giles,Michael Morales,2.04,1.95,Michael Morales,Trevin Giles
3420,UFC 270,Victor Henry,Raoni Barcelos,Victor Henry,5.25,1.22,Victor Henry,Raoni Barcelos
3421,UFC 270,Jack Della Maddalena,Pete Rodriguez,Jack Della Maddalena,1.25,3.9,Pete Rodriguez,Jack Della Maddalena
3422,UFC 270,Tony Gravely,Saimon Oliveira,Tony Gravely,1.4,3.35,Saimon Oliveira,Tony Gravely
3423,UFC 270,Matt Frevola,Genaro Valdez,Matt Frevola,1.5,2.88,Genaro Valdez,Matt Frevola
3424,UFC 270,Vanessa Demopoulos,Silvana Gomez Juarez,Vanessa Demopoulos,1.67,2.2,Silvana Gomez Juarez,Vanessa Demopoulos
3425,UFC 270,Kay Hansen,Jasmine Jasudavicius,Jasmine Jasudavicius,1.57,2.75,Jasmine Jasudavicius,Kay Hansen
3426,UFC 271,Israel Adesanya,Robert Whittaker,Israel Adesanya,1.36,3.65,Robert Whittaker,Israel Adesanya
3427,UFC 271,Derrick Lewis,Tai Tuivasa,Tai Tuivasa,1.62,2.65,Tai Tuivasa,Derrick Lewis
3428,UFC 271,Derek Brunson,Jared Cannonier,Jared Cannonier,2.5,1.65,Derek Brunson,Jared Cannonier
3429,UFC 271,Alexander Hernandez,Renato Moicano,Renato Moicano,2.5,1.67,Alexander Hernandez,Renato Moicano
3430,UFC 271,Bobby Green,Nasrat Haqparast,Bobby Green,1.71,2.4,Nasrat Haqparast,Bobby Green
3431,UFC 271,Andrei Arlovski,Jared Vanderaa,Andrei Arlovski,1.69,2.5,Jared Vanderaa,Andrei Arlovski
3432,UFC 271,Roxanne Modafferi,Casey O'Neill,Casey O'Neill,4.3,1.29,Roxanne Modafferi,Casey O'Neill
3433,UFC 271,Kyler Phillips,Marcelo Rojo,Kyler Phillips,1.29,5,Marcelo Rojo,Kyler Phillips
3434,UFC 271,Carlos Ulberg,Fabio Cherant,Carlos Ulberg,1.5,3.4,Fabio Cherant,Carlos Ulberg
3435,UFC 271,Ronnie Lawrence,Mana Martinez,Ronnie Lawrence,1.33,3.75,Mana Martinez,Ronnie Lawrence
3436,UFC 271,AJ Dobson,Jacob Malkoun,Jacob Malkoun,1.98,2.3,Jacob Malkoun,AJ Dobson
3437,UFC 271,Douglas Silva de Andrade,Sergey Morozov,Douglas Silva de Andrade,3,1.48,Douglas Silva de Andrade,Sergey Morozov
3438,UFC 271,Mike Mathetha,Jeremiah Wells,Jeremiah Wells,3,1.45,Mike Mathetha,Jeremiah Wells
3439,UFC 271,William Knight,Maxim Grishin,Maxim Grishin,2.5,1.62,William Knight,Maxim Grishin
3440,UFC Fight Night: Green vs. Makhachev,Bobby Green,Islam Makhachev,Islam Makhachev,7.6,1.13,Bobby Green,Islam Makhachev
3441,UFC Fight Night: Green vs. Makhachev,Wellington Turman,Misha Cirkunov,Wellington Turman,2.2,1.69,Wellington Turman,Misha Cirkunov
3442,UFC Fight Night: Green vs. Makhachev,Ji Yeon Kim,Priscila Cachoeira,Priscila Cachoeira,1.62,3,Priscila Cachoeira,Ji Yeon Kim
3443,UFC Fight Night: Green vs. Makhachev,Arman Tsarukyan,Joel Alvarez,Arman Tsarukyan,1.4,2.95,Joel Alvarez,Arman Tsarukyan
3444,UFC Fight Night: Green vs. Makhachev,Gregory Rodrigues,Armen Petrosyan,Armen Petrosyan,1.71,2.65,Armen Petrosyan,Gregory Rodrigues
3445,UFC Fight Night: Green vs. Makhachev,Ignacio Bahamondes,Zhu Rong,Ignacio Bahamondes,1.5,3.25,Zhu Rong,Ignacio Bahamondes
3446,UFC Fight Night: Green vs. Makhachev,Josiane Nunes,Ramona Pascual,Josiane Nunes,1.43,2.9,Ramona Pascual,Josiane Nunes
3447,UFC Fight Night: Green vs. Makhachev,Terrance McKinney,Fares Ziam,Terrance McKinney,2.25,1.94,Terrance McKinney,Fares Ziam
3448,UFC Fight Night: Green vs. Makhachev,Alejandro Perez,Jonathan Martinez,Jonathan Martinez,3.63,1.44,Alejandro Perez,Jonathan Martinez
3449,UFC Fight Night: Green vs. Makhachev,Ramiz Brahimaj,Micheal Gillmore,Ramiz Brahimaj,1.29,4.3,Micheal Gillmore,Ramiz Brahimaj
3450,UFC Fight Night: Green vs. Makhachev,Victor Altamirano,Carlos Hernandez,Carlos Hernandez,2.53,1.95,Victor Altamirano,Carlos Hernandez
3451,UFC 272,Colby Covington,Jorge Masvidal,Colby Covington,1.33,3.75,Jorge Masvidal,Colby Covington
3452,UFC 272,Renato Moicano,Rafael dos Anjos,Rafael dos Anjos,2.65,1.57,Renato Moicano,Rafael dos Anjos
3453,UFC 272,Edson Barboza,Bryce Mitchell,Bryce Mitchell,2.54,1.61,Edson Barboza,Bryce Mitchell
3454,UFC 272,Kevin Holland,Alex Oliveira,Kevin Holland,1.26,5.25,Alex Oliveira,Kevin Holland
3455,UFC 272,Greg Hardy,Sergey Spivak,Sergey Spivak,2.65,1.6,Greg Hardy,Sergey Spivak
3456,UFC 272,Jalin Turner,Jamie Mullarkey,Jalin Turner,1.67,2.42,Jamie Mullarkey,Jalin Turner
3457,UFC 272,Marina Alcalde Rodriguez,Yan Xiaonan,Marina Alcalde Rodriguez,1.36,3.6,Yan Xiaonan,Marina Alcalde Rodriguez
3458,UFC 272,Nick Negumereanu,Kennedy Nzechukwu,Nick Negumereanu,2.25,1.8,Nick Negumereanu,Kennedy Nzechukwu
3459,UFC 272,Mariya Agapova,Maryna Moroz,Maryna Moroz,1.61,2.55,Maryna Moroz,Mariya Agapova
3460,UFC 272,Brian Kelleher,Umar Nurmagomedov,Umar Nurmagomedov,8.5,1.11,Brian Kelleher,Umar Nurmagomedov
3461,UFC 272,Tim Elliott,Tagir Ulanbekov,Tim Elliott,3,1.44,Tim Elliott,Tagir Ulanbekov
3462,UFC 272,Devonte Smith,Ludovit Klein,Ludovit Klein,1.7,2.33,Ludovit Klein,Devonte Smith
3463,UFC 272,Dustin Jacoby,Michal Oleksiejczuk,Dustin Jacoby,1.51,2.8,Michal Oleksiejczuk,Dustin Jacoby
3464,UFC Fight Night: Santos vs. Ankalaev,Thiago Santos,Magomed Ankalaev,Magomed Ankalaev,6.2,1.16,Thiago Santos,Magomed Ankalaev
3465,UFC Fight Night: Santos vs. Ankalaev,Marlon Moraes,Yadong Song,Yadong Song,3.5,1.37,Marlon Moraes,Yadong Song
3466,UFC Fight Night: Santos vs. Ankalaev,Sodiq Yusuff,Alex Caceres,Sodiq Yusuff,1.4,3.4,Alex Caceres,Sodiq Yusuff
3467,UFC Fight Night: Santos vs. Ankalaev,Khalil Rountree,Karl Roberson,Khalil Rountree,2.37,1.71,Khalil Rountree,Karl Roberson
3468,UFC Fight Night: Santos vs. Ankalaev,Drew Dober,Terrance McKinney,Drew Dober,1.67,2.4,Terrance McKinney,Drew Dober
3469,UFC Fight Night: Santos vs. Ankalaev,Bruno Silva,Alex Pereira,Alex Pereira,2.88,1.53,Bruno Silva,Alex Pereira
3470,UFC Fight Night: Santos vs. Ankalaev,Matt Semelsberger,A.J. Fletcher,Matt Semelsberger,1.6,2.72,A.J. Fletcher,Matt Semelsberger
3471,UFC Fight Night: Santos vs. Ankalaev,J.J. Aldrich,Gillian Robertson,J.J. Aldrich,2.15,1.87,J.J. Aldrich,Gillian Robertson
3472,UFC Fight Night: Santos vs. Ankalaev,Trevin Jones,Javid Basharat,Javid Basharat,2.65,1.63,Trevin Jones,Javid Basharat
3473,UFC Fight Night: Santos vs. Ankalaev,Damon Jackson,Kamuela Kirk,Damon Jackson,1.9,2.2,Kamuela Kirk,Damon Jackson
3474,UFC Fight Night: Santos vs. Ankalaev,Sabina Mazo,Miranda Maverick,Miranda Maverick,4.05,1.31,Sabina Mazo,Miranda Maverick
3475,UFC Fight Night: Santos vs. Ankalaev,Dalcha Lungiambula,Cody Brundage,Cody Brundage,1.8,2.3,Cody Brundage,Dalcha Lungiambula
3476,UFC Fight Night: Santos vs. Ankalaev,Guido Cannetti,Kris Moutinho,Guido Cannetti,2.45,1.67,Guido Cannetti,Kris Moutinho
3477,UFC Fight Night: Santos vs. Ankalaev,Tafon Nchukwi,Azamat Murzakanov,Azamat Murzakanov,2.87,1.56,Tafon Nchukwi,Azamat Murzakanov
3478,UFC Fight Night: Volkov vs. Aspinall,Tom Aspinall,Alexander Volkov,Tom Aspinall,1.85,2.2,Alexander Volkov,Tom Aspinall
3479,UFC Fight Night: Volkov vs. Aspinall,Daniel Hooker,Arnold Allen,Arnold Allen,2,1.97,Daniel Hooker,Arnold Allen
3480,UFC Fight Night: Volkov vs. Aspinall,Paddy Pimblett,Rodrigo Vargas,Paddy Pimblett,1.18,6.25,Rodrigo Vargas,Paddy Pimblett
3481,UFC Fight Night: Volkov vs. Aspinall,Gunnar Nelson,Takashi Sato,Gunnar Nelson,1.2,6,Takashi Sato,Gunnar Nelson
3482,UFC Fight Night: Volkov vs. Aspinall,Molly McCann,Luana Carolina,Molly McCann,1.71,2.44,Luana Carolina,Molly McCann
3483,UFC Fight Night: Volkov vs. Aspinall,Jai Herbert,Ilia Topuria,Ilia Topuria,5.5,1.18,Jai Herbert,Ilia Topuria
3484,UFC Fight Night: Volkov vs. Aspinall,Mike Grundy,Makwan Amirkhani,Makwan Amirkhani,1.44,3.55,Makwan Amirkhani,Mike Grundy
3485,UFC Fight Night: Volkov vs. Aspinall,Shamil Abdurakhimov,Sergey Pavlovich,Sergey Pavlovich,3.95,1.31,Shamil Abdurakhimov,Sergey Pavlovich
3486,UFC Fight Night: Volkov vs. Aspinall,Nikita Krylov,Paul Craig,Paul Craig,1.53,2.91,Paul Craig,Nikita Krylov
3487,UFC Fight Night: Volkov vs. Aspinall,Jack Shore,Timur Valiev,Jack Shore,1.9,2.2,Timur Valiev,Jack Shore
3488,UFC Fight Night: Volkov vs. Aspinall,Elise Reed,Cory McKenna,Elise Reed,3.85,1.36,Elise Reed,Cory McKenna
3489,UFC Fight Night: Volkov vs. Aspinall,Muhammad Mokaev,Cody Durden,Muhammad Mokaev,1.2,5.5,Cody Durden,Muhammad Mokaev
3490,UFC 273,Alex Volkanovski,Chan Sung Jung,Alex Volkanovski,1.18,6,Chan Sung Jung,Alex Volkanovski
3491,UFC 273,Aljamain Sterling,Petr Yan,Aljamain Sterling,4.5,1.27,Aljamain Sterling,Petr Yan
3492,UFC 273,Gilbert Burns,Khamzat Chimaev,Khamzat Chimaev,5.25,1.2,Gilbert Burns,Khamzat Chimaev
3493,UFC 273,Mackenzie Dern,Tecia Torres,Mackenzie Dern,1.87,2.1,Tecia Torres,Mackenzie Dern
3494,UFC 273,Vinc Pichel,Mark O. Madsen,Mark O. Madsen,1.95,2.12,Mark O. Madsen,Vinc Pichel
3495,UFC 273,Ian Garry,Darian Weeks,Ian Garry,1.28,4.75,Darian Weeks,Ian Garry
3496,UFC 273,Josh Fremd,Anthony Hernandez,Anthony Hernandez,2.65,1.58,Josh Fremd,Anthony Hernandez
3497,UFC 273,Raquel Pennington,Aspen Ladd,Raquel Pennington,1.65,2.5,Aspen Ladd,Raquel Pennington
3498,UFC 273,Mickey Gall,Mike Malott,Mike Malott,2.5,1.65,Mickey Gall,Mike Malott
3499,UFC 273,Jared Vanderaa,Aleksei Oleinik,Aleksei Oleinik,1.77,2.35,Aleksei Oleinik,Jared Vanderaa
3500,UFC 273,Kay Hansen,Piera Rodriguez,Piera Rodriguez,2.1,1.86,Kay Hansen,Piera Rodriguez
3501,UFC 273,Julio Arce,Daniel Santos,Julio Arce,1.57,2.9,Daniel Santos,Julio Arce
3502,UFC Fight Night: Luque vs. Muhammad II,Vicente Luque,Belal Muhammad,Belal Muhammad,1.62,2.7,Belal Muhammad,Vicente Luque
3503,UFC Fight Night: Luque vs. Muhammad II,Caio Borralho,Gadzhi Omargadzhiev,Caio Borralho,2.1,1.83,Caio Borralho,Gadzhi Omargadzhiev
3504,UFC Fight Night: Luque vs. Muhammad II,Miguel Baeza,Andre Fialho,Andre Fialho,1.62,2.62,Andre Fialho,Miguel Baeza
3505,UFC Fight Night: Luque vs. Muhammad II,Mayra Bueno Silva,Yanan Wu,Mayra Bueno Silva,1.21,6,Yanan Wu,Mayra Bueno Silva
3506,UFC Fight Night: Luque vs. Muhammad II,Pat Sabatini,T.J. Laramie,Pat Sabatini,1.2,5.75,T.J. Laramie,Pat Sabatini
3507,UFC Fight Night: Luque vs. Muhammad II,Ange Loosa,Mounir Lazzez,Mounir Lazzez,2.8,1.53,Ange Loosa,Mounir Lazzez
3508,UFC Fight Night: Luque vs. Muhammad II,Devin Clark,William Knight,Devin Clark,1.61,2.6,William Knight,Devin Clark
3509,UFC Fight Night: Luque vs. Muhammad II,Lina Lansberg,Pannie Kianzad,Pannie Kianzad,5.5,1.24,Lina Lansberg,Pannie Kianzad
3510,UFC Fight Night: Luque vs. Muhammad II,Drakkar Klose,Brandon Jenkins,Drakkar Klose,1.19,6,Brandon Jenkins,Drakkar Klose
3511,UFC Fight Night: Luque vs. Muhammad II,Jesse Ronson,Rafa Garcia,Rafa Garcia,1.81,2.4,Rafa Garcia,Jesse Ronson
3512,UFC Fight Night: Luque vs. Muhammad II,Chris Barnett,Martin Buday,Martin Buday,3.8,1.4,Chris Barnett,Martin Buday
3513,UFC Fight Night: Luque vs. Muhammad II,Jordan Leavitt,Trey Ogden,Jordan Leavitt,,,,
3514,UFC Fight Night: Luque vs. Muhammad II,Sam Hughes,Istela Nunes,Sam Hughes,3.2,1.44,Sam Hughes,Istela Nunes
3515,UFC Fight Night: Luque vs. Muhammad II,Heili Alateng,Kevin Croom,Heili Alateng,1.61,2.55,Kevin Croom,Heili Alateng
3516,UFC Fight Night: Błachowicz vs. Rakić,Jan Blachowicz,Aleksandar Rakic,Jan Blachowicz,2.75,1.49,Jan Blachowicz,Aleksandar Rakic
3517,UFC Fight Night: Błachowicz vs. Rakić,Ryan Spann,Ion Cutelaba,Ryan Spann,3.15,1.39,Ryan Spann,Ion Cutelaba
3518,UFC Fight Night: Błachowicz vs. Rakić,Louis Smolka,Davey Grant,Davey Grant,3.45,1.36,Louis Smolka,Davey Grant
3519,UFC Fight Night: Błachowicz vs. Rakić,Katlyn Chookagian,Amanda Ribas,Katlyn Chookagian,1.58,2.65,Amanda Ribas,Katlyn Chookagian
3520,UFC Fight Night: Błachowicz vs. Rakić,Frank Camacho,Manuel Torres,Manuel Torres,2.15,1.8,Frank Camacho,Manuel Torres
3521,UFC Fight Night: Błachowicz vs. Rakić,Jake Hadley,Allan Nascimento,Allan Nascimento,1.5,2.8,Allan Nascimento,Jake Hadley
3522,UFC Fight Night: Błachowicz vs. Rakić,Viviane Araujo,Andrea Lee,Viviane Araujo,2.15,1.82,Viviane Araujo,Andrea Lee
3523,UFC Fight Night: Błachowicz vs. Rakić,Michael Johnson,Alan Patrick,Michael Johnson,1.68,2.43,Alan Patrick,Michael Johnson
3524,UFC Fight Night: Błachowicz vs. Rakić,Virna Jandiroba,Angela Hill,Virna Jandiroba,1.53,2.85,Angela Hill,Virna Jandiroba
3525,UFC Fight Night: Błachowicz vs. Rakić,Tatsuro Taira,Carlos Candelario,Tatsuro Taira,1.33,3.8,Carlos Candelario,Tatsuro Taira
3526,UFC Fight Night: Błachowicz vs. Rakić,Nick Maximov,Andre Petroski,Andre Petroski,1.29,4.7,Andre Petroski,Nick Maximov
3527,UFC Fight Night: Holm vs. Vieira,Holly Holm,Ketlen Vieira,Ketlen Vieira,1.45,3,Ketlen Vieira,Holly Holm
3528,UFC Fight Night: Holm vs. Vieira,Santiago Ponzinibbio,Michel Pereira,Michel Pereira,2.25,1.77,Santiago Ponzinibbio,Michel Pereira
3529,UFC Fight Night: Holm vs. Vieira,Chidi Njokuani,Dusko Todorovic,Chidi Njokuani,,,,
3530,UFC Fight Night: Holm vs. Vieira,Polyana Viana,Tabatha Ricci,Tabatha Ricci,2.15,1.79,Polyana Viana,Tabatha Ricci
3531,UFC Fight Night: Holm vs. Vieira,Eryk Anders,Jun Yong Park,Jun Yong Park,2.75,1.54,Eryk Anders,Jun Yong Park
3532,UFC Fight Night: Holm vs. Vieira,Alen Amedovski,Joseph Holmes,Joseph Holmes,2.87,1.56,Alen Amedovski,Joseph Holmes
3533,UFC Fight Night: Holm vs. Vieira,Jailton Junior,Parker Porter,Jailton Junior,,,,
3534,UFC Fight Night: Holm vs. Vieira,Omar Morales,Uros Medic,Uros Medic,1.8,2.25,Uros Medic,Omar Morales
3535,UFC Fight Night: Holm vs. Vieira,Jonathan Martinez,Vincent Morales,Jonathan Martinez,1.41,3.3,Vincent Morales,Jonathan Martinez
3536,UFC Fight Night: Holm vs. Vieira,Chase Hooper,Felipe Colares,Chase Hooper,2.62,1.71,Chase Hooper,Felipe Colares
3537,UFC Fight Night: Holm vs. Vieira,Elise Reed,Sam Hughes,Sam Hughes,1.79,2.32,Sam Hughes,Elise Reed
3538,UFC 275,Glover Teixeira,Jiri Prochazka,Jiri Prochazka,2.88,1.51,Glover Teixeira,Jiri Prochazka
3539,UFC 275,Valentina Shevchenko,Taila Santos,Valentina Shevchenko,1.2,6.5,Taila Santos,Valentina Shevchenko
3540,UFC 275,Weili Zhang,Joanna Jedrzejczyk,Weili Zhang,1.65,2.5,Joanna Jedrzejczyk,Weili Zhang
3541,UFC 275,Andre Fialho,Jake Matthews,Jake Matthews,2.02,2,Andre Fialho,Jake Matthews
3542,UFC 275,Jack Della Maddalena,Ramazan Emeev,Jack Della Maddalena,1.59,2.62,Ramazan Emeev,Jack Della Maddalena
3543,UFC 275,Seung Woo Choi,Joshua Culibao,Joshua Culibao,1.48,2.94,Joshua Culibao,Seung Woo Choi
3544,UFC 275,Steve Garcia,Hayisaer Maheshate,Hayisaer Maheshate,1.57,2.85,Hayisaer Maheshate,Steve Garcia
3545,UFC 275,Brendan Allen,Jacob Malkoun,Brendan Allen,1.37,3.6,Jacob Malkoun,Brendan Allen
3546,UFC 275,Kyung Ho Kang,Danaa Batgerel,Kyung Ho Kang,2.1,2.05,Kyung Ho Kang,Danaa Batgerel
3547,UFC 275,Silvana Gomez Juarez,Na Liang,Silvana Gomez Juarez,2.1,1.9,Silvana Gomez Juarez,Na Liang
3548,UFC 275,Joselyne Edwards,Ramona Pascual,Joselyne Edwards,1.61,2.5,Ramona Pascual,Joselyne Edwards
3549,UFC Fight Night: Kattar vs. Emmett,Calvin Kattar,Josh Emmett,Josh Emmett,1.42,3.35,Josh Emmett,Calvin Kattar
3550,UFC Fight Night: Kattar vs. Emmett,Tim Means,Kevin Holland,Kevin Holland,3.85,1.32,Tim Means,Kevin Holland
3551,UFC Fight Night: Kattar vs. Emmett,Joaquin Buckley,Albert Duraev,Joaquin Buckley,2.95,1.5,Joaquin Buckley,Albert Duraev
3552,UFC Fight Night: Kattar vs. Emmett,Damir Ismagulov,Guram Kutateladze,Damir Ismagulov,1.51,2.9,Guram Kutateladze,Damir Ismagulov
3553,UFC Fight Night: Kattar vs. Emmett,Julian Marquez,Gregory Rodrigues,Gregory Rodrigues,2.5,1.65,Julian Marquez,Gregory Rodrigues
3554,UFC Fight Night: Kattar vs. Emmett,Adrian Yanez,Tony Kelley,Adrian Yanez,1.36,3.7,Tony Kelley,Adrian Yanez
3555,UFC Fight Night: Kattar vs. Emmett,Jasmine Jasudavicius,Natalia Cristina da Silva,Natalia Cristina da Silva,1.42,3.2,Natalia Cristina da Silva,Jasmine Jasudavicius
3556,UFC Fight Night: Kattar vs. Emmett,Jeremiah Wells,Court McGee,Jeremiah Wells,2,3.05,Court McGee,Jeremiah Wells
3557,UFC Fight Night: Kattar vs. Emmett,Ricardo Ramos,Danny Chavez,Ricardo Ramos,1.34,3.85,Danny Chavez,Ricardo Ramos
3558,UFC Fight Night: Kattar vs. Emmett,Gloria de Paula,Maria Oliveira,Maria Oliveira,1.39,3.6,Maria Oliveira,Gloria de Paula
3559,UFC Fight Night: Kattar vs. Emmett,Cody Stamann,Eddie Wineland,Cody Stamann,1.17,7,Eddie Wineland,Cody Stamann
3560,UFC Fight Night: Kattar vs. Emmett,Phil Hawes,Deron Winn,Phil Hawes,1.4,3.3,Deron Winn,Phil Hawes
3561,UFC Fight Night: Kattar vs. Emmett,Kyle Daukaus,Roman Dolidze,Roman Dolidze,1.42,3.4,Roman Dolidze,Kyle Daukaus
3562,UFC Fight Night: Tsarukyan vs. Gamrot,Arman Tsarukyan,Mateusz Gamrot,Mateusz Gamrot,1.43,3.25,Mateusz Gamrot,Arman Tsarukyan
3563,UFC Fight Night: Tsarukyan vs. Gamrot,Neil Magny,Shavkat Rakhmonov,Shavkat Rakhmonov,5,1.23,Neil Magny,Shavkat Rakhmonov
3564,UFC Fight Night: Tsarukyan vs. Gamrot,Josh Parisian,Alan Baudot,Josh Parisian,1.9,2.16,Alan Baudot,Josh Parisian
3565,UFC Fight Night: Tsarukyan vs. Gamrot,Thiago Moises,Christos Giagos,Thiago Moises,1.44,3.2,Christos Giagos,Thiago Moises
3566,UFC Fight Night: Tsarukyan vs. Gamrot,Umar Nurmagomedov,Nathan Maness,Umar Nurmagomedov,1.11,8,Nathan Maness,Umar Nurmagomedov
3567,UFC Fight Night: Tsarukyan vs. Gamrot,Chris Curtis,Rodolfo Vieira,Chris Curtis,1.93,2.1,Rodolfo Vieira,Chris Curtis
3568,UFC Fight Night: Tsarukyan vs. Gamrot,Tafon Nchukwi,Carlos Ulberg,Carlos Ulberg,1.74,2.35,Carlos Ulberg,Tafon Nchukwi
3569,UFC Fight Night: Tsarukyan vs. Gamrot,T.J. Brown,Yilan Sha,Yilan Sha,1.5,2.87,Yilan Sha,T.J. Brown
3570,UFC Fight Night: Tsarukyan vs. Gamrot,Raulian Paiva,Sergey Morozov,Sergey Morozov,2.45,1.65,Raulian Paiva,Sergey Morozov
3571,UFC Fight Night: Tsarukyan vs. Gamrot,Cody Durden,J.P. Buys,Cody Durden,2,1.93,Cody Durden,J.P. Buys
3572,UFC Fight Night: Tsarukyan vs. Gamrot,Brian Kelleher,Mario Bautista,Mario Bautista,2.75,1.57,Brian Kelleher,Mario Bautista
3573,UFC Fight Night: Tsarukyan vs. Gamrot,Jinh Yu Frey,Vanessa Demopoulos,Vanessa Demopoulos,1.45,3,Vanessa Demopoulos,Jinh Yu Frey
3574,UFC 276,Israel Adesanya,Jared Cannonier,Israel Adesanya,1.2,5.6,Jared Cannonier,Israel Adesanya
3575,UFC 276,Alex Volkanovski,Max Holloway,Alex Volkanovski,1.57,2.72,Max Holloway,Alex Volkanovski
3576,UFC 276,Sean Strickland,Alex Pereira,Alex Pereira,1.85,2.14,Alex Pereira,Sean Strickland
3577,UFC 276,Robbie Lawler,Bryan Barberena,Bryan Barberena,2.02,2,Robbie Lawler,Bryan Barberena
3578,UFC 276,Brad Riddell,Jalin Turner,Jalin Turner,2.4,1.67,Brad Riddell,Jalin Turner
3579,UFC 276,Donald Cerrone,Jim Miller,Jim Miller,2.65,1.57,Donald Cerrone,Jim Miller
3580,UFC 276,Ian Garry,Gabriel Green,Ian Garry,,,,
3581,UFC 276,Brad Tavares,Dricus Du Plessis,Dricus Du Plessis,2.6,1.62,Brad Tavares,Dricus Du Plessis
3582,UFC 276,Andre Muniz,Urijah Hall,Andre Muniz,,,,
3583,UFC 276,Jessica Eye,Maycee Barber,Maycee Barber,3.75,1.33,Jessica Eye,Maycee Barber
3584,UFC 276,Jessica-Rose Clark,Julija Stoliarenko,Julija Stoliarenko,1.69,2.35,Julija Stoliarenko,Jessica-Rose Clark
3585,UFC Fight Night: Dos Anjos vs. Fiziev,Rafael dos Anjos,Rafael Fiziev,Rafael Fiziev,2.84,1.5,Rafael dos Anjos,Rafael Fiziev
3586,UFC Fight Night: Dos Anjos vs. Fiziev,Caio Borralho,Armen Petrosyan,Caio Borralho,1.44,3.3,Armen Petrosyan,Caio Borralho
3587,UFC Fight Night: Dos Anjos vs. Fiziev,Said Nurmagomedov,Douglas Silva de Andrade,Said Nurmagomedov,1.22,4.8,Douglas Silva de Andrade,Said Nurmagomedov
3588,UFC Fight Night: Dos Anjos vs. Fiziev,Chase Sherman,Jared Vanderaa,Chase Sherman,2.98,1.48,Chase Sherman,Jared Vanderaa
3589,UFC Fight Night: Dos Anjos vs. Fiziev,Aiemann Zahabi,Ricky Turcios,Aiemann Zahabi,3.1,1.51,Aiemann Zahabi,Ricky Turcios
3590,UFC Fight Night: Dos Anjos vs. Fiziev,Michael Johnson,Jamie Mullarkey,Jamie Mullarkey,2.95,1.44,Michael Johnson,Jamie Mullarkey
3591,UFC Fight Night: Dos Anjos vs. Fiziev,Tresean Gore,Cody Brundage,Cody Brundage,1.8,2.4,Cody Brundage,Tresean Gore
3592,UFC Fight Night: Dos Anjos vs. Fiziev,Antonina Shevchenko,Cortney Casey,Antonina Shevchenko,1.58,2.57,Cortney Casey,Antonina Shevchenko
3593,UFC Fight Night: Dos Anjos vs. Fiziev,Garrett Armfield,David Onama,David Onama,7.1,1.13,Garrett Armfield,David Onama
3594,UFC Fight Night: Dos Anjos vs. Fiziev,Karl Roberson,Kennedy Nzechukwu,Kennedy Nzechukwu,2.46,1.63,Karl Roberson,Kennedy Nzechukwu
3595,UFC Fight Night: Dos Anjos vs. Fiziev,Ronnie Lawrence,Saidyokub Kakhramonov,Saidyokub Kakhramonov,1.83,2.12,Saidyokub Kakhramonov,Ronnie Lawrence
3596,UFC Fight Night: Ortega vs. Rodriguez,Brian Ortega,Yair Rodriguez,Yair Rodriguez,1.57,2.7,Yair Rodriguez,Brian Ortega
3597,UFC Fight Night: Ortega vs. Rodriguez,Michelle Waterson,Amanda Lemos,Amanda Lemos,3.65,1.33,Michelle Waterson,Amanda Lemos
3598,UFC Fight Night: Ortega vs. Rodriguez,Li Jingliang,Muslim Salikhov,Li Jingliang,2.36,1.7,Li Jingliang,Muslim Salikhov
3599,UFC Fight Night: Ortega vs. Rodriguez,Matt Schnell,Su Mudaerji,Matt Schnell,3.25,1.38,Matt Schnell,Su Mudaerji
3600,UFC Fight Night: Ortega vs. Rodriguez,Shane Burgos,Charles Jourdain,Shane Burgos,1.6,2.6,Charles Jourdain,Shane Burgos
3601,UFC Fight Night: Ortega vs. Rodriguez,Lauren Murphy,Miesha Tate,Lauren Murphy,2.8,1.5,Lauren Murphy,Miesha Tate
3602,UFC Fight Night: Ortega vs. Rodriguez,Punahele Soriano,Dalcha Lungiambula,Punahele Soriano,1.44,3.3,Dalcha Lungiambula,Punahele Soriano
3603,UFC Fight Night: Ortega vs. Rodriguez,Ricky Simon,Jack Shore,Ricky Simon,2.64,1.59,Ricky Simon,Jack Shore
3604,UFC Fight Night: Ortega vs. Rodriguez,Herbert Burns,Bill Algeo,Bill Algeo,2.85,1.5,Herbert Burns,Bill Algeo
3605,UFC Fight Night: Ortega vs. Rodriguez,Dustin Jacoby,Da Un Jung,Dustin Jacoby,2.2,1.83,Dustin Jacoby,Da Un Jung
3606,UFC Fight Night: Ortega vs. Rodriguez,Dwight Grant,Dustin Stoltzfus,Dustin Stoltzfus,2.25,1.83,Dwight Grant,Dustin Stoltzfus
3607,UFC Fight Night: Ortega vs. Rodriguez,Jessica Penne,Emily Ducote,Emily Ducote,2.54,1.65,Jessica Penne,Emily Ducote
3608,UFC Fight Night: Blaydes vs. Aspinall,Curtis Blaydes,Tom Aspinall,Curtis Blaydes,2.35,1.74,Curtis Blaydes,Tom Aspinall
3609,UFC Fight Night: Blaydes vs. Aspinall,Chris Curtis,Jack Hermansson,Jack Hermansson,1.96,1.95,Chris Curtis,Jack Hermansson
3610,UFC Fight Night: Blaydes vs. Aspinall,Paddy Pimblett,Jordan Leavitt,Paddy Pimblett,1.41,3.5,Jordan Leavitt,Paddy Pimblett
3611,UFC Fight Night: Blaydes vs. Aspinall,Alexander Gustafsson,Nikita Krylov,Nikita Krylov,2.8,1.53,Alexander Gustafsson,Nikita Krylov
3612,UFC Fight Night: Blaydes vs. Aspinall,Molly McCann,Hannah Goldy,Molly McCann,1.25,5,Hannah Goldy,Molly McCann
3613,UFC Fight Night: Blaydes vs. Aspinall,Paul Craig,Volkan Oezdemir,Volkan Oezdemir,2.32,1.75,Paul Craig,Volkan Oezdemir
3614,UFC Fight Night: Blaydes vs. Aspinall,Mason Jones,Ludovit Klein,Ludovit Klein,1.26,4.7,Ludovit Klein,Mason Jones
3615,UFC Fight Night: Blaydes vs. Aspinall,Marc Diakiese,Damir Hadzovic,Marc Diakiese,1.29,4.5,Damir Hadzovic,Marc Diakiese
3616,UFC Fight Night: Blaydes vs. Aspinall,Nathaniel Wood,Charles Rosa,Nathaniel Wood,1.19,5.5,Charles Rosa,Nathaniel Wood
3617,UFC Fight Night: Blaydes vs. Aspinall,Makwan Amirkhani,Jonathan Pearce,Jonathan Pearce,2.65,1.69,Makwan Amirkhani,Jonathan Pearce
3618,UFC Fight Night: Blaydes vs. Aspinall,Muhammad Mokaev,Charles Johnson,Muhammad Mokaev,1.24,5.1,Charles Johnson,Muhammad Mokaev
3619,UFC Fight Night: Blaydes vs. Aspinall,Jai Herbert,Kyle Nelson,Jai Herbert,1.37,3.48,Kyle Nelson,Jai Herbert
3620,UFC Fight Night: Blaydes vs. Aspinall,Mandy Bohm,Victoria Leonardo,Victoria Leonardo,1.91,2,Victoria Leonardo,Mandy Bohm
3621,UFC Fight Night: Blaydes vs. Aspinall,Nicolas Dalby,Claudio Silva,Nicolas Dalby,1.49,3.05,Claudio Silva,Nicolas Dalby
3622,UFC 277,Amanda Nunes,Julianna Pena,Amanda Nunes,1.41,3.3,Julianna Pena,Amanda Nunes
3623,UFC 277,Brandon Moreno,Kai Kara-France,Brandon Moreno,1.5,2.8,Kai Kara-France,Brandon Moreno
3624,UFC 277,Derrick Lewis,Sergey Pavlovich,Sergey Pavlovich,2.35,2.02,Derrick Lewis,Sergey Pavlovich
3625,UFC 277,Alex Perez,Alexandre Pantoja,Alexandre Pantoja,2.7,1.64,Alex Perez,Alexandre Pantoja
3626,UFC 277,Magomed Ankalaev,Anthony Smith,Magomed Ankalaev,1.21,5.6,Anthony Smith,Magomed Ankalaev
3627,UFC 277,Alex Morono,Matt Semelsberger,Alex Morono,2.65,1.62,Alex Morono,Matt Semelsberger
3628,UFC 277,Drew Dober,Rafael Alves,Drew Dober,1.61,2.9,Rafael Alves,Drew Dober
3629,UFC 277,Hamdy Abdelwahab,Don'tale Mayes,Hamdy Abdelwahab,2.95,1.87,Hamdy Abdelwahab,Don'tale Mayes
3630,UFC 277,Rafa Garcia,Drakkar Klose,Drakkar Klose,2.87,1.5,Rafa Garcia,Drakkar Klose
3631,UFC 277,Adam Fugitt,Michael Morales,Michael Morales,6,1.17,Adam Fugitt,Michael Morales
3632,UFC 277,Joselyne Edwards,Ji Yeon Kim,Joselyne Edwards,1.83,2.15,Ji Yeon Kim,Joselyne Edwards
3633,UFC 277,Nick Negumereanu,Ihor Potieria,Nick Negumereanu,2.37,2.2,Nick Negumereanu,Ihor Potieria
3634,UFC 277,Orion Cosce,Mike Mathetha,Orion Cosce,1.5,2.75,Mike Mathetha,Orion Cosce
3635,UFC Fight Night: Santos vs. Hill,Thiago Santos,Jamahal Hill,Jamahal Hill,3.85,1.38,Thiago Santos,Jamahal Hill
3636,UFC Fight Night: Santos vs. Hill,Vicente Luque,Geoff Neal,Geoff Neal,1.62,2.8,Geoff Neal,Vicente Luque
3637,UFC Fight Night: Santos vs. Hill,Mohammed Usman,Zac Pauga,Mohammed Usman,3.4,1.36,Mohammed Usman,Zac Pauga
3638,UFC Fight Night: Santos vs. Hill,Brogan Walker,Juliana Miller,Juliana Miller,2.2,1.74,Brogan Walker,Juliana Miller
3639,UFC Fight Night: Santos vs. Hill,Augusto Sakai,Sergey Spivak,Sergey Spivak,3.8,1.45,Augusto Sakai,Sergey Spivak
3640,UFC Fight Night: Santos vs. Hill,Terrance McKinney,Erick Gonzalez,Terrance McKinney,1.12,8.5,Erick Gonzalez,Terrance McKinney
3641,UFC Fight Night: Santos vs. Hill,Michal Oleksiejczuk,Sam Alvey,Michal Oleksiejczuk,1.25,6.2,Sam Alvey,Michal Oleksiejczuk
3642,UFC Fight Night: Santos vs. Hill,Takashi Sato,Bryan Battle,Bryan Battle,3.7,1.45,Takashi Sato,Bryan Battle
3643,UFC Fight Night: Santos vs. Hill,Cory McKenna,Miranda Granger,Cory McKenna,1.53,2.76,Miranda Granger,Cory McKenna
3644,UFC Fight Night: Santos vs. Hill,Mayra Bueno Silva,Stephanie Egger,Mayra Bueno Silva,2.15,2.5,Stephanie Egger,Mayra Bueno Silva
3645,UFC 278,Kamaru Usman,Leon Edwards,Leon Edwards,1.32,4,Leon Edwards,Kamaru Usman
3646,UFC 278,Paulo Costa,Luke Rockhold,Paulo Costa,1.3,4.1,Luke Rockhold,Paulo Costa
3647,UFC 278,Jose Aldo,Merab Dvalishvili,Merab Dvalishvili,2.45,1.8,Jose Aldo,Merab Dvalishvili
3648,UFC 278,Lucie Pudilova,Yanan Wu,Lucie Pudilova,1.72,2.35,Yanan Wu,Lucie Pudilova
3649,UFC 278,Tyson Pedro,Harry Hunsucker,Tyson Pedro,1.13,7.6,Harry Hunsucker,Tyson Pedro
3650,UFC 278,Alexander Romanov,Marcin Tybura,Marcin Tybura,1.32,4,Marcin Tybura,Alexander Romanov
3651,UFC 278,Jared Gordon,Leonardo Santos,Jared Gordon,1.38,3.4,Leonardo Santos,Jared Gordon
3652,UFC 278,A.J. Fletcher,Ange Loosa,Ange Loosa,1.62,2.43,Ange Loosa,A.J. Fletcher
3653,UFC 278,Amir Albazi,Francisco Figueiredo,Amir Albazi,1.22,5.1,Francisco Figueiredo,Amir Albazi
3654,UFC 278,Qileng Aori,Jay Perrin,Qileng Aori,1.74,2.15,Jay Perrin,Qileng Aori
3655,UFC 278,Victor Altamirano,Daniel Lacerda,Victor Altamirano,1.65,2.45,Daniel Lacerda,Victor Altamirano
3656,UFC Fight Night: Gane vs. Tuivasa,Ciryl Gane,Tai Tuivasa,Ciryl Gane,1.21,5.25,Tai Tuivasa,Ciryl Gane
3657,UFC Fight Night: Gane vs. Tuivasa,Robert Whittaker,Marvin Vettori,Robert Whittaker,1.5,2.9,Marvin Vettori,Robert Whittaker
3658,UFC Fight Night: Gane vs. Tuivasa,Joaquin Buckley,Nassourdine Imavov,Nassourdine Imavov,3.15,1.42,Joaquin Buckley,Nassourdine Imavov
3659,UFC Fight Night: Gane vs. Tuivasa,Alessio Di Chirico,Roman Kopylov,Roman Kopylov,2,1.93,Alessio Di Chirico,Roman Kopylov
3660,UFC Fight Night: Gane vs. Tuivasa,Jarno Errens,William Gomis,William Gomis,3,1.47,Jarno Errens,William Gomis
3661,UFC Fight Night: Gane vs. Tuivasa,Charles Jourdain,Nathaniel Wood,Nathaniel Wood,1.71,2.3,Nathaniel Wood,Charles Jourdain
3662,UFC Fight Night: Gane vs. Tuivasa,Dustin Stoltzfus,Abusupiyan Magomedov,Abusupiyan Magomedov,3.55,1.36,Dustin Stoltzfus,Abusupiyan Magomedov
3663,UFC Fight Night: Gane vs. Tuivasa,Nasrat Haqparast,John Makdessi,Nasrat Haqparast,1.44,3.2,John Makdessi,Nasrat Haqparast
3664,UFC Fight Night: Gane vs. Tuivasa,Fares Ziam,Michal Figlak,Fares Ziam,2.83,1.54,Fares Ziam,Michal Figlak
3665,UFC Fight Night: Gane vs. Tuivasa,Gabriel Miranda,Benoit Saint-Denis,Benoit Saint-Denis,3.8,1.34,Gabriel Miranda,Benoit Saint-Denis
3666,UFC Fight Night: Gane vs. Tuivasa,Christian Quinonez,Khalid Taha,Christian Quinonez,2.06,1.91,Christian Quinonez,Khalid Taha
3667,UFC Fight Night: Gane vs. Tuivasa,Stephanie Egger,Ailin Perez,Stephanie Egger,1.4,3.25,Ailin Perez,Stephanie Egger
3668,UFC Fight Night: Sandhagen vs. Song,Cory Sandhagen,Yadong Song,Cory Sandhagen,1.51,2.76,Yadong Song,Cory Sandhagen
3669,UFC Fight Night: Sandhagen vs. Song,Gregory Rodrigues,Chidi Njokuani,Gregory Rodrigues,2.12,1.81,Gregory Rodrigues,Chidi Njokuani
3670,UFC Fight Night: Sandhagen vs. Song,Andre Fili,Bill Algeo,Andre Fili,1.8,2.15,Bill Algeo,Andre Fili
3671,UFC Fight Night: Sandhagen vs. Song,Alen Amedovski,Joe Pyfer,Joe Pyfer,5.5,1.2,Alen Amedovski,Joe Pyfer
3672,UFC Fight Night: Sandhagen vs. Song,Rodrigo Nascimento Ferreira,Tanner Boser,Rodrigo Nascimento Ferreira,,,,
3673,UFC Fight Night: Sandhagen vs. Song,Anthony Hernandez,Marc-Andre Barriault,Anthony Hernandez,1.5,2.85,Marc-Andre Barriault,Anthony Hernandez
3674,UFC Fight Night: Sandhagen vs. Song,Damon Jackson,Pat Sabatini,Damon Jackson,2.85,1.53,Damon Jackson,Pat Sabatini
3675,UFC Fight Night: Sandhagen vs. Song,Trevin Giles,Louis Cosce,Trevin Giles,1.5,2.87,Louis Cosce,Trevin Giles
3676,UFC Fight Night: Sandhagen vs. Song,Denise Gomes,Loma Lookboonmee,Loma Lookboonmee,2.85,1.5,Denise Gomes,Loma Lookboonmee
3677,UFC Fight Night: Sandhagen vs. Song,Trey Ogden,Daniel Zellhuber,Trey Ogden,4.75,1.29,Trey Ogden,Daniel Zellhuber
3678,UFC Fight Night: Sandhagen vs. Song,Mariya Agapova,Gillian Robertson,Gillian Robertson,2.35,1.68,Mariya Agapova,Gillian Robertson
3679,UFC Fight Night: Sandhagen vs. Song,Javid Basharat,Tony Gravely,Javid Basharat,1.64,2.5,Tony Gravely,Javid Basharat
3680,UFC Fight Night: Sandhagen vs. Song,Nikolas Motta,Cameron VanCamp,Nikolas Motta,1.76,2.4,Cameron VanCamp,Nikolas Motta
3681,UFC Fight Night: Dern vs. Yan,Mackenzie Dern,Yan Xiaonan,Yan Xiaonan,1.5,2.7,Yan Xiaonan,Mackenzie Dern
3682,UFC Fight Night: Dern vs. Yan,Randy Brown,Francisco Trinaldo,Randy Brown,1.31,3.8,Francisco Trinaldo,Randy Brown
3683,UFC Fight Night: Dern vs. Yan,Raoni Barcelos,Trevin Jones,Raoni Barcelos,1.4,3.2,Trevin Jones,Raoni Barcelos
3684,UFC Fight Night: Dern vs. Yan,Sodiq Yusuff,Don Shainis,Sodiq Yusuff,1.11,8.5,Don Shainis,Sodiq Yusuff
3685,UFC Fight Night: Dern vs. Yan,Mike Davis,Viacheslav Borshchev,Mike Davis,1.57,2.61,Viacheslav Borshchev,Mike Davis
3686,UFC Fight Night: Dern vs. Yan,John Castaneda,Daniel Santos,Daniel Santos,1.56,2.67,Daniel Santos,John Castaneda
3687,UFC Fight Night: Dern vs. Yan,Aleksei Oleinik,Ilir Latifi,Ilir Latifi,2.8,1.56,Aleksei Oleinik,Ilir Latifi
3688,UFC Fight Night: Dern vs. Yan,Joaquim Silva,Jesse Ronson,Joaquim Silva,1.81,2.2,Jesse Ronson,Joaquim Silva
3689,UFC Fight Night: Dern vs. Yan,Brendan Allen,Krzysztof Jotko,Brendan Allen,2.06,1.91,Brendan Allen,Krzysztof Jotko
3690,UFC Fight Night: Dern vs. Yan,Julija Stoliarenko,Chelsea Chandler,Chelsea Chandler,1.8,2.13,Chelsea Chandler,Julija Stoliarenko
3691,UFC Fight Night: Dern vs. Yan,Randy Costa,Guido Cannetti,Guido Cannetti,1.36,3.65,Guido Cannetti,Randy Costa
3692,UFC Fight Night: Grasso vs. Araujo,Alexa Grasso,Viviane Araujo,Alexa Grasso,1.48,2.9,Viviane Araujo,Alexa Grasso
3693,UFC Fight Night: Grasso vs. Araujo,Cub Swanson,Jonathan Martinez,Jonathan Martinez,2.9,1.49,Cub Swanson,Jonathan Martinez
3694,UFC Fight Night: Grasso vs. Araujo,Dusko Todorovic,Jordan Wright,Dusko Todorovic,1.48,2.9,Jordan Wright,Dusko Todorovic
3695,UFC Fight Night: Grasso vs. Araujo,Raphael Assuncao,Victor Henry,Raphael Assuncao,4.5,1.26,Raphael Assuncao,Victor Henry
3696,UFC Fight Night: Grasso vs. Araujo,Misha Cirkunov,Alonzo Menifield,Alonzo Menifield,2.8,1.53,Misha Cirkunov,Alonzo Menifield
3697,UFC Fight Night: Grasso vs. Araujo,Mana Martinez,Brandon Davis,Mana Martinez,1.7,2.37,Brandon Davis,Mana Martinez
3698,UFC Fight Night: Grasso vs. Araujo,Jacob Malkoun,Nick Maximov,Jacob Malkoun,2.2,1.77,Jacob Malkoun,Nick Maximov
3699,UFC Fight Night: Grasso vs. Araujo,Lucas Alexander,Joanderson Brito,Joanderson Brito,4.65,1.28,Lucas Alexander,Joanderson Brito
3700,UFC Fight Night: Grasso vs. Araujo,Piera Rodriguez,Sam Hughes,Piera Rodriguez,1.6,2.55,Sam Hughes,Piera Rodriguez
3701,UFC Fight Night: Grasso vs. Araujo,Carlos Vergara,Tatsuro Taira,Tatsuro Taira,3.55,1.42,Carlos Vergara,Tatsuro Taira
3702,UFC Fight Night: Grasso vs. Araujo,Mike Jackson,Pete Rodriguez,Pete Rodriguez,6.25,1.15,Mike Jackson,Pete Rodriguez
3703,UFC Fight Night: Kattar vs. Allen,Calvin Kattar,Arnold Allen,Arnold Allen,2.15,1.88,Calvin Kattar,Arnold Allen
3704,UFC Fight Night: Kattar vs. Allen,Max Griffin,Tim Means,Max Griffin,1.54,2.66,Tim Means,Max Griffin
3705,UFC Fight Night: Kattar vs. Allen,Jared Vanderaa,Waldo Cortes-Acosta,Waldo Cortes-Acosta,2.88,1.49,Jared Vanderaa,Waldo Cortes-Acosta
3706,UFC Fight Night: Kattar vs. Allen,Tresean Gore,Josh Fremd,Tresean Gore,2.4,1.65,Tresean Gore,Josh Fremd
3707,UFC Fight Night: Kattar vs. Allen,Dustin Jacoby,Khalil Rountree,Khalil Rountree,1.57,2.62,Khalil Rountree,Dustin Jacoby
3708,UFC Fight Night: Kattar vs. Allen,Roman Dolidze,Phil Hawes,Roman Dolidze,2.63,1.57,Roman Dolidze,Phil Hawes
3709,UFC Fight Night: Kattar vs. Allen,Andrei Arlovski,Marcos Rogerio de Lima,Marcos Rogerio de Lima,3.15,1.4,Andrei Arlovski,Marcos Rogerio de Lima
3710,UFC Fight Night: Kattar vs. Allen,Joseph Holmes,Jun Yong Park,Jun Yong Park,2.94,1.5,Joseph Holmes,Jun Yong Park
3711,UFC Fight Night: Kattar vs. Allen,Chase Hooper,Steve Garcia,Steve Garcia,1.33,3.75,Steve Garcia,Chase Hooper
3712,UFC Fight Night: Kattar vs. Allen,Cody Durden,Carlos Mota,Cody Durden,2.45,1.65,Cody Durden,Carlos Mota
3713,UFC Fight Night: Kattar vs. Allen,Christian Rodriguez,Joshua Weems,Christian Rodriguez,1.25,4.5,Joshua Weems,Christian Rodriguez
3714,UFC Fight Night: Rodriguez vs. Lemos,Marina Alcalde Rodriguez,Amanda Lemos,Amanda Lemos,1.44,3.22,Amanda Lemos,Marina Alcalde Rodriguez
3715,UFC Fight Night: Rodriguez vs. Lemos,Neil Magny,Daniel Rodriguez,Neil Magny,1.91,2,Daniel Rodriguez,Neil Magny
3716,UFC Fight Night: Rodriguez vs. Lemos,Darrick Minner,Yilan Sha,Yilan Sha,4.3,1.33,Darrick Minner,Yilan Sha
3717,UFC Fight Night: Rodriguez vs. Lemos,Tagir Ulanbekov,Nathan Maness,Tagir Ulanbekov,1.44,3.11,Nathan Maness,Tagir Ulanbekov
3718,UFC Fight Night: Rodriguez vs. Lemos,Grant Dawson,Mark O. Madsen,Grant Dawson,1.5,2.9,Mark O. Madsen,Grant Dawson
3719,UFC Fight Night: Rodriguez vs. Lemos,Miranda Maverick,Shanna Young,Miranda Maverick,1.14,8.25,Shanna Young,Miranda Maverick
3720,UFC Fight Night: Rodriguez vs. Lemos,Mario Bautista,Benito Lopez,Mario Bautista,1.3,4.5,Benito Lopez,Mario Bautista
3721,UFC Fight Night: Rodriguez vs. Lemos,Jinh Yu Frey,Polyana Viana,Polyana Viana,2.25,1.74,Jinh Yu Frey,Polyana Viana
3722,UFC Fight Night: Rodriguez vs. Lemos,Johnny Munoz,Liudvik Sholinian,Johnny Munoz,1.4,3,Liudvik Sholinian,Johnny Munoz
3723,UFC Fight Night: Rodriguez vs. Lemos,Carlos Candelario,Jake Hadley,Jake Hadley,3.35,1.38,Carlos Candelario,Jake Hadley
3724,UFC Fight Night: Rodriguez vs. Lemos,Ramona Pascual,Tamires Vidal,Tamires Vidal,2.1,1.95,Ramona Pascual,Tamires Vidal
3725,UFC Fight Night: Nzechukwu vs. Cutelaba,Ion Cutelaba,Kennedy Nzechukwu,Kennedy Nzechukwu,2.7,1.58,Ion Cutelaba,Kennedy Nzechukwu
3726,UFC Fight Night: Nzechukwu vs. Cutelaba,Waldo Cortes-Acosta,Chase Sherman,Waldo Cortes-Acosta,1.44,3.1,Chase Sherman,Waldo Cortes-Acosta
3727,UFC Fight Night: Nzechukwu vs. Cutelaba,Andre Fialho,Muslim Salikhov,Muslim Salikhov,2,1.95,Andre Fialho,Muslim Salikhov
3728,UFC Fight Night: Nzechukwu vs. Cutelaba,Jack Della Maddalena,Danny Roberts,Jack Della Maddalena,1.17,9,Danny Roberts,Jack Della Maddalena
3729,UFC Fight Night: Nzechukwu vs. Cutelaba,Zhalgas Zhumagulov,Charles Johnson,Charles Johnson,2.52,1.61,Zhalgas Zhumagulov,Charles Johnson
3730,UFC Fight Night: Nzechukwu vs. Cutelaba,Jennifer Maia,Maryna Moroz,Jennifer Maia,2.63,1.67,Jennifer Maia,Maryna Moroz
3731,UFC Fight Night: Nzechukwu vs. Cutelaba,Miles Johns,Vincent Morales,Miles Johns,1.59,2.5,Vincent Morales,Miles Johns
3732,UFC Fight Night: Nzechukwu vs. Cutelaba,Ricky Turcios,Kevin Natividad,Ricky Turcios,1.62,2.71,Kevin Natividad,Ricky Turcios
3733,UFC Fight Night: Nzechukwu vs. Cutelaba,Maria Oliveira,Vanessa Demopoulos,Vanessa Demopoulos,1.98,1.95,Maria Oliveira,Vanessa Demopoulos
3734,UFC Fight Night: Nzechukwu vs. Cutelaba,Fernando Garcia,Brady Hiestand,Brady Hiestand,2.63,1.58,Fernando Garcia,Brady Hiestand
3735,UFC Fight Night: Nzechukwu vs. Cutelaba,Natalia Cristina da Silva,Tereza Bleda,Natalia Cristina da Silva,1.61,2.43,Tereza Bleda,Natalia Cristina da Silva
3736,UFC Fight Night: Thompson vs. Holland,Stephen Thompson,Kevin Holland,Stephen Thompson,2.69,1.62,Stephen Thompson,Kevin Holland
3737,UFC Fight Night: Thompson vs. Holland,Rafael dos Anjos,Bryan Barberena,Rafael dos Anjos,1.25,4.8,Bryan Barberena,Rafael dos Anjos
3738,UFC Fight Night: Thompson vs. Holland,Matheus Nicolau,Matt Schnell,Matheus Nicolau,1.26,4.2,Matt Schnell,Matheus Nicolau
3739,UFC Fight Night: Thompson vs. Holland,Tai Tuivasa,Sergey Pavlovich,Sergey Pavlovich,2.7,1.59,Tai Tuivasa,Sergey Pavlovich
3740,UFC Fight Night: Thompson vs. Holland,Roman Dolidze,Jack Hermansson,Roman Dolidze,2.95,1.5,Roman Dolidze,Jack Hermansson
3741,UFC Fight Night: Thompson vs. Holland,Eryk Anders,Kyle Daukaus,Eryk Anders,3.2,1.44,Eryk Anders,Kyle Daukaus
3742,UFC Fight Night: Thompson vs. Holland,Niko Price,Phil Rowe,Phil Rowe,2.05,2,Niko Price,Phil Rowe
3743,UFC Fight Night: Thompson vs. Holland,Angela Hill,Emily Ducote,Angela Hill,2.4,1.77,Angela Hill,Emily Ducote
3744,UFC Fight Night: Thompson vs. Holland,Clay Guida,Scott Holtzman,Clay Guida,2.98,1.56,Clay Guida,Scott Holtzman
3745,UFC Fight Night: Thompson vs. Holland,Michael Johnson,Marc Diakiese,Michael Johnson,4.2,1.3,Michael Johnson,Marc Diakiese
3746,UFC Fight Night: Thompson vs. Holland,Darren Elkins,Jonathan Pearce,Jonathan Pearce,5.6,1.21,Darren Elkins,Jonathan Pearce
3747,UFC Fight Night: Thompson vs. Holland,Natan Levy,Genaro Valdez,Natan Levy,,,,
3748,UFC Fight Night: Thompson vs. Holland,Francis Marshall,Marcelo Rojo,Francis Marshall,1.61,2.63,Marcelo Rojo,Francis Marshall
3749,UFC Fight Night: Thompson vs. Holland,Istela Nunes,Yazmin Jauregui,Yazmin Jauregui,3.85,1.32,Istela Nunes,Yazmin Jauregui
3750,UFC 282,Magomed Ankalaev,Jan Blachowicz,Magomed Ankalaev,1.43,3.25,Jan Blachowicz,Magomed Ankalaev
3751,UFC 282,Paddy Pimblett,Jared Gordon,Jared Gordon,1.43,3.25,Jan Blachowicz,Magomed Ankalaev
3752,UFC 282,Santiago Ponzinibbio,Alex Morono,Santiago Ponzinibbio,1.7,2.5,Alex Morono,Santiago Ponzinibbio
3753,UFC 282,Dricus Du Plessis,Darren Till,Dricus Du Plessis,1.55,2.8,Darren Till,Dricus Du Plessis
3754,UFC 282,Ilia Topuria,Bryce Mitchell,Ilia Topuria,1.7,2.2,Bryce Mitchell,Ilia Topuria
3755,UFC 282,Raul Rosas Jr,Jay Perrin,Raul Rosas Jr,1.4,2.9,Jay Perrin,Raul Rosas Jr
3756,UFC 282,Jairzinho Rozenstruik,Chris Daukaus,Jairzinho Rozenstruik,1.61,2.55,Chris Daukaus,Jairzinho Rozenstruik
3757,UFC 282,Edmen Shahbazyan,Dalcha Lungiambula,Edmen Shahbazyan,1.34,3.8,Dalcha Lungiambula,Edmen Shahbazyan
3758,UFC 282,Chris Curtis,Joaquin Buckley,Chris Curtis,2.6,1.61,Chris Curtis,Joaquin Buckley
3759,UFC 282,Alexander Hernandez,Billy Quarantillo,Billy Quarantillo,2.6,1.61,Alexander Hernandez,Billy Quarantillo
3760,UFC 282,Erik Silva,T.J. Brown,T.J. Brown,2,2,Erik Silva,T.J. Brown
3761,UFC 282,Cameron Saaiman,Steven Koslow,Cameron Saaiman,1.36,3.75,Steven Koslow,Cameron Saaiman
3762,UFC Fight Night: Cannonier vs. Strickland,Jared Cannonier,Sean Strickland,Jared Cannonier,1.91,2.04,Sean Strickland,Jared Cannonier
3763,UFC Fight Night: Cannonier vs. Strickland,Damir Ismagulov,Arman Tsarukyan,Arman Tsarukyan,2.8,1.53,Damir Ismagulov,Arman Tsarukyan
3764,UFC Fight Night: Cannonier vs. Strickland,Alessandro Costa,Amir Albazi,Amir Albazi,5,1.24,Alessandro Costa,Amir Albazi
3765,UFC Fight Night: Cannonier vs. Strickland,Alex Caceres,Julian Erosa,Alex Caceres,2.63,1.62,Alex Caceres,Julian Erosa
3766,UFC Fight Night: Cannonier vs. Strickland,Drew Dober,Bobby Green,Drew Dober,1.62,2.5,Bobby Green,Drew Dober
3767,UFC Fight Night: Cannonier vs. Strickland,Cody Brundage,Michal Oleksiejczuk,Michal Oleksiejczuk,3.35,1.43,Cody Brundage,Michal Oleksiejczuk
3768,UFC Fight Night: Cannonier vs. Strickland,Cheyanne Buys,Cory McKenna,Cory McKenna,1.57,2.5,Cory McKenna,Cheyanne Buys
3769,UFC Fight Night: Cannonier vs. Strickland,Jake Matthews,Matt Semelsberger,Matt Semelsberger,1.36,3.62,Matt Semelsberger,Jake Matthews
3770,UFC Fight Night: Cannonier vs. Strickland,Said Nurmagomedov,Saidyokub Kakhramonov,Said Nurmagomedov,2,1.93,Said Nurmagomedov,Saidyokub Kakhramonov
3771,UFC Fight Night: Cannonier vs. Strickland,Hayisaer Maheshate,Rafa Garcia,Rafa Garcia,2.4,1.7,Hayisaer Maheshate,Rafa Garcia
3772,UFC Fight Night: Cannonier vs. Strickland,Bryan Battle,Rinat Fakhretdinov,Rinat Fakhretdinov,2.35,1.68,Bryan Battle,Rinat Fakhretdinov
3773,UFC Fight Night: Cannonier vs. Strickland,Manel Kape,David Dvorak,Manel Kape,1.5,3,David Dvorak,Manel Kape
3774,UFC Fight Night: Cannonier vs. Strickland,Sergey Morozov,Journey Newson,Sergey Morozov,1.34,3.75,Journey Newson,Sergey Morozov
3775,UFC Fight Night: Muniz vs. Allen,Brendan Allen,Andre Muniz,Brendan Allen,3,1.49,Brendan Allen,Andre Muniz
3776,UFC Fight Night: Muniz vs. Allen,Augusto Sakai,Don'tale Mayes,Augusto Sakai,1.96,2.15,Don'tale Mayes,Augusto Sakai
3777,UFC Fight Night: Muniz vs. Allen,Montana De La Rosa,Tatiana Suarez,Tatiana Suarez,6.2,1.13,Montana De La Rosa,Tatiana Suarez
3778,UFC Fight Night: Muniz vs. Allen,Mike Malott,Yohan Lainesse,Mike Malott,1.47,3,Yohan Lainesse,Mike Malott
3779,UFC Fight Night: Muniz vs. Allen,Erick Gonzalez,Trevor Peek,Trevor Peek,3.45,1.53,Erick Gonzalez,Trevor Peek
3780,UFC Fight Night: Muniz vs. Allen,Gabriella Fernandes,Jasmine Jasudavicius,Jasmine Jasudavicius,1.83,2.12,Jasmine Jasudavicius,Gabriella Fernandes
3781,UFC Fight Night: Muniz vs. Allen,Jordan Leavitt,Victor Martinez,Jordan Leavitt,1.95,2.15,Victor Martinez,Jordan Leavitt
3782,UFC Fight Night: Muniz vs. Allen,Ode Osbourne,Charles Johnson,Ode Osbourne,2.34,1.65,Ode Osbourne,Charles Johnson
3783,UFC Fight Night: Muniz vs. Allen,Joe Solecki,Carl Deaton,Joe Solecki,1.19,7.5,Carl Deaton,Joe Solecki
3784,UFC Fight Night: Muniz vs. Allen,Rafael Alves,Nurullo Aliev,Nurullo Aliev,2.7,1.56,Rafael Alves,Nurullo Aliev
3785,UFC 285,Jon Jones,Ciryl Gane,Jon Jones,1.7,2.55,Ciryl Gane,Jon Jones
3786,UFC 285,Valentina Shevchenko,Alexa Grasso,Alexa Grasso,1.17,8.5,Alexa Grasso,Valentina Shevchenko
3787,UFC 285,Geoff Neal,Shavkat Rakhmonov,Shavkat Rakhmonov,5.2,1.22,Geoff Neal,Shavkat Rakhmonov
3788,UFC 285,Mateusz Gamrot,Jalin Turner,Mateusz Gamrot,1.57,2.8,Jalin Turner,Mateusz Gamrot
3789,UFC 285,Bo Nickal,Jamie Pickett,Bo Nickal,1.07,13,Jamie Pickett,Bo Nickal
3790,UFC 285,Cody Garbrandt,Trevin Jones,Cody Garbrandt,1.61,2.55,Trevin Jones,Cody Garbrandt
3791,UFC 285,Derek Brunson,Dricus Du Plessis,Dricus Du Plessis,3,1.45,Derek Brunson,Dricus Du Plessis
3792,UFC 285,Amanda Ribas,Viviane Araujo,Amanda Ribas,1.95,2.1,Viviane Araujo,Amanda Ribas
3793,UFC 285,Marc-Andre Barriault,Julian Marquez,Marc-Andre Barriault,1.8,2.4,Julian Marquez,Marc-Andre Barriault
3794,UFC 285,Ian Garry,Kenan Song,Ian Garry,1.13,7.5,Kenan Song,Ian Garry
3795,UFC 285,Mana Martinez,Cameron Saaiman,Cameron Saaiman,3.41,1.4,Mana Martinez,Cameron Saaiman
3796,UFC 285,Tabatha Ricci,Jessica Penne,Tabatha Ricci,1.43,4.25,Jessica Penne,Tabatha Ricci
3797,UFC 285,Farid Basharat,DaMon Blackshear,Farid Basharat,1.21,4.5,DaMon Blackshear,Farid Basharat
3798,UFC 285,Loik Radzhabov,Esteban Ribovics,Loik Radzhabov,1.49,3.05,Esteban Ribovics,Loik Radzhabov
3799,UFC Fight Night: Yan vs. Dvalishvili,Petr Yan,Merab Dvalishvili,Merab Dvalishvili,1.42,3.2,Merab Dvalishvili,Petr Yan
3800,UFC Fight Night: Yan vs. Dvalishvili,Alexander Volkov,Alexander Romanov,Alexander Volkov,2.3,1.61,Alexander Volkov,Alexander Romanov
3801,UFC Fight Night: Yan vs. Dvalishvili,Nikita Krylov,Ryan Spann,Nikita Krylov,1.63,2.47,Ryan Spann,Nikita Krylov
3802,UFC Fight Night: Yan vs. Dvalishvili,Said Nurmagomedov,Jonathan Martinez,Jonathan Martinez,1.44,3.1,Jonathan Martinez,Said Nurmagomedov
3803,UFC Fight Night: Yan vs. Dvalishvili,Mario Bautista,Guido Cannetti,Mario Bautista,1.1,8.5,Guido Cannetti,Mario Bautista
3804,UFC Fight Night: Yan vs. Dvalishvili,Vitor Petrino,Anton Turkalj,Vitor Petrino,1.95,2.02,Anton Turkalj,Vitor Petrino
3805,UFC Fight Night: Yan vs. Dvalishvili,Lukasz Brzeski,Karl Williams,Karl Williams,2.6,1.54,Lukasz Brzeski,Karl Williams
3806,UFC Fight Night: Yan vs. Dvalishvili,Raphael Assuncao,Davey Grant,Davey Grant,2.25,1.74,Raphael Assuncao,Davey Grant
3807,UFC Fight Night: Yan vs. Dvalishvili,Sedriques Dumas,Josh Fremd,Josh Fremd,1.54,3.05,Josh Fremd,Sedriques Dumas
3808,UFC Fight Night: Yan vs. Dvalishvili,Tony Gravely,Victor Henry,Victor Henry,2.3,1.7,Tony Gravely,Victor Henry
3809,UFC Fight Night: Yan vs. Dvalishvili,Ariane Lipski,J.J. Aldrich,Ariane Lipski,4.4,1.29,Ariane Lipski,J.J. Aldrich
3810,UFC Fight Night: Yan vs. Dvalishvili,Bruno Silva,Tyson Nam,Bruno Silva,1.59,2.65,Tyson Nam,Bruno Silva
3811,UFC Fight Night: Yan vs. Dvalishvili,Carlston Harris,Jared Gooden,Carlston Harris,1.33,4,Jared Gooden,Carlston Harris
3812,UFC 286,Kamaru Usman,Leon Edwards,Leon Edwards,1.43,3.3,Leon Edwards,Kamaru Usman
3813,UFC 286,Justin Gaethje,Rafael Fiziev,Justin Gaethje,3.22,1.44,Justin Gaethje,Rafael Fiziev
3814,UFC 286,Bryan Barberena,Gunnar Nelson,Gunnar Nelson,4.1,1.27,Bryan Barberena,Gunnar Nelson
3815,UFC 286,Jennifer Maia,Casey O'Neill,Jennifer Maia,2.6,1.67,Jennifer Maia,Casey O'Neill
3816,UFC 286,Marvin Vettori,Roman Dolidze,Marvin Vettori,1.43,5.6,Roman Dolidze,Marvin Vettori
3817,UFC 286,Jack Shore,Makwan Amirkhani,Jack Shore,1.2,5.85,Makwan Amirkhani,Jack Shore
3818,UFC 286,Omar Morales,Chris Duncan (2),Chris Duncan (2),1.95,1.95,Omar Morales,Chris Duncan (2)
3819,UFC 286,Sam Patterson,Yanal Ashmoz,Yanal Ashmoz,1.36,3.4,Yanal Ashmoz,Sam Patterson
3820,UFC 286,Muhammad Mokaev,Jafel Filho,Muhammad Mokaev,1.12,7.5,Jafel Filho,Muhammad Mokaev
3821,UFC 286,Lerone Murphy,Gabriel Santos,Lerone Murphy,1.57,2.8,Gabriel Santos,Lerone Murphy
3822,UFC 286,Dusko Todorovic,Christian Duncan,Christian Duncan,3.3,1.53,Dusko Todorovic,Christian Duncan
3823,UFC 286,Jake Hadley,Malcolm Gordon,Jake Hadley,1.32,4.75,Malcolm Gordon,Jake Hadley
3824,UFC 286,Joanne Wood,Luana Carolina,Joanne Wood,1.59,2.86,Luana Carolina,Joanne Wood
3825,UFC 286,Veronica Macedo,Juliana Miller,Veronica Macedo,4.5,1.29,Veronica Macedo,Juliana Miller
3826,UFC Fight Night: Vera vs. Sandhagen,Cory Sandhagen,Marlon Vera,Cory Sandhagen,1.74,2.33,Marlon Vera,Cory Sandhagen
3827,UFC Fight Night: Vera vs. Sandhagen,Holly Holm,Yana Santos,Holly Holm,1.43,3.1,Yana Santos,Holly Holm
3828,UFC Fight Night: Vera vs. Sandhagen,Austin Lingo,Nate Landwehr,Nate Landwehr,2.85,1.51,Austin Lingo,Nate Landwehr
3829,UFC Fight Night: Vera vs. Sandhagen,Andrea Lee,Maycee Barber,Maycee Barber,3.4,1.38,Andrea Lee,Maycee Barber
3830,UFC Fight Night: Vera vs. Sandhagen,Chidi Njokuani,Albert Duraev,Albert Duraev,1.71,2.55,Albert Duraev,Chidi Njokuani
3831,UFC Fight Night: Vera vs. Sandhagen,Daniel Pineda,Tucker Lutz,Daniel Pineda,3.55,1.42,Daniel Pineda,Tucker Lutz
3832,UFC Fight Night: Vera vs. Sandhagen,Steven Peterson,Lucas Alexander,Lucas Alexander,1.67,2.4,Lucas Alexander,Steven Peterson
3833,UFC Fight Night: Vera vs. Sandhagen,Trevin Giles,Preston Parsons,Trevin Giles,2.1,1.91,Trevin Giles,Preston Parsons
3834,UFC Fight Night: Vera vs. Sandhagen,Carlos Vergara,Daniel Lacerda,Carlos Vergara,1.42,3.25,Daniel Lacerda,Carlos Vergara
3835,UFC Fight Night: Vera vs. Sandhagen,Vinicius Salvador,Victor Altamirano,Victor Altamirano,1.91,2,Victor Altamirano,Vinicius Salvador
3836,UFC 287,Alex Pereira,Israel Adesanya,Israel Adesanya,2.15,1.74,Alex Pereira,Israel Adesanya
3837,UFC 287,Gilbert Burns,Jorge Masvidal,Gilbert Burns,1.25,4.8,Jorge Masvidal,Gilbert Burns
3838,UFC 287,Rob Font,Adrian Yanez,Rob Font,2.6,1.62,Rob Font,Adrian Yanez
3839,UFC 287,Kevin Holland,Santiago Ponzinibbio,Kevin Holland,1.4,3.15,Santiago Ponzinibbio,Kevin Holland
3840,UFC 287,Raul Rosas Jr,Christian Rodriguez,Christian Rodriguez,1.44,2.75,Christian Rodriguez,Raul Rosas Jr
3841,UFC 287,Kelvin Gastelum,Chris Curtis,Kelvin Gastelum,1.77,2.1,Chris Curtis,Kelvin Gastelum
3842,UFC 287,Michelle Waterson,Luana Pinheiro,Luana Pinheiro,2.4,1.71,Michelle Waterson,Luana Pinheiro
3843,UFC 287,Joe Pyfer,Gerald Meerschaert,Joe Pyfer,1.53,2.72,Gerald Meerschaert,Joe Pyfer
3844,UFC 287,Cynthia Calvillo,Lupita Godinez,Lupita Godinez,3.4,1.41,Cynthia Calvillo,Lupita Godinez
3845,UFC 287,Ignacio Bahamondes,Trey Ogden,Ignacio Bahamondes,1.29,4.6,Trey Ogden,Ignacio Bahamondes
3846,UFC 287,Steve Garcia,Yilan Sha,Steve Garcia,2.63,1.59,Steve Garcia,Yilan Sha
3847,UFC 287,Sam Hughes,Jaqueline Amorim,Sam Hughes,3,1.36,Sam Hughes,Jaqueline Amorim
3848,UFC Fight Night: Holloway vs. Allen,Max Holloway,Arnold Allen,Max Holloway,1.61,2.5,Arnold Allen,Max Holloway
3849,UFC Fight Night: Holloway vs. Allen,Billy Quarantillo,Edson Barboza,Edson Barboza,1.61,2.51,Edson Barboza,Billy Quarantillo
3850,UFC Fight Night: Holloway vs. Allen,Dustin Jacoby,Azamat Murzakanov,Azamat Murzakanov,1.71,2.4,Azamat Murzakanov,Dustin Jacoby
3851,UFC Fight Night: Holloway vs. Allen,Ion Cutelaba,Tanner Boser,Ion Cutelaba,1.81,2.1,Tanner Boser,Ion Cutelaba
3852,UFC Fight Night: Holloway vs. Allen,Pedro Munhoz,Chris Gutierrez,Pedro Munhoz,3,1.5,Pedro Munhoz,Chris Gutierrez
3853,UFC Fight Night: Holloway vs. Allen,Clay Guida,Rafa Garcia,Rafa Garcia,3.7,1.36,Clay Guida,Rafa Garcia
3854,UFC Fight Night: Holloway vs. Allen,Bill Algeo,T.J. Brown,Bill Algeo,1.5,2.9,T.J. Brown,Bill Algeo
3855,UFC Fight Night: Holloway vs. Allen,Matheus Nicolau,Brandon Royval,Brandon Royval,1.51,2.75,Brandon Royval,Matheus Nicolau
3856,UFC Fight Night: Holloway vs. Allen,Ed Herman,Zak Cummings,Zak Cummings,2.88,1.5,Ed Herman,Zak Cummings
3857,UFC Fight Night: Holloway vs. Allen,Gillian Robertson,Piera Rodriguez,Gillian Robertson,1.8,2.15,Piera Rodriguez,Gillian Robertson
3858,UFC Fight Night: Holloway vs. Allen,Lando Vannata,Daniel Zellhuber,Daniel Zellhuber,2.14,1.8,Lando Vannata,Daniel Zellhuber
3859,UFC Fight Night: Holloway vs. Allen,Bruna Brasil,Denise Gomes,Denise Gomes,1.7,2.33,Denise Gomes,Bruna Brasil
3860,UFC Fight Night: Holloway vs. Allen,Gaston Bolanos,Aaron Phillips,Gaston Bolanos,1.57,2.65,Aaron Phillips,Gaston Bolanos
3861,UFC Fight Night: Holloway vs. Allen,Joselyne Edwards,Lucie Pudilova,Joselyne Edwards,2.22,1.75,Joselyne Edwards,Lucie Pudilova
3862,UFC Fight Night: Pavlovich vs. Blaydes,Curtis Blaydes,Sergey Pavlovich,Sergey Pavlovich,1.83,2.3,Sergey Pavlovich,Curtis Blaydes
3863,UFC Fight Night: Pavlovich vs. Blaydes,Brad Tavares,Bruno Silva,Bruno Silva,1.62,2.45,Bruno Silva,Brad Tavares
3864,UFC Fight Night: Pavlovich vs. Blaydes,Iasmin Lucindo,Brogan Walker,Iasmin Lucindo,1.29,4.45,Brogan Walker,Iasmin Lucindo
3865,UFC Fight Night: Pavlovich vs. Blaydes,Jeremiah Wells,Matt Semelsberger,Jeremiah Wells,2.15,1.91,Jeremiah Wells,Matt Semelsberger
3866,UFC Fight Night: Pavlovich vs. Blaydes,Rick Glenn,Christos Giagos,Christos Giagos,1.69,2.45,Christos Giagos,Rick Glenn
3867,UFC Fight Night: Pavlovich vs. Blaydes,Montel Jackson,Rani Yahya,Montel Jackson,1.18,6.25,Rani Yahya,Montel Jackson
3868,UFC Fight Night: Pavlovich vs. Blaydes,Karol Rosa,Norma Dumont,Norma Dumont,2.05,1.87,Karol Rosa,Norma Dumont
3869,UFC Fight Night: Pavlovich vs. Blaydes,Mohammed Usman,Junior Tafa,Mohammed Usman,2.12,1.89,Mohammed Usman,Junior Tafa
3870,UFC Fight Night: Pavlovich vs. Blaydes,Francis Marshall,William Gomis,William Gomis,1.53,2.82,William Gomis,Francis Marshall
3871,UFC Fight Night: Pavlovich vs. Blaydes,Danaa Batgerel,Brady Hiestand,Brady Hiestand,1.71,2.34,Brady Hiestand,Danaa Batgerel
3872,UFC 288,Aljamain Sterling,Henry Cejudo,Aljamain Sterling,2.15,2,Aljamain Sterling,Henry Cejudo
3873,UFC 288,Gilbert Burns,Belal Muhammad,Belal Muhammad,1.67,2.35,Belal Muhammad,Gilbert Burns
3874,UFC 288,Jessica Andrade,Yan Xiaonan,Yan Xiaonan,1.61,2.52,Yan Xiaonan,Jessica Andrade
3875,UFC 288,Movsar Evloev,Diego Lopes,Movsar Evloev,1.11,7.75,Diego Lopes,Movsar Evloev
3876,UFC 288,Kron Gracie,Charles Jourdain,Charles Jourdain,2.48,1.65,Kron Gracie,Charles Jourdain
3877,UFC 288,Drew Dober,Matt Frevola,Matt Frevola,1.47,3,Matt Frevola,Drew Dober
3878,UFC 288,Kennedy Nzechukwu,Devin Clark,Kennedy Nzechukwu,1.59,2.63,Devin Clark,Kennedy Nzechukwu
3879,UFC 288,Kalinn Williams,Rolando Bedoya,Kalinn Williams,,,,
3880,UFC 288,Marina Alcalde Rodriguez,Virna Jandiroba,Virna Jandiroba,1.95,2.1,Virna Jandiroba,Marina Alcalde Rodriguez
3881,UFC 288,Parker Porter,Braxton Smith,Parker Porter,1.61,2.55,Braxton Smith,Parker Porter
3882,UFC 288,Ikram Aliskerov,Phil Hawes,Ikram Aliskerov,1.56,2.7,Phil Hawes,Ikram Aliskerov
3883,UFC 288,Joseph Holmes,Claudio Ribeiro,Claudio Ribeiro,2.5,1.66,Joseph Holmes,Claudio Ribeiro
3884,UFC Fight Night: Hill vs. Dern,Angela Hill,Mackenzie Dern,Mackenzie Dern,2.4,1.62,Angela Hill,Mackenzie Dern
3885,UFC Fight Night: Hill vs. Dern,Edmen Shahbazyan,Anthony Hernandez,Anthony Hernandez,2.84,1.48,Edmen Shahbazyan,Anthony Hernandez
3886,UFC Fight Night: Hill vs. Dern,Emily Ducote,Lupita Godinez,Lupita Godinez,2.28,1.74,Emily Ducote,Lupita Godinez
3887,UFC Fight Night: Hill vs. Dern,Andre Fialho,Joaquin Buckley,Joaquin Buckley,2.94,1.48,Andre Fialho,Joaquin Buckley
3888,UFC Fight Night: Hill vs. Dern,Michael Johnson,Carlos Diego Ferreira,Carlos Diego Ferreira,2.2,1.74,Michael Johnson,Carlos Diego Ferreira
3889,UFC Fight Night: Hill vs. Dern,Hayisaer Maheshate,Viacheslav Borshchev,Viacheslav Borshchev,2.4,1.62,Hayisaer Maheshate,Viacheslav Borshchev
3890,UFC Fight Night: Hill vs. Dern,Karolina Kowalkiewicz,Vanessa Demopoulos,Karolina Kowalkiewicz,1.77,2.22,Vanessa Demopoulos,Karolina Kowalkiewicz
3891,UFC Fight Night: Hill vs. Dern,Orion Cosce,Gilbert Urbina,Gilbert Urbina,2.02,1.9,Orion Cosce,Gilbert Urbina
3892,UFC Fight Night: Hill vs. Dern,Ilir Latifi,Rodrigo Nascimento Ferreira,Rodrigo Nascimento Ferreira,2.66,1.57,Ilir Latifi,Rodrigo Nascimento Ferreira
3893,UFC Fight Night: Hill vs. Dern,Chase Hooper,Nick Fiore,Chase Hooper,2.2,1.83,Chase Hooper,Nick Fiore
3894,UFC Fight Night: Hill vs. Dern,Natalia Cristina da Silva,Victoria Leonardo,Natalia Cristina da Silva,1.11,6,Victoria Leonardo,Natalia Cristina da Silva
3895,UFC Fight Night: Hill vs. Dern,Takashi Sato,Themba Gorimbo,Themba Gorimbo,2.2,1.9,Takashi Sato,Themba Gorimbo
3896,UFC Fight Night: Kara-France vs. Albazi,Kai Kara-France,Amir Albazi,Amir Albazi,2.15,1.87,Kai Kara-France,Amir Albazi
3897,UFC Fight Night: Kara-France vs. Albazi,Alex Caceres,Daniel Pineda,Alex Caceres,1.56,2.8,Daniel Pineda,Alex Caceres
3898,UFC Fight Night: Kara-France vs. Albazi,Jim Miller,Jesse Butler,Jim Miller,1.42,3.2,Jesse Butler,Jim Miller
3899,UFC Fight Night: Kara-France vs. Albazi,Tim Elliott,Victor Altamirano,Tim Elliott,1.6,2.63,Victor Altamirano,Tim Elliott
3900,UFC Fight Night: Kara-France vs. Albazi,Karine Silva,Ketlen Souza,Karine Silva,1.48,2.85,Ketlen Souza,Karine Silva
3901,UFC Fight Night: Kara-France vs. Albazi,Abubakar Nurmagomedov,Elizeu Zaleski dos Santos,Elizeu Zaleski dos Santos,1.78,2.1,Elizeu Zaleski dos Santos,Abubakar Nurmagomedov
3902,UFC Fight Night: Kara-France vs. Albazi,Johnny Munoz,Daniel Santos,Daniel Santos,3,1.53,Johnny Munoz,Daniel Santos
3903,UFC Fight Night: Kara-France vs. Albazi,Andrei Arlovski,Don'tale Mayes,Don'tale Mayes,2.2,1.75,Andrei Arlovski,Don'tale Mayes
3904,UFC Fight Night: Kara-France vs. Albazi,John Castaneda,Muin Gafurov,John Castaneda,1.83,2.08,Muin Gafurov,John Castaneda
3905,UFC Fight Night: Kara-France vs. Albazi,Jamie Mullarkey,Muhammadjon Naimov,Muhammadjon Naimov,1.22,4.8,Muhammadjon Naimov,Jamie Mullarkey
3906,UFC Fight Night: Kara-France vs. Albazi,Jinh Yu Frey,Elise Reed,Elise Reed,2.25,1.83,Jinh Yu Frey,Elise Reed
3907,UFC Fight Night: Kara-France vs. Albazi,DaMon Blackshear,Luan Lacerda,DaMon Blackshear,2.32,1.69,DaMon Blackshear,Luan Lacerda
3908,UFC Fight Night: Kara-France vs. Albazi,Maxim Grishin,Philipe Lins,Philipe Lins,1.83,2.25,Philipe Lins,Maxim Grishin
3909,UFC 289,Amanda Nunes,Irene Aldana,Amanda Nunes,1.33,3.55,Irene Aldana,Amanda Nunes
3910,UFC 289,Charles Oliveira,Beneil Dariush,Charles Oliveira,2.28,1.7,Charles Oliveira,Beneil Dariush
3911,UFC 289,Mike Malott,Adam Fugitt,Mike Malott,1.49,2.84,Adam Fugitt,Mike Malott
3912,UFC 289,Dan Ige,Nate Landwehr,Dan Ige,1.4,3.25,Nate Landwehr,Dan Ige
3913,UFC 289,Eryk Anders,Marc-Andre Barriault,Marc-Andre Barriault,2.4,1.71,Eryk Anders,Marc-Andre Barriault
3914,UFC 289,Miranda Maverick,Jasmine Jasudavicius,Jasmine Jasudavicius,1.43,3.35,Jasmine Jasudavicius,Miranda Maverick
3915,UFC 289,Aiemann Zahabi,Qileng Aori,Aiemann Zahabi,2.02,1.83,Aiemann Zahabi,Qileng Aori
3916,UFC 289,Kyle Nelson,Blake Bilder,Kyle Nelson,3.3,1.4,Kyle Nelson,Blake Bilder
3917,UFC 289,Steve Erceg,David Dvorak,Steve Erceg,3.4,1.37,Steve Erceg,David Dvorak
3918,UFC 289,Diana Belbita,Maria Oliveira,Diana Belbita,1.77,2.2,Maria Oliveira,Diana Belbita
3919,UFC Fight Night: Vettori vs. Cannonier,Marvin Vettori,Jared Cannonier,Jared Cannonier,1.81,2.2,Jared Cannonier,Marvin Vettori
3920,UFC Fight Night: Vettori vs. Cannonier,Arman Tsarukyan,Joaquim Silva,Arman Tsarukyan,1.1,10,Joaquim Silva,Arman Tsarukyan
3921,UFC Fight Night: Vettori vs. Cannonier,Christian Duncan,Armen Petrosyan,Armen Petrosyan,1.65,2.5,Armen Petrosyan,Christian Duncan
3922,UFC Fight Night: Vettori vs. Cannonier,Pat Sabatini,Lucas Almeida,Pat Sabatini,1.56,2.63,Lucas Almeida,Pat Sabatini
3923,UFC Fight Night: Vettori vs. Cannonier,Nikolas Motta,Manuel Torres,Manuel Torres,2.75,1.54,Nikolas Motta,Manuel Torres
3924,UFC Fight Night: Vettori vs. Cannonier,Muslim Salikhov,Nicolas Dalby,Nicolas Dalby,1.59,2.65,Nicolas Dalby,Muslim Salikhov
3925,UFC Fight Night: Vettori vs. Cannonier,Jimmy Flick,Alessandro Costa,Alessandro Costa,3.6,1.36,Jimmy Flick,Alessandro Costa
3926,UFC Fight Night: Vettori vs. Cannonier,Kyung Ho Kang,Christian Quinonez,Kyung Ho Kang,2.3,1.74,Kyung Ho Kang,Christian Quinonez
3927,UFC Fight Night: Vettori vs. Cannonier,Carlos Hernandez,Denys Bondar,Carlos Hernandez,2.4,1.72,Carlos Hernandez,Denys Bondar
3928,UFC Fight Night: Vettori vs. Cannonier,Tereza Bleda,Gabriella Fernandes,Tereza Bleda,1.44,3.1,Gabriella Fernandes,Tereza Bleda
3929,UFC Fight Night: Vettori vs. Cannonier,Modestas Bukauskas,Zac Pauga,Modestas Bukauskas,1.53,2.75,Zac Pauga,Modestas Bukauskas
3930,UFC Fight Night: Emmett vs. Topuria,Ilia Topuria,Josh Emmett,Ilia Topuria,1.3,4.1,Josh Emmett,Ilia Topuria
3931,UFC Fight Night: Emmett vs. Topuria,Amanda Ribas,Maycee Barber,Maycee Barber,1.53,2.7,Maycee Barber,Amanda Ribas
3932,UFC Fight Night: Emmett vs. Topuria,David Onama,Gabriel Santos,David Onama,2.88,1.48,David Onama,Gabriel Santos
3933,UFC Fight Night: Emmett vs. Topuria,Brendan Allen,Bruno Silva,Brendan Allen,1.53,2.9,Bruno Silva,Brendan Allen
3934,UFC Fight Night: Emmett vs. Topuria,Neil Magny,Phil Rowe,Neil Magny,1.59,2.55,Phil Rowe,Neil Magny
3935,UFC Fight Night: Emmett vs. Topuria,Randy Brown,Wellington Turman,Randy Brown,1.42,3.2,Wellington Turman,Randy Brown
3936,UFC Fight Night: Emmett vs. Topuria,Mateusz Rebecki,Loik Radzhabov,Mateusz Rebecki,1.87,2.2,Loik Radzhabov,Mateusz Rebecki
3937,UFC Fight Night: Emmett vs. Topuria,Tabatha Ricci,Gillian Robertson,Tabatha Ricci,1.81,2.1,Gillian Robertson,Tabatha Ricci
3938,UFC Fight Night: Emmett vs. Topuria,Zhalgas Zhumagulov,Joshua Van,Joshua Van,1.5,2.9,Joshua Van,Zhalgas Zhumagulov
3939,UFC Fight Night: Emmett vs. Topuria,Trevor Peek,Jose Mariscal,Jose Mariscal,1.83,2.35,Jose Mariscal,Trevor Peek
3940,UFC Fight Night: Emmett vs. Topuria,Jamall Emmers,Jack Jenkins,Jack Jenkins,1.53,2.75,Jack Jenkins,Jamall Emmers
3941,UFC Fight Night: Emmett vs. Topuria,Cody Brundage,Sedriques Dumas,Sedriques Dumas,1.71,2.5,Sedriques Dumas,Cody Brundage
3942,UFC Fight Night: Strickland vs. Magomedov,Sean Strickland,Abusupiyan Magomedov,Sean Strickland,1.67,2.36,Abusupiyan Magomedov,Sean Strickland
3943,UFC Fight Night: Strickland vs. Magomedov,Grant Dawson,Damir Ismagulov,Grant Dawson,2.2,1.86,Grant Dawson,Damir Ismagulov
3944,UFC Fight Night: Strickland vs. Magomedov,Max Griffin,Michael Morales,Michael Morales,3.2,1.4,Max Griffin,Michael Morales
3945,UFC Fight Night: Strickland vs. Magomedov,Ariane Lipski,Melissa Gatto,Ariane Lipski,3.05,1.43,Ariane Lipski,Melissa Gatto
3946,UFC Fight Night: Strickland vs. Magomedov,Ismael Bonfim,Benoit Saint-Denis,Benoit Saint-Denis,1.37,3.35,Benoit Saint-Denis,Ismael Bonfim
3947,UFC Fight Night: Strickland vs. Magomedov,Nursulton Ruziboev,Brunno Ferreira,Nursulton Ruziboev,3,1.45,Nursulton Ruziboev,Brunno Ferreira
3948,UFC Fight Night: Strickland vs. Magomedov,Kevin Lee,Rinat Fakhretdinov,Rinat Fakhretdinov,2.8,1.48,Kevin Lee,Rinat Fakhretdinov
3949,UFC Fight Night: Strickland vs. Magomedov,Joanderson Brito,Westin Wilson,Joanderson Brito,1.08,10,Westin Wilson,Joanderson Brito
3950,UFC Fight Night: Strickland vs. Magomedov,Yana Santos,Karol Rosa,Karol Rosa,2.7,1.57,Yana Santos,Karol Rosa
3951,UFC Fight Night: Strickland vs. Magomedov,Guram Kutateladze,Elves Brenner,Elves Brenner,1.15,6.5,Elves Brenner,Guram Kutateladze
3952,UFC Fight Night: Strickland vs. Magomedov,Ivana Petrovic,Luana Carolina,Luana Carolina,1.56,2.65,Luana Carolina,Ivana Petrovic
3953,UFC Fight Night: Strickland vs. Magomedov,Alexander Romanov,Blagoy Ivanov,Alexander Romanov,1.75,2.25,Blagoy Ivanov,Alexander Romanov
3954,UFC 290,Alex Volkanovski,Yair Rodriguez,Alex Volkanovski,1.27,3.9,Yair Rodriguez,Alex Volkanovski
3955,UFC 290,Brandon Moreno,Alexandre Pantoja,Alexandre Pantoja,1.53,2.66,Alexandre Pantoja,Brandon Moreno
3956,UFC 290,Robert Whittaker,Dricus Du Plessis,Dricus Du Plessis,1.3,4,Dricus Du Plessis,Robert Whittaker
3957,UFC 290,Jalin Turner,Daniel Hooker,Daniel Hooker,1.33,3.45,Daniel Hooker,Jalin Turner
3958,UFC 290,Bo Nickal,Valentine Woodburn,Bo Nickal,1.07,14,Valentine Woodburn,Bo Nickal
3959,UFC 290,Robbie Lawler,Niko Price,Robbie Lawler,2.85,1.5,Robbie Lawler,Niko Price
3960,UFC 290,Tatsuro Taira,Edgar Chairez,Tatsuro Taira,1.12,11,Edgar Chairez,Tatsuro Taira
3961,UFC 290,Yazmin Jauregui,Denise Gomes,Denise Gomes,1.27,4.1,Denise Gomes,Yazmin Jauregui
3962,UFC 290,Jim Crute,Alonzo Menifield,Alonzo Menifield,1.72,2.35,Alonzo Menifield,Jim Crute
3963,UFC 290,Vitor Petrino,Marcin Prachnio,Vitor Petrino,1.43,3.25,Marcin Prachnio,Vitor Petrino
3964,UFC 290,Cameron Saaiman,Terrence Mitchell,Cameron Saaiman,1.18,5.5,Terrence Mitchell,Cameron Saaiman
3965,UFC 290,Shannon Ross,Jesus Santos Aguilar,Jesus Santos Aguilar,2.28,1.72,Shannon Ross,Jesus Santos Aguilar
3966,UFC 290,Kamuela Kirk,Esteban Ribovics,Esteban Ribovics,2.45,1.67,Kamuela Kirk,Esteban Ribovics
3967,UFC Fight Night: Holm vs. Bueno Silva,Holly Holm,Mayra Bueno Silva,Mayra Bueno Silva,1.6,2.5,Mayra Bueno Silva,Holly Holm
3968,UFC Fight Night: Holm vs. Bueno Silva,Jack Della Maddalena,Bassil Hafez,Jack Della Maddalena,1.18,6,Bassil Hafez,Jack Della Maddalena
3969,UFC Fight Night: Holm vs. Bueno Silva,Ottman Azaitar,Francisco Prado,Francisco Prado,2,1.91,Ottman Azaitar,Francisco Prado
3970,UFC Fight Night: Holm vs. Bueno Silva,Albert Duraev,Jun Yong Park,Jun Yong Park,2.3,1.71,Albert Duraev,Jun Yong Park
3971,UFC Fight Night: Holm vs. Bueno Silva,Norma Dumont,Chelsea Chandler,Norma Dumont,1.72,2.3,Chelsea Chandler,Norma Dumont
3972,UFC Fight Night: Holm vs. Bueno Silva,Terrance McKinney,Nazim Sadykhov,Nazim Sadykhov,2.45,1.67,Terrance McKinney,Nazim Sadykhov
3973,UFC Fight Night: Holm vs. Bueno Silva,Tucker Lutz,Melsik Bagdasaryan,Melsik Bagdasaryan,2.4,1.68,Tucker Lutz,Melsik Bagdasaryan
3974,UFC Fight Night: Holm vs. Bueno Silva,Istela Nunes,Viktoriya Dudakova,Viktoriya Dudakova,2.8,1.53,Istela Nunes,Viktoriya Dudakova
3975,UFC Fight Night: Holm vs. Bueno Silva,Austin Lingo,Melquizael Costa,Melquizael Costa,2.95,1.45,Austin Lingo,Melquizael Costa
3976,UFC Fight Night: Holm vs. Bueno Silva,Evan Elder,Genaro Valdez,Evan Elder,1.33,3.5,Genaro Valdez,Evan Elder
3977,UFC Fight Night: Holm vs. Bueno Silva,Tyson Nam,Azat Maksum,Azat Maksum,4.5,1.26,Tyson Nam,Azat Maksum
3978,UFC Fight Night: Holm vs. Bueno Silva,Carl Deaton,Alex Munoz,Alex Munoz,3,1.48,Carl Deaton,Alex Munoz
3979,UFC Fight Night: Holm vs. Bueno Silva,Ashlee Evans-Smith,Ailin Perez,Ailin Perez,3.3,1.45,Ashlee Evans-Smith,Ailin Perez
3980,UFC Fight Night: Aspinall vs. Tybura,Tom Aspinall,Marcin Tybura,Tom Aspinall,1.22,5.2,Marcin Tybura,Tom Aspinall
3981,UFC Fight Night: Aspinall vs. Tybura,Molly McCann,Julija Stoliarenko,Julija Stoliarenko,1.5,2.88,Julija Stoliarenko,Molly McCann
3982,UFC Fight Night: Aspinall vs. Tybura,Andre Fili,Nathaniel Wood,Nathaniel Wood,2.88,1.51,Andre Fili,Nathaniel Wood
3983,UFC Fight Night: Aspinall vs. Tybura,Paul Craig,Andre Muniz,Paul Craig,3,1.45,Paul Craig,Andre Muniz
3984,UFC Fight Night: Aspinall vs. Tybura,Jai Herbert,Fares Ziam,Fares Ziam,2.5,1.67,Jai Herbert,Fares Ziam
3985,UFC Fight Night: Aspinall vs. Tybura,Lerone Murphy,Joshua Culibao,Lerone Murphy,1.71,2.35,Joshua Culibao,Lerone Murphy
3986,UFC Fight Night: Aspinall vs. Tybura,Davey Grant,Daniel Marcos,Daniel Marcos,2.3,1.74,Davey Grant,Daniel Marcos
3987,UFC Fight Night: Aspinall vs. Tybura,Danny Roberts,Jonny Parsons,Jonny Parsons,1.75,2.3,Jonny Parsons,Danny Roberts
3988,UFC Fight Night: Aspinall vs. Tybura,Marc Diakiese,Joel Alvarez,Joel Alvarez,2.85,1.53,Marc Diakiese,Joel Alvarez
3989,UFC Fight Night: Aspinall vs. Tybura,Michael Parkin,Jamal Pogues,Michael Parkin,2.34,1.74,Michael Parkin,Jamal Pogues
3990,UFC Fight Night: Aspinall vs. Tybura,Makhmud Muradov,Bryan Barberena,Makhmud Muradov,1.31,4,Bryan Barberena,Makhmud Muradov
3991,UFC Fight Night: Aspinall vs. Tybura,Ketlen Vieira,Pannie Kianzad,Ketlen Vieira,1.68,2.4,Pannie Kianzad,Ketlen Vieira
3992,UFC Fight Night: Aspinall vs. Tybura,Chris Duncan (2),Yanal Ashmoz,Chris Duncan (2),1.77,2.26,Yanal Ashmoz,Chris Duncan (2)
3993,UFC Fight Night: Aspinall vs. Tybura,Bruna Brasil,Shauna Bannon,Bruna Brasil,1.7,2.25,Shauna Bannon,Bruna Brasil
3994,UFC Fight Night: Aspinall vs. Tybura,Jafel Filho,Daniel Barez,Jafel Filho,1.95,2,Daniel Barez,Jafel Filho
3995,UFC 291,Dustin Poirier,Justin Gaethje,Justin Gaethje,1.67,2.35,Justin Gaethje,Dustin Poirier
3996,UFC 291,Alex Pereira,Jan Blachowicz,Alex Pereira,2.05,1.95,Alex Pereira,Jan Blachowicz
3997,UFC 291,Derrick Lewis,Marcos Rogerio de Lima,Derrick Lewis,2.85,1.5,Derrick Lewis,Marcos Rogerio de Lima
3998,UFC 291,Tony Ferguson,Bobby Green,Bobby Green,4,1.29,Tony Ferguson,Bobby Green
3999,UFC 291,Michael Chiesa,Kevin Holland,Kevin Holland,2.3,1.74,Michael Chiesa,Kevin Holland
4000,UFC 291,Trevin Giles,Gabriel Bonfim,Gabriel Bonfim,3.95,1.3,Trevin Giles,Gabriel Bonfim
4001,UFC 291,Carlos Vergara,Vinicius Salvador,Carlos Vergara,1.67,2.5,Vinicius Salvador,Carlos Vergara
4002,UFC 291,Claudio Ribeiro,Roman Kopylov,Roman Kopylov,3,1.48,Claudio Ribeiro,Roman Kopylov
4003,UFC 291,Jake Matthews,Darrius Flowers,Jake Matthews,1.4,3.4,Darrius Flowers,Jake Matthews
4004,UFC 291,Matt Semelsberger,Uros Medic,Uros Medic,1.5,2.85,Uros Medic,Matt Semelsberger
4005,UFC 291,Miranda Maverick,Priscila Cachoeira,Miranda Maverick,1.36,3.5,Priscila Cachoeira,Miranda Maverick
4006,UFC Fight Night: Luque vs. Dos Anjos,Vicente Luque,Rafael dos Anjos,Vicente Luque,2.05,1.87,Vicente Luque,Rafael dos Anjos
4007,UFC Fight Night: Luque vs. Dos Anjos,Cub Swanson,Hakeem Dawodu,Cub Swanson,2.9,1.44,Cub Swanson,Hakeem Dawodu
4008,UFC Fight Night: Luque vs. Dos Anjos,Khalil Rountree,Chris Daukaus,Khalil Rountree,1.57,2.63,Chris Daukaus,Khalil Rountree
4009,UFC Fight Night: Luque vs. Dos Anjos,Polyana Viana,Iasmin Lucindo,Iasmin Lucindo,2.63,1.54,Polyana Viana,Iasmin Lucindo
4010,UFC Fight Night: Luque vs. Dos Anjos,Tafon Nchukwi,AJ Dobson,AJ Dobson,1.7,2.25,AJ Dobson,Tafon Nchukwi
4011,UFC Fight Night: Luque vs. Dos Anjos,Josh Fremd,Jamie Pickett,Josh Fremd,1.3,3.85,Jamie Pickett,Josh Fremd
4012,UFC Fight Night: Luque vs. Dos Anjos,Marcus McGhee,J.P. Buys,Marcus McGhee,1.29,4,J.P. Buys,Marcus McGhee
4013,UFC Fight Night: Luque vs. Dos Anjos,Terrance McKinney,Mike Breeden,Terrance McKinney,1.37,3.4,Mike Breeden,Terrance McKinney
4014,UFC Fight Night: Luque vs. Dos Anjos,Francis Marshall,Isaac Dulgarian,Isaac Dulgarian,1.62,2.4,Isaac Dulgarian,Francis Marshall
4015,UFC Fight Night: Luque vs. Dos Anjos,Martin Buday,Josh Parisian,Martin Buday,1.51,2.85,Josh Parisian,Martin Buday
4016,UFC Fight Night: Luque vs. Dos Anjos,Montserrat Ruiz,Jaqueline Amorim,Jaqueline Amorim,3.05,1.4,Montserrat Ruiz,Jaqueline Amorim
4017,UFC Fight Night: Luque vs. Dos Anjos,DaMon Blackshear,Jose Johnson,DaMon Blackshear,,,,
4018,UFC Fight Night: Luque vs. Dos Anjos,Juliana Miller,Luana Santos,Luana Santos,2.28,1.68,Juliana Miller,Luana Santos
4019,UFC Fight Night: Holloway vs. Jung,Max Holloway,Chan Sung Jung,Max Holloway,1.15,6.5,Chan Sung Jung,Max Holloway
4020,UFC Fight Night: Holloway vs. Jung,Anthony Smith,Ryan Spann,Anthony Smith,2.25,1.67,Anthony Smith,Ryan Spann
4021,UFC Fight Night: Holloway vs. Jung,Giga Chikadze,Alex Caceres,Giga Chikadze,1.44,2.9,Alex Caceres,Giga Chikadze
4022,UFC Fight Night: Holloway vs. Jung,Rinya Nakamura,Fernando Garcia,Rinya Nakamura,1.14,6,Fernando Garcia,Rinya Nakamura
4023,UFC Fight Night: Holloway vs. Jung,Erin Blanchfield,Taila Santos,Erin Blanchfield,1.77,2.15,Taila Santos,Erin Blanchfield
4024,UFC Fight Night: Holloway vs. Jung,Junior Tafa,Parker Porter,Junior Tafa,,,,
4025,UFC Fight Night: Holloway vs. Jung,Waldo Cortes-Acosta,Lukasz Brzeski,Waldo Cortes-Acosta,,,,
4026,UFC Fight Night: Holloway vs. Jung,Toshiomi Kazama,Garrett Armfield,Garrett Armfield,2.5,1.62,Toshiomi Kazama,Garrett Armfield
4027,UFC Fight Night: Holloway vs. Jung,Chidi Njokuani,Michal Oleksiejczuk,Michal Oleksiejczuk,2,1.83,Chidi Njokuani,Michal Oleksiejczuk
4028,UFC Fight Night: Holloway vs. Jung,Kenan Song,Rolando Bedoya,Kenan Song,3.05,1.43,Kenan Song,Rolando Bedoya
4029,UFC Fight Night: Holloway vs. Jung,Yusaku Kinoshita,Billy Goff,Billy Goff,1.62,2.35,Billy Goff,Yusaku Kinoshita
4030,UFC Fight Night: Holloway vs. Jung,Na Liang,J.J. Aldrich,J.J. Aldrich,5.8,1.17,Na Liang,J.J. Aldrich
4031,UFC Fight Night: Holloway vs. Jung,Seung Woo Choi,Jarno Errens,Seung Woo Choi,1.42,3,Jarno Errens,Seung Woo Choi
4032,UFC 293,Israel Adesanya,Sean Strickland,Sean Strickland,1.22,5.8,Sean Strickland,Israel Adesanya
4033,UFC 293,Tai Tuivasa,Alexander Volkov,Alexander Volkov,3.05,1.41,Tai Tuivasa,Alexander Volkov
4034,UFC 293,Manel Kape,Felipe Dos Santos,Manel Kape,1.24,4.23,Felipe Dos Santos,Manel Kape
4035,UFC 293,Justin Tafa,Austen Lane,Justin Tafa,1.48,2.9,Austen Lane,Justin Tafa
4036,UFC 293,Tyson Pedro,Anton Turkalj,Tyson Pedro,2,1.95,Tyson Pedro,Anton Turkalj
4037,UFC 293,Carlos Ulberg,Da Un Jung,Carlos Ulberg,1.35,3.2,Da Un Jung,Carlos Ulberg
4038,UFC 293,Jack Jenkins,Jose Mariscal,Jose Mariscal,1.49,2.7,Jose Mariscal,Jack Jenkins
4039,UFC 293,Jamie Mullarkey,John Makdessi,Jamie Mullarkey,1.4,3.15,John Makdessi,Jamie Mullarkey
4040,UFC 293,Nasrat Haqparast,Landon Quiñones,Nasrat Haqparast,1.2,4.75,Landon Quiñones,Nasrat Haqparast
4041,UFC 293,Mike Mathetha,Charlie Radtke,Charlie Radtke,3.7,1.4,Mike Mathetha,Charlie Radtke
4042,UFC 293,Shane Young,Gabriel Miranda,Gabriel Miranda,1.62,2.45,Gabriel Miranda,Shane Young
4043,UFC 293,Kevin Jousset,Kiefer Crosbie,Kevin Jousset,1.65,2.45,Kiefer Crosbie,Kevin Jousset
4044,UFC Fight Night: Grasso vs. Shevchenko II,Alexa Grasso,Valentina Shevchenko,Valentina Shevchenko,2,1.98,Alexa Grasso,Valentina Shevchenko
4045,UFC Fight Night: Grasso vs. Shevchenko II,Kevin Holland,Jack Della Maddalena,Kevin Holland,2,1.98,Alexa Grasso,Valentina Shevchenko
4046,UFC Fight Night: Grasso vs. Shevchenko II,Raul Rosas Jr,Terrence Mitchell,Raul Rosas Jr,1.13,6.5,Terrence Mitchell,Raul Rosas Jr
4047,UFC Fight Night: Grasso vs. Shevchenko II,Daniel Zellhuber,Christos Giagos,Daniel Zellhuber,1.4,3.1,Christos Giagos,Daniel Zellhuber
4048,UFC Fight Night: Grasso vs. Shevchenko II,Fernando Padilla,Kyle Nelson,Kyle Nelson,1.4,3.15,Kyle Nelson,Fernando Padilla
4049,UFC Fight Night: Grasso vs. Shevchenko II,Lupita Godinez,Elise Reed,Lupita Godinez,1.24,4.4,Elise Reed,Lupita Godinez
4050,UFC Fight Night: Grasso vs. Shevchenko II,Josh Fremd,Roman Kopylov,Roman Kopylov,4,1.24,Josh Fremd,Roman Kopylov
4051,UFC Fight Night: Grasso vs. Shevchenko II,Tracy Cortez,Jasmine Jasudavicius,Tracy Cortez,1.93,2.1,Jasmine Jasudavicius,Tracy Cortez
4052,UFC Fight Night: Grasso vs. Shevchenko II,Alex Reyes,Charlie Campbell,Charlie Campbell,5,1.18,Alex Reyes,Charlie Campbell
4053,UFC Fight Night: Grasso vs. Shevchenko II,Marnic Mann,Josefine Knutsson,Josefine Knutsson,6,1.14,Marnic Mann,Josefine Knutsson
4054,UFC Fight Night: Fiziev vs. Gamrot,Rafael Fiziev,Mateusz Gamrot,Mateusz Gamrot,1.62,2.4,Mateusz Gamrot,Rafael Fiziev
4055,UFC Fight Night: Fiziev vs. Gamrot,Bryce Mitchell,Dan Ige,Bryce Mitchell,1.5,2.7,Dan Ige,Bryce Mitchell
4056,UFC Fight Night: Fiziev vs. Gamrot,Marina Alcalde Rodriguez,Michelle Waterson,Marina Alcalde Rodriguez,1.33,3.55,Michelle Waterson,Marina Alcalde Rodriguez
4057,UFC Fight Night: Fiziev vs. Gamrot,Bryan Battle,A.J. Fletcher,Bryan Battle,1.56,2.5,A.J. Fletcher,Bryan Battle
4058,UFC Fight Night: Fiziev vs. Gamrot,Charles Jourdain,Ricardo Ramos,Charles Jourdain,1.7,2.2,Ricardo Ramos,Charles Jourdain
4059,UFC Fight Night: Fiziev vs. Gamrot,Miles Johns,Dan Argueta,Miles Johns,2.46,1.58,Miles Johns,Dan Argueta
4060,UFC Fight Night: Fiziev vs. Gamrot,Tim Means,Andre Fialho,Tim Means,2.5,1.57,Tim Means,Andre Fialho
4061,UFC Fight Night: Fiziev vs. Gamrot,Jacob Malkoun,Cody Brundage,Cody Brundage,1.17,5.25,Cody Brundage,Jacob Malkoun
4062,UFC Fight Night: Fiziev vs. Gamrot,Jake Collier,Mohammed Usman,Mohammed Usman,2.02,1.82,Jake Collier,Mohammed Usman
4063,UFC Fight Night: Fiziev vs. Gamrot,Mizuki Inoue,Hannah Goldy,Mizuki Inoue,1.3,3.7,Hannah Goldy,Mizuki Inoue
4064,UFC Fight Night: Fiziev vs. Gamrot,Montserrat Rendon,Tamires Vidal,Montserrat Rendon,2.8,1.44,Montserrat Rendon,Tamires Vidal
4065,UFC Fight Night: Dawson vs. Green,Grant Dawson,Bobby Green,Bobby Green,1.29,4.75,Bobby Green,Grant Dawson
4066,UFC Fight Night: Dawson vs. Green,Abdul Razak Alhassan,Joe Pyfer,Joe Pyfer,4.7,1.29,Abdul Razak Alhassan,Joe Pyfer
4067,UFC Fight Night: Dawson vs. Green,Alex Morono,Joaquin Buckley,Joaquin Buckley,2.64,1.57,Alex Morono,Joaquin Buckley
4068,UFC Fight Night: Dawson vs. Green,Drew Dober,Rick Glenn,Drew Dober,1.25,4.5,Rick Glenn,Drew Dober
4069,UFC Fight Night: Dawson vs. Green,Alexander Hernandez,Bill Algeo,Bill Algeo,1.85,2.05,Bill Algeo,Alexander Hernandez
4070,UFC Fight Night: Dawson vs. Green,Karolina Kowalkiewicz,Diana Belbita,Karolina Kowalkiewicz,1.72,2.19,Diana Belbita,Karolina Kowalkiewicz
4071,UFC Fight Night: Dawson vs. Green,Nathan Maness,Mateus Mendonca,Nathan Maness,3.2,1.4,Nathan Maness,Mateus Mendonca
4072,UFC Fight Night: Dawson vs. Green,Vanessa Demopoulos,Kanako Murata,Vanessa Demopoulos,4,1.3,Vanessa Demopoulos,Kanako Murata
4073,UFC Fight Night: Dawson vs. Green,Qileng Aori,Johnny Munoz,Qileng Aori,1.91,1.95,Johnny Munoz,Qileng Aori
4074,UFC Fight Night: Dawson vs. Green,Montana De La Rosa,J.J. Aldrich,J.J. Aldrich,1.64,2.37,J.J. Aldrich,Montana De La Rosa
4075,UFC Fight Night: Yusuff vs. Barboza,Sodiq Yusuff,Edson Barboza,Edson Barboza,1.61,2.4,Edson Barboza,Sodiq Yusuff
4076,UFC Fight Night: Yusuff vs. Barboza,Jennifer Maia,Viviane Araujo,Viviane Araujo,1.67,2.25,Viviane Araujo,Jennifer Maia
4077,UFC Fight Night: Yusuff vs. Barboza,Adrian Yanez,Jonathan Martinez,Jonathan Martinez,1.89,1.95,Jonathan Martinez,Adrian Yanez
4078,UFC Fight Night: Yusuff vs. Barboza,Michel Pereira,Andre Petroski,Michel Pereira,1.53,2.65,Andre Petroski,Michel Pereira
4079,UFC Fight Night: Yusuff vs. Barboza,Christian Rodriguez,Cameron Saaiman,Christian Rodriguez,1.61,2.38,Cameron Saaiman,Christian Rodriguez
4080,UFC Fight Night: Yusuff vs. Barboza,Darren Elkins,T.J. Brown,Darren Elkins,2.7,1.5,Darren Elkins,T.J. Brown
4081,UFC Fight Night: Yusuff vs. Barboza,Tainara Lisboa,Ravena Oliveira,Tainara Lisboa,1.33,3.4,Ravena Oliveira,Tainara Lisboa
4082,UFC Fight Night: Yusuff vs. Barboza,Terrance McKinney,Brendon Marotte,Terrance McKinney,1.18,5.2,Brendon Marotte,Terrance McKinney
4083,UFC Fight Night: Yusuff vs. Barboza,Irina Alekseeva,Melissa Dixon,Melissa Dixon,2.1,1.67,Irina Alekseeva,Melissa Dixon
4084,UFC Fight Night: Yusuff vs. Barboza,Chris Gutierrez,Heili Alateng,Chris Gutierrez,1.36,3.35,Heili Alateng,Chris Gutierrez
4085,UFC Fight Night: Yusuff vs. Barboza,Ashley Yoder,Emily Ducote,Emily Ducote,3.75,1.3,Ashley Yoder,Emily Ducote
4086,UFC 294,Islam Makhachev,Alex Volkanovski,Islam Makhachev,1.43,3.2,Alex Volkanovski,Islam Makhachev
4087,UFC 294,Kamaru Usman,Khamzat Chimaev,Khamzat Chimaev,4.2,1.33,Kamaru Usman,Khamzat Chimaev
4088,UFC 294,Warlley Alves,Ikram Aliskerov,Ikram Aliskerov,6,1.17,Warlley Alves,Ikram Aliskerov
4089,UFC 294,Said Nurmagomedov,Muin Gafurov,Said Nurmagomedov,1.33,3.7,Muin Gafurov,Said Nurmagomedov
4090,UFC 294,Tim Elliott,Muhammad Mokaev,Muhammad Mokaev,4.6,1.23,Tim Elliott,Muhammad Mokaev
4091,UFC 294,Trevor Peek,Mohammad Yahya,Trevor Peek,1.56,2.7,Mohammad Yahya,Trevor Peek
4092,UFC 294,Sedriques Dumas,Abu Azaitar,Sedriques Dumas,1.43,3.05,Abu Azaitar,Sedriques Dumas
4093,UFC 294,Anshul Jubli,Mike Breeden,Mike Breeden,1.39,3.25,Mike Breeden,Anshul Jubli
4094,UFC 294,Nathaniel Wood,Muhammadjon Naimov,Muhammadjon Naimov,1.33,3.35,Muhammadjon Naimov,Nathaniel Wood
4095,UFC 294,Jinh Yu Frey,Viktoriya Dudakova,Viktoriya Dudakova,5.3,1.2,Jinh Yu Frey,Viktoriya Dudakova
4096,UFC 294,Bruno Silva,Sharabutdin Magomedov,Sharabutdin Magomedov,3.4,1.32,Bruno Silva,Sharabutdin Magomedov
4097,UFC 295,Jiri Prochazka,Alex Pereira,Alex Pereira,2.05,1.93,Jiri Prochazka,Alex Pereira
4098,UFC 295,Tom Aspinall,Sergey Pavlovich,Tom Aspinall,1.95,2.05,Sergey Pavlovich,Tom Aspinall
4099,UFC 295,Jessica Andrade,Mackenzie Dern,Jessica Andrade,3.05,1.5,Jessica Andrade,Mackenzie Dern
4100,UFC 295,Matt Frevola,Benoit Saint-Denis,Benoit Saint-Denis,2.95,1.44,Matt Frevola,Benoit Saint-Denis
4101,UFC 295,Pat Sabatini,Diego Lopes,Diego Lopes,1.87,2.05,Diego Lopes,Pat Sabatini
4102,UFC 295,Tabatha Ricci,Lupita Godinez,Lupita Godinez,2.8,1.59,Tabatha Ricci,Lupita Godinez
4103,UFC 295,Alessandro Costa,Steve Erceg,Steve Erceg,3,1.53,Alessandro Costa,Steve Erceg
4104,UFC 295,Mateusz Rebecki,Roosevelt Roberts,Mateusz Rebecki,1.14,6.7,Roosevelt Roberts,Mateusz Rebecki
4105,UFC 295,Jared Gordon,Mark O. Madsen,Jared Gordon,1.53,2.9,Mark O. Madsen,Jared Gordon
4106,UFC 295,Kyung Ho Kang,John Castaneda,John Castaneda,2.2,1.91,Kyung Ho Kang,John Castaneda
4107,UFC 295,Joshua Van,Kevin Borjas,Joshua Van,1.44,3.05,Kevin Borjas,Joshua Van
4108,UFC 295,Jamall Emmers,Dennis Buzukja,Jamall Emmers,1.42,3.1,Dennis Buzukja,Jamall Emmers
4109,UFC Fight Night: Allen vs. Craig,Brendan Allen,Paul Craig,Brendan Allen,1.23,4.6,Paul Craig,Brendan Allen
4110,UFC Fight Night: Allen vs. Craig,Jake Matthews,Michael Morales,Michael Morales,3.75,1.33,Jake Matthews,Michael Morales
4111,UFC Fight Night: Allen vs. Craig,Jordan Leavitt,Chase Hooper,Chase Hooper,2.72,1.51,Jordan Leavitt,Chase Hooper
4112,UFC Fight Night: Allen vs. Craig,Payton Talbott,Nick Aguirre,Payton Talbott,1.14,7,Nick Aguirre,Payton Talbott
4113,UFC Fight Night: Allen vs. Craig,Amanda Ribas,Luana Pinheiro,Amanda Ribas,1.54,3,Luana Pinheiro,Amanda Ribas
4114,UFC Fight Night: Allen vs. Craig,Uros Medic,Myktybek Orolbai,Myktybek Orolbai,1.95,1.91,Uros Medic,Myktybek Orolbai
4115,UFC Fight Night: Allen vs. Craig,Jonathan Pearce,Joanderson Brito,Joanderson Brito,1.8,2.25,Joanderson Brito,Jonathan Pearce
4116,UFC Fight Night: Allen vs. Craig,Chad Anheliger,Jose Johnson,Jose Johnson,2.88,1.51,Chad Anheliger,Jose Johnson
4117,UFC Fight Night: Allen vs. Craig,Christian Duncan,Denis Tiuliulin,Christian Duncan,1.18,5.6,Denis Tiuliulin,Christian Duncan
4118,UFC Fight Night: Allen vs. Craig,Michael Parkin,Caio Machado (2),Michael Parkin,1.29,4.2,Caio Machado (2),Michael Parkin
4119,UFC Fight Night: Allen vs. Craig,Jeka Asparido Saragih,Lucas Alexander,Jeka Asparido Saragih,5.3,1.22,Jeka Asparido Saragih,Lucas Alexander
4120,UFC Fight Night: Allen vs. Craig,Lucie Pudilova,Ailin Perez,Ailin Perez,2.6,1.57,Lucie Pudilova,Ailin Perez
4121,UFC Fight Night: Allen vs. Craig,Charles Johnson,Rafael Estevam,Rafael Estevam,2.28,1.71,Charles Johnson,Rafael Estevam
4122,UFC Fight Night: Dariush vs. Tsarukyan,Beneil Dariush,Arman Tsarukyan,Arman Tsarukyan,3.55,1.38,Beneil Dariush,Arman Tsarukyan
4123,UFC Fight Night: Dariush vs. Tsarukyan,Bobby Green,Jalin Turner,Jalin Turner,2.54,1.61,Bobby Green,Jalin Turner
4124,UFC Fight Night: Dariush vs. Tsarukyan,Deiveson Figueiredo,Rob Font,Deiveson Figueiredo,2.2,1.83,Deiveson Figueiredo,Rob Font
4125,UFC Fight Night: Dariush vs. Tsarukyan,Sean Brady,Kelvin Gastelum,Sean Brady,1.91,2.05,Kelvin Gastelum,Sean Brady
4126,UFC Fight Night: Dariush vs. Tsarukyan,Clay Guida,Joaquim Silva,Joaquim Silva,3.75,1.31,Clay Guida,Joaquim Silva
4127,UFC Fight Night: Dariush vs. Tsarukyan,Punahele Soriano,Dustin Stoltzfus,Dustin Stoltzfus,1.38,3.9,Dustin Stoltzfus,Punahele Soriano
4128,UFC Fight Night: Dariush vs. Tsarukyan,Miesha Tate,Julia Avila,Miesha Tate,2.25,1.74,Miesha Tate,Julia Avila
4129,UFC Fight Night: Dariush vs. Tsarukyan,Zachary Reese,Cody Brundage,Cody Brundage,1.44,3.25,Cody Brundage,Zachary Reese
4130,UFC Fight Night: Dariush vs. Tsarukyan,Joe Solecki,Drakkar Klose,Drakkar Klose,2.15,1.8,Joe Solecki,Drakkar Klose
4131,UFC Fight Night: Dariush vs. Tsarukyan,Ihor Potieria,Rodolfo Bellato,Rodolfo Bellato,4.5,1.25,Ihor Potieria,Rodolfo Bellato
4132,UFC Fight Night: Dariush vs. Tsarukyan,Wellington Turman,Jared Gooden,Jared Gooden,1.53,2.8,Jared Gooden,Wellington Turman
4133,UFC Fight Night: Dariush vs. Tsarukyan,Jamey Lyn-Horth,Veronica Macedo,Veronica Macedo,1.57,2.7,Veronica Macedo,Jamey Lyn-Horth
4134,UFC Fight Night: Song vs. Gutierrez,Yadong Song,Chris Gutierrez,Yadong Song,1.29,4.1,Chris Gutierrez,Yadong Song
4135,UFC Fight Night: Song vs. Gutierrez,Khalil Rountree,Anthony Smith,Khalil Rountree,1.53,2.85,Anthony Smith,Khalil Rountree
4136,UFC Fight Night: Song vs. Gutierrez,Nasrat Haqparast,Jamie Mullarkey,Nasrat Haqparast,1.54,2.7,Jamie Mullarkey,Nasrat Haqparast
4137,UFC Fight Night: Song vs. Gutierrez,Su Mudaerji,Tim Elliott,Tim Elliott,2.43,1.65,Su Mudaerji,Tim Elliott
4138,UFC Fight Night: Song vs. Gutierrez,Andre Muniz,Jun Yong Park,Andre Muniz,2.7,1.55,Andre Muniz,Jun Yong Park
4139,UFC Fight Night: Song vs. Gutierrez,Kenan Song,Kevin Jousset,Kevin Jousset,2.4,1.71,Kenan Song,Kevin Jousset
4140,UFC Fight Night: Song vs. Gutierrez,Hyun Sung Park,Shannon Ross,Hyun Sung Park,1.2,6,Shannon Ross,Hyun Sung Park
4141,UFC Fight Night: Song vs. Gutierrez,Steve Garcia,Melquizael Costa,Steve Garcia,3.15,1.42,Steve Garcia,Melquizael Costa
4142,UFC Fight Night: Song vs. Gutierrez,Stephanie Egger,Luana Santos,Luana Santos,2.45,1.67,Stephanie Egger,Luana Santos
4143,UFC Fight Night: Song vs. Gutierrez,Tatsuro Taira,Carlos Hernandez,Tatsuro Taira,1.18,5.6,Carlos Hernandez,Tatsuro Taira
4144,UFC Fight Night: Song vs. Gutierrez,Rayanne Amanda,Talita Alencar,Talita Alencar,1.65,2.36,Talita Alencar,Rayanne Amanda
4145,UFC 296,Leon Edwards,Colby Covington,Leon Edwards,1.65,2.4,Colby Covington,Leon Edwards
4146,UFC 296,Alexandre Pantoja,Brandon Royval,Alexandre Pantoja,1.53,2.9,Brandon Royval,Alexandre Pantoja
4147,UFC 296,Shavkat Rakhmonov,Stephen Thompson,Shavkat Rakhmonov,1.17,6,Stephen Thompson,Shavkat Rakhmonov
4148,UFC 296,Paddy Pimblett,Tony Ferguson,Paddy Pimblett,1.33,3.95,Tony Ferguson,Paddy Pimblett
4149,UFC 296,Bryce Mitchell,Josh Emmett,Josh Emmett,1.4,3.3,Josh Emmett,Bryce Mitchell
4150,UFC 296,Alonzo Menifield,Dustin Jacoby,Alonzo Menifield,3.4,1.38,Alonzo Menifield,Dustin Jacoby
4151,UFC 296,Irene Aldana,Karol Rosa,Irene Aldana,1.57,2.56,Karol Rosa,Irene Aldana
4152,UFC 296,Cody Garbrandt,Brian Kelleher,Cody Garbrandt,1.57,2.65,Brian Kelleher,Cody Garbrandt
4153,UFC 296,Casey O'Neill,Ariane Lipski,Ariane Lipski,1.57,2.63,Ariane Lipski,Casey O'Neill
4154,UFC 296,Tagir Ulanbekov,Cody Durden,Tagir Ulanbekov,1.61,2.55,Cody Durden,Tagir Ulanbekov
4155,UFC 296,Andre Fili,Lucas Almeida,Andre Fili,1.61,2.46,Lucas Almeida,Andre Fili
4156,UFC 296,Shamil Gaziev,Martin Buday,Shamil Gaziev,2.2,1.87,Shamil Gaziev,Martin Buday
4157,UFC 297,Sean Strickland,Dricus Du Plessis,Dricus Du Plessis,1.97,1.93,Sean Strickland,Dricus Du Plessis
4158,UFC 297,Raquel Pennington,Mayra Bueno Silva,Raquel Pennington,2.55,1.62,Raquel Pennington,Mayra Bueno Silva
4159,UFC 297,Neil Magny,Mike Malott,Neil Magny,4.2,1.3,Neil Magny,Mike Malott
4160,UFC 297,Chris Curtis,Marc-Andre Barriault,Chris Curtis,1.59,2.6,Marc-Andre Barriault,Chris Curtis
4161,UFC 297,Arnold Allen,Movsar Evloev,Movsar Evloev,2.8,1.54,Arnold Allen,Movsar Evloev
4162,UFC 297,Brad Katona,Garrett Armfield,Garrett Armfield,1.52,2.95,Garrett Armfield,Brad Katona
4163,UFC 297,Charles Jourdain,Sean Woodson,Sean Woodson,1.52,2.8,Sean Woodson,Charles Jourdain
4164,UFC 297,Serhiy Sidey,Ramon Taveras,Ramon Taveras,1.56,2.8,Ramon Taveras,Serhiy Sidey
4165,UFC 297,Gillian Robertson,Polyana Viana,Gillian Robertson,1.34,3.5,Polyana Viana,Gillian Robertson
4166,UFC 297,Yohan Lainesse,Sam Patterson,Sam Patterson,1.71,2.23,Sam Patterson,Yohan Lainesse
4167,UFC 297,Jasmine Jasudavicius,Priscila Cachoeira,Jasmine Jasudavicius,1.27,4.4,Priscila Cachoeira,Jasmine Jasudavicius
4168,UFC 297,Malcolm Gordon,Jimmy Flick,Jimmy Flick,1.51,2.8,Jimmy Flick,Malcolm Gordon
4169,UFC Fight Night: Dolidze vs. Imavov,Roman Dolidze,Nassourdine Imavov,Nassourdine Imavov,2.5,1.62,Roman Dolidze,Nassourdine Imavov
4170,UFC Fight Night: Dolidze vs. Imavov,Renato Moicano,Drew Dober,Renato Moicano,1.53,2.7,Drew Dober,Renato Moicano
4171,UFC Fight Night: Dolidze vs. Imavov,Randy Brown,Muslim Salikhov,Randy Brown,1.38,3.3,Muslim Salikhov,Randy Brown
4172,UFC Fight Night: Dolidze vs. Imavov,Viviane Araujo,Natalia Cristina da Silva,Natalia Cristina da Silva,3.75,1.31,Viviane Araujo,Natalia Cristina da Silva
4173,UFC Fight Night: Dolidze vs. Imavov,Gilbert Urbina,Charlie Radtke,Charlie Radtke,1.52,2.8,Charlie Radtke,Gilbert Urbina
4174,UFC Fight Night: Dolidze vs. Imavov,Diana Belbita,Molly McCann,Molly McCann,3.2,1.42,Diana Belbita,Molly McCann
4175,UFC Fight Night: Dolidze vs. Imavov,Charles Johnson,Azat Maksum,Charles Johnson,3.5,1.44,Charles Johnson,Azat Maksum
4176,UFC Fight Night: Dolidze vs. Imavov,Themba Gorimbo,Pete Rodriguez,Themba Gorimbo,1.51,3,Pete Rodriguez,Themba Gorimbo
4177,UFC Fight Night: Dolidze vs. Imavov,Blake Bilder,Jung Young Lee,Jung Young Lee,2.7,1.69,Blake Bilder,Jung Young Lee
4178,UFC Fight Night: Dolidze vs. Imavov,Julija Stoliarenko,Luana Carolina,Luana Carolina,1.69,2.35,Luana Carolina,Julija Stoliarenko
4179,UFC Fight Night: Dolidze vs. Imavov,Marquel Mederos,Landon Quiñones,Marquel Mederos,1.77,2.25,Landon Quiñones,Marquel Mederos
4180,UFC Fight Night: Dolidze vs. Imavov,Thomas Petersen,Jamal Pogues,Jamal Pogues,1.59,2.52,Jamal Pogues,Thomas Petersen
4181,UFC Fight Night: Hermansson vs. Pyfer,Jack Hermansson,Joe Pyfer,Jack Hermansson,3.25,1.41,Jack Hermansson,Joe Pyfer
4182,UFC Fight Night: Hermansson vs. Pyfer,Dan Ige,Andre Fili,Dan Ige,1.59,2.75,Andre Fili,Dan Ige
4183,UFC Fight Night: Hermansson vs. Pyfer,Ihor Potieria,Robert Bryczek,Ihor Potieria,2.9,1.67,Ihor Potieria,Robert Bryczek
4184,UFC Fight Night: Hermansson vs. Pyfer,Gregory Rodrigues,Brad Tavares,Gregory Rodrigues,1.43,3.1,Brad Tavares,Gregory Rodrigues
4185,UFC Fight Night: Hermansson vs. Pyfer,Darrius Flowers,Michael Johnson,Michael Johnson,2.3,1.74,Darrius Flowers,Michael Johnson
4186,UFC Fight Night: Hermansson vs. Pyfer,Armen Petrosyan,Rodolfo Vieira,Rodolfo Vieira,2,2,Armen Petrosyan,Rodolfo Vieira
4187,UFC Fight Night: Hermansson vs. Pyfer,Carlos Prates,Trevin Giles,Carlos Prates,1.41,3.1,Trevin Giles,Carlos Prates
4188,UFC Fight Night: Hermansson vs. Pyfer,Timothy Cuamba,Bolaji Oki,Bolaji Oki,2.66,1.61,Timothy Cuamba,Bolaji Oki
4189,UFC Fight Night: Hermansson vs. Pyfer,Bruna Brasil,Loma Lookboonmee,Loma Lookboonmee,3.6,1.36,Bruna Brasil,Loma Lookboonmee
4190,UFC Fight Night: Hermansson vs. Pyfer,Devin Clark,Marcin Prachnio,Marcin Prachnio,1.49,2.85,Marcin Prachnio,Devin Clark
4191,UFC Fight Night: Hermansson vs. Pyfer,Jeremiah Wells,Max Griffin,Max Griffin,1.69,2.4,Max Griffin,Jeremiah Wells
4192,UFC Fight Night: Hermansson vs. Pyfer,Bogdan Guskov,Zac Pauga,Bogdan Guskov,2.08,1.83,Bogdan Guskov,Zac Pauga
4193,UFC Fight Night: Hermansson vs. Pyfer,Hyder Amil,Fernando Garcia,Hyder Amil,1.53,2.9,Fernando Garcia,Hyder Amil
4194,UFC Fight Night: Moreno vs. Royval,Brandon Moreno,Brandon Royval,Brandon Royval,1.37,3.8,Brandon Royval,Brandon Moreno
4195,UFC Fight Night: Moreno vs. Royval,Brian Ortega,Yair Rodriguez,Brian Ortega,2.45,1.71,Brian Ortega,Yair Rodriguez
4196,UFC Fight Night: Moreno vs. Royval,Daniel Zellhuber,Francisco Prado,Daniel Zellhuber,1.37,3.75,Francisco Prado,Daniel Zellhuber
4197,UFC Fight Night: Moreno vs. Royval,Sam Hughes,Yazmin Jauregui,Yazmin Jauregui,6.25,1.2,Sam Hughes,Yazmin Jauregui
4198,UFC Fight Night: Moreno vs. Royval,Manuel Torres,Chris Duncan (2),Manuel Torres,1.62,2.55,Chris Duncan (2),Manuel Torres
4199,UFC Fight Night: Moreno vs. Royval,Christian Quinonez,Raoni Barcelos,Raoni Barcelos,2.55,1.62,Christian Quinonez,Raoni Barcelos
4200,UFC Fight Night: Moreno vs. Royval,Mateus Mendonca,Jesus Santos Aguilar,Jesus Santos Aguilar,1.8,2.15,Jesus Santos Aguilar,Mateus Mendonca
4201,UFC Fight Night: Moreno vs. Royval,Daniel Lacerda,Edgar Chairez,Edgar Chairez,4.9,1.29,Daniel Lacerda,Edgar Chairez
4202,UFC Fight Night: Moreno vs. Royval,Claudio Puelles,Fares Ziam,Fares Ziam,2.8,1.49,Claudio Puelles,Fares Ziam
4203,UFC Fight Night: Moreno vs. Royval,Luis Rodriguez,Denys Bondar,Luis Rodriguez,1.9,2.05,Denys Bondar,Luis Rodriguez
4204,UFC Fight Night: Moreno vs. Royval,Victor Altamirano,Felipe Dos Santos,Felipe Dos Santos,3.55,1.35,Victor Altamirano,Felipe Dos Santos
4205,UFC Fight Night: Moreno vs. Royval,Erik Silva,Muhammadjon Naimov,Muhammadjon Naimov,5.25,1.2,Erik Silva,Muhammadjon Naimov
4206,UFC Fight Night: Rozenstruik vs. Gaziev,Jairzinho Rozenstruik,Shamil Gaziev,Jairzinho Rozenstruik,2.7,1.59,Jairzinho Rozenstruik,Shamil Gaziev
4207,UFC Fight Night: Rozenstruik vs. Gaziev,Tyson Pedro,Vitor Petrino,Vitor Petrino,4.5,1.27,Tyson Pedro,Vitor Petrino
4208,UFC Fight Night: Rozenstruik vs. Gaziev,Alex Perez,Muhammad Mokaev,Muhammad Mokaev,4.1,1.29,Alex Perez,Muhammad Mokaev
4209,UFC Fight Night: Rozenstruik vs. Gaziev,Umar Nurmagomedov,Bekzat Almakhan,Umar Nurmagomedov,1.08,9.5,Bekzat Almakhan,Umar Nurmagomedov
4210,UFC Fight Night: Rozenstruik vs. Gaziev,Matt Schnell,Steve Erceg,Steve Erceg,4.7,1.22,Matt Schnell,Steve Erceg
4211,UFC Fight Night: Rozenstruik vs. Gaziev,Eryk Anders,Jamie Pickett,Eryk Anders,1.22,5.1,Jamie Pickett,Eryk Anders
4212,UFC Fight Night: Rozenstruik vs. Gaziev,Vinicius  de Oliveira,Bernardo Sopai,Vinicius  de Oliveira,1.95,2.15,Bernardo Sopai,Vinicius  de Oliveira
4213,UFC Fight Night: Rozenstruik vs. Gaziev,Javid Basharat,Aiemann Zahabi,Aiemann Zahabi,1.12,8,Aiemann Zahabi,Javid Basharat
4214,UFC Fight Night: Rozenstruik vs. Gaziev,Christian Duncan,Claudio Ribeiro,Christian Duncan,1.28,4.1,Claudio Ribeiro,Christian Duncan
4215,UFC Fight Night: Rozenstruik vs. Gaziev,Ludovit Klein,A.J. Cunningham,Ludovit Klein,1.11,8.5,A.J. Cunningham,Ludovit Klein
4216,UFC Fight Night: Rozenstruik vs. Gaziev,Loik Radzhabov,Abdul-Kareem Al-Selwady,Loik Radzhabov,2.32,1.74,Loik Radzhabov,Abdul-Kareem Al-Selwady
4217,UFC 299,Sean O'Malley,Marlon Vera,Sean O'Malley,1.4,3.35,Marlon Vera,Sean O'Malley
4218,UFC 299,Dustin Poirier,Benoit Saint-Denis,Dustin Poirier,2.88,1.51,Dustin Poirier,Benoit Saint-Denis
4219,UFC 299,Michael Page,Kevin Holland,Michael Page,2.2,1.77,Michael Page,Kevin Holland
4220,UFC 299,Gilbert Burns,Jack Della Maddalena,Jack Della Maddalena,2.42,1.65,Gilbert Burns,Jack Della Maddalena
4221,UFC 299,Petr Yan,Yadong Song,Petr Yan,1.65,2.45,Yadong Song,Petr Yan
4222,UFC 299,Jailton Junior,Curtis Blaydes,Curtis Blaydes,1.8,2.2,Curtis Blaydes,Jailton Junior
4223,UFC 299,Katlyn Chookagian,Maycee Barber,Maycee Barber,2.7,1.53,Katlyn Chookagian,Maycee Barber
4224,UFC 299,Mateusz Gamrot,Rafael dos Anjos,Mateusz Gamrot,1.22,4.75,Rafael dos Anjos,Mateusz Gamrot
4225,UFC 299,Pedro Munhoz,Kyler Phillips,Kyler Phillips,2.95,1.48,Pedro Munhoz,Kyler Phillips
4226,UFC 299,Ion Cutelaba,Philipe Lins,Philipe Lins,1.74,2.3,Philipe Lins,Ion Cutelaba
4227,UFC 299,Michel Pereira,Michal Oleksiejczuk,Michel Pereira,1.68,2.3,Michal Oleksiejczuk,Michel Pereira
4228,UFC 299,Josh Parisian,Robelis Despaigne,Robelis Despaigne,4.2,1.27,Josh Parisian,Robelis Despaigne
4229,UFC 299,Carlos Vergara,Assu Almabaev,Assu Almabaev,5.3,1.18,Carlos Vergara,Assu Almabaev
4230,UFC 299,Joanne Wood,Maryna Moroz,Joanne Wood,2.95,1.44,Joanne Wood,Maryna Moroz
4231,UFC Fight Night: Tuivasa vs. Tybura,Tai Tuivasa,Marcin Tybura,Marcin Tybura,1.93,2,Marcin Tybura,Tai Tuivasa
4232,UFC Fight Night: Tuivasa vs. Tybura,Kennedy Nzechukwu,Ovince St Preux,Ovince St Preux,1.16,6.2,Ovince St Preux,Kennedy Nzechukwu
4233,UFC Fight Night: Tuivasa vs. Tybura,Christian Rodriguez,Isaac Dulgarian,Christian Rodriguez,2.8,1.53,Christian Rodriguez,Isaac Dulgarian
4234,UFC Fight Night: Tuivasa vs. Tybura,Macy Chiasson,Pannie Kianzad,Macy Chiasson,1.43,3.1,Pannie Kianzad,Macy Chiasson
4235,UFC Fight Night: Tuivasa vs. Tybura,Bryan Barberena,Gerald Meerschaert,Gerald Meerschaert,3.3,1.42,Bryan Barberena,Gerald Meerschaert
4236,UFC Fight Night: Tuivasa vs. Tybura,Natan Levy,Mike Davis,Mike Davis,4.8,1.2,Natan Levy,Mike Davis
4237,UFC Fight Night: Tuivasa vs. Tybura,Josiane Nunes,Chelsea Chandler,Chelsea Chandler,1.69,2.4,Chelsea Chandler,Josiane Nunes
4238,UFC Fight Night: Tuivasa vs. Tybura,Jafel Filho,Ode Osbourne,Jafel Filho,1.62,2.6,Ode Osbourne,Jafel Filho
4239,UFC Fight Night: Tuivasa vs. Tybura,Joshua Culibao,Danny Silva,Danny Silva,1.56,2.7,Danny Silva,Joshua Culibao
4240,UFC Fight Night: Tuivasa vs. Tybura,Cory McKenna,Jaqueline Amorim,Jaqueline Amorim,1.68,2.45,Jaqueline Amorim,Cory McKenna
4241,UFC Fight Night: Tuivasa vs. Tybura,Thiago Moises,Mitch Ramirez,Thiago Moises,1.32,4,Mitch Ramirez,Thiago Moises
4242,UFC Fight Night: Tuivasa vs. Tybura,Charalampos Grigoriou,Chad Anheliger,Chad Anheliger,1.61,2.55,Chad Anheliger,Charalampos Grigoriou
4243,UFC Fight Night: Ribas vs. Namajunas,Amanda Ribas,Rose Namajunas,Rose Namajunas,2.85,1.48,Amanda Ribas,Rose Namajunas
4244,UFC Fight Night: Ribas vs. Namajunas,Justin Tafa,Karl Williams,Karl Williams,2.75,1.56,Justin Tafa,Karl Williams
4245,UFC Fight Night: Ribas vs. Namajunas,Edmen Shahbazyan,AJ Dobson,Edmen Shahbazyan,1.53,2.65,AJ Dobson,Edmen Shahbazyan
4246,UFC Fight Night: Ribas vs. Namajunas,Payton Talbott,Cameron Saaiman,Payton Talbott,1.65,2.45,Cameron Saaiman,Payton Talbott
4247,UFC Fight Night: Ribas vs. Namajunas,Billy Quarantillo,Youssef Zalal,Youssef Zalal,2.12,1.87,Billy Quarantillo,Youssef Zalal
4248,UFC Fight Night: Ribas vs. Namajunas,Luis Pajuelo,Fernando Padilla,Fernando Padilla,2.5,1.61,Luis Pajuelo,Fernando Padilla
4249,UFC Fight Night: Ribas vs. Namajunas,Kurt Holobaugh,Trey Ogden,Trey Ogden,2.25,1.77,Kurt Holobaugh,Trey Ogden
4250,UFC Fight Night: Ribas vs. Namajunas,Ricardo Ramos,Julian Erosa,Julian Erosa,1.59,2.55,Julian Erosa,Ricardo Ramos
4251,UFC Fight Night: Ribas vs. Namajunas,Miles Johns,Cody Gibson,Miles Johns,1.74,2.25,Cody Gibson,Miles Johns
4252,UFC Fight Night: Ribas vs. Namajunas,Steven Nguyen,Jarno Errens,Jarno Errens,1.62,2.43,Jarno Errens,Steven Nguyen
4253,UFC Fight Night: Ribas vs. Namajunas,Montserrat Rendon,Dariya Zheleznyakova,Dariya Zheleznyakova,3.5,1.45,Montserrat Rendon,Dariya Zheleznyakova
4254,UFC Fight Night: Ribas vs. Namajunas,Igor da Silva,Andre Lima,Andre Lima,2.43,1.62,Igor da Silva,Andre Lima
4255,UFC Fight Night: Ribas vs. Namajunas,Mohammed Usman,Michael Parkin,Michael Parkin,2.2,1.75,Mohammed Usman,Michael Parkin
4256,UFC Fight Night: Blanchfield vs. Fiorot,Erin Blanchfield,Manon Fiorot,Manon Fiorot,1.51,2.65,Manon Fiorot,Erin Blanchfield
4257,UFC Fight Night: Blanchfield vs. Fiorot,Vicente Luque,Joaquin Buckley,Joaquin Buckley,1.87,2.05,Joaquin Buckley,Vicente Luque
4258,UFC Fight Night: Blanchfield vs. Fiorot,Chris Weidman,Bruno Silva,Chris Weidman,2.9,1.51,Chris Weidman,Bruno Silva
4259,UFC Fight Night: Blanchfield vs. Fiorot,Sedriques Dumas,Nursulton Ruziboev,Nursulton Ruziboev,2.85,1.53,Sedriques Dumas,Nursulton Ruziboev
4260,UFC Fight Night: Blanchfield vs. Fiorot,Bill Algeo,Kyle Nelson,Kyle Nelson,1.42,3.1,Kyle Nelson,Bill Algeo
4261,UFC Fight Night: Blanchfield vs. Fiorot,Chidi Njokuani,Rhys McKee,Chidi Njokuani,1.74,2.22,Rhys McKee,Chidi Njokuani
4262,UFC Fight Night: Blanchfield vs. Fiorot,Nate Landwehr,Jamall Emmers,Nate Landwehr,2.58,1.57,Nate Landwehr,Jamall Emmers
4263,UFC Fight Night: Blanchfield vs. Fiorot,Lupita Godinez,Virna Jandiroba,Virna Jandiroba,1.47,2.9,Virna Jandiroba,Lupita Godinez
4264,UFC Fight Night: Blanchfield vs. Fiorot,Julio Arce,Herbert Burns,Julio Arce,1.28,4.1,Herbert Burns,Julio Arce
4265,UFC Fight Night: Blanchfield vs. Fiorot,Dennis Buzukja,Connor Matthews,Dennis Buzukja,1.87,2,Connor Matthews,Dennis Buzukja
4266,UFC Fight Night: Blanchfield vs. Fiorot,Ibo Aslan,Anton Turkalj,Ibo Aslan,1.81,2.1,Anton Turkalj,Ibo Aslan
4267,UFC Fight Night: Blanchfield vs. Fiorot,Andre Petroski,Jacob Malkoun,Jacob Malkoun,3.05,1.42,Andre Petroski,Jacob Malkoun
4268,UFC Fight Night: Blanchfield vs. Fiorot,Angel Pacheco,Caolan Loughran,Caolan Loughran,4.5,1.29,Angel Pacheco,Caolan Loughran
4269,UFC Fight Night: Allen vs. Curtis II,Chris Curtis,Brendan Allen,Brendan Allen,2.9,1.48,Chris Curtis,Brendan Allen
4270,UFC Fight Night: Allen vs. Curtis II,Alexander Hernandez,Damon Jackson,Damon Jackson,1.56,2.65,Damon Jackson,Alexander Hernandez
4271,UFC Fight Night: Allen vs. Curtis II,Morgan Charriere,Jose Mariscal,Jose Mariscal,1.78,2.26,Jose Mariscal,Morgan Charriere
4272,UFC Fight Night: Allen vs. Curtis II,Ignacio Bahamondes,Christos Giagos,Ignacio Bahamondes,1.33,3.8,Christos Giagos,Ignacio Bahamondes
4273,UFC Fight Night: Allen vs. Curtis II,Trevor Peek,Charlie Campbell,Charlie Campbell,2.44,1.67,Trevor Peek,Charlie Campbell
4274,UFC Fight Night: Allen vs. Curtis II,Court McGee,Alex Morono,Alex Morono,3.9,1.34,Court McGee,Alex Morono
4275,UFC Fight Night: Allen vs. Curtis II,Lukasz Brzeski,Valter Walker,Lukasz Brzeski,3.1,1.44,Lukasz Brzeski,Valter Walker
4276,UFC Fight Night: Allen vs. Curtis II,Germaine de Randamie,Norma Dumont,Norma Dumont,2.05,1.95,Germaine de Randamie,Norma Dumont
4277,UFC Fight Night: Allen vs. Curtis II,Pedro Falcao,Victor Hugo Silva,Victor Hugo Silva,2.35,1.71,Pedro Falcao,Victor Hugo Silva
4278,UFC Fight Night: Allen vs. Curtis II,Dan Argueta,Jean Matsumoto,Jean Matsumoto,2.43,1.65,Dan Argueta,Jean Matsumoto
4279,UFC Fight Night: Allen vs. Curtis II,Dylan Budka,César Almeida,César Almeida,1.69,2.4,César Almeida,Dylan Budka
4280,UFC Fight Night: Allen vs. Curtis II,Melissa Dixon,Nora Cornolle,Nora Cornolle,1.29,3.65,Nora Cornolle,Melissa Dixon
4281,UFC 300,Alex Pereira,Jamahal Hill,Alex Pereira,1.82,2.2,Jamahal Hill,Alex Pereira
4282,UFC 300,Weili Zhang,Yan Xiaonan,Weili Zhang,1.22,5.3,Yan Xiaonan,Weili Zhang
4283,UFC 300,Max Holloway,Justin Gaethje,Max Holloway,2.65,1.67,Max Holloway,Justin Gaethje
4284,UFC 300,Charles Oliveira,Arman Tsarukyan,Arman Tsarukyan,2.8,1.53,Charles Oliveira,Arman Tsarukyan
4285,UFC 300,Bo Nickal,Cody Brundage,Bo Nickal,1.07,10,Cody Brundage,Bo Nickal
4286,UFC 300,Aleksandar Rakic,Jiri Prochazka,Jiri Prochazka,2,2,Aleksandar Rakic,Jiri Prochazka
4287,UFC 300,Aljamain Sterling,Calvin Kattar,Aljamain Sterling,1.59,2.65,Calvin Kattar,Aljamain Sterling
4288,UFC 300,Holly Holm,Kayla Harrison,Kayla Harrison,4.6,1.23,Holly Holm,Kayla Harrison
4289,UFC 300,Sodiq Yusuff,Diego Lopes,Diego Lopes,2.4,1.74,Sodiq Yusuff,Diego Lopes
4290,UFC 300,Renato Moicano,Jalin Turner,Renato Moicano,3.25,1.44,Renato Moicano,Jalin Turner
4291,UFC 300,Jessica Andrade,Marina Alcalde Rodriguez,Jessica Andrade,1.71,2.36,Marina Alcalde Rodriguez,Jessica Andrade
4292,UFC 300,Bobby Green,Jim Miller,Bobby Green,1.56,2.65,Jim Miller,Bobby Green
4293,UFC 300,Deiveson Figueiredo,Cody Garbrandt,Deiveson Figueiredo,1.3,4,Cody Garbrandt,Deiveson Figueiredo
4294,UFC Fight Night: Nicolau vs Perez,Matheus Nicolau,Alex Perez,Alex Perez,1.57,2.55,Alex Perez,Matheus Nicolau
4295,UFC Fight Night: Nicolau vs Perez,Ryan Spann,Bogdan Guskov,Bogdan Guskov,1.54,2.7,Bogdan Guskov,Ryan Spann
4296,UFC Fight Night: Nicolau vs Perez,Karine Silva,Ariane Lipski,Karine Silva,1.67,2.36,Ariane Lipski,Karine Silva
4297,UFC Fight Night: Nicolau vs Perez,Austen Lane,Jhonata Diniz,Jhonata Diniz,3.7,1.4,Austen Lane,Jhonata Diniz
4298,UFC Fight Night: Nicolau vs Perez,Jonathan Pearce,David Onama,David Onama,1.65,2.45,David Onama,Jonathan Pearce
4299,UFC Fight Night: Nicolau vs Perez,Tim Means,Uros Medic,Uros Medic,3.5,1.33,Tim Means,Uros Medic
4300,UFC Fight Night: Nicolau vs Perez,Rani Yahya,Victor Henry,Victor Henry,4.4,1.24,Rani Yahya,Victor Henry
4301,UFC Fight Night: Nicolau vs Perez,Austin Hubbard,Michal Figlak,Austin Hubbard,2.55,1.61,Austin Hubbard,Michal Figlak
4302,UFC Fight Night: Nicolau vs Perez,Don'tale Mayes,Caio Machado (2),Don'tale Mayes,2,1.87,Don'tale Mayes,Caio Machado (2)
4303,UFC Fight Night: Nicolau vs Perez,Marnic Mann,Ketlen Souza,Ketlen Souza,3.85,1.3,Marnic Mann,Ketlen Souza
4304,UFC Fight Night: Nicolau vs Perez,James Llontop,Chris Padilla,Chris Padilla,1.25,4.5,Chris Padilla,James Llontop
4305,UFC Fight Night: Nicolau vs Perez,Ivana Petrovic,Na Liang,Ivana Petrovic,1.21,5,Na Liang,Ivana Petrovic
4306,UFC Fight Night: Nicolau vs Perez,Gabriel Benitez,Hayisaer Maheshate,Hayisaer Maheshate,2.9,1.44,Gabriel Benitez,Hayisaer Maheshate
4307,UFC 301,Alexandre Pantoja,Steve Erceg,Alexandre Pantoja,1.56,2.65,Steve Erceg,Alexandre Pantoja
4308,UFC 301,Jonathan Martinez,Jose Aldo,Jose Aldo,1.67,2.5,Jose Aldo,Jonathan Martinez
4309,UFC 301,Anthony Smith,Vitor Petrino,Anthony Smith,5,1.24,Anthony Smith,Vitor Petrino
4310,UFC 301,Ihor Potieria,Michel Pereira,Michel Pereira,5.75,1.21,Ihor Potieria,Michel Pereira
4311,UFC 301,Caio Borralho,Paul Craig,Caio Borralho,1.19,5.75,Paul Craig,Caio Borralho
4312,UFC 301,Jack Shore,Joanderson Brito,Joanderson Brito,2.7,1.54,Jack Shore,Joanderson Brito
4313,UFC 301,Iasmin Lucindo,Karolina Kowalkiewicz,Iasmin Lucindo,1.28,4.2,Karolina Kowalkiewicz,Iasmin Lucindo
4314,UFC 301,Myktybek Orolbai,Elves Brenner,Myktybek Orolbai,1.41,3.25,Elves Brenner,Myktybek Orolbai
4315,UFC 301,Drakkar Klose,Joaquim Silva,Drakkar Klose,1.5,2.85,Joaquim Silva,Drakkar Klose
4316,UFC 301,Jamie Mullarkey,Mauricio Ruffy,Mauricio Ruffy,3.1,1.48,Jamie Mullarkey,Mauricio Ruffy
4317,UFC 301,Dione Barbosa,Ernesta Kareckaite,Dione Barbosa,1.44,3,Ernesta Kareckaite,Dione Barbosa
4318,UFC 301,Ismael Bonfim,Vinc Pichel,Ismael Bonfim,1.18,5.3,Vinc Pichel,Ismael Bonfim
4319,UFC 301,Alessandro Costa,Kevin Borjas,Alessandro Costa,1.8,2.2,Kevin Borjas,Alessandro Costa
4320,UFC Fight Night: Lewis vs. Nascimento,Derrick Lewis,Rodrigo Nascimento Ferreira,Derrick Lewis,1.62,2.45,Rodrigo Nascimento Ferreira,Derrick Lewis
4321,UFC Fight Night: Lewis vs. Nascimento,Joaquin Buckley,Nursulton Ruziboev,Joaquin Buckley,1.81,2.2,Nursulton Ruziboev,Joaquin Buckley
4322,UFC Fight Night: Lewis vs. Nascimento,Alonzo Menifield,Carlos Ulberg,Carlos Ulberg,3.25,1.4,Alonzo Menifield,Carlos Ulberg
4323,UFC Fight Night: Lewis vs. Nascimento,Carlos Diego Ferreira,Mateusz Rebecki,Carlos Diego Ferreira,4.6,1.25,Carlos Diego Ferreira,Mateusz Rebecki
4324,UFC Fight Night: Lewis vs. Nascimento,Alex Caceres,Sean Woodson,Sean Woodson,3.25,1.48,Alex Caceres,Sean Woodson
4325,UFC Fight Night: Lewis vs. Nascimento,Waldo Cortes-Acosta,Robelis Despaigne,Waldo Cortes-Acosta,3.3,1.43,Waldo Cortes-Acosta,Robelis Despaigne
4326,UFC Fight Night: Lewis vs. Nascimento,Chase Hooper,Viacheslav Borshchev,Chase Hooper,2.1,1.83,Chase Hooper,Viacheslav Borshchev
4327,UFC Fight Night: Lewis vs. Nascimento,Terrance McKinney,Esteban Ribovics,Esteban Ribovics,2.4,1.7,Terrance McKinney,Esteban Ribovics
4328,UFC Fight Night: Lewis vs. Nascimento,Tabatha Ricci,Tecia Torres,Tabatha Ricci,1.68,2.24,Tecia Torres,Tabatha Ricci
4329,UFC Fight Night: Lewis vs. Nascimento,Trey Waters,Billy Goff,Trey Waters,1.67,2.36,Billy Goff,Trey Waters
4330,UFC Fight Night: Lewis vs. Nascimento,Charles Johnson,Jake Hadley,Charles Johnson,2.05,1.98,Charles Johnson,Jake Hadley
4331,UFC Fight Night: Lewis vs. Nascimento,J.J. Aldrich,Veronica Macedo,Veronica Macedo,2.05,1.85,J.J. Aldrich,Veronica Macedo
4332,UFC Fight Night: Barboza vs. Murphy,Edson Barboza,Lerone Murphy,Lerone Murphy,2.45,1.65,Edson Barboza,Lerone Murphy
4333,UFC Fight Night: Barboza vs. Murphy,Carlston Harris,Kalinn Williams,Kalinn Williams,2.1,1.8,Carlston Harris,Kalinn Williams
4334,UFC Fight Night: Barboza vs. Murphy,Ramiz Brahimaj,Themba Gorimbo,Themba Gorimbo,2.25,1.82,Ramiz Brahimaj,Themba Gorimbo
4335,UFC Fight Night: Barboza vs. Murphy,Adrian Yanez,Vinicius Salvador,Adrian Yanez,1.25,4.8,Vinicius Salvador,Adrian Yanez
4336,UFC Fight Night: Barboza vs. Murphy,Angela Hill,Luana Pinheiro,Angela Hill,1.77,2.23,Luana Pinheiro,Angela Hill
4337,UFC Fight Night: Barboza vs. Murphy,Tom Nolan,Victor Martinez,Tom Nolan,1.21,5,Victor Martinez,Tom Nolan
4338,UFC Fight Night: Barboza vs. Murphy,Oumar Sy,George Tokkos,Oumar Sy,1.18,5.3,George Tokkos,Oumar Sy
4339,UFC Fight Night: Barboza vs. Murphy,Tamires Vidal,Melissa Gatto,Melissa Gatto,4.1,1.29,Tamires Vidal,Melissa Gatto
4340,UFC Fight Night: Barboza vs. Murphy,Abusupiyan Magomedov,Warlley Alves,Abusupiyan Magomedov,1.38,3.75,Warlley Alves,Abusupiyan Magomedov
4341,UFC Fight Night: Barboza vs. Murphy,Ariane Carnelossi,Piera Rodriguez,Ariane Carnelossi,3.05,1.46,Ariane Carnelossi,Piera Rodriguez
4342,UFC Fight Night: Barboza vs. Murphy,Kleydson Rodrigues,Heili Alateng,Heili Alateng,1.67,2.43,Heili Alateng,Kleydson Rodrigues
4343,UFC Fight Night: Barboza vs. Murphy,Emily Ducote,Vanessa Demopoulos,Vanessa Demopoulos,1.27,4.2,Vanessa Demopoulos,Emily Ducote
